{"type":"FeatureCollection","features":[{"type":"Feature","properties":{"id":"military-0000","name":"Bandar Udara Internasional Husein Sastranegara","category":"military","severity":"hard","methodForce":null,"costMultiplier":1,"wilayah":["kota_bandung"],"source":"OSM © OpenStreetMap contributors","realData":true},"geometry":{"type":"Polygon","coordinates":[[[107.5649741,-6.8974818],[107.5676268,-6.8984304],[107.5673157,-6.8992139],[107.5669026,-6.8996723],[107.567022,-6.8998211],[107.5790597,-6.9078473],[107.5793856,-6.9074858],[107.5799073,-6.9073407],[107.5829516,-6.9075484],[107.5835431,-6.9053024],[107.5858739,-6.9060932],[107.5861596,-6.9053989],[107.5867201,-6.9056459],[107.5871412,-6.905301],[107.5871922,-6.9045588],[107.5867208,-6.9035656],[107.5856949,-6.9032088],[107.5851329,-6.902601],[107.5854689,-6.9004095],[107.5853804,-6.8998557],[107.5821108,-6.8970131],[107.5812887,-6.8966796],[107.5798617,-6.8951811],[107.5800944,-6.8948503],[107.5802265,-6.8949062],[107.5803566,-6.8922777],[107.5787821,-6.8915484],[107.5771527,-6.8911749],[107.5760289,-6.891155],[107.5756185,-6.8913413],[107.5744993,-6.8939642],[107.5743404,-6.8939283],[107.5738341,-6.8954121],[107.5732226,-6.895265],[107.5722533,-6.8954156],[107.5722902,-6.8958482],[107.5735314,-6.895991],[107.5729738,-6.8974685],[107.5691845,-6.8969219],[107.568404,-6.8972628],[107.5656112,-6.8962686],[107.5649741,-6.8974818]]]}},{"type":"Feature","properties":{"id":"military-0001","name":"Pusdikku Kodiklat TNI AD","category":"military","severity":"hard","methodForce":null,"costMultiplier":1,"wilayah":["kota_bandung"],"source":"OSM © OpenStreetMap contributors","realData":true},"geometry":{"type":"Polygon","coordinates":[[[107.5925982,-6.8764652],[107.5942698,-6.8764823],[107.5944262,-6.8771695],[107.5950569,-6.8771987],[107.5950517,-6.8759116],[107.5943849,-6.8759241],[107.5942837,-6.8752028],[107.5926579,-6.8750754],[107.5925982,-6.8764652]]]}},{"type":"Feature","properties":{"id":"military-0002","name":"Asrama Militer Pussenif","category":"military","severity":"hard","methodForce":null,"costMultiplier":1,"wilayah":["kota_bandung"],"source":"OSM © OpenStreetMap contributors","realData":true},"geometry":{"type":"Polygon","coordinates":[[[107.6331103,-6.9021803],[107.6334643,-6.9033732],[107.6340437,-6.9042945],[107.6340812,-6.9047845],[107.6347572,-6.9061425],[107.6351005,-6.9059827],[107.6353043,-6.9062863],[107.635889,-6.9062756],[107.6356959,-6.9058815],[107.6367259,-6.9053436],[107.636506,-6.9049709],[107.6373267,-6.9047419],[107.6374125,-6.9045342],[107.6380616,-6.9044649],[107.6384693,-6.9040921],[107.6378578,-6.9036128],[107.6377666,-6.9027608],[107.6371765,-6.9011258],[107.6364255,-6.9013495],[107.6362055,-6.9006518],[107.635889,-6.9006359],[107.6354545,-6.8999648],[107.6333624,-6.9008223],[107.6339471,-6.9019726],[107.6331103,-6.9021803]]]}},{"type":"Feature","properties":{"id":"military-0003","name":"Dodik Bela Negara Rimdam III/Slw","category":"military","severity":"hard","methodForce":null,"costMultiplier":1,"wilayah":["kab_bandung_barat"],"source":"OSM © OpenStreetMap contributors","realData":true},"geometry":{"type":"Polygon","coordinates":[[[107.6545871,-6.7923841],[107.6547917,-6.793343],[107.6546869,-6.7939748],[107.6559569,-6.7941829],[107.656214,-6.7922875],[107.6550643,-6.7920736],[107.6550312,-6.792399],[107.6545871,-6.7923841]]]}},{"type":"Feature","properties":{"id":"military-0004","name":"Instalasi Militer","category":"military","severity":"hard","methodForce":null,"costMultiplier":1,"wilayah":["kab_bandung_barat"],"source":"OSM © OpenStreetMap contributors","realData":true},"geometry":{"type":"Polygon","coordinates":[[[107.6280221,-6.8096574],[107.6282921,-6.8099193],[107.6285575,-6.8097201],[107.6280652,-6.8095408],[107.6280221,-6.8096574]]]}},{"type":"Feature","properties":{"id":"military-0005","name":"Detasemen Markas Kodam III Siliwangi","category":"military","severity":"hard","methodForce":null,"costMultiplier":1,"wilayah":["kota_bandung"],"source":"OSM © OpenStreetMap contributors","realData":true},"geometry":{"type":"Polygon","coordinates":[[[107.6139883,-6.9105134],[107.6144994,-6.9120331],[107.616026,-6.9115582],[107.6153872,-6.9099561],[107.6139883,-6.9105134]]]}},{"type":"Feature","properties":{"id":"military-0006","name":"Pussenif","category":"military","severity":"hard","methodForce":null,"costMultiplier":1,"wilayah":["kota_bandung"],"source":"OSM © OpenStreetMap contributors","realData":true},"geometry":{"type":"Polygon","coordinates":[[[107.6300891,-6.9067168],[107.6309436,-6.908004],[107.6346542,-6.9070257],[107.6329756,-6.9030721],[107.63205,-6.9039277],[107.6300891,-6.9067168]]]}},{"type":"Feature","properties":{"id":"military-0007","name":"Lembaga Farmasi Puskesad","category":"military","severity":"hard","methodForce":null,"costMultiplier":1,"wilayah":["kota_bandung"],"source":"OSM © OpenStreetMap contributors","realData":true},"geometry":{"type":"Polygon","coordinates":[[[107.6210887,-6.9169352],[107.6217859,-6.9170777],[107.6221396,-6.9159113],[107.6213988,-6.9157293],[107.6210887,-6.9169352]]]}},{"type":"Feature","properties":{"id":"military-0008","name":"POLSEK PARMINDO","category":"military","severity":"hard","methodForce":null,"costMultiplier":1,"wilayah":["kota_cimahi"],"source":"OSM © OpenStreetMap contributors","realData":true},"geometry":{"type":"Polygon","coordinates":[[[107.5581511,-6.9188981],[107.5583102,-6.9190239],[107.5584277,-6.9188691],[107.5582721,-6.9187482],[107.5581511,-6.9188981]]]}},{"type":"Feature","properties":{"id":"military-0009","name":"Instalasi Militer","category":"military","severity":"hard","methodForce":null,"costMultiplier":1,"wilayah":["kota_cimahi"],"source":"OSM © OpenStreetMap contributors","realData":true},"geometry":{"type":"Polygon","coordinates":[[[107.5290835,-6.8940428],[107.5311166,-6.8957576],[107.5323665,-6.8972275],[107.5334877,-6.8974885],[107.5337666,-6.8958269],[107.5339597,-6.8958322],[107.5341786,-6.8951649],[107.5324041,-6.8949481],[107.5326455,-6.892999],[107.5320071,-6.8929031],[107.5290835,-6.8940428]]]}},{"type":"Feature","properties":{"id":"military-0010","name":"Lapangan Tembak Gunung Bohong","category":"military","severity":"hard","methodForce":null,"costMultiplier":1,"wilayah":["kota_cimahi"],"source":"OSM © OpenStreetMap contributors","realData":true},"geometry":{"type":"Polygon","coordinates":[[[107.5214285,-6.8790882],[107.5240195,-6.880606],[107.5264978,-6.8824807],[107.5283807,-6.883647],[107.5286704,-6.8836044],[107.5316477,-6.8847122],[107.5324845,-6.8833222],[107.5317281,-6.8825446],[107.5315458,-6.8827097],[107.53102,-6.8822144],[107.5310844,-6.8818789],[107.5297326,-6.8805048],[107.5250012,-6.8782094],[107.5228447,-6.8768353],[107.5214285,-6.8790882]]]}},{"type":"Feature","properties":{"id":"military-0011","name":"Instalasi Militer","category":"military","severity":"hard","methodForce":null,"costMultiplier":1,"wilayah":["kota_cimahi"],"source":"OSM © OpenStreetMap contributors","realData":true},"geometry":{"type":"Polygon","coordinates":[[[107.5289172,-6.891119],[107.5303656,-6.8918965],[107.5312775,-6.8919019],[107.5316584,-6.8922054],[107.5322109,-6.8922853],[107.5322699,-6.8929723],[107.5326455,-6.892999],[107.5324041,-6.8949481],[107.5341786,-6.8951649],[107.5342762,-6.8947884],[107.537114,-6.894815],[107.5376129,-6.8937499],[107.5376236,-6.8927913],[107.5366082,-6.8927811],[107.5365596,-6.8941285],[107.535097,-6.8940534],[107.5350809,-6.8943037],[107.5334716,-6.8942239],[107.533552,-6.8924131],[107.5334018,-6.8923972],[107.5334501,-6.8916516],[107.5329145,-6.8916231],[107.5329968,-6.8898994],[107.5321895,-6.8896757],[107.5323075,-6.8892497],[107.5315877,-6.8888605],[107.5301295,-6.8890313],[107.530092,-6.8893056],[107.5292181,-6.8893386],[107.5289172,-6.8900272],[107.5289172,-6.891119]]]}},{"type":"Feature","properties":{"id":"military-0012","name":"Pusat Kesenjataan Artileri Medan","category":"military","severity":"hard","methodForce":null,"costMultiplier":1,"wilayah":["kota_cimahi"],"source":"OSM © OpenStreetMap contributors","realData":true},"geometry":{"type":"Polygon","coordinates":[[[107.5366446,-6.8896544],[107.5366741,-6.8901178],[107.5371462,-6.8901124],[107.5371811,-6.8896092],[107.5375754,-6.889002],[107.5382432,-6.888552],[107.5375164,-6.8876893],[107.5366446,-6.8896544]]]}},{"type":"Feature","properties":{"id":"military-0013","name":"Pusat Pendidikan Peralatan","category":"military","severity":"hard","methodForce":null,"costMultiplier":1,"wilayah":["kota_cimahi"],"source":"OSM © OpenStreetMap contributors","realData":true},"geometry":{"type":"Polygon","coordinates":[[[107.5417879,-6.8875865],[107.5441629,-6.888094],[107.543915,-6.8891808],[107.5440502,-6.8892204],[107.5446886,-6.8887171],[107.5447932,-6.8883656],[107.5457346,-6.8886292],[107.5462899,-6.8864564],[107.5461799,-6.8863206],[107.5463033,-6.8861075],[107.5469953,-6.8863472],[107.5475022,-6.8848214],[107.5467995,-6.884627],[107.5463489,-6.885322],[107.5462255,-6.8859078],[107.544858,-6.8855941],[107.5447932,-6.8859584],[107.5431812,-6.8856682],[107.5430202,-6.8862939],[107.5425562,-6.8861981],[107.5423604,-6.8866587],[107.542178,-6.8866161],[107.5417879,-6.8875865]]]}},{"type":"Feature","properties":{"id":"military-0014","name":"Batalyon Zeni Tempur 3","category":"military","severity":"hard","methodForce":null,"costMultiplier":1,"wilayah":["kota_cimahi"],"source":"OSM © OpenStreetMap contributors","realData":true},"geometry":{"type":"Polygon","coordinates":[[[107.5440502,-6.8849492],[107.5441816,-6.8850584],[107.5440744,-6.8858546],[107.5447932,-6.8859584],[107.544858,-6.8855941],[107.5462255,-6.8859078],[107.5463489,-6.885322],[107.5467995,-6.884627],[107.5475022,-6.8848214],[107.5474298,-6.8839053],[107.5476631,-6.8834926],[107.5473815,-6.8833435],[107.5478026,-6.8825579],[107.5466412,-6.8818549],[107.5463864,-6.8822996],[107.545453,-6.8820413],[107.5452599,-6.8829334],[107.5450185,-6.8828242],[107.5450426,-6.8826085],[107.5448093,-6.8826884],[107.5440502,-6.8849492]]]}},{"type":"Feature","properties":{"id":"military-0015","name":"Pusat Pendidikan Jasmani Militer","category":"military","severity":"hard","methodForce":null,"costMultiplier":1,"wilayah":["kota_cimahi"],"source":"OSM © OpenStreetMap contributors","realData":true},"geometry":{"type":"Polygon","coordinates":[[[107.5411749,-6.8896145],[107.5440234,-6.8901577],[107.543841,-6.8891592],[107.5441629,-6.888094],[107.5417879,-6.8875865],[107.5412071,-6.8890313],[107.5411749,-6.8896145]]]}},{"type":"Feature","properties":{"id":"military-0016","name":"Komando Distrik Militer 0609","category":"military","severity":"hard","methodForce":null,"costMultiplier":1,"wilayah":["kota_cimahi"],"source":"OSM © OpenStreetMap contributors","realData":true},"geometry":{"type":"Polygon","coordinates":[[[107.5433287,-6.8802465],[107.5435004,-6.880891],[107.5443748,-6.8813969],[107.544871,-6.8800548],[107.5438907,-6.8791829],[107.5433287,-6.8802465]]]}},{"type":"Feature","properties":{"id":"military-0017","name":"Pusat Pendidikan Perhubungan","category":"military","severity":"hard","methodForce":null,"costMultiplier":1,"wilayah":["kota_cimahi"],"source":"OSM © OpenStreetMap contributors","realData":true},"geometry":{"type":"Polygon","coordinates":[[[107.5352365,-6.8839932],[107.5368833,-6.8858093],[107.5380045,-6.885559],[107.539064,-6.8843341],[107.537293,-6.8822067],[107.5352365,-6.8839932]]]}},{"type":"Feature","properties":{"id":"military-0018","name":"Pusat Pendidikan Pembekalan Angkutan","category":"military","severity":"hard","methodForce":null,"costMultiplier":1,"wilayah":["kota_cimahi"],"source":"OSM © OpenStreetMap contributors","realData":true},"geometry":{"type":"Polygon","coordinates":[[[107.537293,-6.8822067],[107.539064,-6.8843341],[107.5388145,-6.8845551],[107.5389144,-6.8846547],[107.5432724,-6.8809256],[107.5431919,-6.8802705],[107.5434333,-6.8797539],[107.5414109,-6.878939],[107.5406009,-6.8793385],[107.537293,-6.8822067]]]}},{"type":"Feature","properties":{"id":"military-0019","name":"Sekolah Pelatih Infanteri","category":"military","severity":"hard","methodForce":null,"costMultiplier":1,"wilayah":["kota_cimahi"],"source":"OSM © OpenStreetMap contributors","realData":true},"geometry":{"type":"Polygon","coordinates":[[[107.5401422,-6.8838228],[107.540735,-6.8844938],[107.5422987,-6.8831597],[107.543191,-6.8841116],[107.5436613,-6.883671],[107.5435325,-6.8830932],[107.5439215,-6.8820786],[107.5436023,-6.8818549],[107.543841,-6.8816872],[107.5434735,-6.8812877],[107.5428808,-6.8817883],[107.5427145,-6.8816073],[107.5401422,-6.8838228]]]}},{"type":"Feature","properties":{"id":"military-0020","name":"Batalyon Artileri Medan 4/105 GS","category":"military","severity":"hard","methodForce":null,"costMultiplier":1,"wilayah":["kota_cimahi"],"source":"OSM © OpenStreetMap contributors","realData":true},"geometry":{"type":"Polygon","coordinates":[[[107.5386804,-6.8851196],[107.5397131,-6.886467],[107.5390559,-6.8870422],[107.5400323,-6.8873591],[107.5405231,-6.8867519],[107.5402388,-6.8866002],[107.5402629,-6.8863658],[107.5410676,-6.8860676],[107.5416499,-6.8855796],[107.5401422,-6.8838228],[107.5386804,-6.8851196]]]}},{"type":"Feature","properties":{"id":"military-0021","name":"Lembaga Pemasyarakatan Militer II Cimahi","category":"military","severity":"hard","methodForce":null,"costMultiplier":1,"wilayah":["kota_cimahi"],"source":"OSM © OpenStreetMap contributors","realData":true},"geometry":{"type":"Polygon","coordinates":[[[107.540735,-6.8844938],[107.5420386,-6.886041],[107.5425214,-6.8859983],[107.5427198,-6.8856682],[107.5435433,-6.8852874],[107.5437739,-6.8847335],[107.5422987,-6.8831597],[107.540735,-6.8844938]]]}},{"type":"Feature","properties":{"id":"military-0022","name":"Pusat Kesenjataan Artileri Pertahanan Udara","category":"military","severity":"hard","methodForce":null,"costMultiplier":1,"wilayah":["kota_cimahi"],"source":"OSM © OpenStreetMap contributors","realData":true},"geometry":{"type":"Polygon","coordinates":[[[107.5318891,-6.8810268],[107.5341797,-6.8834766],[107.534759,-6.8831251],[107.5353384,-6.8837109],[107.5380025,-6.8812291],[107.5372461,-6.8804143],[107.5374091,-6.8802652],[107.5382191,-6.8795675],[107.539292,-6.8802013],[107.5395602,-6.8799456],[107.5396246,-6.8796314],[107.5385249,-6.8791787],[107.5389326,-6.878971],[107.5391954,-6.8777461],[107.5364971,-6.8764199],[107.5355959,-6.8772721],[107.5352472,-6.8773626],[107.5338149,-6.8791254],[107.5318891,-6.8810268]]]}},{"type":"Feature","properties":{"id":"military-0023","name":"Pusat Pendidikan Polisi Militer","category":"military","severity":"hard","methodForce":null,"costMultiplier":1,"wilayah":["kota_cimahi"],"source":"OSM © OpenStreetMap contributors","realData":true},"geometry":{"type":"Polygon","coordinates":[[[107.5416577,-6.8930735],[107.5424355,-6.8932439],[107.541942,-6.8949801],[107.542752,-6.8940801],[107.5428808,-6.8935102],[107.5444955,-6.8938138],[107.5451124,-6.8906077],[107.5422889,-6.8901739],[107.5416577,-6.8930735]]]}},{"type":"Feature","properties":{"id":"military-0024","name":"Dinas Jasmani Angkatan Darat","category":"military","severity":"hard","methodForce":null,"costMultiplier":1,"wilayah":["kota_cimahi"],"source":"OSM © OpenStreetMap contributors","realData":true},"geometry":{"type":"Polygon","coordinates":[[[107.5420117,-6.895076],[107.5442165,-6.8955712],[107.5444955,-6.8938138],[107.5428808,-6.8935102],[107.542752,-6.8940801],[107.5420117,-6.895076]]]}},{"type":"Feature","properties":{"id":"military-0025","name":"Brigade Infanteri 15","category":"military","severity":"hard","methodForce":null,"costMultiplier":1,"wilayah":["kota_cimahi"],"source":"OSM © OpenStreetMap contributors","realData":true},"geometry":{"type":"Polygon","coordinates":[[[107.5265783,-6.8921682],[107.5305641,-6.895257],[107.5323665,-6.8972275],[107.5334877,-6.8974885],[107.5337666,-6.8958269],[107.5339597,-6.8958322],[107.5341786,-6.8951649],[107.5324041,-6.8949481],[107.5326455,-6.892999],[107.5322699,-6.8929723],[107.5322109,-6.8922853],[107.5316584,-6.8922054],[107.5312775,-6.8919019],[107.5303656,-6.8918965],[107.5289172,-6.891119],[107.5289172,-6.8900272],[107.5297433,-6.8881366],[107.5293302,-6.8879555],[107.5294322,-6.8877159],[107.5284808,-6.8878765],[107.5267849,-6.8910646],[107.5269109,-6.891364],[107.5265783,-6.8921682]]]}},{"type":"Feature","properties":{"id":"military-0026","name":"Pusat Pendidikan Artileri Medan","category":"military","severity":"hard","methodForce":null,"costMultiplier":1,"wilayah":["kota_cimahi"],"source":"OSM © OpenStreetMap contributors","realData":true},"geometry":{"type":"Polygon","coordinates":[[[107.5289172,-6.891119],[107.5303656,-6.8918965],[107.5312775,-6.8919019],[107.5316584,-6.8922054],[107.5322109,-6.8922853],[107.5322699,-6.8929723],[107.5326455,-6.892999],[107.5324041,-6.8949481],[107.5341786,-6.8951649],[107.5342762,-6.8947884],[107.537114,-6.894815],[107.5376129,-6.8937499],[107.5376236,-6.8927913],[107.5366082,-6.8927811],[107.5366473,-6.8917101],[107.5364864,-6.8914439],[107.5362611,-6.8916888],[107.5349736,-6.8902935],[107.5348288,-6.8905438],[107.5341904,-6.8906397],[107.5328064,-6.8897929],[107.5321895,-6.8896757],[107.5323075,-6.8892497],[107.5315877,-6.8888605],[107.5301295,-6.8890313],[107.530092,-6.8893056],[107.5292181,-6.8893386],[107.5289172,-6.8900272],[107.5289172,-6.891119]]]}},{"type":"Feature","properties":{"id":"military-0027","name":"Instalasi Militer","category":"military","severity":"hard","methodForce":null,"costMultiplier":1,"wilayah":["kab_bandung_barat"],"source":"OSM © OpenStreetMap contributors","realData":true},"geometry":{"type":"Polygon","coordinates":[[[107.4955612,-6.912075],[107.496964,-6.9127886],[107.4976373,-6.9137019],[107.4988791,-6.9128792],[107.4965054,-6.9098383],[107.4955612,-6.912075]]]}},{"type":"Feature","properties":{"id":"military-0028","name":"Pusdiklat Pasukan Khusus","category":"military","severity":"hard","methodForce":null,"costMultiplier":1,"wilayah":["kab_bandung_barat"],"source":"OSM © OpenStreetMap contributors","realData":true},"geometry":{"type":"Polygon","coordinates":[[[107.4681061,-6.9006944],[107.4753427,-6.9038685],[107.4744683,-6.9058655],[107.4853796,-6.9107969],[107.4846473,-6.9124744],[107.4901861,-6.9148789],[107.4909478,-6.9164712],[107.4910179,-6.9169971],[107.4912509,-6.9168839],[107.491385,-6.9171635],[107.4950945,-6.9153848],[107.4947351,-6.9147005],[107.494601,-6.914775],[107.4942818,-6.9143117],[107.4939787,-6.9135022],[107.494027,-6.9127514],[107.4933511,-6.911894],[107.4926966,-6.9104561],[107.4929005,-6.9095987],[107.4922836,-6.908507],[107.4922031,-6.9072608],[107.4918491,-6.9072076],[107.4917901,-6.9065845],[107.4903846,-6.9054714],[107.491157,-6.9045342],[107.4905455,-6.903959],[107.4903524,-6.9041028],[107.4899179,-6.9039697],[107.4896979,-6.904449],[107.4891454,-6.9042998],[107.4887162,-6.9036448],[107.4886894,-6.9026809],[107.4881262,-6.9024039],[107.4877292,-6.9028726],[107.487697,-6.9033466],[107.4873269,-6.9035223],[107.4870747,-6.9027821],[107.4872571,-6.9017915],[107.4847842,-6.9006784],[107.4848431,-6.9015305],[107.4845427,-6.9024625],[107.4836093,-6.9018554],[107.4831265,-6.9024519],[107.4839365,-6.9029152],[107.4830568,-6.9047578],[107.4875468,-6.9067336],[107.4872357,-6.9076176],[107.4868923,-6.9074525],[107.4864954,-6.9083525],[107.479291,-6.9048856],[107.479763,-6.9032667],[107.4785721,-6.9027448],[107.4778748,-6.9043371],[107.4752623,-6.9031442],[107.4753535,-6.9029099],[107.4685299,-6.8998477],[107.4681061,-6.9006944]]]}},{"type":"Feature","properties":{"id":"military-0029","name":"Direktorat Ajudan Jenderal AD","category":"military","severity":"hard","methodForce":null,"costMultiplier":1,"wilayah":["kota_bandung"],"source":"OSM © OpenStreetMap contributors","realData":true},"geometry":{"type":"Polygon","coordinates":[[[107.6188731,-6.912959],[107.6189375,-6.9149348],[107.6198012,-6.9151957],[107.6202862,-6.9132618],[107.6188731,-6.912959]]]}},{"type":"Feature","properties":{"id":"military-0030","name":"Resimen Induk Kodim Siliwangi","category":"military","severity":"hard","methodForce":null,"costMultiplier":1,"wilayah":["kota_bandung"],"source":"OSM © OpenStreetMap contributors","realData":true},"geometry":{"type":"Polygon","coordinates":[[[107.6198012,-6.9151957],[107.622183,-6.9157975],[107.6230895,-6.9122295],[107.621786,-6.9119099],[107.6215982,-6.9115691],[107.620756,-6.9113614],[107.620343,-6.9115744],[107.6201606,-6.9121336],[107.6204449,-6.9126289],[107.6198012,-6.9151957]]]}},{"type":"Feature","properties":{"id":"military-0031","name":"Batalyon Arhanud 3","category":"military","severity":"hard","methodForce":null,"costMultiplier":1,"wilayah":["kota_bandung"],"source":"OSM © OpenStreetMap contributors","realData":true},"geometry":{"type":"Polygon","coordinates":[[[107.620756,-6.9113614],[107.6215982,-6.9115691],[107.621786,-6.9119099],[107.6230895,-6.9122295],[107.6236743,-6.9098756],[107.6212656,-6.9093005],[107.620756,-6.9113614]]]}},{"type":"Feature","properties":{"id":"military-0032","name":"Gudang Pusat Peralatan I","category":"military","severity":"hard","methodForce":null,"costMultiplier":1,"wilayah":["kota_bandung"],"source":"OSM © OpenStreetMap contributors","realData":true},"geometry":{"type":"MultiPolygon","coordinates":[[[[107.637831,-6.8870182],[107.63783313060681,-6.8870225017575155],[107.6379518,-6.8868881],[107.637831,-6.8870182]]],[[[107.6414627,-6.8934676],[107.6415271,-6.89363],[107.64185825500132,-6.89348984051051],[107.6417975,-6.8933371],[107.6414627,-6.8934676]]],[[[107.64295548965691,-6.893479593692406],[107.6430157,-6.8934623],[107.64331222651741,-6.893035386589447],[107.64295548965691,-6.893479593692406]]],[[[107.64384701640157,-6.893244111768687],[107.6440725,-6.8921096],[107.64434589498046,-6.891661755178414],[107.6440425,-6.8920738],[107.64384701640157,-6.893244111768687]]],[[[107.64444807113316,-6.891494381729207],[107.64598082239418,-6.888092382430398],[107.6455294,-6.8889241],[107.64444807113316,-6.891494381729207]]]]}},{"type":"Feature","properties":{"id":"military-0033","name":"Kompi Kavaleri 4","category":"military","severity":"hard","methodForce":null,"costMultiplier":1,"wilayah":["kota_bandung"],"source":"OSM © OpenStreetMap contributors","realData":true},"geometry":{"type":"Polygon","coordinates":[[[107.6327311,-6.930262],[107.634151,-6.9305912],[107.6345694,-6.9287859],[107.633168,-6.928442],[107.6327311,-6.930262]]]}},{"type":"Feature","properties":{"id":"military-0034","name":"Batalyon Kavaleri 4","category":"military","severity":"hard","methodForce":null,"costMultiplier":1,"wilayah":["kota_bandung"],"source":"OSM © OpenStreetMap contributors","realData":true},"geometry":{"type":"Polygon","coordinates":[[[107.6289582,-6.9316296],[107.6317075,-6.9322846],[107.6318442,-6.9316722],[107.6320535,-6.9317148],[107.6324317,-6.930261],[107.6327311,-6.930262],[107.633168,-6.928442],[107.6312971,-6.9279658],[107.6308465,-6.9297977],[107.630133,-6.929606],[107.6300392,-6.9300587],[107.629426,-6.9299219],[107.6289582,-6.9316296]]]}},{"type":"Feature","properties":{"id":"military-0035","name":"Pusat Persenjataan Kavaleri","category":"military","severity":"hard","methodForce":null,"costMultiplier":1,"wilayah":["kota_bandung"],"source":"OSM © OpenStreetMap contributors","realData":true},"geometry":{"type":"Polygon","coordinates":[[[107.6289368,-6.9292838],[107.6295939,-6.9294542],[107.629426,-6.9299219],[107.6300392,-6.9300587],[107.630133,-6.929606],[107.6308465,-6.9297977],[107.6312971,-6.9279658],[107.635535,-6.9290628],[107.63583,-6.9278979],[107.63364,-6.926734],[107.6337539,-6.9264948],[107.6324558,-6.9257612],[107.6322171,-6.9261446],[107.6319784,-6.9260807],[107.6320696,-6.9256707],[107.6300472,-6.9251754],[107.6289368,-6.9292838]]]}},{"type":"Feature","properties":{"id":"military-0036","name":"Detasemen Zeni Bangunan 1","category":"military","severity":"hard","methodForce":null,"costMultiplier":1,"wilayah":["kota_bandung"],"source":"OSM © OpenStreetMap contributors","realData":true},"geometry":{"type":"Polygon","coordinates":[[[107.6443595,-6.9402297],[107.6456603,-6.9403815],[107.6454672,-6.9386855],[107.6444694,-6.9386269],[107.6443595,-6.9402297]]]}},{"type":"Feature","properties":{"id":"military-0037","name":"Detasemen Pemeliharaan Jasa Angkutan","category":"military","severity":"hard","methodForce":null,"costMultiplier":1,"wilayah":["kota_bandung"],"source":"OSM © OpenStreetMap contributors","realData":true},"geometry":{"type":"Polygon","coordinates":[[[107.6424417,-6.9399608],[107.6443595,-6.9402297],[107.6444694,-6.9386269],[107.6425217,-6.9384125],[107.6424417,-6.9399608]]]}},{"type":"Feature","properties":{"id":"military-0038","name":"Bengkel Pusat Peralatan Ditpalad","category":"military","severity":"hard","methodForce":null,"costMultiplier":1,"wilayah":["kota_bandung"],"source":"OSM © OpenStreetMap contributors","realData":true},"geometry":{"type":"Polygon","coordinates":[[[107.6455343,-6.9331526],[107.6481333,-6.933781],[107.6490587,-6.9301811],[107.6469827,-6.9296992],[107.64617,-6.9288658],[107.6459205,-6.9316988],[107.6455343,-6.9331526]]]}},{"type":"Feature","properties":{"id":"military-0039","name":"Pusat Pendidikan Kavaleri","category":"military","severity":"hard","methodForce":null,"costMultiplier":1,"wilayah":["kab_bandung_barat"],"source":"OSM © OpenStreetMap contributors","realData":true},"geometry":{"type":"Polygon","coordinates":[[[107.4638844,-6.8559364],[107.4641901,-6.856453],[107.4639729,-6.8587858],[107.4646783,-6.8611292],[107.4651986,-6.8609881],[107.4664593,-6.8622397],[107.4677575,-6.8630905],[107.4686681,-6.8633036],[107.4709976,-6.8656363],[107.4725626,-6.8663207],[107.4737884,-6.8645179],[107.4753079,-6.8639174],[107.4755546,-6.8640372],[107.4760723,-6.8628708],[107.4752945,-6.8620027],[107.4752408,-6.8607458],[107.4748492,-6.8590468],[107.4728483,-6.8573105],[107.4728966,-6.8566021],[107.4723279,-6.85616],[107.4726766,-6.8551108],[107.472623,-6.8544717],[107.4731433,-6.854509],[107.4732935,-6.8547753],[107.4743557,-6.855244],[107.4745327,-6.8548126],[107.4750262,-6.8548285],[107.4753159,-6.8524211],[107.474007,-6.8517927],[107.4725197,-6.8515756],[107.4721375,-6.8514624],[107.4722126,-6.8512348],[107.4717419,-6.8511881],[107.4718143,-6.8518899],[107.4706462,-6.8523626],[107.4680069,-6.8529511],[107.46647,-6.852746],[107.4652684,-6.8530017],[107.4648821,-6.8531668],[107.4642304,-6.8541495],[107.4638844,-6.8559364]]]}},{"type":"Feature","properties":{"id":"military-0040","name":"Batalion Zeni Tempur 9/1 KOSTRAD","category":"military","severity":"hard","methodForce":null,"costMultiplier":1,"wilayah":["kota_bandung"],"source":"OSM © OpenStreetMap contributors","realData":true},"geometry":{"type":"Polygon","coordinates":[[[107.689957,-6.9186333],[107.6904505,-6.9184495],[107.69059,-6.9195812],[107.6903889,-6.9195998],[107.6903781,-6.9198741],[107.6905391,-6.91989],[107.6907161,-6.9203959],[107.6903647,-6.9203773],[107.6902816,-6.9208619],[107.6905578,-6.9208965],[107.6904184,-6.9215862],[107.6907885,-6.9216953],[107.6909709,-6.9207075],[107.6912364,-6.9207048],[107.6913437,-6.9211521],[107.6921377,-6.9216261],[107.6922074,-6.9214557],[107.6928028,-6.9216873],[107.6928994,-6.9213838],[107.6932186,-6.9215302],[107.6936048,-6.9205823],[107.6930711,-6.9203613],[107.6931086,-6.920159],[107.6934332,-6.9199992],[107.6936504,-6.9189608],[107.694152,-6.9191844],[107.6961958,-6.9139123],[107.6956782,-6.9137499],[107.6955977,-6.9141053],[107.6948494,-6.9141067],[107.6948802,-6.913899],[107.6945449,-6.9138444],[107.6945852,-6.9134237],[107.6923281,-6.9126901],[107.689957,-6.9186333]]]}},{"type":"Feature","properties":{"id":"military-0041","name":"Pust Pendidikan Infanteri","category":"military","severity":"hard","methodForce":null,"costMultiplier":1,"wilayah":["kab_bandung_barat"],"source":"OSM © OpenStreetMap contributors","realData":true},"geometry":{"type":"Polygon","coordinates":[[[107.3817551,-6.8291136],[107.3819482,-6.8321389],[107.3827207,-6.8322454],[107.3823881,-6.8339179],[107.3833215,-6.8341203],[107.3836541,-6.8344718],[107.3850167,-6.8346316],[107.3853171,-6.8349086],[107.386862,-6.8347914],[107.3869586,-6.8343653],[107.3874843,-6.8345464],[107.3876989,-6.8349512],[107.3874092,-6.8380831],[107.3881602,-6.8380724],[107.3880958,-6.8391377],[107.3892331,-6.8418114],[107.3913467,-6.8419819],[107.3935676,-6.8415558],[107.395091,-6.8411403],[107.3959815,-6.8403201],[107.3959923,-6.8395425],[107.3956704,-6.8390098],[107.3948443,-6.8389459],[107.3944259,-6.8382748],[107.3946297,-6.8370072],[107.393986,-6.8310523],[107.3940396,-6.8290923],[107.3938358,-6.82726],[107.3928058,-6.8246181],[107.3903918,-6.8244263],[107.3877311,-6.8255449],[107.3866367,-6.8258219],[107.3862335,-6.8257534],[107.3862612,-6.8249803],[107.3865831,-6.8252892],[107.3874628,-6.824714],[107.387774,-6.8240748],[107.3878169,-6.8234676],[107.3866367,-6.8240748],[107.3851883,-6.8243411],[107.385478,-6.8249057],[107.3859608,-6.8247779],[107.3859553,-6.8257061],[107.3854995,-6.8261841],[107.3849201,-6.8262799],[107.3847163,-6.8268019],[107.3857355,-6.8274198],[107.3862934,-6.8285916],[107.3861432,-6.8295716],[107.3839974,-6.8299658],[107.3837399,-6.8297847],[107.3837292,-6.8291136],[107.3817551,-6.8291136]]]}},{"type":"Feature","properties":{"id":"military-0042","name":"Instalasi Militer","category":"military","severity":"hard","methodForce":null,"costMultiplier":1,"wilayah":["kota_bandung"],"source":"OSM © OpenStreetMap contributors","realData":true},"geometry":{"type":"Polygon","coordinates":[[[107.6320535,-6.9317148],[107.633636,-6.9320689],[107.6334429,-6.9328091],[107.6344433,-6.9330887],[107.635535,-6.9290628],[107.6345694,-6.9287859],[107.634151,-6.9305912],[107.6324317,-6.930261],[107.6320535,-6.9317148]]]}},{"type":"Feature","properties":{"id":"military-0043","name":"Sekolah Staf dan Komando TNI","category":"military","severity":"hard","methodForce":null,"costMultiplier":1,"wilayah":["kota_bandung"],"source":"OSM © OpenStreetMap contributors","realData":true},"geometry":{"type":"Polygon","coordinates":[[[107.6281321,-6.9323219],[107.6284137,-6.9323911],[107.6283091,-6.9332431],[107.6324317,-6.9342576],[107.6337916,-6.9343375],[107.6344433,-6.9330887],[107.6334429,-6.9328091],[107.633636,-6.9320689],[107.6318442,-6.9316722],[107.6317075,-6.9322846],[107.6289582,-6.9316296],[107.6292807,-6.9304522],[107.628513,-6.9302637],[107.6281321,-6.9323219]]]}},{"type":"Feature","properties":{"id":"military-0044","name":"Sekolah Staf dan Komando AD","category":"military","severity":"hard","methodForce":null,"costMultiplier":1,"wilayah":["kota_bandung"],"source":"OSM © OpenStreetMap contributors","realData":true},"geometry":{"type":"Polygon","coordinates":[[[107.6261545,-6.9325979],[107.6277485,-6.9330843],[107.627829,-6.9328517],[107.6282796,-6.9329476],[107.6284137,-6.9323911],[107.6281321,-6.9323219],[107.628513,-6.9302637],[107.6292807,-6.9304522],[107.6295939,-6.9294542],[107.6289368,-6.9292838],[107.6300472,-6.9251754],[107.6281241,-6.9247387],[107.6261545,-6.9325979]]]}},{"type":"Feature","properties":{"id":"military-0045","name":"Paldam III/SLW","category":"military","severity":"hard","methodForce":null,"costMultiplier":1,"wilayah":["kota_bandung"],"source":"OSM © OpenStreetMap contributors","realData":true},"geometry":{"type":"Polygon","coordinates":[[[107.6189306,-6.9163063],[107.619085,-6.9167827],[107.6194766,-6.9168812],[107.6195866,-6.9163114],[107.6189306,-6.9163063]]]}},{"type":"Feature","properties":{"id":"military-0046","name":"Kodim 0618/Kota Bandung","category":"military","severity":"hard","methodForce":null,"costMultiplier":1,"wilayah":["kota_bandung"],"source":"OSM © OpenStreetMap contributors","realData":true},"geometry":{"type":"Polygon","coordinates":[[[107.6188901,-6.9155091],[107.6189402,-6.9161889],[107.6195866,-6.9163114],[107.6198038,-6.9153848],[107.6190662,-6.9152064],[107.6188901,-6.9155091]]]}},{"type":"Feature","properties":{"id":"military-0047","name":"Kodam III / Siliwangi","category":"military","severity":"hard","methodForce":null,"costMultiplier":1,"wilayah":["kota_bandung"],"source":"OSM © OpenStreetMap contributors","realData":true},"geometry":{"type":"Polygon","coordinates":[[[107.6117478,-6.9080264],[107.6124123,-6.909618],[107.6137924,-6.9102511],[107.6147827,-6.9099036],[107.6137353,-6.9090009],[107.6132179,-6.9080844],[107.6129899,-6.9081838],[107.6122876,-6.9078928],[107.6117478,-6.9080264]]]}},{"type":"Feature","properties":{"id":"military-0048","name":"Satuan Musik Militer","category":"military","severity":"hard","methodForce":null,"costMultiplier":1,"wilayah":["kota_bandung"],"source":"OSM © OpenStreetMap contributors","realData":true},"geometry":{"type":"Polygon","coordinates":[[[107.6358434,-6.893016],[107.6361345,-6.893413],[107.6368151,-6.8935182],[107.637051,-6.8923501],[107.6359695,-6.8923991],[107.6358434,-6.893016]]]}},{"type":"Feature","properties":{"id":"military-0049","name":"Dinas Sejarah Angkatan Darat","category":"military","severity":"hard","methodForce":null,"costMultiplier":1,"wilayah":["kota_bandung"],"source":"OSM © OpenStreetMap contributors","realData":true},"geometry":{"type":"Polygon","coordinates":[[[107.6156489,-6.9142933],[107.6157813,-6.9146487],[107.6162124,-6.9145593],[107.6161131,-6.9141227],[107.6156489,-6.9142933]]]}},{"type":"Feature","properties":{"id":"military-0050","name":"Kawasan Latihan Pertempuran Hutan Kopassus","category":"military","severity":"hard","methodForce":null,"costMultiplier":1,"wilayah":["kab_bandung_barat"],"source":"OSM © OpenStreetMap contributors","realData":true},"geometry":{"type":"Polygon","coordinates":[[[107.5640702,-6.7584382],[107.5646281,-6.7632752],[107.5641989,-6.7693694],[107.5650358,-6.7700299],[107.5706792,-6.7698808],[107.571795,-6.77052],[107.5738442,-6.7750267],[107.5749063,-6.7788407],[107.5759363,-6.7789047],[107.5775134,-6.7808543],[107.5776851,-6.7814616],[107.5780405,-6.7814256],[107.5784147,-6.7811366],[107.5779641,-6.7783986],[107.5773525,-6.7771255],[107.5769663,-6.7752717],[107.5783181,-6.7740145],[107.5778675,-6.7727787],[107.5767731,-6.7718198],[107.5754213,-6.7663649],[107.5806999,-6.7547518],[107.5817298,-6.7480608],[107.5845623,-6.7437138],[107.5894117,-6.7404747],[107.5919437,-6.73698],[107.5926733,-6.7343376],[107.5915575,-6.7327607],[107.5869655,-6.7315247],[107.5828027,-6.7316526],[107.5788116,-6.7326755],[107.5742197,-6.7373209],[107.5710868,-6.7428614],[107.5681686,-6.7513424],[107.5640702,-6.7584382]]]}},{"type":"Feature","properties":{"id":"military-0051","name":"Barak Kopassus","category":"military","severity":"hard","methodForce":null,"costMultiplier":1,"wilayah":["kab_bandung_barat"],"source":"OSM © OpenStreetMap contributors","realData":true},"geometry":{"type":"Polygon","coordinates":[[[107.5768992,-6.7458234],[107.5775912,-6.7460178],[107.5774813,-6.7458074],[107.5776422,-6.7456263],[107.578361,-6.7463828],[107.5797451,-6.7453067],[107.579112,-6.7443477],[107.5786856,-6.7442106],[107.5786373,-6.7444783],[107.578133,-6.7447606],[107.5773659,-6.7447819],[107.5770159,-6.7446114],[107.5769207,-6.7450243],[107.5775698,-6.745304],[107.577374,-6.7456769],[107.5768992,-6.7458234]]]}},{"type":"Feature","properties":{"id":"military-0052","name":"Hubdam III/Siliwangi","category":"military","severity":"hard","methodForce":null,"costMultiplier":1,"wilayah":["kota_bandung"],"source":"OSM © OpenStreetMap contributors","realData":true},"geometry":{"type":"Polygon","coordinates":[[[107.6065565,-6.9350685],[107.6069848,-6.9351006],[107.6069493,-6.9355854],[107.6080292,-6.9356665],[107.607849,-6.9350884],[107.6079753,-6.9340837],[107.6076946,-6.9332599],[107.606669,-6.933367],[107.6065565,-6.9350685]]]}},{"type":"Feature","properties":{"id":"military-0053","name":"Sekolah Staf dan Komando Angkatan Udara","category":"military","severity":"hard","methodForce":null,"costMultiplier":1,"wilayah":["kab_bandung_barat"],"source":"OSM © OpenStreetMap contributors","realData":true},"geometry":{"type":"Polygon","coordinates":[[[107.6245165,-6.8238516],[107.6248545,-6.8239368],[107.6247874,-6.8242351],[107.6251764,-6.8243416],[107.6252059,-6.8254868],[107.6254044,-6.8254975],[107.6255385,-6.8266902],[107.6275308,-6.8273777],[107.6286318,-6.8274571],[107.628743,-6.825948],[107.6291324,-6.8257688],[107.6291387,-6.8245787],[107.6287149,-6.8245361],[107.6286612,-6.8242058],[107.6274542,-6.8243709],[107.6274596,-6.823817],[107.6277439,-6.8236785],[107.6274596,-6.8232045],[107.6275055,-6.8224633],[107.6247594,-6.8217256],[107.6256467,-6.8234327],[107.6251846,-6.8234847],[107.6252086,-6.823074],[107.6250101,-6.8230207],[107.6249591,-6.8236572],[107.624597,-6.823564],[107.6245165,-6.8238516]]]}},{"type":"Feature","properties":{"id":"military-0054","name":"Instalasi Militer","category":"military","severity":"hard","methodForce":null,"costMultiplier":1,"wilayah":["kota_bandung"],"source":"OSM © OpenStreetMap contributors","realData":true},"geometry":{"type":"Polygon","coordinates":[[[107.6197853,-6.9155434],[107.6213254,-6.9159342],[107.6213768,-6.9157348],[107.6198382,-6.9153497],[107.6197853,-6.9155434]]]}},{"type":"Feature","properties":{"id":"military-0055","name":"Gudpalrah III/BDG","category":"military","severity":"hard","methodForce":null,"costMultiplier":1,"wilayah":["kota_bandung"],"source":"OSM © OpenStreetMap contributors","realData":true},"geometry":{"type":"Polygon","coordinates":[[[107.6221398,-6.9175453],[107.6236643,-6.9179206],[107.6237395,-6.9176038],[107.6241197,-6.9176966],[107.6243453,-6.9167785],[107.6237334,-6.916617],[107.6238046,-6.9163385],[107.6225238,-6.9159788],[107.6221398,-6.9175453]]]}},{"type":"Feature","properties":{"id":"military-0056","name":"Instalasi Militer","category":"military","severity":"hard","methodForce":null,"costMultiplier":1,"wilayah":["kota_bandung"],"source":"OSM © OpenStreetMap contributors","realData":true},"geometry":{"type":"Polygon","coordinates":[[[107.6237478,-6.9166095],[107.6243409,-6.9167655],[107.6244225,-6.9164765],[107.6238202,-6.9163449],[107.6237478,-6.9166095]]]}},{"type":"Feature","properties":{"id":"military-0057","name":"Instalasi Militer","category":"military","severity":"hard","methodForce":null,"costMultiplier":1,"wilayah":["kota_bandung"],"source":"OSM © OpenStreetMap contributors","realData":true},"geometry":{"type":"Polygon","coordinates":[[[107.6169878,-6.9155194],[107.6182463,-6.91583],[107.6178891,-6.9149167],[107.6175715,-6.915116],[107.6176159,-6.9145945],[107.6172376,-6.9143719],[107.6169878,-6.9155194]]]}},{"type":"Feature","properties":{"id":"military-0058","name":"Detasemen Polisi Militer III/5","category":"military","severity":"hard","methodForce":null,"costMultiplier":1,"wilayah":["kota_bandung"],"source":"OSM © OpenStreetMap contributors","realData":true},"geometry":{"type":"Polygon","coordinates":[[[107.615633,-6.9152438],[107.6168504,-6.9155055],[107.6169619,-6.9149381],[107.616369,-6.9148417],[107.6162705,-6.9143265],[107.6162329,-6.9145581],[107.6157615,-6.9146566],[107.615633,-6.9152438]]]}},{"type":"Feature","properties":{"id":"military-0059","name":"Bengkel Daerah III","category":"military","severity":"hard","methodForce":null,"costMultiplier":1,"wilayah":["kota_bandung"],"source":"OSM © OpenStreetMap contributors","realData":true},"geometry":{"type":"Polygon","coordinates":[[[107.6235487,-6.916131],[107.62512,-6.9165386],[107.6256781,-6.9142954],[107.6254808,-6.9142387],[107.6255552,-6.9139184],[107.6241872,-6.9135605],[107.6235487,-6.916131]]]}},{"type":"Feature","properties":{"id":"military-0060","name":"Pembekalan Angkutan Kodam III","category":"military","severity":"hard","methodForce":null,"costMultiplier":1,"wilayah":["kota_bandung"],"source":"OSM © OpenStreetMap contributors","realData":true},"geometry":{"type":"Polygon","coordinates":[[[107.6232349,-6.91406],[107.6239959,-6.914272],[107.6241728,-6.9135496],[107.6239436,-6.9133278],[107.623441,-6.9133014],[107.6232349,-6.91406]]]}},{"type":"Feature","properties":{"id":"military-0061","name":"Kodiklat TNI Angkatan Darat","category":"military","severity":"hard","methodForce":null,"costMultiplier":1,"wilayah":["kota_bandung"],"source":"OSM © OpenStreetMap contributors","realData":true},"geometry":{"type":"Polygon","coordinates":[[[107.6157747,-6.9102898],[107.6161009,-6.9111674],[107.6170879,-6.9110276],[107.6172411,-6.9114515],[107.6175107,-6.9113942],[107.6173746,-6.9092322],[107.6160392,-6.9096784],[107.6162082,-6.9101369],[107.6157747,-6.9102898]]]}},{"type":"Feature","properties":{"id":"military-0062","name":"Instalasi Militer","category":"military","severity":"hard","methodForce":null,"costMultiplier":1,"wilayah":["kota_bandung"],"source":"OSM © OpenStreetMap contributors","realData":true},"geometry":{"type":"Polygon","coordinates":[[[107.61101,-6.9181282],[107.6114949,-6.9181634],[107.6115303,-6.917538],[107.6111693,-6.9172727],[107.61101,-6.9181282]]]}},{"type":"Feature","properties":{"id":"protected-0063","name":"Cagar Alam Gunung Tangkuban Parahu","category":"conservation_forest","severity":"hard","methodForce":null,"costMultiplier":1,"wilayah":["kab_bandung_barat"],"source":"OSM © OpenStreetMap contributors","realData":true},"geometry":{"type":"MultiPolygon","coordinates":[[[[107.5935356,-6.7287425],[107.5940225,-6.7287305],[107.59355960730102,-6.728525448569396],[107.5935356,-6.7287425]]],[[[107.59637244372783,-6.729556766090299],[107.5969166,-6.7304806],[107.5981878,-6.7311271],[107.5985104,-6.7319929],[107.5998794,-6.7336205],[107.5996094,-6.736261],[107.5993874,-6.7366717],[107.5997633,-6.73765],[107.599567,-6.7384012],[107.6006557,-6.7401618],[107.601868,-6.7415571],[107.6025258,-6.7415715],[107.6023328,-6.7423795],[107.6024789,-6.742857],[107.60321596004002,-6.74378776620187],[107.6029588,-6.742317],[107.6018067,-6.7394473],[107.6023561,-6.7361076],[107.601143,-6.7330568],[107.6000367,-6.7313707],[107.59637244372783,-6.729556766090299]]],[[[107.5990315,-6.7573919],[107.5997207,-6.7587901],[107.60007347259,-6.758913746294122],[107.599798,-6.757951],[107.600138,-6.756296],[107.600964,-6.753978],[107.602016,-6.753095],[107.602988,-6.752765],[107.603612,-6.752093],[107.603751,-6.751089],[107.603397,-6.750504],[107.603697,-6.750421],[107.603943,-6.750049],[107.604177,-6.749243],[107.604015,-6.749036],[107.6038667,-6.7466967],[107.60324855080756,-6.744123906078454],[107.603528,-6.745613],[107.6029469,-6.7476425],[107.6029534,-6.7488679],[107.6026809,-6.7499064],[107.6019543,-6.7504483],[107.6019723,-6.7510131],[107.6015895,-6.752115],[107.59974,-6.7534489],[107.5994731,-6.7538628],[107.5990991,-6.7549377],[107.5990315,-6.7573919]]],[[[107.6203783,-6.7645312],[107.620416430936,-6.76471643963585],[107.620671,-6.764561],[107.6203783,-6.7645312]]]]}},{"type":"Feature","properties":{"id":"protected-0064","name":"Cagar Alam Gunung Burangrang","category":"conservation_forest","severity":"hard","methodForce":null,"costMultiplier":1,"wilayah":["kab_bandung_barat"],"source":"OSM © OpenStreetMap contributors","realData":true},"geometry":{"type":"MultiPolygon","coordinates":[[[[107.5130870775496,-6.754601467586971],[107.5132155,-6.7546879],[107.51347143032586,-6.7547545564658],[107.5130870775496,-6.754601467586971]]],[[[107.54733361672629,-6.769880988650592],[107.549243,-6.7728639],[107.5515175,-6.7742276],[107.555058,-6.7750586],[107.5567531,-6.7734818],[107.5588774,-6.7727147],[107.5609374,-6.773631],[107.5622892,-6.7735884],[107.5625896,-6.7732474],[107.5627613,-6.7723738],[107.56225437763516,-6.7709067626261525],[107.5620008,-6.7718838],[107.5613619,-6.7731544],[107.558678,-6.7723848],[107.5574301,-6.7731488],[107.5562249,-6.7734466],[107.5556024,-6.7741807],[107.5550056,-6.7745008],[107.5537151,-6.7743874],[107.5516082,-6.7738663],[107.5495961,-6.7729213],[107.5491571,-6.7724894],[107.5480802,-6.7706044],[107.54733361672629,-6.769880988650592]]],[[[107.5618447,-6.7558132],[107.5626357,-6.7577162],[107.56264114552738,-6.758748954584255],[107.5630402,-6.757799],[107.5628257,-6.7564565],[107.5620532,-6.7549436],[107.56204061649507,-6.754170387517504],[107.5618447,-6.7558132]]],[[[107.5619951,-6.7696347],[107.56206762932895,-6.769972685554514],[107.5628471,-6.7692628],[107.5633621,-6.7684958],[107.56339537456799,-6.767813812350088],[107.5625354,-6.7689015],[107.5621106,-6.7691513],[107.5619951,-6.7696347]]],[[[107.56208273625172,-6.753552555266537],[107.5631046,-6.7521521],[107.56534892081307,-6.751011405397546],[107.5637152,-6.7516042],[107.5629157,-6.7516994],[107.5622017,-6.7528829],[107.56208273625172,-6.753552555266537]]],[[[107.5623852048799,-6.760812303623736],[107.5625714,-6.7610533],[107.56264748179728,-6.761101700146421],[107.5623852048799,-6.760812303623736]]],[[[107.5632563,-6.7659783],[107.56341145721089,-6.767484186317445],[107.56350314028441,-6.765605071798038],[107.5632563,-6.7659783]]],[[[107.56377565620693,-6.762665175769189],[107.56377666667908,-6.762985056104135],[107.5638127,-6.7628491],[107.56377565620693,-6.762665175769189]]],[[[107.56541480660344,-6.750957579435747],[107.5664305,-6.7501278],[107.5656854,-6.7502241],[107.56541480660344,-6.750957579435747]]],[[[107.56703496843714,-6.749060688244475],[107.56730978796946,-6.7485755294908],[107.5671022,-6.7487593],[107.56703496843714,-6.749060688244475]]],[[[107.56826246833823,-6.746844616435437],[107.5684047,-6.7465692],[107.56841190952956,-6.746053525374249],[107.56826246833823,-6.746844616435437]]],[[[107.5682915,-6.7438938],[107.5684221,-6.7447974],[107.5684476,-6.7435007],[107.56885009156079,-6.742501426777434],[107.5683656,-6.7431288],[107.5682915,-6.7438938]]],[[[107.569829,-6.7403537],[107.56985080388397,-6.740627143485169],[107.5705570202125,-6.739213099742492],[107.569829,-6.7403537]]],[[[107.57070466375079,-6.738179285304971],[107.57073764839738,-6.737948323596455],[107.5707094,-6.7380248],[107.57070466375079,-6.738179285304971]]],[[[107.57087511589303,-6.736985762800705],[107.57110152500248,-6.736103960572216],[107.5709693,-6.736148],[107.57087511589303,-6.736985762800705]]],[[[107.57402291479427,-6.734545249979327],[107.5746703,-6.7341458],[107.5756359,-6.7326115],[107.57587757291877,-6.7315398883166155],[107.5751898,-6.7331272],[107.57402291479427,-6.734545249979327]]],[[[107.57722340420862,-6.730242239711046],[107.5772881,-6.7301822],[107.57749903315869,-6.729854390384874],[107.57722340420862,-6.730242239711046]]],[[[107.57844664080345,-6.729383668044577],[107.5786829,-6.7293725],[107.57892900932484,-6.729217374808962],[107.57844664080345,-6.729383668044577]]],[[[107.581523319608,-6.727909010920434],[107.58217665780532,-6.727621028248449],[107.5816836,-6.7277958],[107.581523319608,-6.727909010920434]]],[[[107.58348751771025,-6.72704321886953],[107.58511794741628,-6.7268223608850395],[107.5843462,-6.7266655],[107.58348751771025,-6.72704321886953]]],[[[107.58947289236953,-6.727690480730353],[107.59027847461294,-6.727772363264269],[107.5899992,-6.7276183],[107.58947289236953,-6.727690480730353]]],[[[107.59182157262808,-6.728374351414833],[107.5935356,-6.7287425],[107.59355960730102,-6.728525448569396],[107.59182157262808,-6.728374351414833]]]]}},{"type":"Feature","properties":{"id":"protected-0065","name":"Taman Wisata Alam Gunung Tangkuban Parahu","category":"conservation_forest","severity":"hard","methodForce":null,"costMultiplier":1,"wilayah":["kab_bandung_barat"],"source":"OSM © OpenStreetMap contributors","realData":true},"geometry":{"type":"MultiPolygon","coordinates":[[[[107.5999491,-6.7589767],[107.6001502041823,-6.759363725028832],[107.60007346958739,-6.758913728685818],[107.5999491,-6.7589767]]],[[[107.60089584064701,-6.761341322802925],[107.6012966,-6.7614982],[107.6015865,-6.7620218],[107.6026195,-6.7624463],[107.6029445,-6.7630707],[107.6030609,-6.7639637],[107.6035149,-6.7646295],[107.604162,-6.7654318],[107.6053792,-6.7662689],[107.608676,-6.7661535],[107.610189,-6.7663169],[107.61012,-6.7667583],[107.6096049,-6.7668054],[107.6073117,-6.7681976],[107.6069575,-6.7689152],[107.6084871,-6.7689016],[107.6104361,-6.7692255],[107.6105586,-6.7688109],[107.6111841,-6.7689549],[107.6111996,-6.7686439],[107.6115923,-6.7683806],[107.611626,-6.7672563],[107.6119129,-6.7669719],[107.613097,-6.7688027],[107.6142014,-6.7690688],[107.6147529,-6.7694183],[107.6169888,-6.7694704],[107.6180839,-6.7691852],[107.6198636,-6.7696338],[107.6199019,-6.7692026],[107.6190976,-6.7679146],[107.6194198,-6.7666351],[107.6197612,-6.766908],[107.6199244,-6.7678379],[107.6203356,-6.7684791],[107.6219482,-6.7689656],[107.62318,-6.7690584],[107.6234509,-6.7688319],[107.6234083003054,-6.768392040301404],[107.623155,-6.768119],[107.622371,-6.767879],[107.6219454,-6.7674167],[107.622269,-6.767076],[107.621814,-6.766931],[107.621781,-6.766652],[107.621308,-6.766251],[107.621274,-6.765564],[107.620196,-6.764988],[107.6203783,-6.7645312],[107.62061810914615,-6.764451663572555],[107.619696,-6.764124],[107.61797,-6.763959],[107.617402,-6.763321],[107.617424,-6.763177],[107.618316,-6.763088],[107.618274,-6.762579],[107.617605,-6.761641],[107.618291,-6.761438],[107.61804,-6.761032],[107.618511,-6.760656],[107.618473,-6.760269],[107.6171189,-6.7600997],[107.6151734,-6.7594802],[107.6127091,-6.759166],[107.6105958,-6.7591818],[107.6080552,-6.7595661],[107.60089584064701,-6.761341322802925]]]]}},{"type":"Feature","properties":{"id":"protected-0066","name":"Hutan Lindung","category":"conservation_forest","severity":"hard","methodForce":null,"costMultiplier":1,"wilayah":["kab_bandung_barat"],"source":"OSM © OpenStreetMap contributors","realData":true},"geometry":{"type":"Polygon","coordinates":[[[107.2709289,-7.0176984],[107.271004,-7.0179939],[107.2717282,-7.0184118],[107.271747,-7.0187872],[107.2720903,-7.0192957],[107.2727984,-7.019261],[107.2729272,-7.019466],[107.2736621,-7.0196737],[107.2748181,-7.0190348],[107.2753961,-7.0191958],[107.2757435,-7.0194208],[107.2759983,-7.0201582],[107.2758374,-7.020664],[107.2759822,-7.0217049],[107.2780931,-7.0218672],[107.2799116,-7.0208663],[107.2825885,-7.0203552],[107.283479,-7.0203871],[107.2843748,-7.020813],[107.2860324,-7.020845],[107.2865769,-7.020443],[107.286711,-7.0200251],[107.286239,-7.0198893],[107.2859091,-7.0200331],[107.285665,-7.0198227],[107.2856837,-7.0195113],[107.2851634,-7.0190215],[107.2852251,-7.018718],[107.286078,-7.018537],[107.2861397,-7.0180125],[107.2873226,-7.0171314],[107.2842997,-7.015771],[107.2834951,-7.0159307],[107.2831517,-7.0162821],[107.2818482,-7.0164738],[107.2813171,-7.017134],[107.2801048,-7.0170861],[107.2793859,-7.0174428],[107.2791338,-7.0166602],[107.2784525,-7.0164791],[107.2774601,-7.0155793],[107.2771275,-7.0149617],[107.2763067,-7.0149724],[107.2764248,-7.0157604],[107.2762303,-7.0162102],[107.2755665,-7.0151214],[107.2753519,-7.0151214],[107.2753586,-7.0154689],[107.2746599,-7.0148659],[107.2741502,-7.0148712],[107.2733992,-7.0156539],[107.2738767,-7.0164046],[107.2738016,-7.017118],[107.2735816,-7.016953],[107.2732276,-7.0158828],[107.2727877,-7.0158136],[107.2726053,-7.0160425],[107.2724605,-7.0171074],[107.2726643,-7.017922],[107.271688,-7.0173896],[107.2713393,-7.0173843],[107.2709289,-7.0176984]]]}},{"type":"Feature","properties":{"id":"protected-0067","name":"Hutan Lindung","category":"conservation_forest","severity":"hard","methodForce":null,"costMultiplier":1,"wilayah":["kab_bandung_barat"],"source":"OSM © OpenStreetMap contributors","realData":true},"geometry":{"type":"Polygon","coordinates":[[[107.2835447,-7.0104747],[107.283825,-7.0107515],[107.2849233,-7.0109392],[107.2849649,-7.0114291],[107.2855054,-7.0117352],[107.286534,-7.0117765],[107.2862148,-7.0125418],[107.2846752,-7.0128027],[107.2843507,-7.0134523],[107.2845384,-7.0139208],[107.2852948,-7.0147674],[107.2861478,-7.0147887],[107.2862765,-7.0138623],[107.2868693,-7.0133245],[107.28688,-7.0141072],[107.2872502,-7.0142563],[107.2868666,-7.0145384],[107.2867995,-7.0153996],[107.2871643,-7.0155873],[107.2873762,-7.0154356],[107.2873481,-7.0147874],[107.2886543,-7.0146782],[107.2891599,-7.0140646],[107.2892377,-7.013431],[107.2890606,-7.0130077],[107.2891733,-7.0129199],[107.2895756,-7.0132846],[107.2898707,-7.0131887],[107.2903883,-7.0116687],[107.2905573,-7.0122463],[107.2901067,-7.0133165],[107.2906136,-7.0134789],[107.2909918,-7.0141764],[107.2914264,-7.0142403],[107.2917134,-7.0145677],[107.2928694,-7.01481],[107.2929981,-7.0144399],[107.2931832,-7.0147141],[107.2938028,-7.0147008],[107.294291,-7.0141019],[107.2948489,-7.0142882],[107.2951868,-7.014187],[107.2956938,-7.0136253],[107.2964635,-7.0120733],[107.2961256,-7.0118444],[107.2963026,-7.0107901],[107.2969866,-7.0104228],[107.297,-7.0098823],[107.2962624,-7.0091609],[107.2967908,-7.0088414],[107.296772,-7.0080401],[107.2965145,-7.0068794],[107.2955757,-7.0046112],[107.294991,-7.0038499],[107.2940093,-7.003179],[107.2934702,-7.0016669],[107.293607,-7.0011078],[107.2928613,-7.0001015],[107.2936553,-6.9989461],[107.293725,-6.9970506],[107.2941649,-6.9968749],[107.2945404,-6.997567],[107.2953692,-6.997591],[107.2960585,-6.9956076],[107.296772,-6.9952562],[107.2984618,-6.9938772],[107.2981024,-6.9935471],[107.2980836,-6.9932595],[107.2993469,-6.99298],[107.2993898,-6.9918379],[107.2987944,-6.9915291],[107.2976088,-6.9903523],[107.2965145,-6.9901287],[107.2961765,-6.9903843],[107.2962677,-6.9907836],[107.2972441,-6.9912895],[107.2978771,-6.992168],[107.2975284,-6.9924555],[107.2973701,-6.9930226],[107.2967371,-6.9931584],[107.2965091,-6.9928975],[107.2959351,-6.9928602],[107.2946906,-6.9937121],[107.294122,-6.9924981],[107.2933924,-6.9918698],[107.2925824,-6.9920775],[107.2918636,-6.9928868],[107.2915846,-6.9935311],[107.2903883,-6.9947291],[107.2892457,-6.9947131],[107.2879288,-6.9958206],[107.2878429,-6.996007],[107.2883847,-6.9963051],[107.2884572,-6.9967604],[107.2895408,-6.9970932],[107.2895944,-6.9974446],[107.2899082,-6.997575],[107.2892538,-6.9980569],[107.2892377,-6.9985441],[107.2885376,-6.9991644],[107.2886181,-6.9995903],[107.2888809,-6.9998991],[107.2909114,-6.9994652],[107.2910482,-6.9996729],[107.2908041,-7.0000456],[107.2897634,-7.000397],[107.2899833,-7.0006978],[107.2891331,-7.0006845],[107.2889319,-7.0008602],[107.288889,-7.0013048],[107.2890606,-7.0014672],[107.2910964,-7.0016935],[107.2910857,-7.0018798],[107.2894335,-7.0020289],[107.2889373,-7.0023164],[107.2895247,-7.0028249],[107.2908443,-7.0028755],[107.2910723,-7.0030672],[107.2912547,-7.0038073],[107.2911903,-7.0040708],[107.2908443,-7.0042652],[107.2908148,-7.0047151],[107.2914961,-7.0052315],[107.2908658,-7.0054019],[107.2888461,-7.0048535],[107.2886664,-7.0051437],[107.2893181,-7.0050984],[107.2896185,-7.0056655],[107.2907813,-7.0062219],[107.2905707,-7.0064987],[107.2894871,-7.0066239],[107.2888085,-7.0063949],[107.288492,-7.0068608],[107.288323,-7.0065733],[107.2881407,-7.0066265],[107.2881487,-7.0069327],[107.2872126,-7.007332],[107.2878161,-7.0081653],[107.2873253,-7.0082078],[107.2870409,-7.0087642],[107.2868371,-7.0087749],[107.2865313,-7.0080934],[107.285791,-7.0073],[107.2848496,-7.0076168],[107.2849891,-7.0077659],[107.2846216,-7.0079123],[107.2843507,-7.0087083],[107.2844338,-7.0092913],[107.2841549,-7.0093765],[107.2839671,-7.0101699],[107.2835447,-7.0104747]]]}},{"type":"Feature","properties":{"id":"protected-0068","name":"Hutan Lindung","category":"conservation_forest","severity":"hard","methodForce":null,"costMultiplier":1,"wilayah":["kota_cimahi","kab_bandung_barat"],"source":"OSM © OpenStreetMap contributors","realData":true},"geometry":{"type":"Polygon","coordinates":[[[107.5587774,-6.8641694],[107.5589739,-6.8643689],[107.5599172,-6.8638821],[107.5598939,-6.8635483],[107.5608699,-6.8628296],[107.5606551,-6.8622732],[107.5607345,-6.8619487],[107.5615191,-6.8610399],[107.5616125,-6.8603398],[107.5630321,-6.858207],[107.562906,-6.8561947],[107.5624297,-6.8559628],[107.5623503,-6.85568],[107.5626772,-6.8553647],[107.5636299,-6.8565656],[107.5632796,-6.8579519],[107.5635412,-6.8583229],[107.5632703,-6.8598112],[107.5623036,-6.8605531],[107.5621262,-6.8616148],[107.5619954,-6.8618652],[107.5617852,-6.8618698],[107.5614537,-6.8626673],[107.5614023,-6.8635622],[107.5618568,-6.8638686],[107.5610567,-6.8643457],[107.5604263,-6.8643365],[107.5602115,-6.8639702],[107.5599873,-6.8639795],[107.5589969,-6.8656102],[107.5590669,-6.8665561],[107.5592513,-6.8667052],[107.5592301,-6.8660517],[107.5596773,-6.8658293],[107.5595911,-6.8649764],[107.559761,-6.8647586],[107.5603272,-6.8648851],[107.5623941,-6.8642596],[107.5624932,-6.8640066],[107.5617641,-6.8631914],[107.5617783,-6.8628681],[107.562026,-6.8628471],[107.5624507,-6.8618632],[107.563194,-6.8615821],[107.5628684,-6.8607106],[107.5634771,-6.8605068],[107.5633143,-6.8602749],[107.5637036,-6.8599727],[107.5637602,-6.8591083],[107.5639231,-6.8591786],[107.564284,-6.8586867],[107.5639372,-6.8570492],[107.5641991,-6.8566345],[107.5639797,-6.8551798],[107.562741,-6.8532963],[107.5629958,-6.8524671],[107.5634276,-6.852186],[107.5637886,-6.8509491],[107.5640434,-6.8508999],[107.5646734,-6.8501479],[107.5652396,-6.8485315],[107.5670588,-6.8472032],[107.5677383,-6.8456219],[107.5672357,-6.8455797],[107.5671083,-6.8451581],[107.5672853,-6.8446169],[107.5686868,-6.8440898],[107.5684108,-6.8434714],[107.5695362,-6.8427194],[107.5696282,-6.8423399],[107.5694734,-6.8420101],[107.5675774,-6.8426407],[107.5670543,-6.8422605],[107.5671197,-6.8416114],[107.5676614,-6.8407953],[107.5668582,-6.8399792],[107.566989,-6.8391446],[107.5672598,-6.8391353],[107.5664846,-6.8380782],[107.5664846,-6.8375774],[107.5671758,-6.8362791],[107.5669142,-6.8350735],[107.5675867,-6.8344893],[107.5681658,-6.8345356],[107.5684086,-6.8342203],[107.5681471,-6.8338123],[107.5660456,-6.83448],[107.5666807,-6.8337474],[107.5675961,-6.8334599],[107.5678296,-6.8335712],[107.5697443,-6.8313641],[107.5704074,-6.8315866],[107.5711266,-6.8307056],[107.5716123,-6.8297412],[107.571743,-6.8290271],[107.5711546,-6.8286839],[107.5703794,-6.830279],[107.570725,-6.8289622],[107.5705662,-6.8287674],[107.570314,-6.8288231],[107.5702206,-6.8299544],[107.5699311,-6.8301399],[107.5695761,-6.829973],[107.5695668,-6.8307613],[107.5687449,-6.8309096],[107.5674373,-6.8328386],[107.5667088,-6.83282],[107.5668022,-6.8325604],[107.5675774,-6.8320039],[107.5680444,-6.8311879],[107.5687169,-6.8292496],[107.5692119,-6.8283965],[107.56938,-6.827126],[107.5697723,-6.8259667],[107.569819,-6.824891],[107.5701646,-6.8239172],[107.5698003,-6.8224891],[107.5699217,-6.8217657],[107.5704915,-6.8217842],[107.5713507,-6.8211907],[107.5710986,-6.8206343],[107.571248,-6.8197718],[107.5705382,-6.8196605],[107.5696976,-6.8214597],[107.5695201,-6.8215338],[107.5694174,-6.8210609],[107.5697443,-6.8206806],[107.5704915,-6.8167485],[107.5706783,-6.816563],[107.5720979,-6.8166465],[107.5726863,-6.8163868],[107.5744142,-6.8170082],[107.5749186,-6.8166094],[107.572597,-6.8154752],[107.5709613,-6.8152486],[107.5701085,-6.8153945],[107.5697256,-6.8151905],[107.5692388,-6.8152728],[107.5691369,-6.8155498],[107.5689045,-6.8153846],[107.5688871,-6.8150952],[107.5687319,-6.8151104],[107.5687131,-6.8154353],[107.5684127,-6.8155338],[107.5682008,-6.815398],[107.56841,-6.8150145],[107.5679043,-6.8147639],[107.5669236,-6.8149957],[107.5668395,-6.815209],[107.5682499,-6.8161735],[107.5675587,-6.816359],[107.567073,-6.8171566],[107.5675961,-6.8187424],[107.5673345,-6.8191505],[107.5678296,-6.8201242],[107.5678763,-6.8206065],[107.5674186,-6.8215802],[107.5680724,-6.8250857],[107.5676334,-6.8266066],[107.5672131,-6.8270239],[107.5669516,-6.8281553],[107.5664192,-6.8289714],[107.5661484,-6.8290085],[107.5657281,-6.827905],[107.5660083,-6.8269498],[107.5658495,-6.8239636],[107.5656347,-6.8239543],[107.5655226,-6.8244551],[107.5645419,-6.8251785],[107.5648314,-6.8253361],[107.5649528,-6.8259946],[107.5650369,-6.8269498],[107.5648034,-6.8269127],[107.5650089,-6.8272558],[107.5649528,-6.8283686],[107.5657094,-6.8295742],[107.5650556,-6.8309838],[107.5649061,-6.8333486],[107.5653171,-6.8351013],[107.5645979,-6.8358154],[107.5645606,-6.8362327],[107.5649715,-6.8371601],[107.5647474,-6.841463],[107.565121,-6.8420101],[107.5649155,-6.8422791],[107.5652424,-6.8433733],[107.5652424,-6.8443007],[107.5655132,-6.8451167],[107.5653264,-6.8449869],[107.5652517,-6.845228],[107.5655039,-6.8460626],[107.5649995,-6.846619],[107.5647941,-6.8464614],[107.5645139,-6.8465356],[107.5644391,-6.8468416],[107.5634865,-6.8476576],[107.5633557,-6.8484366],[107.5628794,-6.8491321],[107.5624777,-6.8493176],[107.5619921,-6.8501985],[107.5613289,-6.8525632],[107.5615064,-6.8527672],[107.5610954,-6.8538058],[107.5616091,-6.8544179],[107.5614597,-6.8546033],[107.5618146,-6.8561427],[107.5623937,-6.8565136],[107.5624217,-6.8574688],[107.5626739,-6.8580437],[107.561852,-6.8594069],[107.5608806,-6.8597592],[107.5607031,-6.8600003],[107.5606938,-6.8603063],[107.5610954,-6.8606587],[107.5604883,-6.8615582],[107.5596477,-6.8617344],[107.5601614,-6.8620126],[107.5606004,-6.8626153],[107.5605163,-6.8628379],[107.5594236,-6.8635148],[107.5587774,-6.8641694]]]}},{"type":"Feature","properties":{"id":"protected-0069","name":"Perhutani","category":"conservation_forest","severity":"hard","methodForce":null,"costMultiplier":1,"wilayah":["kab_bandung_barat"],"source":"OSM © OpenStreetMap contributors","realData":true},"geometry":{"type":"Polygon","coordinates":[[[107.4350514,-6.8483589],[107.436342,-6.8492693],[107.436765,-6.8498977],[107.4369718,-6.8514826],[107.4367403,-6.852813],[107.4375183,-6.853141],[107.4376603,-6.8529969],[107.4380555,-6.8532146],[107.4388243,-6.8531257],[107.4391794,-6.8536345],[107.4394511,-6.8535518],[107.4400038,-6.8541894],[107.4404268,-6.8541097],[107.4411184,-6.8532544],[107.4418131,-6.8536253],[107.4422206,-6.8548086],[107.4428072,-6.854922],[107.4429338,-6.8551427],[107.4434803,-6.8550539],[107.4451352,-6.8556332],[107.4456056,-6.8555886],[107.4454347,-6.8547657],[107.4455737,-6.8543703],[107.4450364,-6.8534138],[107.4458515,-6.8532299],[107.4460183,-6.8525739],[107.444385,-6.8512741],[107.4435421,-6.8496341],[107.443647,-6.8483803],[107.444067,-6.8480738],[107.4441905,-6.847197],[107.4433136,-6.8469947],[107.4433259,-6.8461609],[107.4430481,-6.8458543],[107.4429431,-6.845229],[107.4422824,-6.8445852],[107.4414117,-6.844248],[107.4391269,-6.8445147],[107.4385218,-6.844202],[107.4372343,-6.8446067],[107.4368823,-6.8451677],[107.4369626,-6.8460935],[107.4361907,-6.8464736],[107.4360487,-6.8470438],[107.4353317,-6.8474484],[107.4354034,-6.847712],[107.4350514,-6.8483589]]]}},{"type":"Feature","properties":{"id":"protected-0070","name":"Hutan Lindung","category":"conservation_forest","severity":"hard","methodForce":null,"costMultiplier":1,"wilayah":["kab_bandung_barat"],"source":"OSM © OpenStreetMap contributors","realData":true},"geometry":{"type":"Polygon","coordinates":[[[107.6593557,-6.8220055],[107.6596346,-6.8226833],[107.6606673,-6.8228525],[107.6607558,-6.8226553],[107.6603803,-6.8225674],[107.6601014,-6.8218004],[107.6603079,-6.8213903],[107.660839,-6.8217072],[107.6610321,-6.8216406],[107.6616973,-6.8212012],[107.6621291,-6.8204875],[107.6634085,-6.8202424],[107.6636419,-6.8203836],[107.6633763,-6.8210174],[107.6636231,-6.8219416],[107.6648006,-6.822666],[107.6654765,-6.8217738],[107.6653451,-6.8214835],[107.6646584,-6.8211959],[107.6647711,-6.8209242],[107.665388,-6.8204076],[107.6662195,-6.820562],[107.6664555,-6.8202904],[107.6657957,-6.8192863],[107.6656508,-6.8186685],[107.6663241,-6.8185859],[107.6662329,-6.8179041],[107.6666003,-6.8178455],[107.6671234,-6.8182104],[107.6672414,-6.8177017],[107.6677,-6.8176644],[107.6675981,-6.8161517],[107.6663133,-6.8160212],[107.6663375,-6.8164393],[107.6670362,-6.8168555],[107.666249,-6.8173981],[107.6656884,-6.8171557],[107.6653182,-6.8173368],[107.6648891,-6.8182157],[107.6648623,-6.8197178],[107.6646423,-6.8199628],[107.6628721,-6.8193742],[107.6615497,-6.8193636],[107.6611876,-6.8195313],[107.6610187,-6.8205407],[107.6600128,-6.8206952],[107.6594335,-6.8215607],[107.6593557,-6.8220055]]]}},{"type":"Feature","properties":{"id":"protected-0071","name":"Gunung Bonjot","category":"conservation_forest","severity":"hard","methodForce":null,"costMultiplier":1,"wilayah":["kab_bandung_barat"],"source":"OSM © OpenStreetMap contributors","realData":true},"geometry":{"type":"Polygon","coordinates":[[[107.4326044,-7.0092141],[107.4327923,-7.0095606],[107.4326339,-7.0100234],[107.4330282,-7.010114],[107.4331811,-7.0103482],[107.4331811,-7.0108434],[107.4329156,-7.0110564],[107.4333715,-7.0122943],[107.4335647,-7.0119269],[107.4337551,-7.0119322],[107.4353939,-7.012454],[107.4359009,-7.0129039],[107.4366519,-7.0127548],[107.4370167,-7.0129358],[107.4381459,-7.0123422],[107.4384302,-7.0125126],[107.4388459,-7.0121425],[107.439487,-7.0121612],[107.4396774,-7.0114504],[107.4395728,-7.0109738],[107.4401656,-7.0101326],[107.4403828,-7.0093819],[107.4402165,-7.0088308],[107.439664,-7.0084528],[107.4397901,-7.0077792],[107.4391437,-7.0070179],[107.4385858,-7.0068634],[107.438105,-7.007118],[107.4368665,-7.0068821],[107.4360779,-7.0073134],[107.4360484,-7.0075024],[107.4352249,-7.007553],[107.434965,-7.0078742],[107.434482,-7.0078857],[107.4326044,-7.0092141]]]}},{"type":"Feature","properties":{"id":"protected-0072","name":"Hutan Lindung","category":"conservation_forest","severity":"hard","methodForce":null,"costMultiplier":1,"wilayah":["kab_bandung_barat"],"source":"OSM © OpenStreetMap contributors","realData":true},"geometry":{"type":"Polygon","coordinates":[[[107.4599522,-6.772262],[107.4608266,-6.7736097],[107.4613416,-6.7740305],[107.4643511,-6.7732368],[107.4682081,-6.770014],[107.4685568,-6.7698435],[107.4697208,-6.7698648],[107.4701393,-6.7696411],[107.4699622,-6.7683253],[107.4701714,-6.7679684],[107.4705791,-6.7679897],[107.4706167,-6.7672279],[107.4702841,-6.7669243],[107.46993,-6.7669669],[107.4685514,-6.7677819],[107.4682724,-6.7673984],[107.4670815,-6.7673132],[107.4658263,-6.7681548],[107.4643242,-6.7686822],[107.4617815,-6.7687675],[107.4614596,-6.7690711],[107.460773,-6.7692469],[107.4603438,-6.7698275],[107.4599522,-6.772262]]]}},{"type":"Feature","properties":{"id":"protected-0073","name":"Hutan Lindung","category":"conservation_forest","severity":"hard","methodForce":null,"costMultiplier":1,"wilayah":["kab_bandung_barat"],"source":"OSM © OpenStreetMap contributors","realData":true},"geometry":{"type":"Polygon","coordinates":[[[107.4522328,-7.0506808],[107.452898,-7.0509097],[107.45300100813587,-7.051258503563503],[107.45396,-7.05171],[107.45812,-7.05202],[107.4593574,-7.0523567],[107.4600625,-7.0521949],[107.4605264,-7.0516586],[107.463174,-7.052601],[107.464642,-7.05375],[107.466556,-7.052385],[107.46684,-7.051235],[107.467916,-7.050358],[107.46834,-7.050362],[107.468962,-7.050547],[107.469304,-7.050869],[107.469967,-7.052129],[107.471384,-7.052537],[107.472236,-7.053489],[107.472757,-7.053562],[107.473229,-7.053349],[107.473614,-7.052332],[107.474326,-7.054006],[107.475647,-7.054317],[107.475424,-7.055347],[107.475547,-7.055655],[107.476623,-7.056092],[107.477079,-7.056609],[107.4770814,-7.0570261],[107.4777006,-7.0572015],[107.477716,-7.0568799],[107.477277,-7.056338],[107.4776711,-7.0551986],[107.47681,-7.05449],[107.47704701190617,-7.052085896263114],[107.4768448,-7.0521502],[107.47660269335663,-7.051840500272723],[107.47553,-7.05143],[107.47549,-7.05118],[107.47583,-7.05018],[107.47582,-7.04965],[107.47566031995702,-7.048015520601701],[107.4754098,-7.0475184],[107.476197,-7.045091],[107.4756217,-7.0442283],[107.4755573,-7.0437598],[107.4758019297803,-7.041840779473385],[107.4756381,-7.0407648],[107.4765873,-7.03982],[107.4774349,-7.039277],[107.4789787,-7.0389558],[107.4801493,-7.0382069],[107.4814609,-7.0358989],[107.480337,-7.035646],[107.4799669,-7.0363115],[107.4791139,-7.0361411],[107.4783093,-7.0353106],[107.478261,-7.0342564],[107.4789798,-7.0336122],[107.4789101,-7.0329254],[107.477982,-7.0328296],[107.4772257,-7.0330213],[107.4768287,-7.0340328],[107.4766195,-7.0336655],[107.4765819,-7.0327977],[107.4762332,-7.0323238],[107.4742806,-7.0340382],[107.4742551,-7.0360897],[107.47361,-7.0352946],[107.4735725,-7.0336548],[107.4738514,-7.0328349],[107.4737891,-7.0321442],[107.4722421,-7.0320896],[107.4710083,-7.0330692],[107.4709654,-7.0339051],[107.4715984,-7.0346185],[107.4716868,-7.0354117],[107.4714535,-7.0353585],[107.4711209,-7.0346611],[107.4702573,-7.0336229],[107.4704933,-7.035859],[107.4702787,-7.0380205],[107.4714106,-7.0387126],[107.4717861,-7.0397136],[107.472682,-7.0397295],[107.4731541,-7.0400649],[107.4726015,-7.0403471],[107.4724299,-7.0407943],[107.4729878,-7.0418059],[107.4726981,-7.0430251],[107.4728268,-7.043238],[107.472387,-7.0436267],[107.4723709,-7.0449949],[107.4719149,-7.0447979],[107.4720597,-7.0455486],[107.4714428,-7.0462088],[107.4713463,-7.0460118],[107.471593,-7.0451014],[107.4709439,-7.0435628],[107.4711639,-7.0430676],[107.4708527,-7.0428014],[107.4709869,-7.0416754],[107.4683207,-7.0399318],[107.4679452,-7.0404589],[107.4678004,-7.0411537],[107.4675697,-7.0411936],[107.4674034,-7.0415982],[107.4666457,-7.0410419],[107.4665062,-7.0410619],[107.4664566,-7.0415144],[107.4661589,-7.0414811],[107.4662018,-7.0422904],[107.4659711,-7.0430943],[107.4655956,-7.043616],[107.4654239,-7.0430251],[107.4652147,-7.0429452],[107.4647949,-7.0431555],[107.4642572,-7.0442256],[107.4641901,-7.04516],[107.4640077,-7.0451919],[107.4635786,-7.0460996],[107.4629348,-7.0466719],[107.4628919,-7.0464217],[107.4632674,-7.0459479],[107.4631977,-7.0456551],[107.462967,-7.045671],[107.4626827,-7.045325],[107.4623126,-7.045293],[107.4621704,-7.0455752],[107.4619679,-7.0454948],[107.4612451,-7.0446222],[107.4600863,-7.0436639],[107.4589759,-7.0435042],[107.4582839,-7.0431794],[107.4585253,-7.0428334],[107.4584126,-7.0422744],[107.4580425,-7.0418218],[107.4574578,-7.0415077],[107.4569642,-7.0400969],[107.4562293,-7.0399478],[107.4550438,-7.0391865],[107.4549794,-7.0389842],[107.4552637,-7.0388032],[107.4556446,-7.0390001],[107.4558002,-7.0388777],[107.4554729,-7.0382761],[107.4555051,-7.0378608],[107.4548829,-7.0375946],[107.4547434,-7.0377596],[107.4548292,-7.0382282],[107.4544215,-7.0383932],[107.4536115,-7.0382974],[107.4535632,-7.0386115],[107.4540889,-7.0389363],[107.4546361,-7.0389043],[107.4548614,-7.0394367],[107.4552691,-7.0395911],[107.4551511,-7.0399744],[107.4555051,-7.040395],[107.4560523,-7.0404962],[107.4564654,-7.0409274],[107.456122,-7.0416994],[107.4565995,-7.0425406],[107.4568301,-7.0427216],[107.4575704,-7.0425619],[107.4575919,-7.0427695],[107.4570179,-7.0431475],[107.4571681,-7.0441591],[107.4565887,-7.0459745],[107.4569589,-7.0463365],[107.456857,-7.0469914],[107.4571305,-7.0474546],[107.457093,-7.0479497],[107.4570018,-7.0481467],[107.4568087,-7.0480934],[107.4563473,-7.0475185],[107.45543,-7.0470499],[107.4550813,-7.0476356],[107.4553335,-7.0484395],[107.4544389,-7.0497119],[107.4537362,-7.0495734],[107.4536008,-7.0500912],[107.4529946,-7.0499674],[107.4529731,-7.0501857],[107.453531,-7.0504892],[107.4534988,-7.0506755],[107.452603,-7.0505051],[107.4522328,-7.0506808]]]}},{"type":"Feature","properties":{"id":"protected-0074","name":"Taman Hutan Raya Ir. H. Juanda","category":"conservation_forest","severity":"hard","methodForce":null,"costMultiplier":1,"wilayah":["kota_bandung","kab_bandung_barat"],"source":"OSM © OpenStreetMap contributors","realData":true},"geometry":{"type":"MultiPolygon","coordinates":[[[[107.6173935,-6.8655444],[107.6178787,-6.8666133],[107.6194738,-6.8653439],[107.6192447,-6.8649669],[107.6194203,-6.8647769],[107.6192892,-6.8638825],[107.6188492,-6.8641312],[107.6185386,-6.8650212],[107.6183994,-6.8649337],[107.6173935,-6.8655444]]],[[[107.6245933,-6.8611252],[107.6246027794882,-6.861133524118722],[107.62465787403727,-6.861080612156567],[107.6245933,-6.8611252]]],[[[107.6246908,-6.8594177],[107.62473048184827,-6.858878395347477],[107.6247097,-6.8589639],[107.6246908,-6.8594177]]],[[[107.62476243667366,-6.858746920696898],[107.62482651761952,-6.858515161276061],[107.6248253,-6.8585182],[107.62476243667366,-6.858746920696898]]],[[[107.62476557496512,-6.859742598813274],[107.62501259633558,-6.860226627579556],[107.625013,-6.860211],[107.62476557496512,-6.859742598813274]]],[[[107.62489260388135,-6.858350234628483],[107.62489641136416,-6.858343411317685],[107.6248939,-6.858347],[107.62489260388135,-6.858350234628483]]],[[[107.62499322636262,-6.858205064885226],[107.62505595334174,-6.858147470113493],[107.6249995,-6.8581961],[107.62499322636262,-6.858205064885226]]],[[[107.62499889177292,-6.860753103939638],[107.624999,-6.860753],[107.62499900870453,-6.860752663009965],[107.62499889177292,-6.860753103939638]]],[[[107.62541896986376,-6.858073025279417],[107.62625,-6.858162],[107.627046,-6.857914],[107.628285,-6.855684],[107.631054,-6.856093],[107.6321,-6.855338],[107.634027,-6.855481],[107.635041,-6.85468],[107.636587,-6.85497],[107.636872,-6.854661],[107.636685,-6.853008],[107.636828,-6.85251],[107.63809,-6.852115],[107.638565,-6.852781],[107.638848,-6.852807],[107.639161,-6.852452],[107.63920861994593,-6.8517583124294825],[107.63575765049661,-6.852442775723802],[107.6357073,-6.8520294],[107.63464715075874,-6.852663031602645],[107.6272872,-6.8541228],[107.6277359,-6.8556364],[107.62541896986376,-6.858073025279417]]],[[[107.6357073,-6.8520294],[107.63771070812669,-6.849699347875237],[107.6363921,-6.8506788],[107.6357073,-6.8520294]]],[[[107.63771070812669,-6.849699347875237],[107.6389796,-6.848535],[107.6397936,-6.8481581],[107.6416489,-6.8465933],[107.6421011,-6.8459583],[107.642736,-6.8438647],[107.63771070812669,-6.849699347875237]]],[[[107.64276458205654,-6.843821469308354],[107.6436622,-6.8427775],[107.6430597,-6.8433751],[107.64276458205654,-6.843821469308354]]],[[[107.6436622,-6.8427775],[107.6447644,-6.8418718],[107.6441608,-6.8423082],[107.6436622,-6.8427775]]],[[[107.6447644,-6.8418718],[107.6461137,-6.8409945],[107.6472768,-6.8395132],[107.6467574,-6.8392469],[107.6447644,-6.8418718]]],[[[107.6465697,-6.8309618],[107.6467225,-6.8310603],[107.6471677,-6.8303599],[107.6467359,-6.8305357],[107.6465697,-6.8309618]]],[[[107.6467225,-6.8310603],[107.6500251,-6.8335534],[107.6500127,-6.8327683],[107.6498264,-6.832579],[107.6503694,-6.8320948],[107.6501273,-6.8319063],[107.6483964,-6.8316433],[107.6481029,-6.8317884],[107.6467225,-6.8310603]]],[[[107.6467574,-6.8392469],[107.6477122,-6.8378594],[107.6473309,-6.8383407],[107.6467574,-6.8392469]]],[[[107.6471677,-6.8303599],[107.6478839,-6.8307141],[107.6481065,-6.830589],[107.6471677,-6.8303599]]],[[[107.6477122,-6.8378594],[107.64822047488985,-6.837548829953222],[107.6480824,-6.8375984],[107.6477122,-6.8378594]]],[[[107.64812925103226,-6.830486273305207],[107.64817823181195,-6.83049271067859],[107.648136,-6.8304558],[107.64812925103226,-6.830486273305207]]],[[[107.64817823181195,-6.83049271067859],[107.648761,-6.8306742],[107.64871086037817,-6.830562712197079],[107.64817823181195,-6.83049271067859]]],[[[107.64822047488985,-6.837548829953222],[107.6486054,-6.8376037],[107.6487771,-6.8374279],[107.649236,-6.8378411],[107.649983,-6.8369711],[107.650513,-6.8367745],[107.6507101,-6.8360276],[107.64822047488985,-6.837548829953222]]],[[[107.6486939,-6.830525],[107.65447072649569,-6.831319711351989],[107.6541119,-6.8311312],[107.6528563,-6.8310655],[107.6512695,-6.8303395],[107.6504164,-6.8307206],[107.6490569,-6.8303695],[107.6486939,-6.830525]]],[[[107.6500251,-6.8335534],[107.6507101,-6.8360276],[107.6516417,-6.8340086],[107.6514526,-6.833624],[107.6508904,-6.8336379],[107.650366,-6.8334066],[107.6500251,-6.8335534]]],[[[107.65447072649569,-6.831319711351989],[107.6571265,-6.8326178],[107.658027,-6.8317871],[107.65447072649569,-6.831319711351989]]],[[[107.6546448,-6.8290746],[107.6549231,-6.8296409],[107.6551262,-6.8296039],[107.6553936,-6.8303824],[107.6557897,-6.8306659],[107.656693052523,-6.830717283746863],[107.6546448,-6.8290746]]],[[[107.6549502,-6.8282031],[107.65570299411331,-6.828476961612687],[107.6558225,-6.8281064],[107.6551162,-6.8279785],[107.6549502,-6.8282031]]],[[[107.6556925,-6.828674],[107.6560845,-6.8288936],[107.6562229,-6.8286661],[107.65570299411331,-6.828476961612687],[107.6556925,-6.828674]]],[[[107.6561258,-6.8294611],[107.6562865,-6.8296334],[107.6567936,-6.8295849],[107.65691491994153,-6.828624954045237],[107.6562229,-6.8286661],[107.6565045,-6.8286635],[107.6561258,-6.8294611]]],[[[107.656693052523,-6.830717283746863],[107.658027,-6.8317871],[107.6569685,-6.8307381],[107.656693052523,-6.830717283746863]]],[[[107.6568862,-6.8277592],[107.6571358,-6.8279416],[107.65691491994153,-6.828624954045237],[107.6619799266952,-6.828323800095393],[107.6622661,-6.8280702],[107.6620824,-6.8277253],[107.6618172,-6.8275498],[107.6611537,-6.8277645],[107.6609402,-6.8269958],[107.6606614,-6.8267247],[107.662494,-6.8262999],[107.6646451,-6.8246006],[107.6656271,-6.8248223],[107.6667861,-6.8246126],[107.6671556,-6.8243954],[107.6670819,-6.8240491],[107.6663622,-6.8236706],[107.6665501,-6.823036],[107.6655927,-6.8229337],[107.6648649,-6.8232605],[107.6637151,-6.8229679],[107.6633699,-6.8225813],[107.6632127,-6.821337],[107.6625824,-6.8207112],[107.6619789,-6.8215314],[107.6613674,-6.8219229],[107.6609999,-6.8226686],[107.6604736,-6.8228679],[107.6593823,-6.8227663],[107.6596145,-6.823505],[107.6592441,-6.8237354],[107.6590598,-6.8241524],[107.6580999,-6.8270437],[107.6577491,-6.8271428],[107.6574296,-6.8275189],[107.6569983,-6.8274955],[107.6568862,-6.8277592]]],[[[107.6586044,-6.8307779],[107.6588818,-6.8314705],[107.6590796,-6.831526],[107.659826,-6.830518],[107.662085,-6.8290144],[107.662747,-6.8289078],[107.6635563,-6.8284434],[107.6635916505666,-6.828227970606206],[107.6619799266952,-6.828323800095393],[107.6602263,-6.8295628],[107.6595656,-6.8296265],[107.65933,-6.8298577],[107.6592001,-6.8304495],[107.6586044,-6.8307779]]],[[[107.6635916505666,-6.828227970606206],[107.66586831639603,-6.828092605158469],[107.6664111,-6.8275514],[107.6672219,-6.8274363],[107.6678368,-6.8269084],[107.6686335,-6.8266368],[107.668781,-6.8261574],[107.6695079,-6.8258458],[107.6695186,-6.8256221],[107.6690626,-6.8252812],[107.6680863,-6.8251694],[107.6668846,-6.8265681],[107.6666115,-6.8267509],[107.6659771,-6.8267025],[107.6642881,-6.8275045],[107.6637519,-6.8278111],[107.6635916505666,-6.828227970606206]]],[[[107.6650339,-6.8289405],[107.6657581,-6.8289165],[107.6660217,-6.8287175],[107.6662369,-6.8290492],[107.6670487,-6.8280279],[107.66586831639603,-6.828092605158469],[107.6650339,-6.8289405]]],[[[107.66705768338475,-6.828021888062937],[107.66951319861369,-6.827875888630743],[107.6696703,-6.8275975],[107.6695904,-6.8272095],[107.6693102,-6.8273664],[107.6689685,-6.8272249],[107.668278,-6.8277965],[107.667387,-6.8278015],[107.66705768338475,-6.828021888062937]]],[[[107.6689029,-6.828337],[107.6690543,-6.8286709],[107.6701145,-6.8288203],[107.6702877,-6.8282124],[107.6705648,-6.8282262],[107.6708079,-6.8278542],[107.67144739386599,-6.827760885715974],[107.66951319861369,-6.827875888630743],[107.6689029,-6.828337]]],[[[107.6693145,-6.8303072],[107.6693873,-6.8304861],[107.6703687,-6.8306002],[107.6710053,-6.8310928],[107.6713465,-6.8311387],[107.6727596,-6.8303897],[107.6739952,-6.8299824],[107.6745957,-6.8293514],[107.6730767,-6.8289479],[107.6713816,-6.8288433],[107.6708399,-6.8292946],[107.6706569,-6.8297259],[107.6697721,-6.8299291],[107.6693145,-6.8303072]]],[[[107.67144739386599,-6.827760885715974],[107.67149078930711,-6.827758305520303],[107.6714891,-6.8277548],[107.67144739386599,-6.827760885715974]]],[[[107.67149078930711,-6.827758305520303],[107.6715703,-6.8279233],[107.6720908,-6.8278965],[107.67227537794541,-6.827711655638295],[107.67149078930711,-6.827758305520303]]],[[[107.67227537794541,-6.827711655638295],[107.67237536641652,-6.827705710547898],[107.6723698,-6.8276941],[107.67227537794541,-6.827711655638295]]],[[[107.67237536641652,-6.827705710547898],[107.6724234,-6.8278059],[107.6727506,-6.8276834],[107.67237536641652,-6.827705710547898]]],[[[107.67460522993161,-6.829346117434077],[107.6757375,-6.8296411],[107.6757315,-6.8292734],[107.6751388,-6.8291392],[107.67460522993161,-6.829346117434077]]],[[[107.6757375,-6.8296411],[107.6757497,-6.830391],[107.67575540083783,-6.830482093290458],[107.6757375,-6.8296411]]],[[[107.67575540083783,-6.830482093290458],[107.67577154734724,-6.831240667062388],[107.67580113511151,-6.8312128780621695],[107.67575540083783,-6.830482093290458]]]]}},{"type":"Feature","properties":{"id":"protected-0075","name":"Hutan Lindung","category":"conservation_forest","severity":"hard","methodForce":null,"costMultiplier":1,"wilayah":["kab_bandung_barat"],"source":"OSM © OpenStreetMap contributors","realData":true},"geometry":{"type":"MultiPolygon","coordinates":[[[[107.2532988,-7.0477447],[107.2540766,-7.0479124],[107.2546506,-7.047412],[107.2552514,-7.047577],[107.2557557,-7.0468689],[107.2563297,-7.0473321],[107.2564986,-7.0464004],[107.2568473,-7.04627],[107.2570941,-7.0458973],[107.2574294,-7.0458547],[107.2568098,-7.0465814],[107.2567078,-7.0476409],[107.2567266,-7.0479736],[107.2568983,-7.047931],[107.2575313,-7.047215],[107.2577834,-7.0472389],[107.2572872,-7.0487483],[107.256791,-7.0491662],[107.256842,-7.0493898],[107.2563833,-7.0502656],[107.2557664,-7.0510375],[107.2546586,-7.0515433],[107.2547203,-7.0517935],[107.2544414,-7.0521529],[107.2543432349145,-7.052755500765865],[107.254951,-7.0530446],[107.2559628,-7.0531926],[107.2563377,-7.0537457],[107.2566233,-7.0537249],[107.2573423,-7.0531225],[107.25750276870063,-7.05359066406731],[107.26709110436055,-7.050533054110745],[107.2666132,-7.0493126],[107.2669887,-7.0490783],[107.2670799,-7.0472895],[107.2677183,-7.046246],[107.267155,-7.0459532],[107.2669941,-7.0454581],[107.2670799,-7.0452505],[107.2672892,-7.0452664],[107.2678202,-7.0455592],[107.2677505,-7.0451227],[107.2679061,-7.0449736],[107.2688341,-7.0448671],[107.2688448,-7.0447314],[107.2687416,-7.0444785],[107.2675721,-7.0439714],[107.2674179,-7.0434403],[107.2664215,-7.0430078],[107.264277,-7.0433791],[107.2630942,-7.0433126],[107.2626409,-7.0429851],[107.2626275,-7.0427615],[107.2621742,-7.0428254],[107.2616136,-7.0433498],[107.2615573,-7.0436346],[107.2603396,-7.0433152],[107.258513,-7.0441298],[107.2577217,-7.0440206],[107.257373,-7.0436506],[107.2561097,-7.0435069],[107.2556537,-7.0437385],[107.2554445,-7.0434456],[107.2547632,-7.0433338],[107.2540122,-7.0445211],[107.2540712,-7.0449204],[107.2535884,-7.0450907],[107.2533631,-7.0468423],[107.2536609,-7.0472176],[107.2535938,-7.0474865],[107.2533095,-7.0475078],[107.2532988,-7.0477447]]],[[[107.26709110436055,-7.050533054110745],[107.2674984,-7.0505956],[107.2677183,-7.0508778],[107.2684479,-7.0501431],[107.2695583,-7.0502496],[107.2695208,-7.0511387],[107.2690004,-7.0514155],[107.2692203,-7.0518148],[107.2696763,-7.0518734],[107.2695851,-7.0513942],[107.269907,-7.0501697],[107.2708538,-7.0496107],[107.27082626321625,-7.049341954913596],[107.26709110436055,-7.050533054110745]]],[[[107.267949,-7.0402992],[107.2681904,-7.0406612],[107.2683996,-7.0406719],[107.2689038,-7.0403098],[107.271409,-7.0399585],[107.271511,-7.0413906],[107.2712213,-7.0415343],[107.2708297,-7.0413587],[107.2707512,-7.041727],[107.2710067,-7.0419816],[107.2710228,-7.0427482],[107.2711462,-7.042876],[107.2719508,-7.0427429],[107.2721815,-7.044175],[107.2727662,-7.0442176],[107.2727448,-7.0438982],[107.2737962,-7.0445743],[107.2737157,-7.0458308],[107.2744507,-7.0469062],[107.274633,-7.0468689],[107.2747832,-7.0463738],[107.2752875,-7.0463472],[107.2755074,-7.0477314],[107.2750783,-7.0476941],[107.2745365,-7.0480774],[107.2742093,-7.0479177],[107.27422,-7.0475131],[107.2732705,-7.0475238],[107.2728306,-7.0478325],[107.272777,-7.0481733],[107.271629,-7.0487003],[107.2715968,-7.0490357],[107.2708672,-7.0488734],[107.27082626321625,-7.049341954913596],[107.29374740467203,-7.0420326665431405],[107.2904527,-7.0395538],[107.2902274,-7.0395325],[107.2897982,-7.0399691],[107.2893155,-7.0399372],[107.2887254,-7.0405654],[107.2884893,-7.0405334],[107.288146,-7.040001],[107.2873843,-7.0404163],[107.2869336,-7.040427],[107.2867298,-7.0391386],[107.2860432,-7.0390001],[107.2857642,-7.0393302],[107.2853243,-7.0392237],[107.2849274,-7.0394048],[107.2847986,-7.0401395],[107.2841656,-7.0402885],[107.2836614,-7.0408848],[107.2838008,-7.0412788],[107.2836614,-7.0414492],[107.2841227,-7.0418644],[107.284981,-7.0419496],[107.2858071,-7.0417473],[107.2859573,-7.041907],[107.2847772,-7.0429718],[107.2848844,-7.0435574],[107.2843373,-7.0442709],[107.2838974,-7.044207],[107.2841227,-7.0438023],[107.2835004,-7.042876],[107.283479,-7.0419816],[107.2832644,-7.0419603],[107.2825777,-7.0426417],[107.2823739,-7.0440685],[107.2824705,-7.0444732],[107.2823095,-7.0446222],[107.2821271,-7.0447607],[107.2818375,-7.0441963],[107.2812474,-7.0439408],[107.2803998,-7.0443028],[107.2795737,-7.0449843],[107.2789299,-7.0447074],[107.279048,-7.0443667],[107.2795737,-7.0439514],[107.281301,-7.0436959],[107.2816443,-7.0434297],[107.2815478,-7.0425778],[107.2809791,-7.0421732],[107.2806251,-7.0415876],[107.2800565,-7.041513],[107.2797775,-7.0418644],[107.2785304,-7.0419735],[107.2779669,-7.0424881],[107.2771344,-7.0424722],[107.2765159,-7.0418218],[107.2745955,-7.0404696],[107.2739518,-7.0403098],[107.273308,-7.039671],[107.2724819,-7.0393728],[107.2722781,-7.038702],[107.271924,-7.0384358],[107.2697031,-7.0390587],[107.2691184,-7.0390055],[107.268405,-7.0395325],[107.267949,-7.0402992]]],[[[107.29056,-7.0437704],[107.2916114,-7.0445264],[107.2920513,-7.0438556],[107.2927272,-7.0433977],[107.2931671,-7.0433871],[107.2932958,-7.0440366],[107.2938645,-7.0431741],[107.2945619,-7.0430676],[107.2954845,-7.0433445],[107.2958064,-7.0436639],[107.2960746,-7.0447394],[107.2958493,-7.0452292],[107.2962892,-7.0451759],[107.2964072,-7.0449843],[107.296375,-7.044537],[107.2967398,-7.0439727],[107.296772,-7.0435361],[107.2974908,-7.0431848],[107.2979736,-7.0444199],[107.2985101,-7.0451653],[107.2980595,-7.0456018],[107.2981131,-7.046262],[107.2978127,-7.0470712],[107.2978985,-7.0475397],[107.2974908,-7.0480402],[107.2974694,-7.0482638],[107.2977698,-7.0485832],[107.2983277,-7.0479124],[107.2982097,-7.0472629],[107.2992611,-7.0463259],[107.2988427,-7.0456444],[107.2991431,-7.0450588],[107.2996473,-7.0446435],[107.2996473,-7.0439621],[107.2992504,-7.0427535],[107.2995937,-7.042466],[107.3004144,-7.0429345],[107.3007792,-7.0425353],[107.3009133,-7.0436213],[107.3010957,-7.0437225],[107.301895,-7.0433232],[107.3020774,-7.0429186],[107.3017824,-7.0426098],[107.3019165,-7.0419709],[107.3016643,-7.04138],[107.3007953,-7.0410925],[107.29972072892413,-7.0401278421445355],[107.29374740467203,-7.0420326665431405],[107.293843,-7.0423755],[107.2931886,-7.0429718],[107.292062,-7.0431315],[107.2912037,-7.0437704],[107.29056,-7.0437704]]],[[[107.2996312,-7.0396124],[107.29972072892413,-7.0401278421445355],[107.30038439749968,-7.039916205869335],[107.2996312,-7.0396124]]],[[[107.2998404,-7.0388404],[107.3001355,-7.0395645],[107.3006344,-7.0397721],[107.30539074416129,-7.037432994901416],[107.3051298,-7.0369557],[107.3044217,-7.0367428],[107.3040569,-7.0367215],[107.303676,-7.037009],[107.3029679,-7.0369877],[107.3030108,-7.0367534],[107.3034185,-7.0368652],[107.3045289,-7.0364766],[107.3032254,-7.0355023],[107.3025495,-7.0353106],[107.3017287,-7.0357312],[107.3012781,-7.0368067],[107.3011118,-7.0368226],[107.301203,-7.0371474],[107.3007095,-7.0372006],[107.3004788,-7.0374455],[107.300334,-7.0382548],[107.2998404,-7.0388404]]],[[[107.30038439749968,-7.039916205869335],[107.3007524,-7.0400064],[107.3012406,-7.0396816],[107.30038439749968,-7.039916205869335]]],[[[107.3033327,-7.0420242],[107.3039603,-7.0431262],[107.3042446,-7.0446808],[107.3048347,-7.0452185],[107.3050332,-7.0460757],[107.3057091,-7.0462301],[107.3060793,-7.0465442],[107.3065621,-7.0475238],[107.3069698,-7.0476569],[107.3076564,-7.0488547],[107.3080212,-7.0488441],[107.3081768,-7.049254],[107.3079568,-7.0495096],[107.3080695,-7.0496799],[107.3088044,-7.0494404],[107.308917,-7.0498716],[107.3095822,-7.0500526],[107.3095447,-7.0504146],[107.3100918,-7.0510961],[107.3098719,-7.0520011],[107.3103118,-7.0515167],[107.3102421,-7.0508618],[107.3104459,-7.0499514],[107.3102796,-7.0489878],[107.3111165,-7.0486205],[107.3113257,-7.0480136],[107.3117655,-7.0480402],[107.3126399,-7.0475717],[107.3135304,-7.0481413],[107.313568,-7.0485885],[107.3131657,-7.0487483],[107.3129457,-7.048711],[107.3130369,-7.0483117],[107.3126131,-7.0484448],[107.3124736,-7.0489239],[107.3118031,-7.049616],[107.3119587,-7.0497811],[107.3128116,-7.0494723],[107.3138255,-7.0495575],[107.3138148,-7.0492593],[107.3149466,-7.0482531],[107.3148233,-7.0475131],[107.3161107,-7.0464217],[107.3169798,-7.0460118],[107.3175269,-7.0461608],[107.3179775,-7.0465761],[107.317366,-7.0466081],[107.3169422,-7.0470925],[107.3175859,-7.0468317],[107.3178649,-7.047183],[107.3175162,-7.047364],[107.3172158,-7.0482052],[107.3170119,-7.0481307],[107.3165238,-7.0484075],[107.316497,-7.0488334],[107.3173499,-7.0484661],[107.3174035,-7.0488281],[107.3178542,-7.0492434],[107.318455,-7.0482691],[107.3185676,-7.0484501],[107.3183852,-7.0490783],[107.3186159,-7.0490464],[107.3191684,-7.0481467],[107.320134,-7.047758],[107.3207349,-7.0482585],[107.3205471,-7.0486737],[107.3206705,-7.0488547],[107.3214376,-7.0493073],[107.3215395,-7.0487589],[107.3211962,-7.0475025],[107.321561,-7.0475823],[107.3216683,-7.0482372],[107.3220599,-7.0485353],[107.3221457,-7.0489612],[107.3224461,-7.0484608],[107.3222154,-7.0482052],[107.3223174,-7.0477953],[107.3216414,-7.0474705],[107.3215127,-7.0471511],[107.3220599,-7.0460916],[107.3226875,-7.0461076],[107.3233581,-7.046656],[107.3236263,-7.0473215],[107.3240769,-7.0476302],[107.3245811,-7.0473587],[107.3248923,-7.0474812],[107.3254502,-7.0480721],[107.3254073,-7.0490251],[107.3249835,-7.0498396],[107.3256701,-7.0504625],[107.3256057,-7.0508086],[107.3245543,-7.0509417],[107.3243773,-7.0513197],[107.3244363,-7.0515273],[107.3253751,-7.0512132],[107.3260671,-7.0513676],[107.3259813,-7.0525814],[107.3262495,-7.053215],[107.3268557,-7.0517829],[107.3272365,-7.051703],[107.3276389,-7.0519],[107.327376,-7.0504572],[107.3269844,-7.0505158],[107.3269468,-7.0501751],[107.3270595,-7.0499887],[107.3278588,-7.0498822],[107.328186,-7.0510695],[107.3297685,-7.0512398],[107.3299724,-7.0520916],[107.3293394,-7.0525921],[107.3294896,-7.0527731],[107.3310775,-7.0533747],[107.3313671,-7.0541573],[107.3317802,-7.0543117],[107.3321181,-7.0547642],[107.3358571,-7.0555361],[107.3362917,-7.0572823],[107.3371124,-7.0584962],[107.3371553,-7.0587144],[107.3367584,-7.059151],[107.3375577,-7.0596461],[107.3378044,-7.0590019],[107.3383248,-7.0589274],[107.3385984,-7.0596834],[107.3402667,-7.061568],[107.3401111,-7.0624783],[107.3402935,-7.0633088],[107.3395371,-7.0638039],[107.3389497,-7.0648926],[107.3395103,-7.0645546],[107.3405296,-7.0644428],[107.341361,-7.0635218],[107.3419699,-7.0636096],[107.3426163,-7.063378],[107.3429811,-7.0629867],[107.3424232,-7.0621323],[107.3418599,-7.0605325],[107.3424125,-7.0600667],[107.3420531,-7.0599442],[107.3421711,-7.059316],[107.3418519,-7.0591111],[107.3412564,-7.0593373],[107.3411009,-7.0589327],[107.3412859,-7.058608],[107.340897,-7.058938],[107.3395868,-7.058997],[107.3394479,-7.0587276],[107.3398656,-7.0582713],[107.3391616,-7.0575858],[107.3390731,-7.0570508],[107.3389551,-7.0569443],[107.3380995,-7.0572238],[107.3371124,-7.056734],[107.3368335,-7.056199],[107.3370212,-7.0549239],[107.3364499,-7.0540927],[107.3355675,-7.0535663],[107.3335022,-7.0533214],[107.3325661,-7.0519532],[107.3323005,-7.0519639],[107.3322844,-7.0522194],[107.3318633,-7.0522247],[107.331697,-7.0517935],[107.3322737,-7.0510961],[107.3322254,-7.0507793],[107.3318017,-7.0504093],[107.3319867,-7.0500633],[107.3318472,-7.0498503],[107.3307019,-7.0495868],[107.3312438,-7.0488015],[107.3318365,-7.0483623],[107.3309433,-7.0488175],[107.3305169,-7.0494058],[107.3288995,-7.0480881],[107.3289639,-7.0476888],[107.3296183,-7.047561],[107.3296881,-7.0467624],[107.33082,-7.0466506],[107.3308736,-7.0461023],[107.330541,-7.0457775],[107.3301226,-7.0458361],[107.3302674,-7.0454421],[107.3295486,-7.0450056],[107.3292589,-7.0444998],[107.3283738,-7.044766],[107.3279071,-7.044569],[107.3276925,-7.0442389],[107.3276228,-7.0433232],[107.3272794,-7.0431209],[107.3269683,-7.0425565],[107.32714,-7.0420295],[107.3276067,-7.0416941],[107.3281968,-7.0418857],[107.3288137,-7.0424873],[107.3288727,-7.042136],[107.3286635,-7.0420827],[107.3285669,-7.0416941],[107.3282021,-7.0415929],[107.328583,-7.0412256],[107.329452,-7.0410818],[107.3292428,-7.0406932],[107.3295808,-7.0401767],[107.3303425,-7.0396603],[107.3305249,-7.0397934],[107.3309326,-7.0393888],[107.3315549,-7.0392344],[107.331925,-7.0393888],[107.3324507,-7.0388244],[107.3326492,-7.0389575],[107.3329711,-7.0399052],[107.3331749,-7.0400064],[107.3357928,-7.0395698],[107.3361951,-7.0399904],[107.3366618,-7.0399372],[107.3369193,-7.0408795],[107.3371178,-7.0411563],[107.3374578,-7.0412216],[107.3371714,-7.0405068],[107.3376381,-7.0401395],[107.3376918,-7.0398467],[107.3371768,-7.0397029],[107.3368603,-7.0385636],[107.3370159,-7.0383027],[107.3378634,-7.0385529],[107.338888,-7.0385849],[107.3392957,-7.0384039],[107.3399126,-7.0376585],[107.3408353,-7.0353798],[107.3418331,-7.0343257],[107.3423374,-7.0333354],[107.3425949,-7.0317701],[107.3429489,-7.0315039],[107.3436141,-7.0299812],[107.3443544,-7.0294169],[107.3443973,-7.0284159],[107.3452985,-7.0257965],[107.3462748,-7.02454],[107.3458564,-7.0222293],[107.3461354,-7.0204723],[107.346586,-7.0198866],[107.3483616,-7.0194767],[107.3482704,-7.0189017],[107.3477769,-7.0188111],[107.3477071,-7.0186088],[107.3479432,-7.0174375],[107.3477983,-7.0168092],[107.3473316,-7.016575],[107.3468327,-7.0170275],[107.3465323,-7.0167879],[107.3464841,-7.016149],[107.347632,-7.0151907],[107.3476428,-7.0149298],[107.3475677,-7.0148233],[107.30539074416129,-7.037432994901416],[107.3054463,-7.0377596],[107.3051244,-7.0380152],[107.3054033,-7.0385103],[107.3053604,-7.0389522],[107.3044753,-7.0399052],[107.3045772,-7.0411617],[107.3033327,-7.0420242]]],[[[107.3460925,-7.0124007],[107.346881,-7.0125498],[107.3469508,-7.0134656],[107.3462427,-7.0134443],[107.3462534,-7.0137531],[107.3471868,-7.0140353],[107.3473531,-7.0147967],[107.3508138,-7.0130117],[107.3503894,-7.0128959],[107.3502016,-7.0115382],[107.3493594,-7.0107183],[107.3482329,-7.0108514],[107.3463231,-7.0120493],[107.3460925,-7.0124007]]],[[[107.3490429,-7.0144133],[107.3495203,-7.0146689],[107.3506737,-7.0140406],[107.3522937,-7.0136945],[107.3508138,-7.0130117],[107.3506308,-7.0133485],[107.3495901,-7.0137478],[107.3490429,-7.0144133]]],[[[107.35235638665127,-7.013669053469527],[107.35532791418855,-7.014935331726772],[107.3552978,-7.0145358],[107.3545414,-7.0144027],[107.3547828,-7.0138436],[107.35511,-7.0138543],[107.3548847,-7.0135934],[107.3550296,-7.0129651],[107.3548257,-7.0126936],[107.353608,-7.0126776],[107.3534095,-7.0130503],[107.3538226,-7.0133964],[107.3536724,-7.0136573],[107.3532325,-7.0137212],[107.3531145,-7.0133112],[107.3528999,-7.0132154],[107.35235638665127,-7.013669053469527]]],[[[107.35532791418855,-7.014935331726772],[107.3555177,-7.0152705],[107.35614325067829,-7.015282776889688],[107.35532791418855,-7.014935331726772]]],[[[107.35614325067829,-7.015282776889688],[107.37313642888223,-7.022524201312392],[107.3730487,-7.0214626],[107.3734497,-7.0208636],[107.37351,-7.0195938],[107.3742288,-7.018678],[107.3745614,-7.0177037],[107.3745561,-7.0171447],[107.3746955,-7.0169423],[107.3753071,-7.0168305],[107.3753715,-7.0166442],[107.3752481,-7.0158083],[107.3744541,-7.015164],[107.3746526,-7.0137425],[107.3754895,-7.0132473],[107.3747653,-7.0124487],[107.3740411,-7.0123741],[107.3737836,-7.0125658],[107.3737031,-7.0130024],[107.3732042,-7.0131621],[107.3728877,-7.0130184],[107.3726356,-7.0121771],[107.3718524,-7.0122943],[107.3719007,-7.0126616],[107.3711926,-7.0127947],[107.3708814,-7.0126776],[107.3706508,-7.0129172],[107.3701465,-7.012422],[107.3695725,-7.0127042],[107.3692882,-7.0122463],[107.3698997,-7.0112134],[107.3698515,-7.0102391],[107.3694813,-7.0106224],[107.369138,-7.0106597],[107.3681724,-7.0098078],[107.3670995,-7.00968],[107.3661876,-7.0101805],[107.3662734,-7.0104893],[107.3660266,-7.0108727],[107.3652166,-7.011272],[107.3650664,-7.0118523],[107.3653775,-7.0132846],[107.3653024,-7.0140992],[107.3647982,-7.0146636],[107.3646587,-7.0145411],[107.3641759,-7.0146849],[107.3631352,-7.013636],[107.3636717,-7.0123794],[107.3634893,-7.0112081],[107.3640096,-7.0110697],[107.3640686,-7.010878],[107.3637253,-7.0104733],[107.3635697,-7.0096907],[107.364766,-7.009121],[107.3629528,-7.0082052],[107.3624003,-7.0082904],[107.3622662,-7.0084874],[107.3621321,-7.0098823],[107.3615688,-7.0096374],[107.3605388,-7.0097865],[107.3601311,-7.0099249],[107.3599595,-7.0102071],[107.3602223,-7.0106437],[107.3606729,-7.0104361],[107.3607266,-7.0107822],[107.3612255,-7.0108381],[107.3611182,-7.0119162],[107.3613971,-7.0126403],[107.3608607,-7.0135774],[107.3604852,-7.0133378],[107.3603618,-7.013604],[107.3597181,-7.0138756],[107.3593157,-7.0135135],[107.3591226,-7.013604],[107.3591334,-7.0132686],[107.3595732,-7.0132207],[107.3587632,-7.0125445],[107.3584574,-7.0133644],[107.3584843,-7.0143228],[107.3582214,-7.0150789],[107.3574489,-7.0153131],[107.35614325067829,-7.015282776889688]]],[[[107.3727127,-7.0269398],[107.373054,-7.0272766],[107.3728931,-7.0283201],[107.3732579,-7.0289164],[107.3737514,-7.0291932],[107.3765194,-7.0295233],[107.3779249,-7.030684],[107.378751,-7.0322173],[107.3831928,-7.0345493],[107.3830747,-7.0353479],[107.3834824,-7.0359122],[107.3838901,-7.0360613],[107.3854136,-7.0357418],[107.3860252,-7.0360613],[107.3866394,-7.0352654],[107.3872912,-7.0352201],[107.3882582,-7.0363334],[107.3888469,-7.036434],[107.3891151,-7.0368492],[107.3889756,-7.0372539],[107.3893082,-7.0378076],[107.3897481,-7.0379034],[107.3903918,-7.0369131],[107.3906121,-7.0369816],[107.3908961,-7.0380272],[107.3911214,-7.0381802],[107.3916256,-7.0377969],[107.3917973,-7.0379353],[107.3918295,-7.0390321],[107.3916256,-7.0394367],[107.3927843,-7.0409168],[107.3929667,-7.0427801],[107.3936641,-7.0433764],[107.3942757,-7.0430889],[107.3951125,-7.0438343],[107.395134,-7.0442921],[107.3948657,-7.0449204],[107.3950159,-7.0450907],[107.395767,-7.0440153],[107.3958313,-7.0429186],[107.3968184,-7.041332],[107.3974943,-7.0411617],[107.4001121,-7.0416621],[107.4009597,-7.0409274],[107.4009704,-7.0402459],[107.4018073,-7.0391599],[107.4023974,-7.037552],[107.40435,-7.0362742],[107.40514273930046,-7.036163279015315],[107.37313642888223,-7.022524201312392],[107.3727315,-7.0234345],[107.3730648,-7.0256101],[107.3727751,-7.026084],[107.3727127,-7.0269398]]],[[[107.40514273930046,-7.036163279015315],[107.40541307703032,-7.036278479963363],[107.4051869,-7.0361571],[107.40514273930046,-7.036163279015315]]],[[[107.40541307703032,-7.036278479963363],[107.4083733,-7.0388617],[107.4090385,-7.0389788],[107.409575,-7.0381589],[107.4098103,-7.0381523],[107.40541307703032,-7.036278479963363]]],[[[107.4098103,-7.0381523],[107.4100685,-7.0390001],[107.4102938,-7.0390427],[107.410562,-7.0383932],[107.4110773366519,-7.03797367119226],[107.4098103,-7.0381523]]],[[[107.4110773366519,-7.03797367119226],[107.41465791757186,-7.037468875297217],[107.4142098,-7.0367002],[107.4138129,-7.0353372],[107.4134159,-7.035252],[107.4125576,-7.0359655],[107.4123889,-7.0365902],[107.4126863,-7.0369025],[107.4125576,-7.0372965],[107.4118924,-7.0372539],[107.411313,-7.0375733],[107.4110773366519,-7.03797367119226]]],[[[107.41436,-7.0388404],[107.4149072,-7.0395432],[107.415331,-7.0396017],[107.4162376,-7.0386275],[107.4166574,-7.0385356],[107.4173105,-7.0388191],[107.4174607,-7.0385263],[107.4180776,-7.038521],[107.4185014,-7.0380791],[107.418834,-7.0382228],[107.4203145,-7.040001],[107.4206847,-7.0398254],[107.4206901,-7.038899],[107.4208564,-7.0388457],[107.4223477,-7.0396497],[107.4238604,-7.039655],[107.4240375,-7.0393409],[107.4237263,-7.0371048],[107.4241233,-7.0364925],[107.4238522078766,-7.036172649878099],[107.41465791757186,-7.037468875297217],[107.41436,-7.0388404]]],[[[107.4232757,-7.0350071],[107.423839,-7.0361145],[107.4439864,-7.0333341],[107.4438429,-7.0322014],[107.4431509,-7.0318074],[107.4429953,-7.0310301],[107.442137,-7.031275],[107.441504,-7.0312004],[107.440989,-7.0322227],[107.4405223,-7.0321588],[107.4403426,-7.0315971],[107.4392617,-7.0324063],[107.4389693,-7.0322546],[107.4394011,-7.0313202],[107.4399376,-7.0314613],[107.4404499,-7.0312803],[107.4406108,-7.0309529],[107.4409649,-7.0307798],[107.4410292,-7.0302022],[107.4411929,-7.029936],[107.4414101,-7.0299865],[107.4413377,-7.0294568],[107.4422818,-7.0296405],[107.4425957,-7.0292358],[107.4426305,-7.0287327],[107.4421504,-7.0283361],[107.4420243,-7.027439],[107.4429953,-7.0263182],[107.4430865,-7.0254491],[107.4434727,-7.0246252],[107.443513,-7.0233181],[107.4430731,-7.0221787],[107.4434781,-7.0216836],[107.4432662,-7.0213934],[107.4433199,-7.0210606],[107.4440789,-7.0210819],[107.4444652,-7.0196444],[107.4441084,-7.0187792],[107.4441648,-7.0177729],[107.4439663,-7.0167879],[107.4433413,-7.0168305],[107.4425125,-7.0164951],[107.4425554,-7.0157471],[107.4423891,-7.0153877],[107.4419814,-7.0153823],[107.4416944,-7.0157284],[107.4415737,-7.0164046],[107.4421638,-7.0167453],[107.4423167,-7.0172884],[107.4418661,-7.0184731],[107.4418554,-7.0197322],[107.4416372,-7.0200077],[107.4420887,-7.0208663],[107.4400985,-7.0224529],[107.4397176,-7.0226073],[107.4390042,-7.0225221],[107.4380815,-7.0230066],[107.4368262,-7.0243696],[107.4366492,-7.0248328],[107.4361128,-7.0251576],[107.4359518,-7.0255462],[107.4352866,-7.025658],[107.4348038,-7.0267016],[107.434836,-7.0275215],[107.4352437,-7.0282509],[107.435056,-7.0287301],[107.4344766,-7.0278888],[107.4338436,-7.0279314],[107.433731,-7.0271435],[107.4330872,-7.0256261],[107.4322611,-7.0254025],[107.431215,-7.0247476],[107.4309683,-7.0241779],[107.4300939,-7.0236189],[107.4291068,-7.0239277],[107.4288762,-7.0244761],[107.4285006,-7.0246252],[107.428211,-7.0251309],[107.4275082,-7.0256314],[107.4273741,-7.0262011],[107.4271434,-7.0262969],[107.4273258,-7.027021],[107.4278676,-7.0271754],[107.4282324,-7.027596],[107.4274921,-7.0282003],[107.4274331,-7.0284532],[107.4282995,-7.0289537],[107.4285704,-7.0295233],[107.4283558,-7.0295766],[107.4281627,-7.0291826],[107.4270791,-7.028352],[107.4270683,-7.027777],[107.4265265,-7.027234],[107.4265265,-7.0267069],[107.4261993,-7.0266962],[107.4253678,-7.0274523],[107.4248636,-7.0281231],[107.4247938,-7.0290814],[107.4243915,-7.0294808],[107.4243915,-7.0297044],[107.4254322,-7.0310141],[107.4254698,-7.0318127],[107.4250621,-7.0322227],[107.4256897,-7.0340701],[107.425164,-7.0342777],[107.424708,-7.033772],[107.4244022,-7.0337613],[107.4241394,-7.0340967],[107.4243164,-7.0345226],[107.423619,-7.0349113],[107.4234366,-7.0347409],[107.4232757,-7.0350071]]],[[[107.44017722133698,-7.04824413474195],[107.441761,-7.04842],[107.442762,-7.048152],[107.44371,-7.048176],[107.44425,-7.047823],[107.444667,-7.048281],[107.445301,-7.048565],[107.4451715,-7.0488594],[107.4481065,-7.0483527],[107.4493477,-7.0486141],[107.4502418,-7.0493533],[107.4511599,-7.0497491],[107.4513638,-7.0494883],[107.4513102,-7.0490304],[107.4517071,-7.0485034],[107.4516749,-7.048317],[107.450763,-7.0476995],[107.4503875,-7.0468104],[107.4498564,-7.0465655],[107.4497276,-7.0458467],[107.4499369,-7.0450162],[107.4494648,-7.0441005],[107.4491966,-7.0439248],[107.4487889,-7.0440632],[107.4479574,-7.0436693],[107.4475497,-7.0437811],[107.4466699,-7.0445903],[107.4464929,-7.0450322],[107.4466163,-7.0455912],[107.4463427,-7.0461555],[107.4460208,-7.046097],[107.444905,-7.0450215],[107.4448889,-7.0447074],[107.4453181,-7.0440952],[107.4445671,-7.0429186],[107.4443686,-7.042876],[107.4437249,-7.0435628],[107.4430597,-7.0430251],[107.4425071,-7.0429026],[107.4424159,-7.0427163],[107.4434674,-7.041939],[107.4430543,-7.0409487],[107.4426359,-7.041364],[107.4420673,-7.040986],[107.4425018,-7.0402939],[107.4428451,-7.0403578],[107.4432313,-7.0401395],[107.4433708,-7.039458],[107.4431133,-7.0391918],[107.44245144605708,-7.0393422762082825],[107.44017722133698,-7.04824413474195]]],[[[107.4405277,-7.0394101],[107.4412197,-7.0391812],[107.4416327,-7.0394953],[107.4423677,-7.0393568],[107.44319582482183,-7.0364286],[107.4423033,-7.0365298],[107.4426788,-7.0371527],[107.4419975,-7.0378981],[107.4420404,-7.0380791],[107.4423623,-7.0380951],[107.4421585,-7.0385263],[107.4415362,-7.0384731],[107.441268,-7.0387872],[107.440871,-7.0383772],[107.4405867,-7.0387978],[107.4405277,-7.0394101]]],[[[107.44319582482183,-7.0364286],[107.443521,-7.0362796],[107.4433815,-7.0358643],[107.44319582482183,-7.0364286]]],[[[107.4433654,-7.0357365],[107.44345974700634,-7.035395545557461],[107.4433762,-7.0355076],[107.4433654,-7.0357365]]],[[[107.44345974700634,-7.035395545557461],[107.4440736,-7.0351136],[107.4440843,-7.034709],[107.44366224057045,-7.034602937401492],[107.44345974700634,-7.035395545557461]]],[[[107.4436122,-7.0345067],[107.44366224057045,-7.034602937401492],[107.44372101271199,-7.034372889207414],[107.4436122,-7.0345067]]],[[[107.44372101271199,-7.034372889207414],[107.444036,-7.0341287],[107.44386032178595,-7.03382760023141],[107.44372101271199,-7.034372889207414]]],[[[107.4438161,-7.0337933],[107.4439864,-7.0333341],[107.4438375,-7.0335058],[107.4438161,-7.0337933]]]]}},{"type":"Feature","properties":{"id":"protected-0076","name":"Hutan Lindung","category":"conservation_forest","severity":"hard","methodForce":null,"costMultiplier":1,"wilayah":["kab_bandung_barat"],"source":"OSM © OpenStreetMap contributors","realData":true},"geometry":{"type":"Polygon","coordinates":[[[107.669127,-6.8167989],[107.6694757,-6.8170093],[107.6700899,-6.8170039],[107.670562,-6.8173155],[107.670629,-6.8175765],[107.6714525,-6.8175712],[107.671887,-6.8180133],[107.6725522,-6.8182077],[107.6739576,-6.8183888],[107.6744404,-6.8182743],[107.6747972,-6.8178189],[107.6752827,-6.8179547],[107.6756179,-6.8171504],[107.6763824,-6.8176325],[107.6770449,-6.8172223],[107.6778683,-6.817984],[107.6787534,-6.8182423],[107.6787802,-6.8179028],[107.6784121,-6.8176378],[107.678453,-6.8174807],[107.6803225,-6.8165272],[107.6814798,-6.8161613],[107.6824656,-6.8160052],[107.682876,-6.8165538],[107.6834392,-6.8167243],[107.6846838,-6.8164899],[107.686159,-6.8168148],[107.686159,-6.8161544],[107.6858398,-6.8157123],[107.684834,-6.8159972],[107.6840079,-6.8157975],[107.6843566,-6.8146629],[107.6848769,-6.8147908],[107.684834,-6.8149985],[107.6855904,-6.8150518],[107.6855314,-6.8147269],[107.6849547,-6.8141889],[107.6852404,-6.8140357],[107.6851773,-6.8137654],[107.6848099,-6.813796],[107.6845658,-6.8140997],[107.6839381,-6.8143433],[107.6833575,-6.8142202],[107.6814437,-6.814599],[107.6803386,-6.8145351],[107.6781768,-6.8155738],[107.6776296,-6.8156057],[107.6771897,-6.815366],[107.6777127,-6.8151343],[107.6779649,-6.8146962],[107.6783887,-6.8145857],[107.6785979,-6.8141649],[107.6801509,-6.8139758],[107.680631,-6.8133899],[107.6827124,-6.8138719],[107.6833025,-6.8133766],[107.6837826,-6.8134858],[107.6840937,-6.8132088],[107.6834714,-6.8126122],[107.6831147,-6.812551],[107.6824227,-6.8131662],[107.6819909,-6.8130889],[107.6817816,-6.812796],[107.6815805,-6.8130836],[107.6806363,-6.8127694],[107.680226,-6.8130304],[107.6784879,-6.8133499],[107.6782706,-6.8134778],[107.6780976,-6.8142927],[107.6776671,-6.8142794],[107.6774257,-6.8139172],[107.6769161,-6.8145564],[107.6761866,-6.8139865],[107.6760605,-6.8136509],[107.6763394,-6.8131076],[107.676841,-6.813081],[107.6773211,-6.8126042],[107.6769885,-6.8119251],[107.6766345,-6.8117573],[107.6757547,-6.8129292],[107.6756045,-6.8142128],[107.6747945,-6.814884],[107.6733193,-6.8152222],[107.6727694,-6.8158001],[107.6715571,-6.8154459],[107.6709294,-6.8155871],[107.6702991,-6.8151983],[107.6697949,-6.8152622],[107.669642,-6.8154646],[107.6701328,-6.8155099],[107.6709697,-6.8160452],[107.671195,-6.8164553],[107.6722008,-6.8161783],[107.6726125,-6.8167909],[107.6729009,-6.8168681],[107.6727775,-6.8173475],[107.6722303,-6.8174354],[107.6720211,-6.8172516],[107.6721203,-6.8166684],[107.6708087,-6.8169906],[107.669933,-6.8162948],[107.669127,-6.8167989]]]}},{"type":"Feature","properties":{"id":"protected-0077","name":"Hutan Lindung","category":"conservation_forest","severity":"hard","methodForce":null,"costMultiplier":1,"wilayah":["kab_bandung_barat"],"source":"OSM © OpenStreetMap contributors","realData":true},"geometry":{"type":"Polygon","coordinates":[[[107.6652941,-6.8210467],[107.6663482,-6.8220747],[107.6663429,-6.8222505],[107.6655543,-6.8225781],[107.6655927,-6.8229337],[107.6665501,-6.823036],[107.6670161,-6.8227805],[107.6671851,-6.8219842],[107.6697707,-6.8218963],[107.6695535,-6.8207698],[107.6699933,-6.8207298],[107.6711386,-6.8210947],[107.6715839,-6.8210254],[107.6717716,-6.8207191],[107.6721579,-6.8208736],[107.6724476,-6.8207511],[107.6729411,-6.8211027],[107.6736197,-6.8208084],[107.6736492,-6.8204795],[107.6735473,-6.8202518],[107.6716027,-6.8195367],[107.6697305,-6.8197977],[107.6696688,-6.8194301],[107.6690814,-6.8189082],[107.6691994,-6.8186232],[107.6699263,-6.8184794],[107.670621,-6.8176298],[107.670562,-6.8173155],[107.6699209,-6.8169374],[107.6685208,-6.8171291],[107.6682311,-6.8173075],[107.6683652,-6.8176804],[107.6678315,-6.8181358],[107.6678181,-6.8186019],[107.6670375,-6.8185566],[107.6668337,-6.8187777],[107.6667076,-6.819518],[107.6674104,-6.8197444],[107.6676518,-6.8200294],[107.6682848,-6.8201013],[107.6684296,-6.820871],[107.6680675,-6.8210201],[107.6680407,-6.8212731],[107.6671824,-6.8211293],[107.6670054,-6.8206712],[107.6664796,-6.8210361],[107.6656508,-6.8206552],[107.6652941,-6.8210467]]]}},{"type":"Feature","properties":{"id":"protected-0078","name":"Perhutani","category":"conservation_forest","severity":"hard","methodForce":null,"costMultiplier":1,"wilayah":["kab_bandung_barat"],"source":"OSM © OpenStreetMap contributors","realData":true},"geometry":{"type":"Polygon","coordinates":[[[107.440871,-6.9806163],[107.440879,-6.9807787],[107.4413377,-6.9809225],[107.4414021,-6.9817398],[107.4416462,-6.9821152],[107.4414048,-6.9824799],[107.441394,-6.983654],[107.4417266,-6.9841412],[107.4416542,-6.9854564],[107.4422282,-6.9866704],[107.4434674,-6.9872987],[107.4440896,-6.9878471],[107.446332,-6.9881347],[107.4469569,-6.9877886],[107.4469972,-6.9879483],[107.447539,-6.9880202],[107.4476248,-6.9890984],[107.4485958,-6.9901447],[107.4484161,-6.9921813],[107.4476141,-6.9925727],[107.4471956,-6.9923703],[107.4465921,-6.9924236],[107.4461871,-6.9933261],[107.446332,-6.9937228],[107.4462608,-6.994588],[107.446678,-6.9955118],[107.4464473,-6.9959377],[107.446517,-6.9970399],[107.4470347,-6.9975484],[107.4467477,-6.9990792],[107.4470776,-6.9997261],[107.4469167,-7.0010332],[107.4471796,-7.0018639],[107.4481398,-7.0023484],[107.4483651,-7.0018825],[107.4495077,-7.0008229],[107.4511787,-7.0006872],[107.4517634,-7.0017467],[107.4516481,-7.0026465],[107.4522221,-7.0031843],[107.453118,-7.0035091],[107.4537349,-7.0040682],[107.4543706,-7.0055776],[107.4551055,-7.0054924],[107.4557546,-7.0058545],[107.4560711,-7.0062724],[107.4559262,-7.006536],[107.4551886,-7.0066877],[107.4551833,-7.0070045],[107.4561757,-7.0076222],[107.4576241,-7.0081732],[107.457675,-7.0086311],[107.4570474,-7.0085459],[107.4567819,-7.0091582],[107.4579459,-7.0100687],[107.4583617,-7.0095735],[107.4586648,-7.0099675],[107.4585682,-7.0108913],[107.4588016,-7.0110564],[107.4602741,-7.0108168],[107.4615133,-7.0116394],[107.4616662,-7.0130077],[107.4624521,-7.013242],[107.4626076,-7.0139208],[107.4632889,-7.0146449],[107.4647373,-7.0147807],[107.4646381,-7.0140752],[107.4647755,-7.0140413],[107.4650484,-7.0143281],[107.4660784,-7.0143894],[107.4666685,-7.0133884],[107.4671271,-7.013415],[107.4675617,-7.0139288],[107.4683677,-7.0137158],[107.4688545,-7.0139554],[107.4691683,-7.0138623],[107.4693346,-7.0141338],[107.4702036,-7.0140965],[107.4706382,-7.015007],[107.4708903,-7.0151427],[107.4714026,-7.0151108],[107.4716601,-7.0147195],[107.4713355,-7.0134576],[107.4722126,-7.0128693],[107.4727195,-7.0129145],[107.4724486,-7.012438],[107.4726498,-7.0115489],[107.473197,-7.0109845],[107.4738139,-7.0110271],[107.4743074,-7.0105532],[107.4746025,-7.0109099],[107.4749994,-7.0107715],[107.4751067,-7.0105798],[107.4745676,-7.0086471],[107.47495,-7.00715],[107.47654,-7.00575],[107.4771919,-7.0048165],[107.47415700881324,-7.002718307242296],[107.4719202,-7.0035304],[107.4717754,-7.003786],[107.4719256,-7.0046219],[107.471813,-7.0045793],[107.4711907,-7.0037966],[107.4700373,-7.0032961],[107.4699247,-7.002588],[107.4690235,-7.0028702],[107.4684709,-7.0025986],[107.4684387,-7.0023005],[107.4677306,-7.0013367],[107.4678379,-7.0009055],[107.4676502,-7.0005327],[107.4673498,-7.0008256],[107.4673551,-7.0017787],[107.4668187,-7.002375],[107.4667114,-7.0027796],[107.4660623,-7.002375],[107.465601,-7.0030033],[107.465263,-7.0030725],[107.4649411,-7.0027796],[107.4648231,-7.0018479],[107.4644422,-7.001587],[107.4642813,-7.0006286],[107.4637663,-7.0005168],[107.4630797,-7.0009108],[107.4627095,-7.0004635],[107.4621463,-7.0003144],[107.4619585,-7.0004422],[107.4621248,-7.0008256],[107.4614757,-7.0009747],[107.4598235,-7.0004476],[107.4595499,-6.9994519],[107.4591798,-6.9991324],[107.4583349,-6.9990193],[107.4576456,-6.9996436],[107.4573183,-6.9993454],[107.457549,-6.9986372],[107.4573988,-6.9982326],[107.4570346,-6.9981141],[107.4571305,-6.9975564],[107.4576294,-6.9977534],[107.4581283,-6.9973221],[107.4586701,-6.9971837],[107.4595553,-6.9975617],[107.4594882,-6.9979318],[107.4597779,-6.9983417],[107.460655,-6.9980729],[107.4612939,-6.9982868],[107.4621355,-6.9974818],[107.4622992,-6.9965634],[107.4620068,-6.9947291],[107.4611914,-6.9938399],[107.4601507,-6.9935524],[107.4592495,-6.9927803],[107.4586916,-6.9916249],[107.4588096,-6.991151],[107.4586111,-6.9906931],[107.4573559,-6.9902831],[107.4572486,-6.9903976],[107.4564412,-6.9894658],[107.4554327,-6.9897161],[107.4549553,-6.9889227],[107.4546334,-6.9888056],[107.4545963,-6.9884964],[107.4540004,-6.9882891],[107.4539763,-6.9880095],[107.4544805,-6.9880441],[107.4546549,-6.9878285],[107.4546093,-6.9873626],[107.4555373,-6.9862258],[107.456924,-6.9864441],[107.4575758,-6.9862631],[107.4581739,-6.9863935],[107.4585521,-6.9861406],[107.4586245,-6.9850517],[107.4588713,-6.9847882],[107.4585647,-6.984466],[107.4584636,-6.9840187],[107.4581417,-6.9839176],[107.4578011,-6.9848467],[107.4576938,-6.9840347],[107.4571708,-6.9842211],[107.456865,-6.9839043],[107.4568784,-6.9836514],[107.4578682,-6.9833665],[107.458123,-6.9829618],[107.458536,-6.983268],[107.459735,-6.9830337],[107.4601802,-6.9823455],[107.4595472,-6.9817851],[107.4605477,-6.981841],[107.460891,-6.9813431],[107.4598744,-6.9812846],[107.4586433,-6.9808692],[107.4584985,-6.9806163],[107.4588311,-6.9804672],[107.4595821,-6.9809917],[107.46014,-6.9809704],[107.460781,-6.9805098],[107.4603854,-6.9803541],[107.460427,-6.9802303],[107.4609929,-6.9801264],[107.4621946,-6.980792],[107.4626076,-6.981394],[107.4630395,-6.9816227],[107.4633855,-6.9816733],[107.4638253,-6.981407],[107.4639722,-6.9816786],[107.4644255,-6.9817025],[107.4644637,-6.9813711],[107.4649385,-6.9811435],[107.465086,-6.980366],[107.465322,-6.9803554],[107.4655285,-6.9812872],[107.4659738,-6.9810503],[107.465896,-6.9804779],[107.466305,-6.9792256],[107.4667141,-6.9793251],[107.4664995,-6.9795487],[107.4665263,-6.9802968],[107.4670011,-6.9803448],[107.4666417,-6.9807388],[107.466816,-6.9813724],[107.4678379,-6.9811621],[107.4680418,-6.9808879],[107.4680686,-6.9805764],[107.4673068,-6.9806216],[107.4675536,-6.9794103],[107.4678272,-6.9794795],[107.4678111,-6.9798336],[107.4680498,-6.9798842],[107.4683154,-6.9795327],[107.4685514,-6.9803501],[107.4684334,-6.9810023],[107.4688625,-6.9811248],[107.4696189,-6.9810023],[107.4697208,-6.9805072],[107.4699354,-6.9803368],[107.4706972,-6.9802835],[107.4717754,-6.979749],[107.4715608,-6.9801823],[107.4723843,-6.980422],[107.4723628,-6.9805604],[107.4717861,-6.9807574],[107.4712417,-6.981391],[107.4716198,-6.9816866],[107.4713731,-6.9821605],[107.471585,-6.9823308],[107.4716869,-6.9821418],[107.4718773,-6.982211],[107.4716628,-6.9826343],[107.4718076,-6.9827142],[107.4722716,-6.9826477],[107.4720034,-6.983031],[107.4714938,-6.9830097],[107.4709493,-6.9834304],[107.4706864,-6.9841173],[107.4709278,-6.9845006],[107.4715984,-6.984458],[107.4720007,-6.9838191],[107.472792,-6.983658],[107.4720249,-6.9850531],[107.4724875,-6.9854191],[107.4730521,-6.9848467],[107.4734759,-6.983686],[107.473669,-6.9839202],[107.4734572,-6.9847855],[107.473712,-6.9848308],[107.4739695,-6.9852008],[107.4742001,-6.9845193],[107.4737683,-6.9834703],[107.4739748,-6.9831908],[107.4744818,-6.9832733],[107.4743986,-6.9840454],[107.4746454,-6.9841492],[107.4745998,-6.984695],[107.4747983,-6.9847349],[107.4752033,-6.9840986],[107.475505,-6.9841652],[107.4756807,-6.9838324],[107.4759838,-6.9838191],[107.4758658,-6.9841785],[107.4761917,-6.9843742],[107.4763164,-6.9840973],[107.4773718,-6.9840081],[107.476134,-6.9834171],[107.4756405,-6.9834703],[107.4754205,-6.9831122],[107.4757934,-6.9828992],[107.4762507,-6.9830204],[107.4768515,-6.9828793],[107.4768046,-6.9824533],[107.4773571,-6.9816733],[107.4776736,-6.9815854],[107.4781081,-6.9807734],[107.4785587,-6.9807414],[107.4790469,-6.9810356],[107.4788189,-6.9822816],[107.4795726,-6.9823495],[107.4800125,-6.9817292],[107.4805731,-6.9815122],[107.481025,-6.9817771],[107.4805972,-6.9822456],[107.4804336,-6.9836647],[107.4806589,-6.9837818],[107.481249,-6.9834889],[107.4812865,-6.9830976],[107.4809539,-6.9829352],[107.4815413,-6.9828234],[107.4813402,-6.9821565],[107.4815655,-6.9818916],[107.4813107,-6.9812313],[107.4814394,-6.9809438],[107.48154,-6.980832],[107.4826357,-6.9812446],[107.4830595,-6.9806083],[107.4827188,-6.9803075],[107.4817586,-6.9804566],[107.4817184,-6.9797351],[107.4812919,-6.9796725],[107.4810505,-6.9794076],[107.481544,-6.9794049],[107.4817345,-6.979152],[107.4811229,-6.9784864],[107.4806508,-6.9783906],[107.4814448,-6.9779939],[107.4819732,-6.9780285],[107.4822494,-6.9775493],[107.4832097,-6.9771526],[107.4831668,-6.9764018],[107.4839365,-6.9764311],[107.4837287,-6.9753329],[107.4845991,-6.9742879],[107.4843416,-6.9740536],[107.4844649,-6.9736516],[107.4842584,-6.9735904],[107.4842262,-6.9733055],[107.4849397,-6.9732842],[107.4850041,-6.9728742],[107.4844944,-6.9728289],[107.4844354,-6.9726399],[107.4851489,-6.97256],[107.4851999,-6.9724056],[107.4851006,-6.9718865],[107.4847707,-6.9718013],[107.4846312,-6.9714738],[107.4851945,-6.9710425],[107.4859053,-6.9712581],[107.4862084,-6.9709919],[107.4865356,-6.9713833],[107.4867073,-6.9712874],[107.4864297,-6.9706764],[107.4868132,-6.9708375],[107.4869822,-6.9714126],[107.4867502,-6.9734493],[107.4871311,-6.9735824],[107.4879491,-6.9732762],[107.4878137,-6.9719597],[107.4895316,-6.9708375],[107.4898481,-6.9709333],[107.489478,-6.9717587],[107.4895692,-6.9723976],[107.4892768,-6.9733561],[107.4877936,-6.9742799],[107.4875173,-6.9753156],[107.4876809,-6.9757629],[107.4884668,-6.9757868],[107.4888289,-6.9761782],[107.4895102,-6.9777703],[107.4898159,-6.9776904],[107.4899125,-6.9782655],[107.4902223,-6.9784146],[107.49021433057415,-6.9792542412341625],[107.49179086348025,-6.979358994251179],[107.492643,-6.9783187],[107.4929997,-6.9784864],[107.4933192631701,-6.979420637302147],[107.49358893549018,-6.979386388203895],[107.493673,-6.9791653],[107.49395105679197,-6.979328395672679],[107.4952206,-6.9786981],[107.4958829,-6.9781303],[107.4979908,-6.9775471],[107.4989929,-6.9795828],[107.499488,-6.979746],[107.50013628127682,-6.980452142034649],[107.5004483,-6.9804858],[107.5006172,-6.9804272],[107.5007031,-6.9799747],[107.5001049,-6.9796073],[107.5001585,-6.9791653],[107.500416,-6.978939],[107.5010303,-6.9790576],[107.5011872,-6.9786342],[107.5015774,-6.9783693],[107.500931,-6.9780578],[107.5009042,-6.97711],[107.5003543,-6.9765802],[107.5001418,-6.9758154],[107.4994759,-6.9753395],[107.4994504,-6.9751439],[107.4990307,-6.9756377],[107.4984929,-6.9755738],[107.4987853,-6.9752504],[107.4984594,-6.975056],[107.4981871,-6.9743465],[107.498568,-6.9741362],[107.4991178,-6.9744343],[107.499598,-6.9734466],[107.4991313,-6.9732629],[107.4990401,-6.9728502],[107.4986109,-6.9724216],[107.4981576,-6.9723417],[107.4978653,-6.9725654],[107.4978223,-6.9722725],[107.4975233,-6.9724602],[107.4980235,-6.9714685],[107.4973529,-6.9713886],[107.4968715,-6.9721447],[107.4962532,-6.9720063],[107.4960293,-6.97135],[107.4950328,-6.9714951],[107.4947754,-6.9718332],[107.4943864,-6.9717906],[107.4942872,-6.9724562],[107.4939653,-6.9723763],[107.4937226,-6.9726213],[107.493445,-6.9717507],[107.4926805,-6.9709493],[107.4930091,-6.9706365],[107.4928039,-6.9702997],[107.4921656,-6.9697885],[107.4908298,-6.9692241],[107.4904382,-6.9691495],[107.4898079,-6.9698125],[107.4881449,-6.9697805],[107.488448,-6.9701506],[107.4876192,-6.9706698],[107.4872464,-6.970337],[107.487638,-6.9698258],[107.4876112,-6.9693146],[107.4872303,-6.969477],[107.4862727,-6.9689578],[107.4858811,-6.9693386],[107.4859811,-6.9697679],[107.4849504,-6.9694217],[107.4843603,-6.9699429],[107.4836898,-6.9699536],[107.4834913,-6.9698684],[107.4834978,-6.9694697],[107.4829991,-6.9687675],[107.4830125,-6.968267],[107.482682,-6.968175],[107.4822994,-6.9683442],[107.4815625,-6.9680007],[107.4809439,-6.9663434],[107.4804738,-6.9666069],[107.4801573,-6.9664472],[107.4794841,-6.9666362],[107.4794312,-6.9670475],[107.4791944,-6.9670622],[107.4790134,-6.966981],[107.4789208,-6.9665084],[107.4790053,-6.9662542],[107.4793687,-6.9663194],[107.4793446,-6.9659307],[107.4781054,-6.9652425],[107.4777728,-6.9652997],[107.4780719,-6.9656139],[107.4776991,-6.9655753],[107.4774054,-6.9651573],[107.4777178,-6.9646514],[107.477463,-6.9646927],[107.4773464,-6.9642161],[107.4766879,-6.9639898],[107.4766731,-6.9644477],[107.4768609,-6.9645569],[107.4765953,-6.9648551],[107.4764666,-6.9644104],[107.4758041,-6.9639605],[107.4760924,-6.9631911],[107.4759717,-6.9629208],[107.4758188,-6.963018],[107.4756901,-6.9627558],[107.4758143,-6.9626738],[107.4755895,-6.9624442],[107.4754179,-6.9623018],[107.474811,-6.9627045],[107.474479,-6.9626985],[107.4744764,-6.9624908],[107.4751335,-6.961961],[107.4741304,-6.9610332],[107.4741062,-6.9607416],[107.4735162,-6.9603689],[107.4725908,-6.9605126],[107.471711,-6.9596101],[107.4703136,-6.959666],[107.4702948,-6.9593092],[107.4691737,-6.9590962],[107.4690556,-6.9588593],[107.4692273,-6.9585744],[107.4689913,-6.9584865],[107.4685809,-6.9586223],[107.4682429,-6.9583374],[107.467736,-6.9584919],[107.4675912,-6.9582096],[107.4687982,-6.9582496],[107.4688733,-6.9577277],[107.4685085,-6.9574082],[107.4686265,-6.9565722],[107.4678916,-6.9559652],[107.4679291,-6.9555871],[107.4695653,-6.9555365],[107.4698255,-6.9553309],[107.469686,-6.9544822],[107.4692595,-6.9545487],[107.4691093,-6.9542612],[107.4692273,-6.9537234],[107.4696511,-6.9532069],[107.4696243,-6.9527063],[107.469399,-6.9523921],[107.4695975,-6.9514629],[107.4695116,-6.9513245],[107.4690825,-6.9515641],[107.4687472,-6.9515215],[107.4685702,-6.9511541],[107.4688216,-6.9507247],[107.4685205,-6.9505051],[107.4685165,-6.9500757],[107.4673525,-6.9498464],[107.4674416,-6.9504665],[107.4676508,-6.9504392],[107.4676408,-6.950617],[107.467453,-6.9506376],[107.467048,-6.9519648],[107.4667677,-6.9519422],[107.4669072,-6.9515055],[107.466647,-6.9513218],[107.4668562,-6.9513138],[107.4669086,-6.9507255],[107.4660066,-6.950569],[107.4654018,-6.9495612],[107.4651832,-6.9495316],[107.4646689,-6.9498508],[107.4642974,-6.9497403],[107.4633804,-6.9500301],[107.4631682,-6.9507174],[107.4635008,-6.9510476],[107.4629483,-6.9517265],[107.4630019,-6.9519475],[107.462503,-6.9524274],[107.4623662,-6.9520673],[107.4615642,-6.9521685],[107.4613738,-6.9523522],[107.4609024,-6.9531952],[107.4602526,-6.9538072],[107.4600358,-6.9544526],[107.4598463,-6.9553927],[107.4601816,-6.9554793],[107.4606442,-6.9560051],[107.4604096,-6.9566454],[107.4598919,-6.9565882],[107.4596585,-6.9561948],[107.459389,-6.9562221],[107.4593561,-6.9566767],[107.4584012,-6.9567766],[107.4579567,-6.9575919],[107.4579594,-6.9580765],[107.4572993,-6.9586722],[107.4571735,-6.9586117],[107.4573599,-6.9581657],[107.4571171,-6.9584],[107.4570488,-6.9582975],[107.4573773,-6.9566201],[107.4571312,-6.9561256],[107.457101,-6.9549641],[107.4566853,-6.9540109],[107.4564251,-6.9540296],[107.4561623,-6.9535583],[107.4558155,-6.9534456],[107.4559235,-6.9532441],[107.4557385,-6.9530418],[107.4554273,-6.9532894],[107.4552329,-6.9531842],[107.4554468,-6.9523709],[107.4550612,-6.952283],[107.4551001,-6.9517944],[107.4548547,-6.9518823],[107.4539173,-6.9516193],[107.4530201,-6.952074],[107.4529248,-6.9523282],[107.4517447,-6.9527569],[107.4518922,-6.953095],[107.4517433,-6.9531975],[107.4516534,-6.9530338],[107.4513879,-6.9531909],[107.4504652,-6.954823],[107.4505457,-6.9554433],[107.4510017,-6.9559386],[107.4511465,-6.9572671],[107.4517179,-6.9578555],[107.4517447,-6.9582016],[107.4514925,-6.9582682],[107.4514816,-6.9585052],[107.4519136,-6.9588859],[107.452729,-6.9591175],[107.4528148,-6.9593412],[107.452316,-6.9596127],[107.4524099,-6.9598204],[107.4533111,-6.9598044],[107.4536625,-6.960281],[107.4534559,-6.9604141],[107.4531528,-6.9601026],[107.4525493,-6.9600467],[107.4525091,-6.9609466],[107.4518949,-6.9618332],[107.4508059,-6.9619078],[107.4500817,-6.9616522],[107.4495801,-6.9614152],[107.449497,-6.9607789],[107.4489659,-6.9605845],[107.4480432,-6.9610638],[107.4476342,-6.9616082],[107.4471259,-6.9615909],[107.4473163,-6.962371],[107.4469328,-6.9627704],[107.447064,-6.9629604],[107.4476244,-6.9630439],[107.4482632,-6.9635478],[107.448703,-6.9635425],[107.4488056,-6.9638743],[107.4474907,-6.963878],[107.447429,-6.9636809],[107.4466512,-6.9635505],[107.4469449,-6.9637715],[107.4467021,-6.9639179],[107.4469972,-6.9642254],[107.4469247,-6.9645436],[107.4467317,-6.9645543],[107.4470186,-6.9655127],[107.4468255,-6.965715],[107.4460715,-6.9656405],[107.4455219,-6.9649962],[107.4453568,-6.9650343],[107.445095,-6.9655232],[107.4451062,-6.9662661],[107.4458384,-6.9664499],[107.4457741,-6.9669078],[107.44542,-6.9671368],[107.444971,-6.9671253],[107.4448621,-6.9678982],[107.444213,-6.9682763],[107.443395,-6.9680047],[107.4429953,-6.9671847],[107.4422329,-6.9663787],[107.4415147,-6.966748],[107.4415684,-6.966953],[107.4425232,-6.9674536],[107.4429363,-6.9679009],[107.4431616,-6.9686064],[107.4434687,-6.9686184],[107.4436954,-6.9692267],[107.4443901,-6.9694051],[107.4449104,-6.9698151],[107.4455917,-6.9698737],[107.4455434,-6.9704967],[107.4450445,-6.9709386],[107.4453288,-6.9714977],[107.4460316,-6.9718865],[107.4468148,-6.9717107],[107.4475229,-6.9718332],[107.4483275,-6.9723604],[107.447024,-6.9724935],[107.4463159,-6.9729621],[107.4461067,-6.9734466],[107.4464178,-6.9742107],[107.4460342,-6.9742879],[107.4455649,-6.9740643],[107.4450573,-6.9743479],[107.4448031,-6.9760264],[107.444602,-6.9760397],[107.444492,-6.976298],[107.4436927,-6.9762181],[107.4434808,-6.9768757],[107.4437115,-6.977315],[107.4434406,-6.9775919],[107.4429551,-6.977536],[107.4425362,-6.978505],[107.442137,-6.978569],[107.4421799,-6.9787713],[107.4415147,-6.9794529],[107.4415295,-6.9804206],[107.44093,-6.9803155],[107.440871,-6.9806163]]]}},{"type":"Feature","properties":{"id":"protected-0079","name":"Hutan Lindung","category":"conservation_forest","severity":"hard","methodForce":null,"costMultiplier":1,"wilayah":["kab_bandung_barat"],"source":"OSM © OpenStreetMap contributors","realData":true},"geometry":{"type":"MultiPolygon","coordinates":[[[[107.4913233,-6.7606383],[107.4913877,-6.7610512],[107.4923292,-6.7619062],[107.4937427,-6.7620021],[107.493614,-6.7612829],[107.4923694,-6.7605744],[107.4923265,-6.7602867],[107.493571,-6.7608727],[107.4938178,-6.7604679],[107.4914682,-6.7592799],[107.4913233,-6.7606383]]],[[[107.4914682,-6.7592799],[107.4949250584613,-6.759264259074623],[107.4947083,-6.7597114],[107.4935389,-6.7599405],[107.49380048926501,-6.760407172651426],[107.5334023241115,-6.779548051117235],[107.5345069,-6.7777594],[107.5325945,-6.7762758],[107.5326723,-6.7759908],[107.5336432,-6.7758044],[107.5343353,-6.7742223],[107.5342494,-6.7740944],[107.5334394,-6.7740199],[107.532624,-6.7735671],[107.5316906,-6.7737588],[107.5301349,-6.7736896],[107.5300008,-6.7732315],[107.5304514,-6.7724271],[107.5304407,-6.7720329],[107.5296038,-6.7712339],[107.5296253,-6.7709089],[107.5283754,-6.7709302],[107.5283539,-6.7703123],[107.5279462,-6.7701312],[107.5266159,-6.7709915],[107.5262779,-6.7707225],[107.525492,-6.7709009],[107.5240195,-6.76995],[107.5241643,-6.7696251],[107.5237673,-6.7692416],[107.523585,-6.768336],[107.5230432,-6.7675209],[107.5223297,-6.7674037],[107.5206238,-6.7659441],[107.5188321,-6.7658695],[107.5172764,-6.7653368],[107.5170833,-6.7649559],[107.5192559,-6.7646816],[107.5195751,-6.7637467],[107.519213,-6.7630409],[107.5184378,-6.7632646],[107.5181508,-6.7627532],[107.5177968,-6.7626147],[107.5176761,-6.7617437],[107.5171906,-6.7616771],[107.516689,-6.7618556],[107.5153935,-6.7627212],[107.5142294,-6.7628651],[107.5136876,-6.7633765],[107.5127488,-6.7638453],[107.5112307,-6.7638932],[107.5102758,-6.7632699],[107.5099111,-6.7622418],[107.5095409,-6.7619968],[107.5095516,-6.7614001],[107.5093263,-6.7610112],[107.5076097,-6.7594717],[107.5067139,-6.7594664],[107.5058502,-6.7600417],[107.5050563,-6.7594291],[107.5045493,-6.7594897],[107.5043455,-6.760332],[107.5045574,-6.7606117],[107.5053325,-6.7609686],[107.5059441,-6.7608088],[107.5060862,-6.7609739],[107.5060165,-6.7614747],[107.5056061,-6.7616532],[107.5056061,-6.7626067],[107.5050294,-6.7627239],[107.5045466,-6.762327],[107.5028998,-6.7622365],[107.5024599,-6.7625561],[107.5011322,-6.7616318],[107.5008532,-6.7617384],[107.5005797,-6.761472],[107.5002927,-6.7615173],[107.4998581,-6.7618955],[107.4994987,-6.7615226],[107.4995255,-6.7605052],[107.4999601,-6.7601536],[107.5001049,-6.759248],[107.53072068164663,-6.759102297953761],[107.528656,-6.757413],[107.527471,-6.756],[107.525803,-6.75619],[107.524946,-6.756863],[107.524443,-6.756983],[107.523173,-6.756737],[107.522158,-6.757013],[107.519209,-6.757001],[107.518513,-6.757321],[107.517356,-6.756604],[107.516579,-6.756554],[107.516166,-6.756158],[107.514781,-6.755723],[107.51347143032586,-6.7547545564658],[107.512568,-6.754424],[107.511673,-6.753488],[107.51163901516391,-6.753203859312566],[107.5095838,-6.7532043],[107.5094792,-6.7533108],[107.5096911,-6.7537743],[107.5094497,-6.7538409],[107.508114,-6.7535745],[107.5080067,-6.7542138],[107.5076258,-6.754299],[107.5069982,-6.7531697],[107.5063384,-6.7529619],[107.5063544,-6.7516141],[107.505759,-6.751124],[107.5054103,-6.7500159],[107.504037,-6.749643],[107.5034469,-6.7505167],[107.5043106,-6.7511879],[107.5043803,-6.7519124],[107.5037259,-6.7525464],[107.5029266,-6.7523067],[107.5025564,-6.7524025],[107.5021058,-6.7529353],[107.5021863,-6.7538409],[107.5020146,-6.7539687],[107.5008452,-6.7546346],[107.499547,-6.7557161],[107.4993539,-6.7557161],[107.4988711,-6.754331],[107.4986029,-6.7546719],[107.4973235,-6.7544695],[107.4974227,-6.7547811],[107.4980047,-6.7551327],[107.4985975,-6.7552313],[107.4989515,-6.7562648],[107.498619,-6.756888],[107.4967656,-6.7568374],[107.4964356,-6.756659],[107.4959072,-6.7567628],[107.4959126,-6.7565631],[107.4961486,-6.7564619],[107.4959528,-6.7549942],[107.4954647,-6.7549703],[107.494939,-6.7542138],[107.4955559,-6.7535479],[107.495985,-6.7536385],[107.4964142,-6.7540167],[107.4969962,-6.7540273],[107.4958938,-6.752866],[107.4952662,-6.7528127],[107.4949229,-6.7525783],[107.4949148,-6.7521948],[107.4947217,-6.7521309],[107.4945259,-6.7524292],[107.4945179,-6.7533828],[107.4938822,-6.7532336],[107.4935335,-6.7535506],[107.4939036,-6.7536917],[107.4937561,-6.7541712],[107.4942148,-6.754933],[107.4946815,-6.7548903],[107.494939,-6.7552046],[107.4950033,-6.7563447],[107.4955559,-6.7579162],[107.4929085,-6.7588111],[107.4916586,-6.7587206],[107.4914682,-6.7592799]],[[107.49657027597962,-6.7592568151122165],[107.49685212747607,-6.759255539845013],[107.4966073,-6.7592639],[107.49657027597962,-6.7592568151122165]]],[[[107.5334023241115,-6.779548051117235],[107.5336325,-6.7807957],[107.5340992,-6.7814456],[107.5345445,-6.783342],[107.5347698,-6.7835923],[107.5349843,-6.7836936],[107.5374895,-6.7822819],[107.5387797,-6.7826495],[107.53924291698148,-6.78237100310231],[107.5334023241115,-6.779548051117235]]],[[[107.5391284,-6.7845911],[107.5406009,-6.7844873],[107.5406921,-6.7849027],[107.540397,-6.7852836],[107.5410649,-6.7858163],[107.5415477,-6.7853529],[107.5423604,-6.786032],[107.542575,-6.7860853],[107.543267,-6.7856858],[107.5437042,-6.7861013],[107.5415665,-6.7884504],[107.541765,-6.7887807],[107.5423229,-6.7885356],[107.54309,-6.7885863],[107.5438034,-6.7883652],[107.5451982,-6.7908049],[107.5463623,-6.7905385],[107.5475156,-6.7889831],[107.5487441,-6.7899366],[107.5487763,-6.7910179],[107.5491786,-6.7913375],[107.5499149,-6.7915193],[107.5505412,-6.7903068],[107.5509569,-6.790171],[107.5511205,-6.7902642],[107.5511017,-6.7909327],[107.5515068,-6.7913455],[107.5523543,-6.7910073],[107.5524724,-6.7902855],[107.5530302,-6.7891775],[107.55381763967296,-6.789415449320315],[107.54064224569215,-6.783047345016478],[107.5398928,-6.7837974],[107.5399706,-6.7840824],[107.5391284,-6.7845911]]],[[[107.53924291698148,-6.78237100310231],[107.54064224569215,-6.783047345016478],[107.5409844,-6.7826175],[107.5404131,-6.7819783],[107.53924291698148,-6.78237100310231]]],[[[107.54733361672629,-6.769880988650592],[107.549243,-6.7728639],[107.5515175,-6.7742276],[107.555058,-6.7750586],[107.5567531,-6.7734818],[107.5588774,-6.7727147],[107.5609374,-6.773631],[107.5622892,-6.7735884],[107.5625896,-6.7732474],[107.5627613,-6.7723738],[107.56225437763516,-6.7709067626261525],[107.5620008,-6.7718838],[107.5613619,-6.7731544],[107.558678,-6.7723848],[107.5574301,-6.7731488],[107.5562249,-6.7734466],[107.5556024,-6.7741807],[107.5550056,-6.7745008],[107.5537151,-6.7743874],[107.5516082,-6.7738663],[107.5495961,-6.7729213],[107.5491571,-6.7724894],[107.5480802,-6.7706044],[107.54733361672629,-6.769880988650592]]],[[[107.55381763967296,-6.789415449320315],[107.55401592979959,-6.789511289506244],[107.5540093,-6.7894678],[107.55381763967296,-6.789415449320315]]],[[[107.5539288,-6.7904426],[107.5540709,-6.7905146],[107.5545034,-6.7897469],[107.55401592979959,-6.789511289506244],[107.5539288,-6.7904426]]],[[[107.5542828,-6.7940542],[107.554307,-6.7942806],[107.5547978,-6.794214],[107.5549775,-6.7933218],[107.5555408,-6.7927225],[107.5563642,-6.7926399],[107.5566083,-6.7928157],[107.5568658,-6.7922671],[107.5575015,-6.7923336],[107.5576946,-6.7921206],[107.5583678,-6.7920567],[107.5582471,-6.7923523],[107.5587916,-6.7928637],[107.5589043,-6.7932871],[107.5594059,-6.7931486],[107.5596741,-6.7932685],[107.5600094,-6.7929649],[107.5599611,-6.7922777],[107.5603554,-6.7910685],[107.56063313892065,-6.790761616696275],[107.555154723414,-6.7898547200477095],[107.5548971,-6.7906637],[107.5553289,-6.7910259],[107.5545377,-6.792347],[107.5542828,-6.7940542]]],[[[107.5545034,-6.7897469],[107.555154723414,-6.7898547200477095],[107.5551707,-6.7896489],[107.5547093,-6.789348],[107.5545269,-6.7894066],[107.5545034,-6.7897469]]],[[[107.56063313892065,-6.790761616696275],[107.56221288930034,-6.79102312850077],[107.5619969,-6.7899632],[107.5611895,-6.7901257],[107.56063313892065,-6.790761616696275]]],[[[107.5619951,-6.7696347],[107.56206762932895,-6.769972685554514],[107.5628471,-6.7692628],[107.5633621,-6.7684958],[107.56339537456799,-6.767813812350088],[107.5625354,-6.7689015],[107.5621106,-6.7691513],[107.5619951,-6.7696347]]],[[[107.56204061649507,-6.754170387517504],[107.5620532,-6.7549436],[107.5628257,-6.7564565],[107.5630402,-6.757799],[107.5626357,-6.758944],[107.5997207,-6.7587901],[107.5990315,-6.7573919],[107.5992456,-6.754381],[107.59974,-6.7534489],[107.6013873,-6.7523313],[107.6017557,-6.751881],[107.6019543,-6.7504483],[107.6026809,-6.7499064],[107.6029132,-6.7491729],[107.6029469,-6.7476425],[107.603528,-6.745613],[107.6032606,-6.7447955],[107.60321596004002,-6.74378776620187],[107.6024789,-6.742857],[107.6023328,-6.7423795],[107.6025258,-6.7415715],[107.601868,-6.7415571],[107.6006557,-6.7401618],[107.599567,-6.7384012],[107.5997633,-6.73765],[107.5993874,-6.7366717],[107.5996094,-6.736261],[107.5998794,-6.7336205],[107.5985104,-6.7319929],[107.5981878,-6.7311271],[107.5969166,-6.7304806],[107.59637244372783,-6.729556766090299],[107.59408472187478,-6.728655337058145],[107.5937606,-6.7287968],[107.5922012,-6.7285414],[107.5903026,-6.7278],[107.5863586,-6.7274898],[107.58511794741628,-6.7268223608850395],[107.5838113,-6.7269005],[107.5829321,-6.7275153],[107.58217665780532,-6.727621028248449],[107.5786829,-6.7293725],[107.5777269,-6.7296591],[107.5766413,-6.7310125],[107.5757217,-6.7317592],[107.5756359,-6.7326115],[107.5746703,-6.7341458],[107.573667,-6.7347601],[107.5725992,-6.735123],[107.57110152500248,-6.736103960572216],[107.570529,-6.7394093],[107.56985080388397,-6.740627143485169],[107.5697368,-6.7413115],[107.56885009156079,-6.742501426777434],[107.5684476,-6.7435007],[107.5684876,-6.7456956],[107.5681247,-6.7474802],[107.56703496843714,-6.749060688244475],[107.5667395,-6.7499186],[107.5651002,-6.7512146],[107.5631046,-6.7521521],[107.56208273625172,-6.753552555266537],[107.56204061649507,-6.754170387517504]]],[[[107.56221288930034,-6.79102312850077],[107.5623858,-6.7913775],[107.5630295,-6.7916545],[107.5633433,-6.7921499],[107.5636303,-6.7940196],[107.56414,-6.7947493],[107.5640005,-6.7927651],[107.5645074,-6.7924189],[107.56447053408155,-6.7913968589130125],[107.56221288930034,-6.79102312850077]]],[[[107.5623852048799,-6.760812303623736],[107.5625714,-6.7610533],[107.56264748179728,-6.761101700146421],[107.5623852048799,-6.760812303623736]]],[[[107.5632563,-6.7659783],[107.56341145721089,-6.767484186317445],[107.56350314028441,-6.765605071798038],[107.5632563,-6.7659783]]],[[[107.56377565620693,-6.762665175769189],[107.56377666667908,-6.762985056104135],[107.5638127,-6.7628491],[107.56377565620693,-6.762665175769189]]],[[[107.5644377,-6.789878],[107.5647381,-6.7907702],[107.56447053408155,-6.7913968589130125],[107.5672739320886,-6.791860933288916],[107.5670287,-6.7914228],[107.5661918,-6.7912017],[107.5656232,-6.7907143],[107.5659183,-6.7886262],[107.5656554,-6.7882666],[107.5652477,-6.7882054],[107.5650063,-6.7886662],[107.5644404,-6.7891296],[107.5644377,-6.789878]]],[[[107.5672739320886,-6.791860933288916],[107.5675008,-6.7920114],[107.56760889918232,-6.791916383726055],[107.5672739320886,-6.791860933288916]]],[[[107.56760889918232,-6.791916383726055],[107.59249,-6.7960352],[107.5922334,-6.7959026],[107.5922173,-6.7956309],[107.593317,-6.792275],[107.5937569,-6.7890044],[107.5942343,-6.7875395],[107.5935048,-6.7873797],[107.5920671,-6.7877419],[107.591595,-6.7881148],[107.5907555,-6.7899446],[107.5910103,-6.7909806],[107.5907797,-6.791231],[107.5904471,-6.791199],[107.5897982,-6.791001],[107.58968,-6.7903414],[107.5899321,-6.7894465],[107.5902292,-6.7893226],[107.5908063,-6.7883215],[107.5903641,-6.7878228],[107.5893409,-6.7880349],[107.5887626,-6.7877952],[107.5888592,-6.7866766],[107.5886714,-6.7861972],[107.5899965,-6.7864422],[107.5917453,-6.7851851],[107.5918257,-6.784972],[107.5916095,-6.7846776],[107.5902969,-6.7840664],[107.5903505,-6.7836243],[107.5951409,-6.7771255],[107.5965008,-6.7767551],[107.5968361,-6.776417],[107.5969863,-6.7754795],[107.5959259,-6.7745727],[107.5937063,-6.7741102],[107.5916755,-6.7751918],[107.5909245,-6.7759216],[107.5905329,-6.7767579],[107.5890201,-6.7772427],[107.5881565,-6.7777914],[107.5880809,-6.7780848],[107.5891006,-6.7788514],[107.5889665,-6.7790165],[107.5876918,-6.7794971],[107.5867188,-6.7790645],[107.5863916,-6.7786383],[107.5866222,-6.7780843],[107.5877488,-6.776939],[107.5889343,-6.7762945],[107.5901145,-6.7750107],[107.5945938,-6.7728746],[107.5960515,-6.7713959],[107.5967342,-6.771154],[107.5968683,-6.7709782],[107.5967498,-6.7707769],[107.5953421,-6.7707677],[107.5944489,-6.7711939],[107.5937167,-6.7711513],[107.5926295,-6.771929],[107.5913966,-6.7713244],[107.5889933,-6.7710048],[107.5870192,-6.7710527],[107.5861072,-6.7717239],[107.5860375,-6.7727361],[107.5853455,-6.7737588],[107.583763,-6.7754102],[107.5831729,-6.7770722],[107.5829583,-6.7773226],[107.5824004,-6.7774717],[107.582325,-6.777791],[107.5827062,-6.7786383],[107.5836638,-6.7793723],[107.5833258,-6.7802843],[107.5835001,-6.7815681],[107.5842641,-6.7818168],[107.5847045,-6.78115],[107.5848842,-6.7809928],[107.5850934,-6.7810754],[107.5847018,-6.7823459],[107.5841505,-6.7827393],[107.5836262,-6.7827614],[107.5833499,-6.7832381],[107.5834921,-6.7842209],[107.5841734,-6.7853715],[107.5845821,-6.7854175],[107.585037,-6.7851558],[107.5859168,-6.7830037],[107.5865284,-6.7827693],[107.5866061,-6.7834192],[107.5857103,-6.7853049],[107.5856996,-6.7856911],[107.5863084,-6.7855606],[107.5864559,-6.7857231],[107.5862172,-6.7861679],[107.5863473,-6.7864396],[107.5858001,-6.7867791],[107.5850129,-6.7865115],[107.5840151,-6.7869083],[107.5832775,-6.7865993],[107.582953,-6.7872625],[107.5831032,-6.7879497],[107.5829101,-6.7881521],[107.5828323,-6.7893],[107.5822717,-6.7902216],[107.5820973,-6.7902216],[107.5818962,-6.791002],[107.5808769,-6.7917104],[107.5803459,-6.7925068],[107.5800374,-6.7926506],[107.5800052,-6.7929329],[107.5797263,-6.7927358],[107.5801179,-6.7919634],[107.5789458,-6.792584],[107.578302,-6.7923203],[107.5782832,-6.7920806],[107.5784764,-6.7915533],[107.5789458,-6.7916092],[107.5792649,-6.7911884],[107.579847,-6.7910659],[107.5805014,-6.7915559],[107.5813812,-6.7907622],[107.5814322,-6.7901257],[107.58221,-6.7889485],[107.5821081,-6.7882027],[107.5822583,-6.7876407],[107.5813517,-6.7880536],[107.5809038,-6.7894519],[107.5805712,-6.7900271],[107.5802654,-6.7901337],[107.5817192,-6.7852756],[107.5804424,-6.7831609],[107.5803137,-6.7827507],[107.5805336,-6.7821434],[107.5803781,-6.7819996],[107.5800455,-6.7823991],[107.5794285,-6.7821488],[107.578302,-6.7820529],[107.5779694,-6.7814936],[107.5780177,-6.7812352],[107.5772184,-6.7810035],[107.5768617,-6.780335],[107.5761482,-6.7797224],[107.5756252,-6.7800127],[107.5756466,-6.7809928],[107.575314,-6.7815628],[107.5752765,-6.7835557],[107.5749761,-6.7851584],[107.5740641,-6.7872998],[107.5745845,-6.7876727],[107.5745201,-6.7879603],[107.5739032,-6.7889937],[107.5731629,-6.7895477],[107.5727338,-6.7893879],[107.5718325,-6.7908581],[107.5715214,-6.790986],[107.5713122,-6.7909487],[107.5712371,-6.7904426],[107.5715053,-6.7896676],[107.5721222,-6.7889032],[107.5723582,-6.7878884],[107.5729617,-6.7881708],[107.573179,-6.7878645],[107.5720122,-6.7865008],[107.5715026,-6.7863357],[107.5715563,-6.7859788],[107.571854,-6.7858642],[107.5719345,-6.7855899],[107.5713578,-6.7854567],[107.5712988,-6.7859148],[107.5709796,-6.7859228],[107.5702286,-6.7848601],[107.5700086,-6.7841197],[107.5703949,-6.7836589],[107.5704056,-6.7833526],[107.569719,-6.7830277],[107.5693434,-6.7832514],[107.56944,-6.7835604],[107.5687426,-6.784418],[107.5694078,-6.7858882],[107.5686246,-6.7864742],[107.5685549,-6.7866606],[107.5687855,-6.7869536],[107.5684851,-6.7875235],[107.5698584,-6.7881255],[107.5695258,-6.7894412],[107.5696063,-6.7901443],[107.5690082,-6.7906051],[107.5690135,-6.7909647],[107.5684234,-6.790986],[107.5679246,-6.7913216],[107.56760889918232,-6.791916383726055]]],[[[107.59249,-6.7960352],[107.5928396,-6.7960677],[107.5928577014281,-6.7959814652462445],[107.59249,-6.7960352]]],[[[107.5928577014281,-6.7959814652462445],[107.60636960741053,-6.794006876938317],[107.6062185,-6.7938997],[107.6062882,-6.7890151],[107.6060778,-6.7880437],[107.6036167,-6.7872732],[107.6032519,-6.7873158],[107.6025331,-6.7882001],[107.6019967,-6.7875768],[107.6014817,-6.7877526],[107.5977189,-6.7868895],[107.5969756,-6.7868417],[107.5966483,-6.7871826],[107.5961333,-6.7869962],[107.5958544,-6.7866393],[107.5951986,-6.7867432],[107.5943309,-6.7903894],[107.5945401,-6.790448],[107.5946957,-6.7909487],[107.5943309,-6.7913269],[107.5928577014281,-6.7959814652462445]]],[[[107.5997207,-6.7587901],[107.6001502041823,-6.759363725028832],[107.60003893346308,-6.7587111977458365],[107.5997207,-6.7587901]]],[[[107.60089584064701,-6.761341322802925],[107.6012966,-6.7614982],[107.6015865,-6.7620218],[107.6026195,-6.7624463],[107.6029445,-6.7630707],[107.6030609,-6.7639637],[107.6035149,-6.7646295],[107.604162,-6.7654318],[107.6053792,-6.7662689],[107.608676,-6.7661535],[107.610189,-6.7663169],[107.61012,-6.7667583],[107.6096049,-6.7668054],[107.6073117,-6.7681976],[107.6069575,-6.7689152],[107.6084871,-6.7689016],[107.6104361,-6.7692255],[107.6105586,-6.7688109],[107.6111841,-6.7689549],[107.6111996,-6.7686439],[107.6115923,-6.7683806],[107.611626,-6.7672563],[107.6119129,-6.7669719],[107.613097,-6.7688027],[107.6142014,-6.7690688],[107.6147529,-6.7694183],[107.6169888,-6.7694704],[107.6180839,-6.7691852],[107.6198636,-6.7696338],[107.6199019,-6.7692026],[107.6190976,-6.7679146],[107.6194198,-6.7666351],[107.6197612,-6.766908],[107.6199244,-6.7678379],[107.6203356,-6.7684791],[107.6219482,-6.7689656],[107.62318,-6.7690584],[107.6234509,-6.7688319],[107.6234083003054,-6.768392040301404],[107.623155,-6.768119],[107.622371,-6.767879],[107.6219454,-6.7674167],[107.622269,-6.767076],[107.621814,-6.766931],[107.621781,-6.766652],[107.621308,-6.766251],[107.621274,-6.765564],[107.620196,-6.764988],[107.620671,-6.764561],[107.620574,-6.764413],[107.619696,-6.764124],[107.61797,-6.763959],[107.617402,-6.763321],[107.617424,-6.763177],[107.618316,-6.763088],[107.618274,-6.762579],[107.617605,-6.761641],[107.618291,-6.761438],[107.61804,-6.761032],[107.618511,-6.760656],[107.618473,-6.760269],[107.6171189,-6.7600997],[107.6151734,-6.7594802],[107.6127091,-6.759166],[107.6105958,-6.7591818],[107.6080552,-6.7595661],[107.60089584064701,-6.761341322802925]]],[[[107.60636960741053,-6.794006876938317],[107.6068836,-6.7956149],[107.6090562,-6.7959399],[107.611084,-6.7957907],[107.6114702,-6.7956256],[107.61186733873652,-6.793203455421728],[107.60636960741053,-6.794006876938317]]],[[[107.6116472,-6.7905385],[107.61186733873652,-6.793203455421728],[107.61897269549303,-6.792165100478072],[107.618975,-6.790986],[107.6184815,-6.790384],[107.6183367,-6.7894838],[107.6180577,-6.7893666],[107.6134765,-6.7895424],[107.6116794,-6.7894039],[107.6116472,-6.7905385]]],[[[107.61897269549303,-6.792165100478072],[107.6194847,-6.7934789],[107.6202089,-6.7967495],[107.6201177,-6.7973248],[107.619265,-6.7978219],[107.6192003,-6.7989175],[107.6195061,-6.7997911],[107.6196831,-6.799855],[107.6202732,-6.7993117],[107.6208097,-6.799578],[107.6212549,-6.799546],[107.6216197,-6.7991465],[107.6217753,-6.7985606],[107.6222044,-6.7984807],[107.6222956,-6.7986831],[107.6215339,-6.8003876],[107.6217645,-6.80116],[107.6219791,-6.8012293],[107.6222205,-6.8010109],[107.6231968,-6.8010695],[107.6237655,-6.8007019],[107.6240981,-6.8008564],[107.6243448,-6.8005474],[107.6241893,-6.8001799],[107.625246,-6.7998976],[107.6293981,-6.7999296],[107.6310289,-6.8000254],[107.6314044,-6.8002758],[107.6332015,-6.8002918],[107.6333249,-6.7999082],[107.6335917,-6.8003783],[107.6352267,-6.8004976],[107.6364845,-6.7986991],[107.6368922,-6.7983662],[107.6377612,-6.7981238],[107.6378739,-6.7978575],[107.6371711,-6.7960357],[107.6377237,-6.7959718],[107.63767,-6.7942992],[107.6385444,-6.7937825],[107.6378256,-6.7929515],[107.6379222,-6.7917477],[107.6375735,-6.7912257],[107.638641,-6.7913162],[107.6386973,-6.7908315],[107.6379168,-6.7906664],[107.6378792,-6.7900591],[107.6383996,-6.7896969],[107.6415914,-6.7899579],[107.64171172705586,-6.788842088468078],[107.61897269549303,-6.792165100478072]]],[[[107.64171172705586,-6.788842088468078],[107.64527883310096,-6.78832080258147],[107.6442039,-6.7874277],[107.6428145,-6.7873531],[107.6429433,-6.7876514],[107.6434636,-6.787726],[107.6434851,-6.7881095],[107.6430774,-6.7883066],[107.6421922,-6.7879657],[107.6420313,-6.7886795],[107.64171172705586,-6.788842088468078]]],[[[107.64527883310096,-6.78832080258147],[107.6459581,-6.7894412],[107.6463604,-6.7892388],[107.6460707,-6.7882693],[107.64527883310096,-6.78832080258147]]],[[[107.6454216,-6.7873904],[107.64602357521626,-6.788211968263411],[107.64750619491865,-6.7879953027882936],[107.6454216,-6.7873904]]],[[[107.64750619491865,-6.7879953027882936],[107.648651,-6.7887327],[107.649579,-6.7888126],[107.64970635884335,-6.787673777611394],[107.64750619491865,-6.7879953027882936]]],[[[107.64970635884335,-6.787673777611394],[107.6593369,-6.7862664],[107.6584142,-6.7859788],[107.6584518,-6.7856432],[107.6582158,-6.7852117],[107.6577491,-6.7854354],[107.6564884,-6.7853236],[107.6546377,-6.7845725],[107.6539028,-6.7838161],[107.6533878,-6.7828732],[107.652964,-6.7827933],[107.6522934,-6.7831449],[107.6518857,-6.7842262],[107.6511508,-6.7846417],[107.6513761,-6.78551],[107.651993,-6.7859148],[107.6521432,-6.7862238],[107.6519501,-6.7867725],[107.6511615,-6.7868684],[107.64970635884335,-6.787673777611394]]],[[[107.6593369,-6.7862664],[107.6667935,-6.7912576],[107.6669115,-6.7910659],[107.666595,-6.7907729],[107.6657098,-6.7905492],[107.6656026,-6.7891962],[107.6658761,-6.7886209],[107.6655382,-6.7880189],[107.6643848,-6.7873371],[107.6643527,-6.7871294],[107.6639235,-6.7869802],[107.6634407,-6.7871347],[107.6627165,-6.7868257],[107.6625395,-6.7866766],[107.6625395,-6.7861599],[107.6619655,-6.7865381],[107.6599431,-6.7860693],[107.6593369,-6.7862664]]],[[[107.6652753,-6.7924828],[107.6664662,-6.7926213],[107.6671529,-6.7931007],[107.667405,-6.7938837],[107.6671636,-6.7944537],[107.6676464,-6.7948532],[107.6676571,-6.7952687],[107.6681989,-6.7951994],[107.6685369,-6.7956202],[107.6690948,-6.7957907],[107.6697788,-6.7950237],[107.6700094,-6.7950396],[107.6702777,-6.7947653],[107.6706505,-6.7952793],[107.6719701,-6.7952554],[107.6731852,-6.7966276],[107.6733917,-6.7965844],[107.6740086,-6.7970638],[107.6740596,-6.7973914],[107.6737002,-6.7979826],[107.6737833,-6.7984141],[107.6739818,-6.7983342],[107.6737967,-6.798747],[107.6741695,-6.8002598],[107.6750815,-6.8019004],[107.6762026,-6.803312],[107.6758593,-6.8042228],[107.6745129,-6.8054799],[107.6747274,-6.8058528],[107.6755965,-6.8058688],[107.6765352,-6.8063588],[107.6766264,-6.8059114],[107.6764011,-6.8052935],[107.6760632,-6.8051337],[107.6760846,-6.8047821],[107.6765245,-6.8044998],[107.6768357,-6.8047449],[107.6770395,-6.8046703],[107.6775786,-6.8039538],[107.6780051,-6.8037861],[107.6783913,-6.8039246],[107.6783323,-6.8046383],[107.6781151,-6.8049659],[107.6783162,-6.8059433],[107.6786756,-6.8059753],[107.6790726,-6.8055705],[107.6803896,-6.8055598],[107.680411,-6.8059087],[107.6801026,-6.8062576],[107.6801509,-6.8071045],[107.6805267,-6.807252],[107.6812935,-6.8070033],[107.6813954,-6.8072004],[107.6803869,-6.8085374],[107.6801106,-6.8097918],[107.6793167,-6.8104923],[107.6787561,-6.8106094],[107.6785442,-6.8109876],[107.6779005,-6.8112007],[107.6782572,-6.8115869],[107.6783243,-6.8121808],[107.6777181,-6.8123938],[107.6780131,-6.8127427],[107.6786274,-6.8124524],[107.6787856,-6.8119091],[107.679188,-6.8118106],[107.6794213,-6.8111794],[107.6797727,-6.8108571],[107.6803654,-6.8108624],[107.6810682,-6.8103831],[107.6813565,-6.811222],[107.6819868,-6.8109623],[107.6810896,-6.8116162],[107.6810186,-6.8122367],[107.6817763,-6.8121155],[107.6821585,-6.8129478],[107.6824978,-6.8129864],[107.6829001,-6.8121834],[107.6832099,-6.8121355],[107.6836203,-6.8121328],[107.6837262,-6.8125962],[107.6844155,-6.8124907],[107.6850378,-6.8127161],[107.6857701,-6.8119171],[107.6865184,-6.8123486],[107.6879239,-6.8120529],[107.6885596,-6.8125163],[107.6891202,-6.8120822],[107.6897773,-6.8122394],[107.6899624,-6.8120077],[107.6905149,-6.8121169],[107.6909441,-6.811973],[107.6928511,-6.813057],[107.693586,-6.8129478],[107.69427,-6.8134432],[107.6950479,-6.8132408],[107.6964721,-6.8139359],[107.6973438,-6.8136695],[107.6975262,-6.8144153],[107.6993448,-6.8156963],[107.7012706,-6.8158454],[107.7015012,-6.8161437],[107.70365829583523,-6.816528598063594],[107.66646178110899,-6.791131196318724],[107.6656723,-6.7918436],[107.6652753,-6.7924828]]],[[[107.6757375,-6.8296411],[107.6757497,-6.830391],[107.67575540083783,-6.830482093290458],[107.6757375,-6.8296411]]],[[[107.6757375,-6.8296411],[107.6759344,-6.8298379],[107.6773453,-6.8301043],[107.67877260773943,-6.830141654228239],[107.6757375,-6.8296411]]],[[[107.67575540083783,-6.830482093290458],[107.67577154734724,-6.831240667062388],[107.67580113511151,-6.8312128780621695],[107.67575540083783,-6.830482093290458]]],[[[107.67877260773943,-6.830141654228239],[107.67974838417354,-6.830302580647278],[107.6793462,-6.8301043],[107.67877260773943,-6.830141654228239]]],[[[107.6797432,-6.8303599],[107.6799298,-6.8303325],[107.67974838417354,-6.830302580647278],[107.6797432,-6.8303599]]],[[[107.6799298,-6.8303325],[107.6801938,-6.8302587],[107.68022897656131,-6.830242313956248],[107.6799298,-6.8303325]]],[[[107.68022897656131,-6.830242313956248],[107.6811111,-6.8299764],[107.6806283,-6.8300563],[107.68022897656131,-6.830242313956248]]],[[[107.6811111,-6.8299764],[107.6814779,-6.8301083],[107.681331,-6.8300297],[107.6811111,-6.8299764]]],[[[107.6814779,-6.8301083],[107.6816529,-6.8303519],[107.68289866271675,-6.830329582102329],[107.68273,-6.830135],[107.6814779,-6.8301083]]],[[[107.68291384529194,-6.830128689249291],[107.683971,-6.830463],[107.68456223135597,-6.8301520949838785],[107.68291384529194,-6.830128689249291]]],[[[107.68480142194035,-6.8301515840770834],[107.684993031431,-6.830158211992774],[107.6849038,-6.8301132],[107.68480142194035,-6.8301515840770834]]],[[[107.684993031431,-6.830158211992774],[107.686675,-6.830583],[107.687303,-6.830959],[107.68752103889483,-6.830709696714561],[107.6875698,-6.8301948],[107.684993031431,-6.830158211992774]]],[[[107.6875698,-6.8301948],[107.6879615,-6.8301309],[107.68817471300295,-6.830021380752582],[107.6875698,-6.8301948]]],[[[107.68817471300295,-6.830021380752582],[107.6883501,-6.8299711],[107.6882726,-6.8299711],[107.68817471300295,-6.830021380752582]]],[[[107.6883501,-6.8299711],[107.6891148,-6.830051],[107.6887822,-6.8299072],[107.6883501,-6.8299711]]],[[[107.6891148,-6.830051],[107.6892865,-6.8301948],[107.6894528,-6.8301096],[107.6891148,-6.830051]]],[[[107.6893508,-6.8292467],[107.6893897,-6.8293905],[107.6899939,-6.8292411],[107.68989426221556,-6.830072765012166],[107.69746054949569,-6.830284039313108],[107.6969039,-6.829822],[107.6962441,-6.8301629],[107.6943451,-6.8299525],[107.6926821,-6.8291029],[107.692329,-6.8290896],[107.6918238,-6.8296622],[107.6913786,-6.8297154],[107.6910245,-6.829577],[107.6907778,-6.8291935],[107.6902306,-6.8290337],[107.6901609,-6.8288259],[107.689383,-6.8287673],[107.6893508,-6.8292467]]],[[[107.68939980366338,-6.829487195019836],[107.68944408276379,-6.830060194600093],[107.68979383002568,-6.830069960632697],[107.689836,-6.829906],[107.68939980366338,-6.829487195019836]]],[[[107.69746054949569,-6.830284039313108],[107.6976711,-6.830589],[107.6980787,-6.8303013],[107.69746054949569,-6.830284039313108]]],[[[107.698186,-6.8302854],[107.69832734429671,-6.830327395432141],[107.6982933,-6.8303013],[107.698186,-6.8302854]]],[[[107.69832734429671,-6.830327395432141],[107.6987761,-6.8309245],[107.6996827,-6.8307727],[107.69832734429671,-6.830327395432141]]],[[[107.69979180355627,-6.8307625074309275],[107.7006396,-6.8310144],[107.7002728,-6.830589],[107.69979180355627,-6.8307625074309275]]],[[[107.7006188,-6.8312894],[107.7009702,-6.8316356],[107.7017266,-6.8315024],[107.70146217695716,-6.831117242954928],[107.7006396,-6.8310144],[107.7006188,-6.8312894]]],[[[107.7014101,-6.8310071],[107.70311906086562,-6.831324395411163],[107.7024883,-6.831071],[107.7014101,-6.8310071]]],[[[107.70311906086562,-6.831324395411163],[107.7033466,-6.831545],[107.7036006,-6.8313846],[107.70311906086562,-6.831324395411163]]],[[[107.7036006,-6.8313846],[107.7036363,-6.8313346],[107.70366342036404,-6.831284120721006],[107.7036006,-6.8313846]]],[[[107.70365829583523,-6.816528598063594],[107.70927229978469,-6.82036178283241],[107.7096552,-6.8193423],[107.7071875,-6.8183435],[107.7057981,-6.8170252],[107.704103,-6.8164846],[107.70365829583523,-6.816528598063594]]],[[[107.70366342036404,-6.831284120721006],[107.70377874924908,-6.831099655645192],[107.7037221,-6.8311749],[107.70366342036404,-6.831284120721006]]],[[[107.70377874924908,-6.831099655645192],[107.7041352,-6.8306262],[107.7049774,-6.8301682],[107.7066028,-6.8304451],[107.7068603,-6.8299818],[107.7067959,-6.8296355],[107.7072331,-6.8293399],[107.7075201,-6.8298273],[107.7077293,-6.829806],[107.7079707,-6.8293959],[107.708888,-6.829545],[107.7091992,-6.8290976],[107.7102399,-6.8291136],[107.7108461,-6.8287354],[107.710948,-6.8282933],[107.7106315,-6.8280456],[107.7104994,-6.8275216],[107.7106315,-6.8265596],[107.7096873,-6.8263705],[107.7094647,-6.8264903],[107.7094781,-6.8271108],[107.7091804,-6.8270096],[107.7090517,-6.8265436],[107.7095425,-6.8233983],[107.7103364,-6.8226127],[107.7103338,-6.8210068],[107.7101272,-6.8209455],[107.70377874924908,-6.831099655645192]]],[[[107.70927229978469,-6.82036178283241],[107.7096632,-6.8207677],[107.7101272,-6.8209455],[107.70927229978469,-6.82036178283241]]]]}},{"type":"Feature","properties":{"id":"water-0080","name":"Badan Air","category":"water_body","severity":"hard","methodForce":null,"costMultiplier":1,"wilayah":["kab_bandung_barat"],"source":"OSM © OpenStreetMap contributors","realData":true},"geometry":{"type":"Polygon","coordinates":[[[107.4006808,-6.9606937],[107.4008793,-6.9609706],[107.4013781,-6.9604168],[107.4025691,-6.9596287],[107.4033716,-6.9593952],[107.4037836,-6.9597275],[107.4041998,-6.9607469],[107.4040657,-6.961732],[107.4042749,-6.9623231],[107.4045539,-6.962781],[107.4048489,-6.9627491],[107.4049723,-6.9624722],[107.4046558,-6.9617587],[107.4048811,-6.9609733],[107.4048248,-6.9603076],[107.404232,-6.9589365],[107.4045619,-6.9580525],[107.4051735,-6.9580179],[107.4053773,-6.9578103],[107.4056536,-6.9562154],[107.4066353,-6.9562288],[107.4071744,-6.9564684],[107.4073112,-6.956921],[107.4071717,-6.9575014],[107.4075204,-6.9576345],[107.4075955,-6.9580259],[107.4083519,-6.9579168],[107.4085021,-6.9574988],[107.4104521,-6.9579061],[107.4105218,-6.957789],[107.4083734,-6.9571846],[107.4086201,-6.9566894],[107.4085075,-6.9563006],[107.4081749,-6.9557309],[107.4074024,-6.9552037],[107.4068177,-6.9553528],[107.4066621,-6.9560291],[107.4054283,-6.9560557],[107.4052781,-6.9558161],[107.4054122,-6.9554593],[107.4063885,-6.9550067],[107.4064462,-6.9546885],[107.4057408,-6.9547431],[107.4053371,-6.9542852],[107.4048194,-6.9542186],[107.4040362,-6.9551318],[107.4035293,-6.9549641],[107.403143,-6.9556084],[107.4027675,-6.9557282],[107.4023572,-6.9555179],[107.4016383,-6.9555312],[107.4012548,-6.9558267],[107.4012923,-6.9561675],[107.400839,-6.9566042],[107.4009678,-6.9568624],[107.4019119,-6.9564657],[107.4027702,-6.9567479],[107.4035481,-6.9564125],[107.4039826,-6.9565722],[107.4022847,-6.9583507],[107.4018019,-6.9594317],[107.4011931,-6.9597326],[107.4011314,-6.9601426],[107.4006808,-6.9606937]]]}},{"type":"Feature","properties":{"id":"water-0081","name":"Badan Air","category":"water_body","severity":"hard","methodForce":null,"costMultiplier":1,"wilayah":["kota_bandung"],"source":"OSM © OpenStreetMap contributors","realData":true},"geometry":{"type":"Polygon","coordinates":[[[107.7016675,-6.9481801],[107.7018008,-6.9488452],[107.702358,-6.9495353],[107.7043851,-6.9498344],[107.7048132,-6.9492915],[107.7045307,-6.9490877],[107.7044359,-6.9492924],[107.7027722,-6.9483784],[107.7032427,-6.9473479],[107.7050103,-6.9480516],[107.7049133,-6.9482631],[107.7052943,-6.9484272],[107.7053432,-6.9482772],[107.7049903,-6.9478758],[107.7050215,-6.947595],[107.7046341,-6.9468488],[107.7023435,-6.9459222],[107.7020568,-6.9463084],[107.7018529,-6.9471322],[107.7019858,-6.9473446],[107.7017656,-6.9474865],[107.7016675,-6.9481801]]]}},{"type":"Feature","properties":{"id":"water-0082","name":"Badan Air","category":"water_body","severity":"hard","methodForce":null,"costMultiplier":1,"wilayah":["kab_bandung_barat"],"source":"OSM © OpenStreetMap contributors","realData":true},"geometry":{"type":"Polygon","coordinates":[[[107.3158672,-6.8207307],[107.3164389,-6.8230367],[107.3171646,-6.8234785],[107.3193494,-6.8239364],[107.3212192,-6.8239679],[107.3220813,-6.8243304],[107.3226537,-6.8248474],[107.3229509,-6.8262117],[107.3229907,-6.8279763],[107.3234167,-6.8293788],[107.3227093,-6.8317848],[107.3226279,-6.832691],[107.3230852,-6.8341996],[107.3231864,-6.8353267],[107.3227656,-6.8365062],[107.3223859,-6.8389392],[107.3229813,-6.8401003],[107.3249555,-6.8417194],[107.3253139,-6.8442903],[107.3273212,-6.8464438],[107.327466,-6.8478765],[107.3273158,-6.8484517],[107.3268276,-6.8489523],[107.3263771,-6.8491388],[107.3248053,-6.8489417],[107.32444269828504,-6.849198827819169],[107.3245648,-6.8493944],[107.3253562,-6.8491705],[107.3262594,-6.8494945],[107.326999,-6.8490984],[107.327418,-6.8485789],[107.327722,-6.8479805],[107.3277353,-6.8469321],[107.327024,-6.8456205],[107.3261669,-6.8449318],[107.3254953,-6.8440062],[107.3254202,-6.8423042],[107.3252347,-6.8417998],[107.3236883,-6.8401197],[107.3232156,-6.8390143],[107.3229903,-6.8371982],[107.3230654,-6.8367376],[107.3236574,-6.8360489],[107.3236441,-6.834303],[107.3230521,-6.833316],[107.3228445,-6.83225],[107.3229373,-6.8315174],[107.3238076,-6.8296838],[107.323304,-6.8282932],[107.3230521,-6.8250952],[107.3225661,-6.8243626],[107.3211744,-6.8236695],[107.3184706,-6.8235335],[107.3169198,-6.823108],[107.3166768,-6.8228009],[107.3167078,-6.8215024],[107.3164383,-6.820998],[107.3166989,-6.8197696],[107.3175428,-6.8193003],[107.3180597,-6.8187607],[107.3191156,-6.8171244],[107.3193277,-6.8161812],[107.319796,-6.8152424],[107.3211877,-6.815374],[107.3212761,-6.8150976],[107.3194956,-6.814418],[107.3194573,-6.8152428],[107.3181055,-6.8178581],[107.3165401,-6.8190907],[107.3160159,-6.8197855],[107.3158672,-6.8207307]]]}},{"type":"Feature","properties":{"id":"water-0083","name":"Waduk Saguling","category":"water_body","severity":"hard","methodForce":null,"costMultiplier":1,"wilayah":["kab_bandung_barat"],"source":"OSM © OpenStreetMap contributors","realData":true},"geometry":{"type":"MultiPolygon","coordinates":[[[[107.3506977,-6.92498],[107.350958,-6.9254215],[107.3516278,-6.9257822],[107.3517389,-6.9271724],[107.3521646,-6.9272586],[107.3510068,-6.9281186],[107.351137,-6.9284254],[107.3515817,-6.9283985],[107.3525795,-6.927844],[107.3527585,-6.9285169],[107.3538485,-6.9287323],[107.3545372,-6.9280755],[107.3547975,-6.9294698],[107.3564841,-6.9300135],[107.3568257,-6.9298467],[107.3580242,-6.9299651],[107.3585991,-6.929136],[107.3590112,-6.9289207],[107.3592824,-6.9282262],[107.3596701,-6.9282397],[107.360367,-6.9273272],[107.3604483,-6.9266085],[107.3602907,-6.9262445],[107.3609391,-6.9253569],[107.3610544,-6.9248602],[107.3620427,-6.9250931],[107.3626582,-6.9248966],[107.3628629,-6.9243784],[107.3625647,-6.9236503],[107.3634758,-6.9233784],[107.3634858,-6.9220673],[107.3636151,-6.9219474],[107.3645286,-6.9225194],[107.3654245,-6.921676],[107.3652333,-6.9225973],[107.3654986,-6.9228306],[107.3659686,-6.9227906],[107.3661398,-6.9229472],[107.3664467,-6.9239153],[107.3660089,-6.9241804],[107.3660257,-6.924497],[107.3670463,-6.9253002],[107.3680569,-6.9253536],[107.3697804,-6.9242754],[107.370256,-6.924767],[107.3709492,-6.9249038],[107.3704925,-6.9253711],[107.3704697,-6.92568],[107.3693898,-6.9254802],[107.3686612,-6.9258268],[107.3685184,-6.9266079],[107.3681161,-6.9263603],[107.367878,-6.9265586],[107.3649564,-6.9258597],[107.3669765,-6.9278799],[107.39854210614132,-6.919414021161991],[107.3989239,-6.9169637],[107.3999378,-6.916591],[107.4002838,-6.9160212],[107.4002168,-6.9151691],[107.4007693,-6.9142904],[107.4002168,-6.9139602],[107.4003026,-6.9135795],[107.4005306,-6.913457],[107.4012199,-6.913646],[107.4017832,-6.9132679],[107.4029124,-6.9131774],[107.4031538,-6.912991],[107.4032879,-6.9124478],[107.4030183,-6.9122694],[107.4022713,-6.9125676],[107.4019575,-6.9120404],[107.401472,-6.912328],[107.4010134,-6.9121602],[107.4012601,-6.9111031],[107.4005869,-6.909825],[107.4003455,-6.9086588],[107.3993249,-6.9084857],[107.3995073,-6.9076203],[107.3991331,-6.9068348],[107.3978041,-6.9063901],[107.397898,-6.9056499],[107.3973937,-6.9058096],[107.397434,-6.9054222],[107.3967648,-6.9045874],[107.3958233,-6.9041747],[107.3960459,-6.9034451],[107.3955658,-6.9032108],[107.3953432,-6.9041667],[107.3961613,-6.904891],[107.3958421,-6.9053037],[107.3958904,-6.9057164],[107.3966387,-6.9056459],[107.3969565,-6.9059814],[107.396632,-6.906213],[107.3965515,-6.9067203],[107.3961841,-6.9072369],[107.3967916,-6.9078519],[107.3966427,-6.9082873],[107.3967701,-6.9089343],[107.3974822,-6.9091367],[107.3974206,-6.9098104],[107.3982748,-6.9107197],[107.3980026,-6.9107916],[107.3977076,-6.9103935],[107.3970799,-6.9102098],[107.3965743,-6.9097771],[107.396227,-6.9097851],[107.395885,-6.9087093],[107.3954451,-6.9085522],[107.3947719,-6.9078653],[107.3943749,-6.9084098],[107.3945975,-6.9095281],[107.3942931,-6.9095481],[107.3932873,-6.9086987],[107.3923901,-6.9083126],[107.3920763,-6.9096839],[107.3924223,-6.9105253],[107.3923203,-6.9115611],[107.3921433,-6.9119925],[107.3915505,-6.9125037],[107.3912904,-6.9123946],[107.3911858,-6.9115984],[107.390829,-6.9114466],[107.390829,-6.9127088],[107.3897132,-6.9125943],[107.3896502,-6.9129564],[107.3890749,-6.9135502],[107.3883373,-6.9132866],[107.3870525,-6.9114014],[107.3866528,-6.9116011],[107.3864382,-6.9121416],[107.3867293,-6.9130083],[107.3849188,-6.9131201],[107.3854297,-6.913895],[107.3840645,-6.91453],[107.3831525,-6.9144235],[107.3827851,-6.9138697],[107.3824337,-6.9136833],[107.3822781,-6.9131561],[107.3820528,-6.9131295],[107.3816103,-6.9138431],[107.3806903,-6.9137366],[107.3802678,-6.9140521],[107.3800506,-6.9131454],[107.3802169,-6.9127507],[107.38006,-6.9127327],[107.3798507,-6.9145141],[107.3803765,-6.9146392],[107.3793545,-6.9155073],[107.3784109,-6.9157663],[107.3773,-6.9165297],[107.3764108,-6.9168519],[107.3754975,-6.916101],[107.3749933,-6.9159466],[107.3747407,-6.9155587],[107.3746419,-6.9147576],[107.3736882,-6.9140196],[107.3735234,-6.9130576],[107.372598,-6.9129591],[107.3724438,-6.9123373],[107.372067,-6.9121949],[107.3715299,-6.9122288],[107.3714232,-6.9123946],[107.3715051,-6.9117182],[107.3710786,-6.9117216],[107.3706038,-6.9110113],[107.3700392,-6.9117036],[107.3698126,-6.9124079],[107.369024,-6.9123639],[107.3685855,-6.9120963],[107.3678854,-6.9122215],[107.3673463,-6.9120058],[107.3654746,-6.9136571],[107.36575,-6.91475],[107.3661742,-6.9151904],[107.3668259,-6.9152969],[107.3679337,-6.9150999],[107.3688698,-6.9153262],[107.3694223,-6.9151371],[107.3696825,-6.9147164],[107.3706239,-6.9146499],[107.3708922,-6.9147537],[107.3710826,-6.9154247],[107.3722815,-6.9160105],[107.372252,-6.9164978],[107.3715168,-6.9170555],[107.3715493,-6.9180622],[107.3723628,-6.9180851],[107.3724116,-6.9183664],[107.371847,-6.9189528],[107.3715818,-6.9198334],[107.3717744,-6.9205763],[107.3716171,-6.920762],[107.3713595,-6.9208509],[107.3708606,-6.9197903],[107.3697705,-6.9198818],[107.36948,-6.9197143],[107.3677776,-6.9202694],[107.3667987,-6.9208347],[107.3652206,-6.9201995],[107.3643421,-6.9210339],[107.3629809,-6.9212116],[107.3625633,-6.921653],[107.3625389,-6.9225225],[107.36063,-6.9225978],[107.3609039,-6.9235372],[107.3602043,-6.9239572],[107.3599657,-6.9246139],[107.3595481,-6.9246678],[107.3588431,-6.9237633],[107.3579375,-6.9239518],[107.3579836,-6.9245574],[107.3574006,-6.9248939],[107.3574223,-6.9250769],[107.3589028,-6.9267781],[107.358957,-6.9270957],[107.3585164,-6.9271078],[107.3580324,-6.9264578],[107.35725,-6.92625],[107.3567986,-6.9264712],[107.3561235,-6.9274349],[107.3557737,-6.9263851],[107.3531381,-6.926412],[107.352974,-6.9261751],[107.3532628,-6.9254322],[107.3527042,-6.924517],[107.3508224,-6.924544],[107.3506977,-6.92498]]],[[[107.3592889,-6.9318799],[107.3595417,-6.9320568],[107.3607641,-6.9319458],[107.361078,-6.9326081],[107.3612671,-6.9325336],[107.3615058,-6.9317867],[107.3620114,-6.9315045],[107.3628509,-6.9319278],[107.3646909,-6.9321947],[107.3640123,-6.9323166],[107.363905,-6.9330395],[107.3631272,-6.933962],[107.3618558,-6.934641],[107.3620275,-6.9350377],[107.3627718,-6.9351083],[107.3625746,-6.9362359],[107.3616841,-6.9364808],[107.362006,-6.9369921],[107.3618558,-6.9375312],[107.3620167,-6.9385057],[107.3619282,-6.9392952],[107.3623145,-6.9399861],[107.3629636,-6.9401059],[107.3631969,-6.9398297],[107.363665,-6.9401019],[107.3642591,-6.9392206],[107.3642886,-6.9383287],[107.3641478,-6.9380691],[107.3633592,-6.9377828],[107.3645273,-6.9375392],[107.3644743,-6.9371878],[107.3658496,-6.935951],[107.3657463,-6.9355423],[107.3659274,-6.9347528],[107.3656914,-6.9344253],[107.3661768,-6.9342097],[107.3663069,-6.933781],[107.3670687,-6.9336758],[107.3677044,-6.9328744],[107.3678157,-6.9320849],[107.3674214,-6.9312728],[107.36947833882012,-6.931131296955227],[107.3670526,-6.9279632],[107.3663887,-6.9288192],[107.3657985,-6.9286384],[107.3649189,-6.9288818],[107.364023,-6.9301798],[107.3642349,-6.930731],[107.3641129,-6.9308015],[107.3630057,-6.9304137],[107.3627034,-6.9299101],[107.3621756,-6.9297779],[107.3619296,-6.9300373],[107.3619245,-6.9305867],[107.3609184,-6.9309187],[107.3605093,-6.9313633],[107.3595048,-6.9314272],[107.3592889,-6.9318799]]],[[[107.3672477,-6.949042],[107.3678438,-6.9483438],[107.3680262,-6.9482892],[107.3680524,-6.9488936],[107.3681959,-6.9489176],[107.3686378,-6.9484104],[107.3691769,-6.9481528],[107.3695926,-6.9500212],[107.3696074,-6.9509504],[107.369775,-6.9509664],[107.3699115,-6.9514809],[107.3699065,-6.9510376],[107.3700322,-6.9510945],[107.3703336,-6.9504152],[107.370115,-6.9496092],[107.3708305,-6.9500025],[107.3710169,-6.9498588],[107.3697113,-6.9469786],[107.3700164,-6.9468035],[107.3705368,-6.9470312],[107.3709163,-6.9468435],[107.3714273,-6.9459342],[107.3714849,-6.9452939],[107.3723211,-6.9454763],[107.3724914,-6.9451395],[107.3732378,-6.945009],[107.3736052,-6.9446788],[107.374261,-6.9447374],[107.3743321,-6.9445644],[107.3740667,-6.9440782],[107.37425,-6.9435],[107.3739177,-6.9427432],[107.3734751,-6.9423252],[107.372877,-6.9422559],[107.3730004,-6.9414678],[107.3725766,-6.941137],[107.3728314,-6.9403069],[107.3725739,-6.9397225],[107.3726906,-6.9395614],[107.3733491,-6.9396386],[107.3733772,-6.9394576],[107.3729628,-6.9381583],[107.3731599,-6.9370016],[107.3726356,-6.9364942],[107.3726383,-6.9361187],[107.3729709,-6.9356927],[107.37148757680998,-6.933755429737041],[107.3716633,-6.9346663],[107.3713911,-6.9351203],[107.3701707,-6.9344466],[107.3693606,-6.9344054],[107.3688624,-6.934617],[107.3688738,-6.9350417],[107.3693888,-6.9352627],[107.3695068,-6.9356368],[107.3701425,-6.935923],[107.3704442,-6.9363903],[107.3699293,-6.9367684],[107.3695323,-6.9372983],[107.369543,-6.9375539],[107.3708405,-6.9376098],[107.3702411,-6.9383377],[107.3700607,-6.9388692],[107.3679404,-6.9398636],[107.3685573,-6.9401605],[107.3709351,-6.9399688],[107.3710035,-6.9402657],[107.3707996,-6.9406398],[107.3710638,-6.9411457],[107.370581,-6.9414492],[107.3704684,-6.9418699],[107.3706615,-6.9423704],[107.3714608,-6.9425834],[107.3715815,-6.9435233],[107.3697817,-6.9436791],[107.37167,-6.9444935],[107.3707768,-6.9444698],[107.370569,-6.9446722],[107.3701747,-6.945415],[107.370166,-6.9458104],[107.3691273,-6.9463855],[107.368442,-6.9475371],[107.3675179,-6.9482373],[107.3672477,-6.949042]]],[[[107.3692828,-6.9295128],[107.3696221,-6.9300001],[107.3694076,-6.9307017],[107.3695014,-6.9311024],[107.37148757680998,-6.933755429737041],[107.3716874,-6.9329103],[107.3712154,-6.9327333],[107.3707701,-6.932262],[107.3708291,-6.9321009],[107.3711282,-6.9321635],[107.3713723,-6.931619],[107.372582,-6.9311317],[107.3731801,-6.9305113],[107.3733048,-6.9300693],[107.3739941,-6.9297791],[107.3740722,-6.9296522],[107.3733102,-6.9292519],[107.373858,-6.928724],[107.3741122,-6.9280164],[107.3740042,-6.9274247],[107.3734966,-6.927846],[107.3729119,-6.9277768],[107.3713776,-6.9287407],[107.3708291,-6.9283546],[107.3705435,-6.9284185],[107.3701814,-6.9286994],[107.370235,-6.9295434],[107.3695202,-6.9293051],[107.3692828,-6.9295128]]],[[[107.3729709,-6.9356927],[107.373221,-6.9356821],[107.3736911,-6.9361973],[107.3737836,-6.9371997],[107.3745963,-6.9380438],[107.3755109,-6.9383992],[107.3764604,-6.9382581],[107.3763558,-6.9386934],[107.3757503,-6.939432],[107.3758543,-6.939849],[107.3761708,-6.9400953],[107.3760863,-6.9406597],[107.3764443,-6.9411363],[107.3761882,-6.9420057],[107.3763692,-6.9428963],[107.3768373,-6.9433409],[107.377599,-6.9432184],[107.3775923,-6.9436937],[107.3780852,-6.9439054],[107.3780912,-6.9444605],[107.3773026,-6.9446189],[107.3770143,-6.9451102],[107.3770921,-6.9456613],[107.3776171,-6.9461293],[107.3769502,-6.9458196],[107.3765758,-6.9459569],[107.3762593,-6.9466305],[107.3763598,-6.9470192],[107.3761667,-6.9474212],[107.3755833,-6.9478393],[107.3756531,-6.948401],[107.3759139,-6.9487152],[107.3756732,-6.9490633],[107.3755606,-6.9500465],[107.3756947,-6.9504086],[107.3759481,-6.9504698],[107.3761654,-6.950358],[107.3758663,-6.9503593],[107.3758046,-6.9501916],[107.3760232,-6.9496245],[107.3759448,-6.94908],[107.3762941,-6.9488976],[107.3765127,-6.9483358],[107.3767706,-6.9483807],[107.3773402,-6.9477953],[107.3778833,-6.9481148],[107.3788851,-6.9476076],[107.3791105,-6.946078],[107.3787195,-6.9456314],[107.3791963,-6.9453205],[107.3792761,-6.9448522],[107.3801324,-6.9456334],[107.3805025,-6.9451807],[107.3805749,-6.9446868],[107.3796496,-6.9440292],[107.3796362,-6.9429642],[107.378743,-6.9427245],[107.3786974,-6.9424077],[107.3779142,-6.9420323],[107.3781449,-6.9416848],[107.3788583,-6.941593],[107.3790058,-6.941135],[107.3788851,-6.9408128],[107.3783487,-6.940504],[107.3784694,-6.9398117],[107.3783018,-6.9392885],[107.3779102,-6.9389064],[107.3779128,-6.9387766],[107.378464,-6.9389544],[107.3787242,-6.9387733],[107.378059,-6.9381489],[107.37811,-6.9377362],[107.3775011,-6.9377203],[107.3771283,-6.9371704],[107.3764524,-6.9368882],[107.3756692,-6.9361214],[107.3752856,-6.9346437],[107.37491845889336,-6.934364922995574],[107.3729709,-6.9356927]]],[[[107.3737165,-6.9332005],[107.373789,-6.9340153],[107.3748431,-6.9343348],[107.37783263516941,-6.932378140331709],[107.3781314,-6.9313527],[107.3786598,-6.9308681],[107.3785673,-6.9297591],[107.3776245,-6.9294463],[107.377076,-6.9289457],[107.3765758,-6.9292186],[107.37616,-6.9301159],[107.3760447,-6.9313314],[107.3745681,-6.9328398],[107.3740599,-6.9325349],[107.3738131,-6.9327452],[107.3737165,-6.9332005]]],[[[107.377831,-6.9323911],[107.3780885,-6.9330701],[107.3785445,-6.9330568],[107.3787484,-6.9323032],[107.3796026,-6.9318639],[107.3799621,-6.9309919],[107.38041179046996,-6.930619763159865],[107.377831,-6.9323911]]],[[[107.3796389,-6.9290635],[107.3798212,-6.9293331],[107.3796804,-6.9298896],[107.3804127,-6.9305126],[107.38320900422882,-6.928712721417434],[107.3825893,-6.9278727],[107.382946,-6.9267038],[107.3827261,-6.9255908],[107.3824283,-6.9255482],[107.3815834,-6.9261979],[107.3813447,-6.9270073],[107.3805508,-6.9278607],[107.3798018,-6.9277156],[107.3801713,-6.9281016],[107.3800452,-6.928734],[107.3796389,-6.9290635]]],[[[107.3827328,-6.9304181],[107.3829165,-6.9305805],[107.3832129,-6.9303189],[107.3838727,-6.930261],[107.3840994,-6.9299921],[107.3843059,-6.9294383],[107.3841396,-6.9286448],[107.3843729,-6.9279605],[107.38320900422882,-6.928712721417434],[107.3832062,-6.9296673],[107.3827328,-6.9304181]]],[[[107.3840135,-6.9264082],[107.3844118,-6.9268289],[107.3841785,-6.9271737],[107.3843835266718,-6.927911973416295],[107.38973499715628,-6.924263529472762],[107.3879054,-6.9234287],[107.3877794,-6.9246908],[107.3880596,-6.9251674],[107.3875259,-6.9254071],[107.3872778,-6.9250436],[107.3865589,-6.9253085],[107.385993,-6.9250662],[107.3853841,-6.9255269],[107.3844883,-6.9257692],[107.3840135,-6.9264082]]],[[[107.3894235,-6.9274666],[107.3898111,-6.9274786],[107.3910356,-6.9267117],[107.3923921,-6.9262019],[107.3925108,-6.9266159],[107.3922023,-6.927396],[107.3925,-6.9274693],[107.3929507,-6.9270419],[107.3934495,-6.925873],[107.3938599,-6.9256147],[107.3943099,-6.92564],[107.3946445,-6.9251142],[107.3950776,-6.9250196],[107.3957656,-6.9240717],[107.3967929,-6.9241077],[107.3979013,-6.923892],[107.397961,-6.9240132],[107.3980388,-6.9250822],[107.3964456,-6.9253911],[107.3962471,-6.9259289],[107.395429,-6.9264375],[107.3953834,-6.9274812],[107.3939377,-6.9282747],[107.3943239,-6.9290096],[107.3943052,-6.9297099],[107.3923056,-6.9298696],[107.3924464,-6.9301119],[107.3928407,-6.9301598],[107.3928863,-6.9304607],[107.3939994,-6.9306298],[107.394454,-6.9312648],[107.394509,-6.9317547],[107.3940879,-6.9321222],[107.3942435,-6.9324843],[107.3935676,-6.9334242],[107.3925295,-6.9338396],[107.3916471,-6.9337038],[107.3909524,-6.933142],[107.3900351,-6.9335973],[107.3902631,-6.9339035],[107.3910195,-6.9339035],[107.3915532,-6.9346117],[107.3921621,-6.9344173],[107.3923954,-6.9346836],[107.3923016,-6.9359736],[107.391454,-6.9370586],[107.3908129,-6.9371292],[107.3911509,-6.9377056],[107.3903355,-6.9385417],[107.3911241,-6.9392126],[107.3917021,-6.9406251],[107.3917919,-6.9409087],[107.3912112,-6.9419737],[107.3912796,-6.9421095],[107.3917705,-6.9418752],[107.3920012,-6.9419564],[107.3919475,-6.9431732],[107.3921842,-6.9438155],[107.3922345,-6.9431279],[107.3925202,-6.9427725],[107.39237,-6.9424743],[107.3924813,-6.9421441],[107.3922868,-6.9403243],[107.393361,-6.9394749],[107.393007,-6.9391248],[107.3924196,-6.939628],[107.3919395,-6.9395588],[107.3916015,-6.9388212],[107.391623,-6.9381316],[107.3918965,-6.9379799],[107.3921192,-6.9370719],[107.3927709,-6.9361613],[107.3939806,-6.9360788],[107.3941389,-6.9356049],[107.3939377,-6.9350058],[107.3940852,-6.934878],[107.3948751,-6.9343801],[107.3963235,-6.9340406],[107.3967835,-6.9335094],[107.3973092,-6.9335067],[107.3977049,-6.9332205],[107.3968667,-6.9323379],[107.3967192,-6.9323192],[107.3965569,-6.9327239],[107.3960942,-6.9326068],[107.3959815,-6.9323325],[107.3964,-6.9319358],[107.3959923,-6.9315684],[107.3954666,-6.9305965],[107.3957321,-6.9303116],[107.3970598,-6.9302717],[107.3965663,-6.9297418],[107.3961988,-6.9287859],[107.396695,-6.9279379],[107.3966843,-6.9272789],[107.3974876,-6.9264828],[107.3981394,-6.9267983],[107.3978832,-6.9283679],[107.3982614,-6.9295634],[107.3985377,-6.9296353],[107.3983875,-6.9279179],[107.3988193,-6.9268928],[107.3992619,-6.926994],[107.399683,-6.9266878],[107.3993906,-6.9255775],[107.3995998,-6.9250662],[107.3994255,-6.9244458],[107.39974012179411,-6.923954811330719],[107.3937285,-6.9215409],[107.3938921,-6.9224196],[107.3943159,-6.9227551],[107.3945425,-6.9233422],[107.3941898,-6.9236377],[107.3939471,-6.9247461],[107.3928487,-6.9250449],[107.3926368,-6.9254004],[107.3919529,-6.9252526],[107.3917249,-6.9256573],[107.3899707,-6.9266239],[107.3894235,-6.9274666]]],[[[107.38973499715628,-6.924263529472762],[107.3903114,-6.9242674],[107.3903556,-6.9239839],[107.38973499715628,-6.924263529472762]]],[[[107.3901021,-6.9235885],[107.3902684,-6.923876],[107.39089269960608,-6.9234742487500815],[107.3902711,-6.9233089],[107.3901021,-6.9235885]]],[[[107.39089269960608,-6.9234742487500815],[107.3922627,-6.9232477],[107.3926529,-6.9227564],[107.39275512639304,-6.922204511815001],[107.39089269960608,-6.9234742487500815]]],[[[107.392669,-6.9217313],[107.3927656,-6.9220867],[107.3937285,-6.9215409],[107.3934951,-6.9213638],[107.392669,-6.9217313]]],[[[107.3982279,-6.9199413],[107.3992538,-6.9202309],[107.4000639,-6.9196744],[107.4009168,-6.9195998],[107.4011824,-6.9186972],[107.39854210614132,-6.919414021161991],[107.3982279,-6.9199413]]],[[[107.39974012179411,-6.923954811330719],[107.40130276313363,-6.9245822755599225],[107.4011998,-6.923032],[107.39974012179411,-6.923954811330719]]],[[[107.4003267,-6.9268262],[107.4004675,-6.9271071],[107.4009275,-6.9269647],[107.4023974,-6.9254097],[107.4024396734774,-6.925038791431156],[107.40130276313363,-6.9245822755599225],[107.4012655,-6.9251754],[107.4003267,-6.9268262]]],[[[107.4011099,-6.9180475],[107.4011824,-6.9186972],[107.4144083,-6.9059002],[107.4128714,-6.9054075],[107.4129237,-6.9049296],[107.4124148,-6.9044876],[107.4123752,-6.9025903],[107.4119917,-6.9020598],[107.4124369,-6.9012776],[107.4132027,-6.9008968],[107.4134655,-6.899612],[107.4137981,-6.8992392],[107.4134602,-6.8987466],[107.413428,-6.8983366],[107.4129854,-6.8982513],[107.4125549,-6.89733],[107.4122907,-6.8973407],[107.4118938,-6.8968694],[107.411421,-6.896878],[107.4114083,-6.8967362],[107.4116054,-6.8958562],[107.4120399,-6.8956977],[107.4124047,-6.8947205],[107.41274,-6.8943983],[107.4126944,-6.8939363],[107.4122411,-6.8933478],[107.4130525,-6.8933305],[107.4133354,-6.8930416],[107.413255,-6.892308],[107.4139161,-6.8923253],[107.4142313,-6.8920656],[107.4142005,-6.8917141],[107.4135688,-6.8916063],[107.4133998,-6.8912681],[107.4132791,-6.8907968],[107.4134052,-6.8902722],[107.4121526,-6.8907702],[107.4120198,-6.8911137],[107.4121982,-6.8914945],[107.4111226,-6.8917328],[107.4107833,-6.8915983],[107.4103756,-6.8910564],[107.4094935,-6.890861],[107.4102402,-6.891115],[107.410963,-6.8918766],[107.412335,-6.891557],[107.4122699,-6.890916],[107.4132791,-6.8917554],[107.4133126,-6.8920909],[107.4128379,-6.8921229],[107.4129492,-6.8928219],[107.4126005,-6.8928618],[107.4120936,-6.8925969],[107.4116577,-6.8928924],[107.4118039,-6.8939123],[107.4111521,-6.8943011],[107.4110086,-6.8946353],[107.4111903,-6.8950527],[107.410444,-6.8959733],[107.4101342,-6.8960652],[107.4097413,-6.8958815],[107.4094999,-6.8961011],[107.4095455,-6.8968707],[107.4097795,-6.8973453],[107.4104655,-6.8977641],[107.4109476,-6.8977454],[107.4113251,-6.898254],[107.411014,-6.8990009],[107.4115008,-6.8992459],[107.4119635,-6.899168],[107.4120212,-6.8995428],[107.4109751,-6.8997545],[107.410562,-6.9014161],[107.409988,-6.9018155],[107.4094436,-6.9018581],[107.409125,-6.902342],[107.408773,-6.9018781],[107.4087623,-6.9003776],[107.4080864,-6.899853],[107.4078999,-6.8988105],[107.4077712,-6.898708],[107.4073488,-6.8991554],[107.4076116,-6.8995029],[107.4075526,-6.8999302],[107.4079509,-6.9007204],[107.4075875,-6.9009354],[107.4076156,-6.9010925],[107.40814,-6.9012257],[107.4077833,-6.9023853],[107.4080589,-6.9026369],[107.4079167,-6.9029272],[107.4082111,-6.9040429],[107.4084713,-6.9044649],[107.40895,-6.9044869],[107.4090292,-6.9058562],[107.4098264,-6.9072941],[107.4080247,-6.9088052],[107.4072884,-6.9080903],[107.407617,-6.9074539],[107.4080461,-6.9074632],[107.4081601,-6.9073074],[107.4078624,-6.906699],[107.4073568,-6.906928],[107.4073353,-6.9066244],[107.4063845,-6.9066071],[107.4063322,-6.9059747],[107.405836,-6.9052425],[107.4055731,-6.9040256],[107.4047443,-6.9036688],[107.4039182,-6.9039497],[107.4038592,-6.9041294],[107.4040228,-6.904204],[107.4045807,-6.9041108],[107.4048677,-6.9042519],[107.4050957,-6.9046034],[107.405042,-6.9052371],[107.4043702,-6.9058203],[107.4048892,-6.9060506],[107.4049669,-6.9067083],[107.4055007,-6.9070238],[107.4050307,-6.9075151],[107.4058467,-6.9078653],[107.4058279,-6.9086588],[107.4061686,-6.9090795],[107.4055624,-6.9111138],[107.4053371,-6.9128259],[107.4050367,-6.9128792],[107.4046773,-6.912525],[107.4045056,-6.9127221],[107.4047336,-6.9131055],[107.4053425,-6.9135129],[107.4054041,-6.9138404],[107.4044359,-6.9149694],[107.4038981,-6.9151398],[107.4035199,-6.9154979],[107.4028695,-6.9154114],[107.4029499,-6.9160717],[107.4022874,-6.9161969],[107.4015096,-6.9168972],[107.4011099,-6.9180475]]],[[[107.4023277,-6.9246162],[107.4024242,-6.9249677],[107.40443554489322,-6.925840215205022],[107.4043192,-6.9254963],[107.4051064,-6.925439],[107.4055356,-6.9252153],[107.4051493,-6.9246748],[107.4037063,-6.9247334],[107.4035132,-6.924326],[107.4036473,-6.9228962],[107.4042505,-6.9215826],[107.4040925,-6.9210323],[107.404857,-6.9205237],[107.405321,-6.920553],[107.4051627,-6.9195998],[107.4047524,-6.9197889],[107.4045566,-6.9203533],[107.4035025,-6.9208859],[107.4035695,-6.921477],[107.4030706,-6.9216953],[107.4030277,-6.9226459],[107.4026629,-6.9231411],[107.4023277,-6.9246162]]],[[[107.4043393,-6.9510662],[107.4043661,-6.9512686],[107.4043704234529,-6.950961874766251],[107.4043393,-6.9510662]]],[[[107.4043661,-6.9512686],[107.4045485,-6.9516999],[107.4047685,-6.9517478],[107.4053854,-6.9514603],[107.4057287,-6.9515348],[107.4057931,-6.9521419],[107.4051869,-6.953505],[107.4061766,-6.9540482],[107.4064274,-6.9537154],[107.40665,-6.9538552],[107.4066943,-6.9534917],[107.40722,-6.9530285],[107.4073997,-6.9517505],[107.4072535,-6.9512366],[107.4074346,-6.9510928],[107.4077377,-6.9515801],[107.4078342,-6.9526264],[107.4076116,-6.9537181],[107.4070939,-6.9543131],[107.4081266,-6.9546153],[107.4083841,-6.9544422],[107.4085729,-6.9539339],[107.4089634,-6.9538751],[107.4092397,-6.9539923],[107.4096018,-6.9546819],[107.4097869,-6.9546632],[107.4096528,-6.953758],[107.4089929,-6.9531882],[107.4087623,-6.952488],[107.4092558,-6.9518516],[107.408604,-6.9510955],[107.4081856,-6.9501503],[107.4043661,-6.9512686]]],[[[107.4043704234529,-6.950961874766251],[107.40538,-6.9502568],[107.4063671,-6.9500278],[107.4072173,-6.9491306],[107.4078691,-6.9491412],[107.4081132,-6.9489069],[107.4081668,-6.9484024],[107.4088132,-6.9476555],[107.4082902,-6.9463855],[107.408773,-6.9465772],[107.410208,-6.9465852],[107.4108517,-6.9471869],[107.4116296,-6.9468781],[107.4119461,-6.9465213],[107.4112192,-6.9460021],[107.4105245,-6.945845],[107.4106613,-6.9455575],[107.4115223,-6.9453791],[107.411592,-6.9451954],[107.4113426,-6.9444499],[107.4109,-6.944583],[107.411238,-6.9432544],[107.4100953,-6.9435845],[107.4099119,-6.9432839],[107.410098,-6.9430387],[107.4113452,-6.9427938],[107.4109161,-6.9423971],[107.4106264,-6.941561],[107.4119072,-6.9405666],[107.40987,-6.9400008],[107.4094892,-6.9396679],[107.4098352,-6.9393032],[107.4110717,-6.9393697],[107.4118039,-6.9390156],[107.411238,-6.9385763],[107.4119367,-6.9379785],[107.4119219,-6.9375512],[107.4125737,-6.9369654],[107.4132523,-6.9359723],[107.4129103,-6.9349006],[107.4136144,-6.934428],[107.4138477,-6.9339754],[107.4135473,-6.9327213],[107.4137995,-6.9321541],[107.4137941,-6.9316243],[107.4123511,-6.9311051],[107.4124745,-6.930301],[107.4121714,-6.9292386],[107.4110529,-6.9281576],[107.410031,-6.9292226],[107.4096554,-6.9292972],[107.4093416,-6.9290282],[107.4092424,-6.9284158],[107.408604,-6.9286422],[107.4085316,-6.9276943],[107.407676,-6.9275665],[107.4069786,-6.9271298],[107.4059835,-6.9272922],[107.405549,-6.9266292],[107.4056402,-6.9263869],[107.4047229,-6.9259556],[107.4043704234529,-6.950961874766251]]],[[[107.40443554489322,-6.925840215205022],[107.40446,-6.925865],[107.4047229,-6.9259556],[107.40443554489322,-6.925840215205022]]],[[[107.4063071,-6.9163606],[107.4066722,-6.9164761],[107.407487,-6.9159683],[107.4079932,-6.9159001],[107.408272,-6.9165576],[107.4089425,-6.9170669],[107.4087143,-6.9178485],[107.4099254,-6.9179136],[107.4105349,-6.9184176],[107.4113426,-6.9178208],[107.4120866,-6.9169212],[107.4119698,-6.9165058],[107.4121927,-6.9159824],[107.4118433,-6.9156447],[107.4119309,-6.915502],[107.4123378,-6.9153861],[107.4126439,-6.9150278],[107.4141478,-6.9151191],[107.413977,-6.9146431],[107.4147847,-6.9146835],[107.415028,-6.9143252],[107.4160639,-6.9136823],[107.4161948,-6.9137333],[107.4161223,-6.9141899],[107.4153597,-6.9152174],[107.4161064,-6.916749],[107.4169592,-6.9169089],[107.4179641,-6.9173972],[107.4219048,-6.9165411],[107.4218628,-6.9167915],[107.4205395,-6.9175669],[107.420097,-6.917629],[107.4198484,-6.917932],[107.4189938,-6.9179293],[107.4185851,-6.9181384],[107.4188364,-6.9193292],[107.4195352,-6.9199545],[107.42088451188471,-6.919962424927872],[107.43097987736519,-6.918100782884593],[107.4305478,-6.9176834],[107.4299061,-6.9177602],[107.4295918,-6.917501],[107.4287156,-6.9182655],[107.4284932,-6.9179491],[107.4279843,-6.9179184],[107.4277785,-6.9176976],[107.4277907,-6.9175109],[107.4285541,-6.9170331],[107.4281491,-6.9165806],[107.4286824,-6.9160908],[107.4287068,-6.9155109],[107.429105,-6.9146059],[107.4291699,-6.9141529],[107.4290298,-6.9140677],[107.4282181,-6.9143224],[107.4274986,-6.9148519],[107.426764,-6.9148826],[107.4263126,-6.9143818],[107.4259995,-6.9144578],[107.4251907,-6.9151572],[107.4250071,-6.9151221],[107.4247482,-6.914417],[107.4252505,-6.913758],[107.4245892,-6.9128106],[107.4241662,-6.9131143],[107.423124,-6.9129166],[107.4226682,-6.9136635],[107.4222301,-6.9139754],[107.4206834,-6.9143269],[107.4202054,-6.9138832],[107.4189901,-6.9134488],[107.4185263,-6.9129148],[107.4185968,-6.9124595],[107.4181859,-6.9122494],[107.4178613,-6.9117767],[107.4162563,-6.9119623],[107.4158895,-6.9121846],[107.4155385,-6.9118344],[107.414863,-6.9116839],[107.4142889,-6.9108995],[107.4120715,-6.9099851],[107.4117469,-6.910231],[107.4118531,-6.9110704],[107.411444,-6.9130058],[107.4098006,-6.9143542],[107.4080836,-6.9147678],[107.4074729,-6.9157302],[107.4066175,-6.9159526],[107.4063071,-6.9163606]]],[[[107.4072511,-6.922553],[107.4080013,-6.923591],[107.4086179,-6.923497],[107.4091575,-6.9231633],[107.4072511,-6.922553]]],[[[107.4073048,-6.9224666],[107.41898101708549,-6.920313440050035],[107.4180827,-6.9196682],[107.4175006,-6.9182736],[107.4169574,-6.917982],[107.4157454,-6.9178011],[107.4156039,-6.918112],[107.4156959,-6.9187074],[107.4166212,-6.9195927],[107.4167451,-6.9199562],[107.4162055,-6.9199088],[107.4155968,-6.9207044],[107.4153509,-6.9206851],[107.4156623,-6.9196998],[107.4151934,-6.9186179],[107.4149528,-6.9184975],[107.4150873,-6.9170353],[107.414928,-6.9166902],[107.4145972,-6.9174182],[107.4137765,-6.9177192],[107.4129358,-6.9185353],[107.4117318,-6.9191202],[107.4118822,-6.9194223],[107.4129075,-6.9197683],[107.4129146,-6.9199229],[107.4120052,-6.9201951],[107.4122529,-6.9207817],[107.412129,-6.9210083],[107.4113205,-6.9202039],[107.4111382,-6.9202127],[107.4104836,-6.9204744],[107.4104075,-6.9212788],[107.4101651,-6.921407],[107.4095972,-6.9208748],[107.4096556,-6.9202109],[107.4088988,-6.9201442],[107.4085568,-6.9203602],[107.4083286,-6.9213385],[107.4073048,-6.9224666]]],[[[107.4081561,-6.9500625],[107.40816303801313,-6.950114997126429],[107.40836027807471,-6.950055070759172],[107.4081561,-6.9500625]]],[[[107.40836027807471,-6.950055070759172],[107.4086992,-6.9500864],[107.4089025078654,-6.9498903280526765],[107.40836027807471,-6.950055070759172]]],[[[107.4089025078654,-6.9498903280526765],[107.40976001563841,-6.949629796164183],[107.4101731,-6.9488111],[107.4097842,-6.9485981],[107.4096099,-6.9487312],[107.4089025078654,-6.9498903280526765]]],[[[107.40924669368658,-6.9231543616134985],[107.41037196282757,-6.9235528988379516],[107.4100524,-6.9230799],[107.40924669368658,-6.9231543616134985]]],[[[107.4092853,-6.9506136],[107.409406,-6.9508479],[107.4099961,-6.9507654],[107.4104628,-6.9510795],[107.4105754,-6.9516333],[107.4102965,-6.9525599],[107.4104279,-6.9531243],[107.4105781,-6.9531536],[107.4112852,-6.9523152],[107.4114525,-6.951849],[107.4118602,-6.9518516],[107.4119353,-6.9540908],[107.411356,-6.9547724],[107.411415,-6.9549747],[107.4118656,-6.9549854],[107.4118441,-6.9552037],[107.4113238,-6.9558054],[107.4113077,-6.9561249],[107.411828,-6.9562421],[107.4123645,-6.9560557],[107.4127239,-6.9561941],[107.414006,-6.9554433],[107.4143225,-6.9548256],[107.414073,-6.9542319],[107.4147946,-6.9539071],[107.4139282,-6.9531403],[107.4139872,-6.9528022],[107.4145183,-6.9524374],[107.4137217,-6.9517638],[107.4134374,-6.9507494],[107.4121982,-6.9501077],[107.4127614,-6.9493675],[107.4125764,-6.9488457],[107.40976001563841,-6.949629796164183],[107.4092853,-6.9506136]]],[[[107.41037196282757,-6.9235528988379516],[107.4109161,-6.9239746],[107.4112956,-6.9239213],[107.41037196282757,-6.9235528988379516]]],[[[107.41140403023853,-6.92391842675161],[107.4142230616347,-6.924916844736556],[107.4149126,-6.9249677],[107.4150976,-6.9248106],[107.4144888,-6.9242329],[107.4137378,-6.9240225],[107.4134575,-6.9235099],[107.4124798,-6.9241423],[107.41140403023853,-6.92391842675161]]],[[[107.412571,-6.9487152],[107.41442391256051,-6.948212789915263],[107.4144781,-6.9478393],[107.4141535,-6.9472562],[107.4144217,-6.9463802],[107.4143198,-6.9453418],[107.4146739,-6.9446096],[107.4156019,-6.9442608],[107.4158728,-6.943707],[107.4157575,-6.9435127],[107.4153149,-6.9436351],[107.4145934,-6.9432624],[107.4145693,-6.9431186],[107.4152023,-6.9427219],[107.415323,-6.9423465],[107.4149877,-6.9417647],[107.4147476,-6.9416742],[107.4137659,-6.9417847],[107.4135219,-6.9423957],[107.413145,-6.9425515],[107.4133623,-6.9431213],[107.4132872,-6.9436005],[107.4140811,-6.9442662],[107.413829,-6.9447454],[107.4139899,-6.9456986],[107.4136814,-6.947344],[107.413263,-6.9481215],[107.412571,-6.9487152]]],[[[107.4127132,-6.9252713],[107.412858,-6.9263097],[107.4133623,-6.9268795],[107.4141106,-6.9269541],[107.4146283,-6.9267783],[107.4150359,-6.9269967],[107.4159801,-6.9269328],[107.4165923,-6.9273155],[107.4165393,-6.9268422],[107.4167445,-6.9263576],[107.4168759,-6.9262378],[107.4171013,-6.9263816],[107.4179757,-6.9277955],[107.4174419,-6.9282188],[107.4178362,-6.9289404],[107.4177396,-6.930064],[107.4171066,-6.9308255],[107.4177128,-6.9311823],[107.4184155,-6.9309507],[107.4189018,-6.9304478],[107.419399,-6.9305954],[107.4200536,-6.9303934],[107.4207914,-6.9308377],[107.4208976,-6.9298524],[107.4217256,-6.9291112],[107.4209454,-6.9286546],[107.420956,-6.92801],[107.4216442,-6.92814],[107.42232749038773,-6.927787194969527],[107.4142230616347,-6.924916844736556],[107.4139604,-6.9251169],[107.4132201,-6.9247441],[107.4127132,-6.9252713]]],[[[107.4136198,-6.9493409],[107.4141374,-6.9494421],[107.4143574,-6.9497509],[107.4147543,-6.9492584],[107.4153256,-6.9493622],[107.4156765,-6.9506065],[107.4149638,-6.9512738],[107.4155656,-6.9517419],[107.4156325,-6.9522065],[107.4159492,-6.952369],[107.4159624,-6.9527567],[107.4164094,-6.9526965],[107.4167288,-6.9532397],[107.4170447,-6.9533585],[107.4171458,-6.9541367],[107.4174467,-6.9541472],[107.4174291,-6.9535847],[107.4176491,-6.9533934],[107.4172523,-6.9528869],[107.4175083,-6.9527305],[107.4169206,-6.9523445],[107.4169224,-6.9519917],[107.4163663,-6.9513087],[107.416639,-6.9508886],[107.4166866,-6.9502449],[107.4172013,-6.9508624],[107.4174599,-6.9508292],[107.4176122,-6.9494466],[107.4167701,-6.9489043],[107.4172409,-6.9485139],[107.4170297,-6.9480318],[107.4163681,-6.9481104],[107.4160038388908,-6.947732769554551],[107.41442391256051,-6.948212789915263],[107.4144781,-6.9483824],[107.4136198,-6.9493409]]],[[[107.4144083,-6.9059002],[107.4151969,-6.9061638],[107.4159533,-6.905104],[107.4144083,-6.9059002]]],[[[107.4153444,-6.9036049],[107.4159989,-6.9039058],[107.4159908,-6.9050081],[107.41680725218454,-6.904635891312955],[107.4166694,-6.9033492],[107.4176484,-6.9029285],[107.4180534,-6.9025185],[107.4182841,-6.9018741],[107.4180789,-6.9013096],[107.417812,-6.9013948],[107.4177852,-6.9019779],[107.4170262,-6.9024971],[107.416251,-6.9019167],[107.4153444,-6.9036049]]],[[[107.4155295,-6.9384192],[107.4159291,-6.9390582],[107.4164468,-6.9394363],[107.4164897,-6.939825],[107.4170127,-6.9401046],[107.417568,-6.9397957],[107.4174258,-6.9394416],[107.4176055,-6.9389757],[107.4181259,-6.9390529],[107.4179623,-6.9386642],[107.4180776,-6.9385683],[107.4189466,-6.9386588],[107.4190915,-6.9391221],[107.4185953,-6.9404108],[107.4190029,-6.9408847],[107.4202207,-6.9396679],[107.4207249,-6.9401738],[107.42291544274335,-6.940847415582671],[107.4268524,-6.9356421],[107.4264917,-6.9359124],[107.426367,-6.9354225],[107.425573,-6.9355955],[107.424991,-6.9353346],[107.4244398,-6.936188],[107.4239932,-6.9364755],[107.4233159,-6.9359856],[107.423206,-6.9364529],[107.4235453,-6.9370187],[107.4232328,-6.9372929],[107.4223839,-6.9366419],[107.4216986,-6.9369002],[107.421197,-6.9367671],[107.4209154,-6.9373262],[107.4210187,-6.9375113],[107.4216409,-6.9375166],[107.4215792,-6.9379905],[107.4219051,-6.9382794],[107.4223188,-6.9384325],[107.4234125,-6.9382834],[107.42402,-6.9386575],[107.4240012,-6.9388093],[107.4236901,-6.9388399],[107.4230048,-6.9387307],[107.4222189,-6.9392632],[107.4210428,-6.9388931],[107.4202501,-6.9380824],[107.4196708,-6.9381197],[107.4196936,-6.937655],[107.4194019,-6.9372776],[107.4196064,-6.9368549],[107.419353,-6.9365927],[107.4196413,-6.9360468],[107.4196212,-6.9354864],[107.4193141,-6.9353066],[107.4182573,-6.9357726],[107.4183834,-6.9349419],[107.418846,-6.9343361],[107.4178845,-6.934175],[107.4175787,-6.9347741],[107.4167713,-6.9350936],[107.4162751,-6.9355436],[107.4161705,-6.9359084],[107.4165997,-6.9372983],[107.4155295,-6.9384192]]],[[[107.4158982,-6.9474798],[107.4160038388908,-6.947732769554551],[107.41770629428281,-6.947215521860343],[107.4173456,-6.9471077],[107.4173922,-6.9457444],[107.4171018,-6.9453094],[107.4166461,-6.9463488],[107.4163936,-6.9461112],[107.4161613,-6.9462073],[107.4162871,-6.946671],[107.4158982,-6.9474798]]],[[[107.4164951,-6.9074898],[107.4173292,-6.907141],[107.4186248,-6.9075697],[107.4195206,-6.9083286],[107.4205613,-6.9098943],[107.4207115,-6.9098517],[107.4210039,-6.9080383],[107.4222162,-6.9068721],[107.4236016,-6.9064141],[107.4234956,-6.905775],[107.4239409,-6.9054235],[107.423965,-6.9050987],[107.4228841,-6.9047578],[107.4227232,-6.9043025],[107.4218756,-6.9036554],[107.4214303,-6.9028247],[107.4210146,-6.9025344],[107.41798630091573,-6.904014502707173],[107.4180239,-6.9042812],[107.4172327,-6.9057936],[107.4184155,-6.9062077],[107.4185148,-6.9064726],[107.4181688,-6.9066724],[107.4169108,-6.9065086],[107.4167579,-6.9072262],[107.4164951,-6.9074898]]],[[[107.41680725218454,-6.904635891312955],[107.4172005,-6.9046673],[107.4175787,-6.9042359],[107.41680725218454,-6.904635891312955]]],[[[107.41758753846389,-6.904224660639945],[107.41798630091573,-6.904014502707173],[107.4177691,-6.9040016],[107.41758753846389,-6.904224660639945]]],[[[107.41770629428281,-6.947215521860343],[107.4177943,-6.9472152],[107.4178194709444,-6.947181136015335],[107.41770629428281,-6.947215521860343]]],[[[107.4178194709444,-6.947181136015335],[107.4182162,-6.9470606],[107.4180098,-6.9469676],[107.4178194709444,-6.947181136015335]]],[[[107.4179971,-6.9435073],[107.418732,-6.9443993],[107.4188179,-6.9449717],[107.4191612,-6.9451395],[107.4192014,-6.945648],[107.42039573141243,-6.9441788951491725],[107.4201912,-6.9441064],[107.4201402,-6.943715],[107.4195662,-6.943052],[107.4190995,-6.9430574],[107.4192417,-6.9421255],[107.4181473,-6.9424476],[107.4179971,-6.9435073]]],[[[107.4182162,-6.9470606],[107.4187642,-6.9474346],[107.4183673,-6.9481907],[107.4183297,-6.9490214],[107.4191236,-6.9503473],[107.4195072,-6.950129],[107.4190888,-6.9493862],[107.4190432,-6.9486513],[107.4199846,-6.9485581],[107.4197754,-6.9479058],[107.4207491,-6.9477434],[107.4214035,-6.9482147],[107.4215645,-6.9487578],[107.4212104,-6.949703],[107.4213096,-6.9511914],[107.4209502,-6.953095],[107.4210455,-6.954192],[107.4215081,-6.9542639],[107.4214089,-6.9535556],[107.4216744,-6.952874],[107.4216342,-6.9517984],[107.4222645,-6.951194],[107.4220204,-6.9511088],[107.4219158,-6.9506775],[107.4220365,-6.9498361],[107.4223986,-6.9494288],[107.4230719,-6.9499906],[107.4232167,-6.9494661],[107.4227044,-6.9487552],[107.4231362,-6.9485555],[107.4230316,-6.9482626],[107.4224013,-6.9478046],[107.4228734,-6.9475597],[107.4226186,-6.9473387],[107.4226347,-6.9470299],[107.4219051,-6.9470671],[107.4216261,-6.9466811],[107.4198693,-6.9468515],[107.4197084,-6.9466012],[107.4198586,-6.9461006],[107.419357,-6.9457252],[107.4182162,-6.9470606]]],[[[107.41898101708549,-6.920313440050035],[107.4196485,-6.9209117],[107.4200873,-6.9209644],[107.4201545,-6.921616],[107.4204765,-6.9218057],[107.4208976,-6.9207677],[107.4219485,-6.921075],[107.4221308,-6.9209117],[107.42091,-6.9199755],[107.41898101708549,-6.920313440050035]]],[[[107.4201724,-6.9411057],[107.4209395,-6.9417154],[107.4211219,-6.9421894],[107.4212453,-6.9429109],[107.4209368,-6.9433955],[107.42229847881137,-6.941663145030503],[107.4214143,-6.9415583],[107.4204916,-6.9410392],[107.4201724,-6.9411057]]],[[[107.42039573141243,-6.9441788951491725],[107.4206069,-6.9446389],[107.4209046,-6.9446868],[107.4212131,-6.9450809],[107.4216422,-6.9448652],[107.4220848,-6.9449291],[107.4220848,-6.9446336],[107.4213552,-6.9443141],[107.4209663,-6.9435606],[107.42039573141243,-6.9441788951491725]]],[[[107.4209288,-6.8986548],[107.4214303,-6.8998743],[107.4224442,-6.9001379],[107.4233079,-6.9011045],[107.42426201771315,-6.9007070406762345],[107.4231791,-6.8998503],[107.421779,-6.8994909],[107.4214196,-6.8987107],[107.4211675,-6.8985323],[107.4209288,-6.8986548]]],[[[107.42097849859117,-6.9024375385897585],[107.42192947102915,-6.9019363519791135],[107.4218488,-6.9017995],[107.4215886,-6.9017622],[107.4214974,-6.9021244],[107.42097849859117,-6.9024375385897585]]],[[[107.42192947102915,-6.9019363519791135],[107.4221733,-6.9023294],[107.4230504,-6.9027155],[107.4234822,-6.9013388],[107.4233615,-6.9011897],[107.42192947102915,-6.9019363519791135]]],[[[107.42229847881137,-6.941663145030503],[107.4225032,-6.9419178],[107.4226454,-6.9429775],[107.423096,-6.9428976],[107.4232623,-6.9432224],[107.4231282,-6.9436777],[107.4235466,-6.9440079],[107.4238068,-6.9438614],[107.4237585,-6.9432145],[107.4245524,-6.9434301],[107.4246168,-6.9431479],[107.4247456,-6.9432491],[107.4254188,-6.9429429],[107.425231,-6.9426314],[107.4238229,-6.9426367],[107.4233428,-6.942232],[107.4232569,-6.9415211],[107.4243566,-6.9414518],[107.4245176,-6.9413107],[107.4243754,-6.9410951],[107.4230209,-6.9407596],[107.42229847881137,-6.941663145030503]]],[[[107.42232749038773,-6.927787194969527],[107.4306265663044,-6.930726483501362],[107.4305083,-6.9298856],[107.430008,-6.9292106],[107.431689,-6.9285206],[107.4315666,-6.9267693],[107.4299642,-6.927304],[107.4297725,-6.9269367],[107.4294285,-6.926775],[107.4304537,-6.9262556],[107.4308507,-6.9256473],[107.4321033,-6.9254579],[107.4326594,-6.9257958],[107.4330418,-6.9254215],[107.4340767,-6.9250542],[107.4339649,-6.9247941],[107.4331651,-6.9245396],[107.4333771,-6.9237438],[107.4331594,-6.9233459],[107.4326776,-6.9234607],[107.4317959,-6.9241274],[107.4320725,-6.9230379],[107.4331093,-6.9225998],[107.4336623,-6.9220852],[107.4343734,-6.9219187],[107.4343927,-6.921649],[107.4337298,-6.9212492],[107.4328819,-6.9214941],[107.4323114,-6.9211994],[107.4321716,-6.9216738],[107.4317853,-6.9219551],[107.4314828,-6.9219934],[107.4308796,-6.9215687],[107.4306965,-6.9217007],[107.4307197,-6.9223492],[107.4299373,-6.9221502],[107.4303188,-6.9231603],[107.4299392,-6.9231297],[107.4294324,-6.9227127],[107.4290585,-6.9229097],[107.4284977,-6.9227662],[107.4285767,-6.9233095],[107.4295634,-6.9239714],[107.4288928,-6.9238241],[107.4277192,-6.9238968],[107.4273684,-6.9236807],[107.4270562,-6.9246793],[107.4266785,-6.925016],[107.426904,-6.9252188],[107.4266612,-6.9265789],[107.4257815,-6.9261724],[107.4253363,-6.9262269],[107.4249441,-6.9265732],[107.4242486,-6.9261342],[107.42387,-6.9270862],[107.4230066,-6.9272337],[107.42232749038773,-6.927787194969527]]],[[[107.4229163,-6.9582576],[107.4233548,-6.9589152],[107.4236754,-6.9587261],[107.4257112,-6.9587821],[107.4263737,-6.9583002],[107.4269074,-6.9583215],[107.4278757,-6.957741],[107.4285462,-6.9570382],[107.42830798421431,-6.953783407586195],[107.4274278,-6.9537074],[107.4261108,-6.9549002],[107.4262181,-6.9552117],[107.4252337,-6.955888],[107.4252659,-6.9563592],[107.4258828,-6.9565483],[107.4274975,-6.955454],[107.4278355,-6.9552996],[107.427932,-6.9554114],[107.426489,-6.957134],[107.4262074,-6.9579487],[107.4243218,-6.9583933],[107.4229163,-6.9582576]]],[[[107.4233615,-6.9098314],[107.423721,-6.9109194],[107.4237028,-6.9115695],[107.4255212,-6.9113361],[107.4273934,-6.9103357],[107.4277054,-6.9105005],[107.4276899,-6.9107245],[107.43574291167634,-6.905372500155187],[107.4351589,-6.9056199],[107.4332888,-6.9057775],[107.4327857,-6.9055701],[107.4325465,-6.9052192],[107.4320833,-6.9056084],[107.4303514,-6.9062916],[107.4285371,-6.9064265],[107.427652,-6.9066879],[107.426778,-6.9063804],[107.4254371,-6.9086078],[107.4249945,-6.9088429],[107.424,-6.9089678],[107.4235009,-6.909313],[107.4233615,-6.9098314]]],[[[107.423788,-6.9523655],[107.4238336,-6.9525013],[107.4246249,-6.9524587],[107.4240482,-6.9530924],[107.4239221,-6.9536036],[107.424126,-6.9540349],[107.4246624,-6.954144],[107.4251506,-6.9534997],[107.4256951,-6.9532415],[107.4259821,-6.9534545],[107.4264434,-6.9528128],[107.4268967,-6.952717],[107.4275297,-6.9529779],[107.42822049543732,-6.952693013228923],[107.42812746995126,-6.951533613491645],[107.4269718,-6.9513671],[107.4265453,-6.9515534],[107.426253,-6.9513964],[107.4258882,-6.9517691],[107.4244881,-6.9515348],[107.423788,-6.9523655]]],[[[107.42426201771315,-6.9007070406762345],[107.4245363,-6.9011977],[107.4244827,-6.9024093],[107.4246436,-6.9024732],[107.4248984,-6.902388],[107.4249454,-6.901673],[107.4252015,-6.9013681],[107.4252766,-6.9008196],[107.4254215,-6.9007237],[107.4258171,-6.9012836],[107.4263549,-6.9005879],[107.4269463,-6.9005081],[107.4273473,-6.9006678],[107.4273674,-6.8995122],[107.4282244,-6.8993418],[107.428852,-6.8985882],[107.42891492956815,-6.898254838036992],[107.42426201771315,-6.9007070406762345]]],[[[107.4246061,-6.962608],[107.4253356,-6.9631245],[107.4251747,-6.9635105],[107.4254966,-6.9638061],[107.4252015,-6.9651426],[107.4255422,-6.9650494],[107.4261805,-6.9643812],[107.4263173,-6.9637209],[107.4274626,-6.9632816],[107.4275699,-6.9634786],[107.4268404,-6.9656165],[107.4256843,-6.9660212],[107.4253061,-6.9668119],[107.4256119,-6.9669477],[107.4260974,-6.9664232],[107.42654,-6.9664605],[107.4265534,-6.9666788],[107.4269289,-6.9667827],[107.4273071,-6.9674775],[107.4272293,-6.9678902],[107.4276584,-6.9684706],[107.4278516,-6.9683561],[107.4277979,-6.9660665],[107.4283236,-6.9647299],[107.42925297707849,-6.965561088360242],[107.42909902768967,-6.9636423788910715],[107.4287876,-6.9628609],[107.4289271,-6.9621793],[107.4284068,-6.9618013],[107.4286562,-6.9612794],[107.4283317,-6.960952],[107.42881907824959,-6.96015329948826],[107.4285831188905,-6.957212479390844],[107.4283531,-6.9576186],[107.4284282,-6.9580073],[107.4277443,-6.958428],[107.4277443,-6.958822],[107.4271649,-6.9590164],[107.4265721,-6.9588167],[107.4261752,-6.9589258],[107.4256307,-6.9593758],[107.425164,-6.960273],[107.4247563,-6.9606218],[107.4251613,-6.960936],[107.4252605,-6.961567],[107.425864,-6.9614818],[107.4263629,-6.9601665],[107.4270871,-6.9600787],[107.4272802,-6.9602065],[107.4273366,-6.9616282],[107.4271327,-6.9619264],[107.4261349,-6.9626506],[107.4250674,-6.9624562],[107.4246061,-6.962608]]],[[[107.4246731,-6.9482679],[107.4249172,-6.9483638],[107.4260142,-6.9475703],[107.4267706,-6.947605],[107.4263012,-6.9481774],[107.4266016,-6.9486806],[107.4260947,-6.9493782],[107.4254295,-6.9497669],[107.4261966,-6.9502808],[107.4270576,-6.9501184],[107.4274063,-6.9494022],[107.4278596,-6.9490294],[107.427685537903,-6.946025704611528],[107.4273929,-6.945656],[107.4271864,-6.9457199],[107.4270979,-6.9465639],[107.426092,-6.9466917],[107.4255556,-6.9462231],[107.4251989,-6.946287],[107.4253088,-6.9471683],[107.4246731,-6.9482679]]],[[[107.4256213,-6.9037686],[107.4256642,-6.9038871],[107.4264917,-6.903517],[107.428219,-6.9022495],[107.4296513,-6.9018048],[107.4306491,-6.9017968],[107.4315208,-6.9011445],[107.4320975,-6.9011498],[107.433453,-6.9005164],[107.4344267,-6.9006056],[107.4338221,-6.8989104],[107.4338357,-6.8974086],[107.4328813,-6.8961657],[107.42991526068627,-6.897727638149179],[107.4301931,-6.8985988],[107.4299598,-6.8995282],[107.4284081,-6.9001912],[107.4281251,-6.9013761],[107.4267894,-6.9015519],[107.4263602,-6.9018448],[107.426253,-6.9031282],[107.4256213,-6.9037686]]],[[[107.4259311,-6.9380291],[107.4261095,-6.9381889],[107.4270254,-6.9380464],[107.42689088064678,-6.936121693858346],[107.4264742,-6.9363091],[107.4263374,-6.9366701],[107.4263442,-6.9369495],[107.426603,-6.9370027],[107.4266566,-6.9372557],[107.4259311,-6.9380291]]],[[[107.4263468,-6.893923],[107.4268484,-6.8939949],[107.4275592,-6.8944103],[107.4275887,-6.8949748],[107.4281359,-6.8952916],[107.4286254,-6.8962156],[107.4289191,-6.8981808],[107.42991526068627,-6.897727638149179],[107.4293965,-6.8958215],[107.4287367,-6.8948629],[107.4282002,-6.8945381],[107.4281251,-6.8942318],[107.4274439,-6.8941679],[107.4267358,-6.8935102],[107.4263468,-6.893923]]],[[[107.4263817,-6.8854511],[107.4266767,-6.8854844],[107.4274868,-6.8862913],[107.4282579,-6.8862899],[107.428844,-6.8866161],[107.4295145,-6.8872925],[107.4302575,-6.8868957],[107.4306464,-6.8876653],[107.4306692,-6.8885733],[107.4316066,-6.889263],[107.4319285,-6.8893349],[107.43242,-6.8890393],[107.433798,-6.8898648],[107.4343049,-6.8898701],[107.4343586,-6.8907196],[107.434769,-6.8909672],[107.4347073,-6.8913693],[107.4349514,-6.8917421],[107.4354599,-6.8919146],[107.4360967,-6.8917554],[107.4360363,-6.8923479],[107.436676,-6.893409],[107.4365956,-6.8941227],[107.43846408354445,-6.891209067240235],[107.4376919,-6.8917068],[107.4375144,-6.8911198],[107.4368781,-6.8905246],[107.4364602,-6.8903939],[107.4363166,-6.8898062],[107.4364158,-6.8884482],[107.4358875,-6.8872153],[107.4356434,-6.8871966],[107.4359572,-6.8881899],[107.4354918,-6.8900565],[107.4352035,-6.8892151],[107.4347435,-6.8887784],[107.4341977,-6.8888889],[107.4326795,-6.8881473],[107.4319473,-6.8875428],[107.4320412,-6.8883656],[107.4319017,-6.8884042],[107.4311587,-6.8879742],[107.4311373,-6.8871061],[107.4308073,-6.8869996],[107.4305016,-6.8864004],[107.4297814,-6.886455],[107.429662,-6.8860676],[107.4294502,-6.8859957],[107.4283075,-6.8860196],[107.4281681,-6.8856815],[107.4283156,-6.8850797],[107.42735,-6.8846589],[107.4270684,-6.88341],[107.4270912,-6.8846922],[107.4281976,-6.8851356],[107.4281573,-6.8853273],[107.4272722,-6.8857161],[107.4269503,-6.8856176],[107.4268269,-6.885314],[107.4263817,-6.8854511]]],[[[107.4264129,-6.9124102],[107.4269417,-6.9128254],[107.4277383,-6.9130385],[107.4282915,-6.9129528],[107.4290881,-6.9123663],[107.4297829,-6.9124454],[107.4308558,-6.912076],[107.4307808,-6.9133724],[107.4309234,-6.9138399],[107.4299488,-6.9155075],[107.4301502,-6.9159468],[107.4305905,-6.9161643],[107.4309136,-6.9160435],[107.431381,-6.914881],[107.4311787,-6.9141375],[107.4313429,-6.9134163],[107.4322479,-6.9126145],[107.4276899,-6.9107245],[107.4264129,-6.9124102]]],[[[107.4265011,-6.9391447],[107.4269302,-6.9393897],[107.4269852,-6.9400939],[107.42721452998545,-6.940155415950918],[107.42708371476834,-6.938525033409445],[107.4265011,-6.9391447]]],[[[107.4268524,-6.9356421],[107.42689088064678,-6.936121693858346],[107.4273138,-6.9359071],[107.4272682,-6.9349925],[107.4268524,-6.9356421]]],[[[107.42704506286474,-6.938043305134899],[107.42708371476834,-6.938525033409445],[107.4273191,-6.9381569],[107.42704506286474,-6.938043305134899]]],[[[107.42721452998545,-6.940155415950918],[107.42749730838547,-6.9436797533839],[107.4278837,-6.9434354],[107.427924,-6.9428444],[107.4285114,-6.9429349],[107.4292731,-6.943486],[107.4292946,-6.9428763],[107.4298659,-6.9420057],[107.4298726,-6.9416795],[107.4295185,-6.9414665],[107.4290948,-6.9417993],[107.4286529,-6.9414319],[107.4281426,-6.9417966],[107.4278516,-6.940938],[107.4288627,-6.9404348],[107.4297425,-6.9403176],[107.4297492,-6.9400447],[107.429131,-6.9396],[107.4286401,-6.9387467],[107.4276289,-6.9392712],[107.42721452998545,-6.940155415950918]]],[[[107.4274439,-6.9438162],[107.42751831558614,-6.943941571343427],[107.42749730838547,-6.9436797533839],[107.4274439,-6.9438162]]],[[[107.42751831558614,-6.943941571343427],[107.427685537903,-6.946025704611528],[107.4279213,-6.9467636],[107.4282539,-6.9470245],[107.4286723,-6.9469819],[107.4290049,-6.9467103],[107.4277657,-6.9450756],[107.4277738,-6.9449052],[107.4282163,-6.9447747],[107.4281627,-6.9441197],[107.42751831558614,-6.943941571343427]]],[[[107.427578,-6.9502542],[107.4280447,-6.9506722],[107.42796981708238,-6.94956874663058],[107.427578,-6.9502542]]],[[[107.42792733260323,-6.949039252015016],[107.42796981708238,-6.94956874663058],[107.4280339,-6.9491359],[107.42792733260323,-6.949039252015016]]],[[[107.4280592934792,-6.950683913187252],[107.42812746995126,-6.951533613491645],[107.4283907,-6.9515002],[107.4284738,-6.9511381],[107.4280592934792,-6.950683913187252]]],[[[107.42822049543732,-6.952693013228923],[107.42830798421431,-6.953783407586195],[107.428742,-6.9535184],[107.4291605,-6.9528687],[107.4289888,-6.9525892],[107.42822049543732,-6.952693013228923]]],[[[107.4284202,-6.9710478],[107.4287501,-6.9711703],[107.42962823714542,-6.97023804777783],[107.42955260375817,-6.969295410087346],[107.4291363,-6.9694903],[107.4293455,-6.9697219],[107.4286455,-6.9704008],[107.4284202,-6.9710478]]],[[[107.42857126998348,-6.957064803519708],[107.4285831188905,-6.957212479390844],[107.4285972,-6.9571313],[107.42857126998348,-6.957064803519708]]],[[[107.42881907824959,-6.96015329948826],[107.42909902768967,-6.9636423788910715],[107.4295011,-6.9642374],[107.4301384,-6.9644021],[107.4305525,-6.9649642],[107.4308369,-6.9650228],[107.430743,-6.9653929],[107.4309066,-6.965502],[107.4310487,-6.9666735],[107.43192017917872,-6.966623929836602],[107.4317649,-6.9673684],[107.4312499,-6.9674909],[107.4309576,-6.9677837],[107.4310085,-6.9680526],[107.4307537,-6.9684014],[107.4309602,-6.9685505],[107.4308395,-6.9689472],[107.4312848,-6.9693226],[107.4312767,-6.9698577],[107.4315007,-6.9701692],[107.4311534,-6.9713367],[107.4313344,-6.9719078],[107.4310434,-6.9723763],[107.4314672,-6.9731191],[107.4312204,-6.9733215],[107.4309495,-6.9730286],[107.4304721,-6.9745861],[107.4307725,-6.9757229],[107.4305096,-6.9757975],[107.4303433,-6.9756404],[107.4300081,-6.9749256],[107.43070982876743,-6.9837181927976495],[107.4309763,-6.9834011],[107.4309012,-6.9861033],[107.4313411,-6.9855815],[107.4312633,-6.9851316],[107.4317783,-6.9862338],[107.4316871,-6.986918],[107.4318185,-6.986918],[107.4319848,-6.9864681],[107.4315825,-6.9843915],[107.4317086,-6.9838963],[107.4324113,-6.9835741],[107.4326313,-6.9832467],[107.4324355,-6.982673],[107.4327533,-6.9825838],[107.4329599,-6.9821777],[107.4327203,-6.9814977],[107.4330249,-6.9813637],[107.4335311,-6.9821019],[107.4341092,-6.9821764],[107.4345531,-6.982062],[107.4352062,-6.9814683],[107.4353725,-6.9806975],[107.4363247,-6.9799773],[107.4363434,-6.9794342],[107.4371293,-6.9783799],[107.437132,-6.9778768],[107.4375638,-6.9769063],[107.4380667,-6.976704],[107.4405169,-6.9776212],[107.440061,-6.9781457],[107.439023,-6.9779034],[107.4383953,-6.9780631],[107.4390002,-6.9801903],[107.4392697,-6.9803208],[107.4399832,-6.9801291],[107.4392147,-6.9797976],[107.4390712,-6.9787154],[107.4401844,-6.9785077],[107.4406564,-6.9781004],[107.4408495,-6.9775573],[107.4406028,-6.977134],[107.4397793,-6.9767799],[107.4397954,-6.9762927],[107.4400207,-6.976061],[107.439377,-6.9753955],[107.4389291,-6.9743811],[107.4391249,-6.9738406],[107.4386555,-6.9734999],[107.4382237,-6.972781],[107.4381217,-6.971362],[107.4378186,-6.9706005],[107.4374083,-6.9699882],[107.4366224,-6.9699616],[107.4365956,-6.9696101],[107.4366868,-6.9692294],[107.4370998,-6.9689951],[107.4373278,-6.9692693],[107.4382022,-6.9696421],[107.4387735,-6.9703955],[107.4393207,-6.9707257],[107.4400744,-6.9707922],[107.4403936,-6.9703103],[107.4399671,-6.9702438],[107.4390015,-6.9694584],[107.4389103,-6.9691628],[107.4399617,-6.9691815],[107.4400958,-6.9689711],[107.4396506,-6.9685478],[107.4392939,-6.9684094],[107.4382994,-6.968643],[107.4382907,-6.9684946],[107.438921,-6.9680819],[107.4391195,-6.9677065],[107.4391597,-6.9668545],[107.4396855,-6.9660239],[107.439782,-6.9651905],[107.4394387,-6.9641975],[107.440069,-6.9643599],[107.4401468,-6.9659307],[107.4405867,-6.9662235],[107.4409622,-6.9671101],[107.441268,-6.9670276],[107.4411982,-6.9659919],[107.4408737,-6.965707],[107.440702,-6.9651985],[107.4408469,-6.9649216],[107.4413189,-6.9649589],[107.4409997,-6.9643678],[107.4412572,-6.9641442],[107.4407181,-6.9640643],[107.4397498,-6.9635505],[107.4397981,-6.9629781],[107.4403962,-6.962584],[107.440002,-6.9621926],[107.4398866,-6.9615324],[107.4410561,-6.9604275],[107.4417588,-6.9591974],[107.442416,-6.9591122],[107.443352,-6.9597086],[107.4431267,-6.9595275],[107.4429765,-6.9587474],[107.4430543,-6.9584652],[107.4438644,-6.9577783],[107.4433708,-6.957568],[107.4429283,-6.9577597],[107.4427003,-6.9576212],[107.442416,-6.9580659],[107.4408147,-6.9590323],[107.4403962,-6.959666],[107.4395138,-6.9604248],[107.4393555,-6.9603183],[107.4391544,-6.9595302],[107.4386635,-6.9591681],[107.4384114,-6.9579673],[107.4386072,-6.9578688],[107.4385831,-6.9572911],[107.4389237,-6.9572937],[107.4390149,-6.957126],[107.4388084,-6.9568358],[107.4388942,-6.9560823],[107.4385294,-6.9560717],[107.4380627,-6.956527],[107.4377006,-6.9563432],[107.4374968,-6.9549987],[107.4366868,-6.9542053],[107.4360242,-6.9539763],[107.4361879,-6.9535051],[107.4361101,-6.9528341],[107.4366063,-6.952677],[107.4364722,-6.9522084],[107.4366599,-6.9520673],[107.4366841,-6.9516919],[107.4358445,-6.9508932],[107.4357453,-6.9504246],[107.4351445,-6.9502941],[107.4350935,-6.9496844],[107.4354342,-6.9493063],[107.4355119,-6.9489043],[107.4352759,-6.9480895],[107.4345946,-6.9477194],[107.4335673,-6.9478419],[107.4334386,-6.9476742],[107.4337846,-6.9470565],[107.4337336,-6.94691],[107.4332535,-6.9468674],[107.4332267,-6.9462018],[107.4335942,-6.946303],[107.4336827,-6.9457572],[107.4330658,-6.94523],[107.43274277729678,-6.950898688759629],[107.4321324,-6.9502488],[107.431325,-6.949956],[107.430802,-6.9492504],[107.4299973,-6.948883],[107.4296433,-6.9492397],[107.4295199,-6.9498521],[107.429949,-6.9512872],[107.4304345,-6.9515881],[107.4304801,-6.9524108],[107.4307349,-6.9528874],[107.4299839,-6.9540961],[107.4300456,-6.9545541],[107.4295145,-6.9552064],[107.4301313,-6.9563596],[107.4302173,-6.9572325],[107.4299651,-6.9574721],[107.4299249,-6.9579487],[107.4301381,-6.9585185],[107.4307001,-6.9586889],[107.4311185,-6.9590882],[107.4310327,-6.9597725],[107.4312231,-6.9602331],[107.4306732,-6.9604647],[107.430523,-6.9609307],[107.430692,-6.96133],[107.4312767,-6.9617267],[107.4307135,-6.962182],[107.4307349,-6.9624829],[107.4310085,-6.962797],[107.4315128,-6.9628636],[107.4321136,-6.9623764],[107.4320487136696,-6.964166793342464],[107.4315879,-6.9635931],[107.4310917,-6.9634972],[107.4307376,-6.9636517],[107.4300054,-6.9629754],[107.4299222,-6.9622406],[107.4293777,-6.9609679],[107.4291578,-6.9591788],[107.42881907824959,-6.96015329948826]],[[107.4306652,-6.9820726],[107.4307939,-6.9814656],[107.43115161793693,-6.98131617206735],[107.43108886595807,-6.982515773639416],[107.4306732,-6.9824187],[107.4306652,-6.9820726]],[[107.4313599,-6.9538192],[107.4315208,-6.9533213],[107.4323174,-6.9523788],[107.4321592,-6.9515401],[107.432709,-6.9510369],[107.43240595422081,-6.95733758517028],[107.4323389,-6.9570302],[107.4316657,-6.9566388],[107.4316898,-6.9564737],[107.4324301,-6.9561329],[107.4320438,-6.9551984],[107.4325508,-6.9541866],[107.4325561,-6.9536142],[107.4323845,-6.9534944],[107.4315986,-6.9539124],[107.4313599,-6.9538192]],[[107.4323389,-6.9583215],[107.43235672095146,-6.958278755606492],[107.43234897709291,-6.95842679149415],[107.4323389,-6.9583215]]],[[[107.42925297707849,-6.965561088360242],[107.42955260375817,-6.969295410087346],[107.4300912,-6.9688087],[107.4298069,-6.9679514],[107.4304318,-6.9671687],[107.4297532,-6.9655127],[107.4293885,-6.9657283],[107.42925297707849,-6.965561088360242]]],[[[107.4293992,-6.9848174],[107.4295816,-6.9851476],[107.4302521,-6.9851103],[107.430633,-6.9854111],[107.4308261,-6.9860261],[107.43070982876743,-6.9837181927976495],[107.4303246,-6.9839948],[107.4302709,-6.9847003],[107.4293992,-6.9848174]]],[[[107.4293992,-6.9725228],[107.4296567,-6.9726852],[107.4297479,-6.9725361],[107.42975568057325,-6.971826406871977],[107.4293992,-6.9725228]]],[[[107.42962823714542,-6.97023804777783],[107.42975568057325,-6.971826406871977],[107.4299598,-6.9713726],[107.4307939,-6.9706591],[107.4307778,-6.9702757],[107.4306303,-6.9697566],[107.4303621,-6.9695888],[107.42962823714542,-6.97023804777783]]],[[[107.4298087728598,-6.972488109225663],[107.42997726668567,-6.974588089626275],[107.4301502,-6.9728103],[107.4306223,-6.9719663],[107.4305364,-6.9715164],[107.4298087728598,-6.972488109225663]]],[[[107.4299571,-6.9358631],[107.4303206,-6.9363344],[107.431789,-6.9369681],[107.4320667,-6.937679],[107.4327922,-6.9371531],[107.4336719,-6.9370999],[107.4339563,-6.9373302],[107.434034,-6.9381316],[107.4346246,-6.9379308],[107.4350667,-6.9380384],[107.4352357,-6.9392552],[107.4361584,-6.9400773],[107.4363086,-6.9397531],[107.4358284,-6.9389703],[107.4359706,-6.9385284],[107.4376188,-6.938981],[107.4376363,-6.9382302],[107.4380319,-6.9379559],[107.4372634,-6.9375645],[107.4372634,-6.9372676],[107.4376282,-6.9370786],[107.4374928,-6.9368004],[107.435862,-6.9367844],[107.4357896,-6.9365108],[107.436322,-6.9357886],[107.4354315,-6.9356807],[107.4347313771446,-6.93760400973337],[107.4345812,-6.9366619],[107.4341561,-6.9360242],[107.4339308,-6.934878],[107.4334614,-6.9350111],[107.4333461,-6.9357846],[107.4328753,-6.9364928],[107.4321696,-6.9362739],[107.4319036,-6.935985],[107.4323334,-6.935765],[107.4324355,-6.9354169],[107.4319248,-6.935195],[107.4316321,-6.9348274],[107.4318071,-6.9344866],[107.4312499,-6.933552],[107.43103,-6.9334695],[107.4307672,-6.9336265],[107.4307832,-6.9347369],[107.4301558,-6.9353403],[107.4299571,-6.9358631]],[[107.4346246,-6.9379308],[107.4346416,-6.9378188],[107.43473040800826,-6.937606975764383],[107.4346246,-6.9379308]]],[[[107.4299598,-6.9747166],[107.43000322822287,-6.974911654712449],[107.42997726668567,-6.974588089626275],[107.4299598,-6.9747166]]],[[[107.4305944,-6.931153],[107.4308006,-6.9313251],[107.431793,-6.9311396],[107.4306265663044,-6.930726483501362],[107.4305944,-6.931153]]],[[[107.4309394,-6.9188256],[107.4311629,-6.9189464],[107.4323533,-6.9187311],[107.4331499,-6.9191221],[107.4335593,-6.9186301],[107.4339576,-6.9186696],[107.4348515,-6.9197592],[107.4355707,-6.9200271],[107.4366201,-6.9220367],[107.4375798,-6.9223863],[107.4377347,-6.9223204],[107.4377037,-6.9220392],[107.4372037,-6.9216746],[107.4370134,-6.9212704],[107.4372221,-6.9209014],[107.4368186,-6.9206071],[107.436385,-6.9197416],[107.4354467,-6.9190475],[107.4352742,-6.9186872],[107.4353759,-6.9184939],[107.4365487,-6.9183226],[107.4369536,-6.9189288],[107.4372324,-6.9184148],[107.4376772,-6.9181183],[107.4393787,-6.919432],[107.4402822,-6.9195023],[107.4404301,-6.9194318],[107.4404166,-6.9189025],[107.441459,-6.9177625],[107.4414235,-6.9172114],[107.441964,-6.916677],[107.4419171,-6.9164791],[107.4416322,-6.9165078],[107.43597765389505,-6.914116572524489],[107.4353855,-6.9140863],[107.43351182029525,-6.913107338115533],[107.4334582,-6.9132911],[107.4339081,-6.9137161],[107.4338436,-6.9139846],[107.4334956,-6.9140837],[107.4327058,-6.913816],[107.4324492,-6.9142686],[107.4328608,-6.9150374],[107.432478,-6.9166399],[107.4329884,-6.9164234],[107.4334494,-6.917133],[107.4346221,-6.9173615],[107.4349364,-6.9168519],[107.4349538,-6.9164747],[107.4346482,-6.9158519],[107.4347308,-6.9155686],[107.4352041,-6.9159644],[107.4359351,-6.9159381],[107.4356245,-6.9166498],[107.4357529,-6.9169309],[107.4362065,-6.9171176],[107.43097987736519,-6.918100782884593],[107.4309394,-6.9188256]]],[[[107.431793,-6.9311396],[107.4319459,-6.9311011],[107.43203640314567,-6.93100938981431],[107.431793,-6.9311396]]],[[[107.43203640314567,-6.93100938981431],[107.43454197487266,-6.929669016998157],[107.4350246,-6.9292618],[107.4350583,-6.92897],[107.4356875,-6.9285597],[107.4364246,-6.9271603],[107.4362088,-6.9250847],[107.4360064,-6.9250579],[107.4356779,-6.9255132],[107.4356977,-6.9262611],[107.4351585,-6.9273765],[107.4345457,-6.9276768],[107.4338866,-6.9271966],[107.4340327,-6.9285343],[107.4336689,-6.9287577],[107.4332314,-6.9284956],[107.4327593,-6.9286984],[107.4323122,-6.9296358],[107.43203640314567,-6.93100938981431]]],[[[107.43227773796667,-6.912602243874953],[107.43351182029525,-6.913107338115533],[107.4348235,-6.9124717],[107.4352056,-6.9137311],[107.43597765389505,-6.914116572524489],[107.4362348,-6.9140747],[107.4363324,-6.9138214],[107.4358365,-6.9134435],[107.4359405,-6.9126048],[107.4369673,-6.912212],[107.4375098,-6.9126365],[107.4377178,-6.9135086],[107.4379688,-6.9137366],[107.4387132,-6.9134083],[107.4374929,-6.9114768],[107.4381187,-6.9106874],[107.4380059,-6.9104545],[107.4373106,-6.9105804],[107.4369234,-6.9111362],[107.4361888,-6.9114876],[107.4365349,-6.9100406],[107.4374921,-6.9094217],[107.4376381,-6.9089681],[107.4359874,-6.9093876],[107.4350381,-6.9113295],[107.4339539,-6.9116019],[107.4333011,-6.9114371],[107.4331971,-6.9119446],[107.43227773796667,-6.912602243874953]]],[[[107.4323952,-6.9444366],[107.43304523253771,-6.945116786912354],[107.4331285,-6.943525],[107.4323952,-6.9444366]]],[[[107.4323971,-6.8954082],[107.43288048406507,-6.896164890170707],[107.43346508543033,-6.895856790413937],[107.4323971,-6.8954082]]],[[[107.4331285,-6.943525],[107.4336532,-6.9438162],[107.433562,-6.9448679],[107.4340931,-6.9449318],[107.4344632,-6.9455681],[107.4349889,-6.9455601],[107.4354127,-6.9462311],[107.4361047,-6.9453392],[107.4354798,-6.9446283],[107.4366224,-6.944338],[107.437081,-6.9446575],[107.4373466,-6.9458317],[107.4370328,-6.9458903],[107.4364158,-6.9466198],[107.4363381,-6.9472269],[107.4367082,-6.9473467],[107.4374083,-6.9468861],[107.4375129,-6.9469819],[107.4376148,-6.9475863],[107.4366948,-6.9478073],[107.4368504,-6.9480842],[107.4366251,-6.9487552],[107.4373841,-6.9487844],[107.4376309,-6.9492131],[107.437301,-6.9495885],[107.4373654,-6.9504192],[107.437183,-6.9509464],[107.437486,-6.9510476],[107.438111,-6.9505577],[107.4389639,-6.9511035],[107.4384007,-6.9523043],[107.4385911,-6.9535477],[107.4388647,-6.9536675],[107.438972,-6.9535317],[107.4388888,-6.9526957],[107.4396345,-6.9517265],[107.4403641,-6.9529007],[107.4405894,-6.9527755],[107.4406671,-6.9524321],[107.4412787,-6.9526184],[107.4411875,-6.9532574],[107.4413833,-6.9536089],[107.4411419,-6.9541494],[107.441209,-6.9543011],[107.4416891,-6.9543437],[107.4419251,-6.9550067],[107.4422872,-6.9547538],[107.4433789,-6.9550999],[107.4435022,-6.9547298],[107.4421182,-6.9536755],[107.4421155,-6.9523256],[107.4419358,-6.9519635],[107.4408522,-6.9512686],[107.4393475,-6.9496098],[107.4393958,-6.9494847],[107.440533,-6.9497802],[107.4409381,-6.9500252],[107.4412814,-6.949285],[107.4419787,-6.9492105],[107.4418393,-6.9487445],[107.4409837,-6.9485874],[107.4405465,-6.9488031],[107.4393368,-6.9478472],[107.4392563,-6.9477008],[107.4398866,-6.9475677],[107.4400341,-6.9473467],[107.4391276,-6.9461406],[107.4388996,-6.9438854],[107.4393026,-6.9436624],[107.4397418,-6.944575],[107.4395514,-6.9453977],[107.440407,-6.9448705],[107.4404794,-6.9459782],[107.4409005,-6.9465453],[107.4413913,-6.9464707],[107.4413082,-6.9455788],[107.4431643,-6.9466438],[107.4438241,-6.9472642],[107.4439126,-6.9476662],[107.4437758,-6.9480602],[107.4432501,-6.9482732],[107.4432689,-6.9484676],[107.4440253,-6.9493835],[107.4438885,-6.9510502],[107.4432877,-6.952464],[107.4437222,-6.9523575],[107.4442184,-6.9518783],[107.4444947,-6.9519129],[107.4447387,-6.9526105],[107.444618,-6.9533506],[107.4450874,-6.953774],[107.4451786,-6.9541733],[107.4453047,-6.9542772],[107.4455193,-6.9540648],[107.445874,-6.954389],[107.4460946,-6.9552902],[107.4466123,-6.9559173],[107.4468054,-6.9558813],[107.4463642,-6.9545527],[107.4471592,-6.9547308],[107.447429,-6.9545368],[107.4465412,-6.9540575],[107.4455246,-6.953127],[107.4454831,-6.9519129],[107.4465935,-6.952677],[107.4470119,-6.9532628],[107.4474853,-6.9534998],[107.4476302,-6.9532468],[107.4459471,-6.95076],[107.4452202,-6.9506016],[107.4448943,-6.9501942],[107.4452537,-6.9495592],[107.445133,-6.9489389],[107.4453624,-6.9481641],[107.4457942,-6.9491253],[107.4460919,-6.949092],[107.4462233,-6.9485262],[107.4465989,-6.9482546],[107.4470642,-6.9498361],[107.4474934,-6.9495033],[107.4475872,-6.9488137],[107.4478903,-6.9489708],[107.4479708,-6.9493223],[107.4489766,-6.9489229],[107.4496472,-6.9492318],[107.4496955,-6.949096],[107.4491939,-6.9487312],[107.4486816,-6.948614],[107.4481867,-6.9477634],[107.448172,-6.9473374],[107.447366,-6.9472974],[107.4462596,-6.9463869],[107.4456158,-6.9466491],[107.4453476,-6.946516],[107.4440695,-6.94525],[107.44358,-6.9452513],[107.443395,-6.9447694],[107.4409978,-6.9430394],[107.4404418,-6.9429375],[107.440584,-6.9425701],[107.4413203,-6.9422573],[107.4407986,-6.9417207],[107.4398518,-6.9419551],[107.4391182,-6.9417714],[107.437993,-6.9420562],[107.4375075,-6.9425288],[107.4368128,-6.9425342],[107.4363045,-6.9421508],[107.4352571,-6.9423092],[107.4338436,-6.9419577],[107.4335445,-6.9410798],[107.4331285,-6.943525]]],[[[107.43346508543033,-6.895856790413937],[107.4344098,-6.8961773],[107.4350072,-6.89687],[107.4347085,-6.8954198],[107.4349162,-6.895114],[107.4353689,-6.8950584],[107.4363023,-6.8964542],[107.436167,-6.8955009],[107.4365526,-6.8943304],[107.43346508543033,-6.895856790413937]]],[[[107.4335484391234,-6.9410237303499365],[107.43356784932257,-6.940908118016139],[107.4335539,-6.940946],[107.4335484391234,-6.9410237303499365]]],[[[107.43356784932257,-6.940908118016139],[107.4339777,-6.9406717],[107.4352679,-6.9408954],[107.4354395,-6.9405972],[107.4348521,-6.940046],[107.43377430772308,-6.939678396605561],[107.43356784932257,-6.940908118016139]]],[[[107.4336639,-6.9395747],[107.43377430772308,-6.939678396605561],[107.43386302529277,-6.939149971050285],[107.4336639,-6.9395747]]],[[[107.43386302529277,-6.939149971050285],[107.4341332,-6.9386961],[107.434034,-6.9381316],[107.43386302529277,-6.939149971050285]]],[[[107.4338789,-6.933128],[107.4350654,-6.9340712],[107.4357896,-6.9341391],[107.4363059,-6.9327852],[107.4360041,-6.9329063],[107.4359371,-6.933335],[107.435673,-6.9335115],[107.4348097,-6.9328248],[107.4338789,-6.933128]]],[[[107.4340234,-6.9304373],[107.4352375,-6.9305636],[107.4357135,-6.9301867],[107.4363225,-6.9306592],[107.4370663,-6.9306095],[107.4374344,-6.9299935],[107.4370654,-6.9295793],[107.4370962,-6.9292273],[107.4381378,-6.9289432],[107.4381834,-6.92832],[107.4378333,-6.9279083],[107.43454197487266,-6.929669016998157],[107.4340234,-6.9304373]]],[[[107.4352933,-6.9354211],[107.4353819,-6.9356102],[107.43557635082787,-6.93501797714869],[107.4352933,-6.9354211]]],[[[107.43557635082787,-6.93501797714869],[107.4361128,-6.9348726],[107.4360618,-6.9343761],[107.43585283348304,-6.934171805049479],[107.43557635082787,-6.93501797714869]]],[[[107.43574291167634,-6.905372500155187],[107.4357609,-6.9053651],[107.43578362660344,-6.905345441174985],[107.43574291167634,-6.905372500155187]]],[[[107.43578362660344,-6.905345441174985],[107.4364957,-6.9048722],[107.4360876,-6.9050825],[107.43578362660344,-6.905345441174985]]],[[[107.4363059,-6.9327852],[107.43776660125904,-6.934174501866588],[107.4381546,-6.9331426],[107.4380124,-6.9330574],[107.4371669,-6.933576],[107.4370649,-6.9332351],[107.437246,-6.9324949],[107.4367511,-6.9323751],[107.4363059,-6.9327852]]],[[[107.4364957,-6.9048722],[107.43702058016909,-6.905075481753606],[107.4368477,-6.9048484],[107.4364957,-6.9048722]]],[[[107.436615,-6.8981557],[107.436657,-6.8982947],[107.49220036429774,-6.906284498239086],[107.4918021,-6.9055766],[107.4910068,-6.9055394],[107.4910015,-6.9053064],[107.4913287,-6.9050055],[107.4912965,-6.9044942],[107.4909881,-6.9037899],[107.4903926,-6.903718],[107.4900681,-6.9029179],[107.4896966,-6.9027887],[107.4894136,-6.9029551],[107.4893895,-6.9037593],[107.4889281,-6.9033066],[107.4892688,-6.9016823],[107.4889456,-6.9010619],[107.4884051,-6.9011951],[107.4881932,-6.9018501],[107.4876031,-6.9024466],[107.4874583,-6.9018394],[107.488448,-6.9004868],[107.4878164,-6.9003177],[107.4875481,-6.9006798],[107.487229,-6.9007757],[107.4869889,-6.8996307],[107.4861762,-6.8997598],[107.4863237,-6.8991287],[107.4857792,-6.8986441],[107.4860474,-6.8978692],[107.4858543,-6.8975098],[107.4853393,-6.8975364],[107.4855083,-6.8965432],[107.4848914,-6.8963807],[107.4845132,-6.8958295],[107.4837166,-6.8958641],[107.4832016,-6.8956298],[107.4831265,-6.8961411],[107.4838614,-6.8968574],[107.4832901,-6.8967535],[107.4832097,-6.8973447],[107.4839607,-6.8985802],[107.4840385,-6.8993284],[107.4842906,-6.8995601],[107.4844059,-6.9009181],[107.4841806,-6.9011311],[107.4837367,-6.9004468],[107.4836951,-6.8997811],[107.4827912,-6.898242],[107.4826276,-6.8981914],[107.4820992,-6.8986335],[107.481544,-6.8982873],[107.481544,-6.8976642],[107.4822682,-6.8968261],[107.4820885,-6.895976],[107.4818632,-6.8958002],[107.481426,-6.8958615],[107.4811041,-6.8952517],[107.4805436,-6.8950227],[107.4806535,-6.8958748],[107.4802539,-6.8960159],[107.4799964,-6.8974778],[107.4793848,-6.8975018],[107.4792561,-6.8978639],[107.4789879,-6.8978107],[107.4788725,-6.8974911],[107.4793205,-6.8970757],[107.4796906,-6.8956937],[107.4793285,-6.894791],[107.479181,-6.894823],[107.4789396,-6.8967988],[107.4778801,-6.8968307],[107.4778238,-6.8966124],[107.4782073,-6.8960665],[107.4782932,-6.8949215],[107.477628,-6.8955366],[107.4769065,-6.8952437],[107.477459,-6.8942052],[107.4779713,-6.8936913],[107.4777487,-6.8934809],[107.4762225,-6.8934223],[107.4764827,-6.8926075],[107.4763834,-6.8923199],[107.4758899,-6.8922906],[107.4751174,-6.8929617],[107.4749002,-6.8934623],[107.4750102,-6.8941227],[107.4747714,-6.8943224],[107.4742591,-6.8940108],[107.4741545,-6.8941386],[107.4739104,-6.8957523],[107.4741867,-6.8960612],[107.4740258,-6.8965485],[107.4737146,-6.8968015],[107.4739051,-6.8974059],[107.4737173,-6.8981861],[107.4738434,-6.8983033],[107.473661,-6.8985323],[107.4727263,-6.8986068],[107.4722019,-6.8992539],[107.4723843,-6.8985356],[107.4730696,-6.8980064],[107.473315,-6.8975151],[107.4727397,-6.8967495],[107.4731118,-6.8965718],[107.4729998,-6.8956684],[107.4732734,-6.8948789],[107.4731889,-6.8940255],[107.4731527,-6.893859],[107.4728684,-6.8941999],[107.4720731,-6.8945101],[107.4718948,-6.8942212],[107.4711518,-6.8940002],[107.4711384,-6.8937539],[107.4721898,-6.8936567],[107.4724057,-6.8932892],[107.4724138,-6.8926927],[107.4726954,-6.892501],[107.4731997,-6.8927886],[107.4737656,-6.8926741],[107.4747312,-6.8915291],[107.47453,-6.8913879],[107.4739614,-6.8917714],[107.4737897,-6.891609],[107.4741465,-6.8908128],[107.474125,-6.8903707],[107.4746078,-6.8901897],[107.4753776,-6.8904],[107.4754634,-6.8900272],[107.4751845,-6.8893056],[107.4749082,-6.8890739],[107.47302,-6.8894121],[107.4719927,-6.8898062],[107.4717298,-6.8893682],[107.4717942,-6.8889408],[107.4724755,-6.8890473],[107.4732184,-6.8885254],[107.4741116,-6.8883603],[107.4745555,-6.8878464],[107.4743436,-6.8873617],[107.4736825,-6.8873178],[107.4741532,-6.8865948],[107.47315,-6.8855497],[107.4731541,-6.8851382],[107.4725854,-6.8841264],[107.4719444,-6.8837962],[107.4715608,-6.8842462],[107.471365,-6.8838334],[107.4711236,-6.8838161],[107.4708849,-6.8841024],[107.4709439,-6.8844699],[107.4707508,-6.8845924],[107.4699408,-6.8844193],[107.4693131,-6.8849172],[107.4690986,-6.8854924],[107.4699461,-6.8865908],[107.4701124,-6.8869437],[107.4700186,-6.8872233],[107.4697557,-6.8869477],[107.4693386,-6.8868971],[107.4688599,-6.8863485],[107.468428,-6.886443],[107.468133,-6.8854285],[107.4676099,-6.8855323],[107.4668509,-6.8860356],[107.4667248,-6.8865256],[107.4661267,-6.8864777],[107.4663064,-6.8875455],[107.4672934,-6.8879582],[107.4669555,-6.8885946],[107.4663198,-6.8883949],[107.4662608,-6.8888103],[107.4665478,-6.889476],[107.4661159,-6.8895213],[107.4658424,-6.8897982],[107.4651396,-6.8912495],[107.4647802,-6.891593],[107.4653797,-6.8926049],[107.4653059,-6.8928006],[107.4648178,-6.8926954],[107.4643484,-6.8921229],[107.4636188,-6.8923958],[107.4634726,-6.892292],[107.4641794,-6.8915291],[107.4647373,-6.8900698],[107.4654561,-6.8889435],[107.4653864,-6.8880354],[107.4647212,-6.8864217],[107.462908,-6.8865655],[107.4630448,-6.8873404],[107.4627337,-6.8875242],[107.4623769,-6.8869623],[107.4619022,-6.8868238],[107.4616876,-6.8882032],[107.4612907,-6.8882857],[107.4612933,-6.8901124],[107.4604028,-6.8912788],[107.4601936,-6.8913214],[107.4599683,-6.8909433],[107.4602151,-6.8904852],[107.4601695,-6.8898488],[107.4595821,-6.8885813],[107.4587238,-6.8885813],[107.4579996,-6.8889275],[107.4565646,-6.8884349],[107.4564519,-6.8882325],[107.4558873,-6.8884482],[107.4553777,-6.8881912],[107.4545369,-6.8887544],[107.4545047,-6.8884016],[107.4542083,-6.8882471],[107.4531461,-6.8880434],[107.4524581,-6.8888183],[107.451809,-6.8889887],[107.4516723,-6.8897263],[107.4508703,-6.8895346],[107.4509695,-6.8898781],[107.4518386,-6.8902216],[107.4526606,-6.8896291],[107.4526003,-6.8901364],[107.45278,-6.8905918],[107.4532977,-6.8909033],[107.4539226,-6.890898],[107.4540031,-6.8914359],[107.4544094,-6.8912402],[107.4543625,-6.8915371],[107.4546146,-6.8919924],[107.4554113,-6.892063],[107.4550934,-6.8925942],[107.4546307,-6.8924983],[107.4550451,-6.8931121],[107.4546683,-6.8933678],[107.4543639,-6.8928791],[107.4539132,-6.8931534],[107.4538261,-6.8929204],[107.4540433,-6.892525],[107.4539146,-6.89228],[107.453413,-6.892276],[107.4533983,-6.8920963],[107.4527679,-6.8918286],[107.4527197,-6.8920856],[107.4524353,-6.8921109],[107.452025,-6.8914572],[107.4518077,-6.8915251],[107.4504183,-6.8909819],[107.4502909,-6.8909925],[107.4504411,-6.8919844],[107.4509199,-6.8926808],[107.4506181,-6.8928845],[107.450712,-6.8936993],[107.4505337,-6.8936593],[107.4500576,-6.8934277],[107.4501126,-6.8926994],[107.4491242,-6.8909619],[107.4490732,-6.8902536],[107.4486816,-6.8905465],[107.4480271,-6.8904213],[107.4478286,-6.8920244],[107.4475792,-6.892296],[107.4473244,-6.8907515],[107.4461442,-6.8894814],[107.4455005,-6.8904054],[107.4454817,-6.890858],[107.445707,-6.8911696],[107.4452618,-6.8912308],[107.4451143,-6.8911749],[107.4451044,-6.8903787],[107.4454148,-6.8893802],[107.4450799,-6.8892006],[107.4444183,-6.8893097],[107.4441312,-6.8901397],[107.4439096,-6.8902995],[107.4431395,-6.890526],[107.4427381,-6.8909575],[107.4418186,-6.8905922],[107.4418962,-6.8911412],[107.4417469,-6.8914899],[107.4412416,-6.8913407],[107.4400004,-6.8920566],[107.439632,-6.8926277],[107.4398549,-6.8928779],[107.4398432,-6.8932648],[107.4394418,-6.8936025],[107.4391233,-6.8935984],[107.4395569,-6.8948779],[107.4394682,-6.8953929],[107.4387315,-6.8958239],[107.4383078,-6.8951298],[107.4381212,-6.8955645],[107.4381888,-6.8965977],[107.437925,-6.8971286],[107.4373519,-6.8978573],[107.436615,-6.8981557]]],[[[107.436657,-6.8982947],[107.4376418,-6.8996013],[107.4386895,-6.9000485],[107.4389322,-6.9004295],[107.4393324,-6.9003936],[107.4397209,-6.9007434],[107.440079,-6.9014944],[107.4407831,-6.901624],[107.441944,-6.9024294],[107.4440282,-6.9020406],[107.44732,-6.9036467],[107.4479191,-6.9044336],[107.4485078,-6.9039916],[107.4485882,-6.9036942],[107.436657,-6.8982947]]],[[[107.43702058016909,-6.905075481753606],[107.4373851,-6.9053281],[107.4375834,-6.9053188],[107.43702058016909,-6.905075481753606]]],[[[107.4370596,-6.8830825],[107.4379206,-6.8830918],[107.438563,-6.883663],[107.438866,-6.8840771],[107.4387681,-6.8843673],[107.4390518,-6.8844825],[107.4389546,-6.885109],[107.4393918,-6.8856242],[107.4394172,-6.8859504],[107.4399845,-6.8860489],[107.4400771,-6.8865602],[107.4405679,-6.8868718],[107.4400449,-6.8875242],[107.4399081,-6.888124],[107.4401495,-6.8884815],[107.4417442911523,-6.886006056258236],[107.4416274,-6.8857986],[107.4411875,-6.8854498],[107.4409568,-6.8846722],[107.4406135,-6.8842781],[107.440466,-6.8842275],[107.4405726,-6.8852428],[107.4397512,-6.88486],[107.4396117,-6.8841357],[107.4391544,-6.8838854],[107.4386005,-6.8829374],[107.4378012,-6.8826751],[107.4370596,-6.8830825]]],[[[107.43762197521843,-6.905308397088274],[107.43999246241873,-6.906226467199052],[107.4389509,-6.9054601],[107.43762197521843,-6.905308397088274]]],[[[107.4377562,-6.9276959],[107.4378333,-6.9279083],[107.43863728528031,-6.927366414245717],[107.4378853,-6.9274951],[107.4377562,-6.9276959]]],[[[107.437765,-6.934223],[107.4381566,-6.9351389],[107.4382102,-6.9358818],[107.4387681,-6.9369814],[107.4394051,-6.9368616],[107.4394574,-6.9364302],[107.439031,-6.9360868],[107.4389961,-6.9354558],[107.437765,-6.934223]]],[[[107.43846408354445,-6.891209067240235],[107.4388213,-6.8906919],[107.4393088,-6.8905733],[107.43908990542106,-6.890216398944182],[107.43846408354445,-6.891209067240235]]],[[[107.4384729,-6.8894869],[107.43908990542106,-6.890216398944182],[107.43965041032646,-6.889327335346105],[107.4388647,-6.888781],[107.438854,-6.8892271],[107.4384729,-6.8894869]]],[[[107.43863728528031,-6.927366414245717],[107.4387082,-6.9273478],[107.43873797511529,-6.927298549337596],[107.43863728528031,-6.927366414245717]]],[[[107.4386967,-6.9269001],[107.4387718,-6.9272426],[107.44034756735337,-6.92621368481908],[107.4402884,-6.9260756],[107.4400186,-6.9258135],[107.4394135,-6.926265],[107.4388335,-6.9260259],[107.4386967,-6.9269001]]],[[[107.438795,-6.9316216],[107.4394494,-6.9323991],[107.4411312,-6.9324736],[107.4409488,-6.9296992],[107.4402997,-6.9297738],[107.4400341,-6.9301465],[107.4401253,-6.9310092],[107.4392617,-6.9310305],[107.438795,-6.9316216]]],[[[107.4389747,-6.9343028],[107.4393073,-6.9349312],[107.43902551286779,-6.9353718776044735],[107.4416864,-6.9379027],[107.4417776,-6.9387973],[107.4420994,-6.9389544],[107.4423301,-6.9387866],[107.4422564,-6.938113],[107.4425098,-6.9375299],[107.4428961,-6.9372796],[107.443462,-6.9373435],[107.4442962,-6.9365101],[107.4446931,-6.9354451],[107.4451411,-6.9350138],[107.4453047,-6.9343268],[107.4447441,-6.9336878],[107.4432045,-6.9331792],[107.4430168,-6.9329077],[107.4421799,-6.9327346],[107.4416381,-6.9331499],[107.4412599,-6.9325775],[107.44149936823287,-6.935822554797057],[107.4412613,-6.935505],[107.4402836,-6.9352707],[107.4400502,-6.9350044],[107.4402823,-6.9344],[107.4398819,-6.9338023],[107.4392053,-6.9338981],[107.4389747,-6.9343028]]],[[[107.43965041032646,-6.889327335346105],[107.4400588,-6.8896863],[107.4401937,-6.889492],[107.43999949183389,-6.888773628040381],[107.43965041032646,-6.889327335346105]]],[[[107.43999246241873,-6.906226467199052],[107.440547,-6.9069034],[107.4417091,-6.9072532],[107.4420918,-6.9076447],[107.44356335249314,-6.907609443426803],[107.43999246241873,-6.906226467199052]]],[[[107.43999949183389,-6.888773628040381],[107.44002771769946,-6.888728856639862],[107.440006,-6.8887504],[107.43999949183389,-6.888773628040381]]],[[[107.44002771769946,-6.888728856639862],[107.4401468,-6.8886146],[107.4401683,-6.8885287],[107.44002771769946,-6.888728856639862]]],[[[107.44034756735337,-6.92621368481908],[107.4404118,-6.9270914],[107.4411171,-6.9264659],[107.4414289,-6.926757],[107.4416258,-6.9276041],[107.4419313,-6.9273373],[107.4422885,-6.9273301],[107.4426164,-6.9264754],[107.4430852,-6.9264295],[107.4434546,-6.9260701],[107.4428035,-6.9246682],[107.44034756735337,-6.92621368481908]]],[[[107.4409488,-6.9296992],[107.4414477,-6.9304487],[107.4412036,-6.9312289],[107.4413431,-6.9314339],[107.4423382,-6.9309253],[107.4427217,-6.9314938],[107.444213,-6.9315764],[107.4445148,-6.9318439],[107.4444303,-6.9322766],[107.4445778,-6.9325668],[107.4457204,-6.9325322],[107.4458465,-6.9329929],[107.4462435,-6.9331127],[107.4462864,-6.9333337],[107.4460396,-6.9341165],[107.445707,-6.9342789],[107.4458063,-6.9350324],[107.4455193,-6.935517],[107.4454442,-6.9364915],[107.4447682,-6.9373914],[107.4447361,-6.9397851],[107.4438161,-6.9411616],[107.4438107,-6.9417261],[107.4434862,-6.9423278],[107.4437973,-6.9426127],[107.4433896,-6.9431878],[107.4439824,-6.9435073],[107.4443525,-6.9430813],[107.4444517,-6.9417634],[107.4450324,-6.9410551],[107.4452618,-6.9411843],[107.4452618,-6.9419258],[107.4456145,-6.9420909],[107.446214,-6.942015],[107.4462649,-6.9426127],[107.4466243,-6.9426606],[107.4467316,-6.9421441],[107.4470964,-6.9418219],[107.4466458,-6.9415903],[107.4465251,-6.9410072],[107.4460342,-6.9407862],[107.4458519,-6.9403149],[107.4461603,-6.9391088],[107.4459672,-6.93831],[107.4465573,-6.9380784],[107.4471366,-6.9384671],[107.4474746,-6.9392233],[107.447775,-6.9393325],[107.4481049,-6.9391434],[107.448357,-6.9394789],[107.4490008,-6.9392632],[107.4491939,-6.9397691],[107.4487755,-6.9404614],[107.4495372,-6.9407276],[107.4495774,-6.94093],[107.4492583,-6.9414785],[107.4480835,-6.9417314],[107.4482176,-6.9422666],[107.4480861,-6.9427059],[107.4476194,-6.9429722],[107.446906,-6.9439706],[107.4465358,-6.9440585],[107.4465948,-6.9446655],[107.4462193,-6.9448519],[107.4464232,-6.9454057],[107.4467397,-6.9450915],[107.4470401,-6.9454057],[107.447437,-6.9445537],[107.4485099,-6.9438508],[107.4491644,-6.945214],[107.4495882,-6.9453099],[107.4501085,-6.9457572],[107.4504358,-6.9455921],[107.4504948,-6.9453791],[107.4497706,-6.9444099],[107.4492878,-6.9431665],[107.4493656,-6.9430307],[107.4506772,-6.9443034],[107.451117,-6.9441703],[107.4510473,-6.9437656],[107.4501501,-6.9423771],[107.4503821,-6.9423092],[107.4508595,-6.9427059],[107.4510151,-6.9425675],[107.4508113,-6.9414146],[107.4510084,-6.9413853],[107.451506,-6.9418086],[107.4515998,-6.9421681],[107.4521899,-6.942421],[107.4520907,-6.9431958],[107.4523187,-6.9438455],[107.4526674,-6.9437496],[107.4528524,-6.9429162],[107.4533004,-6.9429722],[107.4539173,-6.9442875],[107.454325,-6.9443194],[107.4539629,-6.9426074],[107.4526244,-6.941577],[107.4514014,-6.9401712],[107.4510406,-6.9401871],[107.4507818,-6.9399795],[107.4505162,-6.9384405],[107.4501139,-6.9377749],[107.4495882,-6.9375326],[107.4488144,-6.9376164],[107.4483463,-6.9373235],[107.4484053,-6.9371092],[107.4492958,-6.9370813],[107.4492596,-6.9366938],[107.4487245,-6.9359936],[107.4494688,-6.9358685],[107.4496432,-6.9356581],[107.44853,-6.9349725],[107.4484482,-6.934657],[107.4479936,-6.9342855],[107.4480392,-6.9338449],[107.4482873,-6.9338129],[107.4485408,-6.9344187],[107.4489257,-6.9342602],[107.4493763,-6.9345585],[107.4513182,-6.9345398],[107.4513504,-6.9348314],[107.4506074,-6.9367058],[107.450987,-6.9380717],[107.4514939,-6.9386269],[107.4522637,-6.9390382],[107.4525882,-6.9402723],[107.4531595,-6.9411084],[107.4537577,-6.9415517],[107.454679,-6.9418432],[107.4556379,-6.9427938],[107.4558324,-6.9425009],[107.455143,-6.9413081],[107.4536262,-6.9403948],[107.4534345,-6.9395614],[107.453692,-6.9386934],[107.4533513,-6.9383327],[107.4535833,-6.9377243],[107.452725,-6.9380318],[107.4521416,-6.9371265],[107.4523053,-6.9363371],[107.4526459,-6.9357673],[107.4530107,-6.9358045],[107.4534211,-6.9362772],[107.4534371,-6.9354411],[107.4409488,-6.9296992]]],[[[107.4413162,-6.8877825],[107.4415952,-6.8881393],[107.4415871,-6.8885414],[107.4421276,-6.8886599],[107.4422041,-6.887865],[107.4424904,-6.8875788],[107.443167,-6.887612],[107.4441661,-6.886949],[107.4448863,-6.8872845],[107.4453878,-6.8871647],[107.4458411,-6.8860756],[107.4455461,-6.885077],[107.4453117,-6.8849349],[107.4456185,-6.8849878],[107.445986,-6.8858053],[107.4461214,-6.8858639],[107.4463481,-6.8854684],[107.4457043,-6.8833515],[107.446391,-6.884137],[107.4467719,-6.8850637],[107.4463642,-6.8861555],[107.4467705,-6.8877465],[107.4485448,-6.8871207],[107.4486226,-6.887877],[107.449725,-6.8881233],[107.4497706,-6.8874549],[107.4510124,-6.8866081],[107.4509856,-6.8849399],[107.4512941,-6.8850051],[107.4514369,-6.8854212],[107.4518895,-6.885756],[107.452198,-6.8866135],[107.452485,-6.8865336],[107.4526459,-6.8849891],[107.4530992,-6.8836364],[107.4530268,-6.8832236],[107.4518359,-6.8823076],[107.4520263,-6.8819415],[107.4515435,-6.8810694],[107.4516783,-6.880375],[107.450771,-6.8798178],[107.4505993,-6.8792958],[107.4496499,-6.8787713],[107.4490853,-6.8781542],[107.4501863,-6.8780696],[107.4510071,-6.8769525],[107.4510795,-6.8763693],[107.4502252,-6.8753934],[107.4493763,-6.8755225],[107.4485138,-6.8753872],[107.4417442911523,-6.886006056258236],[107.4415979,-6.887202],[107.4413162,-6.8877825]]],[[[107.4427186,-6.9245422],[107.44440727457925,-6.9234774437881335],[107.4440776,-6.923245],[107.444559,-6.9226113],[107.4449372,-6.9215169],[107.4463895,-6.9198459],[107.4465051,-6.9191105],[107.4439864,-6.921434],[107.4435859,-6.9224884],[107.4428226,-6.9228937],[107.4431026,-6.9235019],[107.4427186,-6.9245422]]],[[[107.4433212,-6.9289018],[107.4434486,-6.9294196],[107.4437155,-6.9296406],[107.444213,-6.9289057],[107.4450915,-6.9287886],[107.444661,-6.9294196],[107.444661,-6.9297045],[107.4452725,-6.9302823],[107.445825,-6.9303116],[107.4470991,-6.9290469],[107.4480835,-6.928774],[107.4472681,-6.9303635],[107.4478528,-6.9306112],[107.44748,-6.931161],[107.4475685,-6.9313607],[107.4482752,-6.9313287],[107.4486172,-6.9309027],[107.4489847,-6.9308787],[107.4491402,-6.9305512],[107.4499744,-6.9303622],[107.4501407,-6.9305606],[107.4497116,-6.9316755],[107.4503265,-6.9320533],[107.4510922,-6.9307123],[107.4517648,-6.9306977],[107.4518479,-6.9311091],[107.4514376,-6.9316829],[107.4515221,-6.9321595],[107.4517232,-6.9324683],[107.4523193,-6.9325156],[107.4535927,-6.9313327],[107.4541499,-6.9312788],[107.4544416,-6.9306178],[107.4550961,-6.9308428],[107.4558485,-6.9304541],[107.4561703,-6.9297871],[107.4569857,-6.9292173],[107.4579366,-6.9290855],[107.4583429,-6.9288365],[107.4585853,-6.9290146],[107.4597014,-6.9287686],[107.4599415,-6.9278593],[107.4605772,-6.9273721],[107.45273430200882,-6.921429137071757],[107.4522355,-6.9217459],[107.4506959,-6.9218018],[107.4502708,-6.9225687],[107.4500787,-6.9238574],[107.4511291,-6.923908],[107.4515596,-6.9243207],[107.4529973,-6.9244765],[107.4530784,-6.9247234],[107.4526922,-6.9249438],[107.4527622,-6.9252799],[107.4535632,-6.926331],[107.4546012,-6.9263483],[107.4551403,-6.9268422],[107.4556661,-6.9263683],[107.4572124,-6.9260514],[107.457431,-6.9261712],[107.4572673,-6.926512],[107.4557747,-6.9273654],[107.4549821,-6.9274746],[107.4537362,-6.9271484],[107.4534948,-6.9273162],[107.4529597,-6.9269274],[107.4526075,-6.9263592],[107.451866,-6.9262731],[107.4512833,-6.9258704],[107.4508877,-6.9251408],[107.4504659,-6.9251455],[107.4494675,-6.9246908],[107.4487098,-6.9246562],[107.4485368,-6.9238148],[107.448644,-6.9229408],[107.4481505,-6.923703],[107.4476033,-6.9239253],[107.4465948,-6.9253418],[107.447024,-6.9256081],[107.4475229,-6.9252753],[107.4479319,-6.9256893],[107.449619,-6.9262178],[107.4498095,-6.9265666],[107.4496686,-6.9270659],[107.4485528,-6.9268342],[107.4467826,-6.9271165],[107.4455541,-6.9270659],[107.4446502,-6.9280084],[107.4433212,-6.9289018]]],[[[107.44356335249314,-6.907609443426803],[107.44437894112833,-6.907925314167874],[107.4441004,-6.907567],[107.44356335249314,-6.907609443426803]]],[[[107.4440695,-6.9240318],[107.4445899,-6.9248346],[107.4452071,-6.925237],[107.4451786,-6.924547],[107.4454187,-6.9239213],[107.4479252,-6.9215728],[107.4487527,-6.9211635],[107.4487138,-6.9206702],[107.44440727457925,-6.9234774437881335],[107.4443994,-6.9237562],[107.4440695,-6.9240318]]],[[[107.44437894112833,-6.907925314167874],[107.4447173,-6.908246],[107.4455412,-6.9085613],[107.44581525617626,-6.908481587120963],[107.44437894112833,-6.907925314167874]]],[[[107.44581525617626,-6.908481587120963],[107.46766784462712,-6.9169449141101875],[107.4675369,-6.9154314],[107.4671988,-6.9154152],[107.4670147,-6.9162183],[107.4665554,-6.9157624],[107.4664971,-6.9153481],[107.466862,-6.9148528],[107.467432,-6.9146052],[107.4677327,-6.9147024],[107.4678446,-6.915038],[107.4682642,-6.9152694],[107.4682876,-6.9157554],[107.4686442,-6.9161257],[107.4696304,-6.9161489],[107.4697376,-6.9158873],[107.4686979,-6.9149038],[107.4684787,-6.9135846],[107.4680311,-6.913691],[107.4677117,-6.9135244],[107.4675847,-6.9121509],[107.47060771570223,-6.9134617633920445],[107.4693879,-6.9111869],[107.4693716,-6.910157],[107.468896,-6.9098215],[107.4683179,-6.9088147],[107.4678959,-6.9084305],[107.4671884,-6.908206],[107.4659924,-6.9085763],[107.4657908,-6.9077871],[107.4650587,-6.9084514],[107.4642008,-6.9098654],[107.4637322,-6.910289],[107.46632620939693,-6.911549053270836],[107.4660798,-6.9118835],[107.4659143,-6.9127838],[107.465546,-6.9131865],[107.4637882,-6.9141585],[107.4627951,-6.9134712],[107.4625957,-6.9127804],[107.4608694,-6.9128486],[107.4605384,-6.912564],[107.4604661,-6.9118974],[107.4601607,-6.9115133],[107.4597527,-6.911305],[107.4590452,-6.9113813],[107.4585276,-6.9104741],[107.4582584,-6.9105759],[107.4572373,-6.9101061],[107.4559108,-6.9102751],[107.455033,-6.9096502],[107.45447,-6.9100876],[107.4540691,-6.9107727],[107.4532461,-6.9109694],[107.4513671,-6.9100228],[107.4504089,-6.9097382],[107.4501478,-6.9092545],[107.4482956,-6.9085046],[107.4479634,-6.908066],[107.4465542,-6.9084861],[107.44581525617626,-6.908481587120963]]],[[[107.4458304,-6.8727964],[107.4462857,-6.8731099],[107.4464372,-6.8737968],[107.4468121,-6.874271],[107.4483549,-6.8753593],[107.44884626665521,-6.87474102033583],[107.4479842,-6.8746575],[107.446841,-6.8737569],[107.4464139,-6.8728509],[107.4458304,-6.8727964]]],[[[107.44860410192008,-6.903631920392122],[107.45008564533569,-6.904293781635332],[107.4493948,-6.9033088],[107.4494111,-6.9021216],[107.4488703,-6.9027835],[107.44860410192008,-6.903631920392122]]],[[[107.4486883,-6.9205464],[107.4506155,-6.9193522],[107.4507911,-6.919046],[107.4504948,-6.9189621],[107.4493843,-6.9192923],[107.4488828,-6.9198647],[107.4486883,-6.9205464]]],[[[107.44884626665521,-6.87474102033583],[107.4493882,-6.8747862],[107.4498718,-6.8745285],[107.4498447,-6.8741456],[107.4494833,-6.8737877],[107.44884626665521,-6.87474102033583]]],[[[107.449436,-6.8736837],[107.4494682054982,-6.873754511243407],[107.44955344400339,-6.87361930733817],[107.449436,-6.8736837]]],[[[107.44955344400339,-6.87361930733817],[107.4498746,-6.8734885],[107.4498336,-6.8732301],[107.44955344400339,-6.87361930733817]]],[[[107.4497907,-6.9200804],[107.4501421,-6.9206303],[107.450932,-6.9201563],[107.4502158,-6.9195625],[107.4497907,-6.9200804]]],[[[107.44986950146276,-6.873117982230552],[107.4499401,-6.873006],[107.4499277,-6.8730145],[107.44986950146276,-6.873117982230552]]],[[[107.4499401,-6.873006],[107.45095485517461,-6.873708071262345],[107.4508852,-6.8733317],[107.4511835,-6.8723808],[107.4514899,-6.8719835],[107.4519186,-6.8720595],[107.4525654,-6.871435],[107.4524635,-6.8712725],[107.4516629,-6.8715561],[107.4513316,-6.8713284],[107.4512337,-6.8708184],[107.451506,-6.8694636],[107.4511861,-6.8702007],[107.451017,-6.8702336],[107.4508724,-6.8714826],[107.450471,-6.8718234],[107.4500102,-6.871661],[107.4500183,-6.8719196],[107.4504518,-6.8723696],[107.4499401,-6.873006]]],[[[107.4499707,-6.9049659],[107.4510384,-6.9061555],[107.4515932,-6.9064749],[107.4519359,-6.907028],[107.4532624,-6.907801],[107.453696,-6.9076946],[107.4539105,-6.9073034],[107.4546799,-6.9067364],[107.4553757,-6.9067526],[107.4559737,-6.9070049],[107.45008564533569,-6.904293781635332],[107.4499707,-6.9049659]]],[[[107.4508785,-6.8739602],[107.4511748,-6.8743317],[107.4510796,-6.8748629],[107.4517085,-6.8756306],[107.45314870559837,-6.8752259145559105],[107.45095485517461,-6.873708071262345],[107.4508785,-6.8739602]]],[[[107.45095690189714,-6.920111782180562],[107.45273430200882,-6.921429137071757],[107.4537188,-6.920601],[107.4543732,-6.9206196],[107.4541077,-6.920139],[107.4536879,-6.9200644],[107.4524233,-6.9205184],[107.4516723,-6.9204678],[107.451164,-6.9199646],[107.45095690189714,-6.920111782180562]]],[[[107.4520666,-6.8777181],[107.4527183,-6.8787247],[107.4531308,-6.8780443],[107.4534546,-6.8780624],[107.4539255,-6.8775234],[107.4544017,-6.8774587],[107.4544698,-6.8768567],[107.4548668,-6.8764146],[107.45330094621447,-6.87533124416072],[107.4531484,-6.8758305],[107.4520752,-6.8763208],[107.4522007,-6.877091],[107.4520666,-6.8777181]]],[[[107.45314870559837,-6.8752259145559105],[107.45330094621447,-6.87533124416072],[107.4532657,-6.8752465],[107.45314870559837,-6.8752259145559105]]],[[[107.45344035942166,-6.935328912695619],[107.45554588860246,-6.93627783540094],[107.4557787,-6.9360628],[107.4550089,-6.9352387],[107.45344035942166,-6.935328912695619]]],[[[107.4538209,-6.8812134],[107.4539469,-6.88173],[107.4542275,-6.8819237],[107.45528631922105,-6.880977001123299],[107.4543958,-6.8801941],[107.4540364,-6.8803981],[107.4538209,-6.8812134]]],[[[107.4543958,-6.8801941],[107.4548267,-6.8800803],[107.4551777,-6.8797693],[107.4543958,-6.8801941]]],[[[107.4545486,-6.8834857],[107.4546869,-6.8837198],[107.4553983,-6.8836431],[107.4558171,-6.8839539],[107.4547519,-6.8850477],[107.4550853,-6.8856572],[107.4557073,-6.8858913],[107.4565651,-6.8855079],[107.4570367,-6.8861375],[107.4574311,-6.8859962],[107.457614,-6.8853948],[107.457675,-6.8834615],[107.4574473,-6.8826987],[107.4551381,-6.8816412],[107.4551828,-6.8821901],[107.4545486,-6.8834857]]],[[[107.4548426,-6.9327639],[107.4556956,-6.9331899],[107.4557988,-6.9335786],[107.4561435,-6.9338063],[107.4573626,-6.933524],[107.4571527,-6.9341078],[107.4582946,-6.9349259],[107.4586353,-6.9346104],[107.4593541,-6.9346969],[107.4596947,-6.9343934],[107.4605691,-6.9341138],[107.46176,-6.934199],[107.4628651,-6.9338848],[107.4636081,-6.9344626],[107.4642062,-6.9341191],[107.4649948,-6.9342789],[107.4657324,-6.9339194],[107.4669528,-6.9336692],[107.4625057,-6.9286714],[107.4613255,-6.9287087],[107.459853,-6.9294116],[107.4591489,-6.9294543],[107.4591663,-6.9297019],[107.4585025,-6.9299628],[107.4583516,-6.9302703],[107.4571802,-6.9305765],[107.4568489,-6.9310758],[107.4566545,-6.9322034],[107.4556097,-6.9325935],[107.4549553,-6.9325083],[107.4548426,-6.9327639]]],[[[107.4548668,-6.8764146],[107.4549687,-6.8762548],[107.45499016469631,-6.876189815781949],[107.4548668,-6.8764146]]],[[[107.45499016469631,-6.876189815781949],[107.4555886,-6.8750994],[107.4551833,-6.8756051],[107.45499016469631,-6.876189815781949]]],[[[107.4550371,-6.9363277],[107.4551578,-6.9369961],[107.4556245,-6.9371092],[107.4564734,-6.936781],[107.4568944521975,-6.936885607844366],[107.45554588860246,-6.93627783540094],[107.4550371,-6.9363277]]],[[[107.4551381,-6.8816412],[107.4555882,-6.8812424],[107.4553617,-6.8813466],[107.4551381,-6.8816412]]],[[[107.45519816657543,-6.879739126774269],[107.45540863727965,-6.879619781654276],[107.4552768,-6.8796232],[107.45519816657543,-6.879739126774269]]],[[[107.45528631922105,-6.880977001123299],[107.4555882,-6.8812424],[107.4556585,-6.8808299],[107.45528631922105,-6.880977001123299]]],[[[107.45540863727965,-6.879619781654276],[107.4556424,-6.8795607],[107.4558636,-6.8793618],[107.45540863727965,-6.879619781654276]]],[[[107.4555886,-6.8750994],[107.45572205016296,-6.874756158378914],[107.4556875,-6.8748009],[107.4555886,-6.8750994]]],[[[107.45572205016296,-6.874756158378914],[107.4559933,-6.8746944],[107.456181,-6.8750299],[107.4563849,-6.8750299],[107.4569911,-6.8744494],[107.45639169244474,-6.8730337992807],[107.45572205016296,-6.874756158378914]]],[[[107.4558636,-6.8793618],[107.45725562530046,-6.878089962076888],[107.4564271,-6.8782427],[107.4559145,-6.878852],[107.4558636,-6.8793618]]],[[[107.45604355341099,-6.906955403565626],[107.45922966708694,-6.908378760543462],[107.4577828,-6.9064888],[107.4562092,-6.9067526],[107.45604355341099,-6.906955403565626]]],[[[107.4562079,-6.8727344],[107.4563688,-6.8729954],[107.4568133,-6.8719494],[107.4562079,-6.8727344]]],[[[107.4562897,-6.9376923],[107.456468,-6.9379106],[107.4564238,-6.9383566],[107.456814,-6.9385789],[107.4569616,-6.9390981],[107.4571748,-6.9391168],[107.4573196,-6.9388918],[107.4574752,-6.9381716],[107.4578802,-6.9379719],[107.4581417,-6.9384245],[107.457726,-6.9390209],[107.4577112,-6.9394802],[107.4583697,-6.9392832],[107.4584328,-6.9396134],[107.4590007,-6.939228],[107.4590899,-6.9379373],[107.45701068655234,-6.9369379924987555],[107.457042,-6.9372543],[107.4562897,-6.9376923]]],[[[107.456637,-6.8760897],[107.4566692,-6.8764679],[107.4568355,-6.8765371],[107.4585307,-6.8762069],[107.4590778,-6.8756583],[107.4595928,-6.8754453],[107.4595016,-6.8741565],[107.4590939,-6.8735706],[107.4593085,-6.872825],[107.4591315,-6.8722445],[107.4593997,-6.8716799],[107.4594587,-6.8703857],[107.4588525,-6.8694324],[107.4590832,-6.8687826],[107.4568133,-6.8719494],[107.4570608,-6.8720527],[107.4569267,-6.8728356],[107.4571145,-6.873299],[107.4578065,-6.8738795],[107.4578118,-6.8741831],[107.4575812,-6.8752589],[107.4572486,-6.875637],[107.456696,-6.8758075],[107.456637,-6.8760897]]],[[[107.4568558,-6.881979],[107.4570692,-6.8825655],[107.4570864,-6.8818086],[107.4568558,-6.881979]]],[[[107.4568944521975,-6.936885607844366],[107.45701068655234,-6.9369379924987555],[107.4569931,-6.9369095],[107.4568944521975,-6.936885607844366]]],[[[107.4570864,-6.8818086],[107.4580145,-6.8821441],[107.45863929423173,-6.881646409139604],[107.4570864,-6.8818086]]],[[[107.45725562530046,-6.878089962076888],[107.4587774,-6.8778313],[107.4601185,-6.8770857],[107.4608856,-6.8761483],[107.4609393,-6.8756637],[107.4621999,-6.87495],[107.4623716,-6.8746091],[107.4616528,-6.8743748],[107.4616045,-6.8741298],[107.45725562530046,-6.878089962076888]]],[[[107.4584115,-6.8836087],[107.4586636,-6.883646],[107.4584403,-6.8834235],[107.4584115,-6.8836087]]],[[[107.4584115,-6.882421],[107.4584383,-6.8825542],[107.459278,-6.8815797],[107.458567,-6.8820908],[107.4584115,-6.882421]]],[[[107.4584287,-6.8672115],[107.4590456,-6.8686868],[107.459832174735,-6.863372250676829],[107.4593729,-6.8634141],[107.4585682,-6.8645379],[107.4588901,-6.8657948],[107.4584341,-6.8661463],[107.4589115,-6.866615],[107.4584287,-6.8672115]]],[[[107.4584383,-6.8826873],[107.4586421,-6.8827832],[107.4584383,-6.8825542],[107.4584383,-6.8826873]]],[[[107.4584403,-6.8834235],[107.4584975738975,-6.883241773158708],[107.4584812,-6.8832572],[107.4584403,-6.8834235]]],[[[107.4584975738975,-6.883241773158708],[107.4586904,-6.8830601],[107.4586421,-6.8827832],[107.4584975738975,-6.883241773158708]]],[[[107.4585902,-6.8845118],[107.4586835,-6.8848355],[107.4588953,-6.8840889],[107.4585902,-6.8845118]]],[[[107.45863929423173,-6.881646409139604],[107.459278,-6.8815797],[107.4592644,-6.8814571],[107.4590981,-6.8813559],[107.45863929423173,-6.881646409139604]]],[[[107.4586835,-6.8848355],[107.4591391,-6.8855894],[107.4590618,-6.8861827],[107.4596676,-6.8862796],[107.4602001,-6.8851737],[107.4586835,-6.8848355]]],[[[107.4587612975374,-6.883634573387439],[107.4591829,-6.8839118],[107.4592852,-6.8837046],[107.4587612975374,-6.883634573387439]]],[[[107.4588953,-6.8840889],[107.4589805,-6.8840637],[107.4591829,-6.8839118],[107.4588953,-6.8840889]]],[[[107.459163,-6.937908],[107.45929880721678,-6.937855099961259],[107.4592565,-6.9378238],[107.459163,-6.937908]]],[[[107.45922966708694,-6.908378760543462],[107.4595662,-6.9087731],[107.4599486,-6.9087476],[107.45922966708694,-6.908378760543462]]],[[[107.4592944,-6.9412749],[107.4595957,-6.9416162],[107.4596169,-6.9423913],[107.4604148,-6.942762],[107.4605251,-6.9433518],[107.4612678,-6.9445861],[107.4611574,-6.9455593],[107.4600922,-6.9458205],[107.4594811,-6.9462965],[107.4594769,-6.9470295],[107.4598164,-6.9474381],[107.4607076,-6.9468863],[107.4613781,-6.9468484],[107.46162,-6.9465745],[107.4617983,-6.945138],[107.4621208,-6.9446915],[107.4620359,-6.9435077],[107.4623924,-6.9429811],[107.4613909,-6.941574],[107.4620232,-6.9407778],[107.4619065,-6.9383513],[107.4628613,-6.9390359],[107.4634852,-6.9400891],[107.4636592,-6.9415677],[107.4643615,-6.9417236],[107.464508,-6.9419363],[107.4647965,-6.941751],[107.464317,-6.9408326],[107.4644804,-6.940009],[107.4641387,-6.9390696],[107.4633685,-6.9381091],[107.4645631,-6.9381744],[107.4649154,-6.9384103],[107.4663816,-6.9407147],[107.466528,-6.9406831],[107.4665217,-6.9399521],[107.4659551,-6.9384777],[107.4672749,-6.937751],[107.4674701,-6.9374055],[107.4668399,-6.9372676],[107.4654076,-6.9375983],[107.4636167,-6.9368284],[107.4627765,-6.9373023],[107.4623012,-6.9369948],[107.4616349,-6.9370095],[107.45929880721678,-6.937855099961259],[107.4602956,-6.9384764],[107.4601185,-6.938997],[107.4603342,-6.9396503],[107.4598716,-6.9408031],[107.4592944,-6.9412749]]],[[[107.4596357,-6.8647083],[107.4599987,-6.8650326],[107.4598932,-6.8648787],[107.4596357,-6.8647083]]],[[[107.45978507287211,-6.864294301644102],[107.4603867,-6.8637443],[107.460485,-6.8623544],[107.45978507287211,-6.864294301644102]]],[[[107.459832174735,-6.863372250676829],[107.4601614,-6.8631797],[107.4602312,-6.8612943],[107.459832174735,-6.863372250676829]]],[[[107.4599522,-6.8610067],[107.46014953373316,-6.861227991557162],[107.4601668,-6.8606179],[107.4599522,-6.8610067]]],[[[107.4599987,-6.8650326],[107.46024110608633,-6.8657029924674475],[107.4602448,-6.8654188],[107.4599987,-6.8650326]]],[[[107.4600116,-6.9364829],[107.4602302,-6.9366904],[107.4610238,-6.9366451],[107.4614779,-6.9368811],[107.46388773170558,-6.93606760818448],[107.4630322,-6.9358468],[107.4622672,-6.9361164],[107.4617134,-6.935969],[107.4610641,-6.9362997],[107.4603341,-6.9362281],[107.4600116,-6.9364829]]],[[[107.46006145053292,-6.908750349536289],[107.46047026812566,-6.908932983752287],[107.4602913,-6.9088078],[107.46006145053292,-6.908750349536289]]],[[[107.4601293,-6.8678612],[107.4602419,-6.8681382],[107.4605423,-6.8681329],[107.46094409768469,-6.867647169197229],[107.46024110608633,-6.8657029924674475],[107.4601829,-6.8660877],[107.4604779,-6.8666949],[107.4601293,-6.8678612]]],[[[107.4601883,-6.8610813],[107.46022952106053,-6.8611371230972225],[107.4601905,-6.8609512],[107.4601883,-6.8610813]]],[[[107.4602001,-6.8851737],[107.46037704236156,-6.884979186471599],[107.4603546,-6.8849961],[107.4602001,-6.8851737]]],[[[107.46022952106053,-6.8611371230972225],[107.460485,-6.8623544],[107.4604565,-6.8615234],[107.46022952106053,-6.8611371230972225]]],[[[107.4602795,-6.8696508],[107.460494,-6.869965],[107.461127,-6.8695975],[107.4617225,-6.8697999],[107.46127896240368,-6.868573263045072],[107.4602956,-6.8693365],[107.4602795,-6.8696508]]],[[[107.46037704236156,-6.884979186471599],[107.4610336,-6.8846288],[107.461062,-6.8842615],[107.46037704236156,-6.884979186471599]]],[[[107.4604632,-6.9282681],[107.4605893,-6.9284598],[107.4610908,-6.9282374],[107.46193252131357,-6.928246577394708],[107.46099951993702,-6.927555065157919],[107.4604632,-6.9282681]]],[[[107.46047026812566,-6.908932983752287],[107.4607342,-6.909111],[107.4608974,-6.9091283],[107.46047026812566,-6.908932983752287]]],[[[107.4605101,-6.8712858],[107.4607676,-6.8727984],[107.460553,-6.8735546],[107.4606174,-6.8740553],[107.4607891,-6.8741192],[107.46164021239476,-6.8731766726817085],[107.46171013249901,-6.870307415553176],[107.4605101,-6.8712858]]],[[[107.4605335,-6.8826551],[107.4609319,-6.8830507],[107.4610498,-6.8841445],[107.46175158888377,-6.883468141340056],[107.461726,-6.8828714],[107.4623033,-6.8815879],[107.4621407,-6.8814507],[107.4616772,-6.8817978],[107.461108,-6.8813457],[107.4614333,-6.8822821],[107.4610593,-6.8825646],[107.4606514,-6.882304],[107.4605335,-6.8826551]]],[[[107.46067073713236,-6.9273113813452465],[107.46099951993702,-6.927555065157919],[107.4612135,-6.9273834],[107.4611337,-6.9271271],[107.46067073713236,-6.9273113813452465]]],[[[107.46090174166453,-6.909125739232716],[107.46210254841802,-6.909662184835555],[107.4614592,-6.9090832],[107.46090174166453,-6.909125739232716]]],[[[107.46094409768469,-6.867647169197229],[107.46127896240368,-6.868573263045072],[107.4612397,-6.867595],[107.46094409768469,-6.867647169197229]]],[[[107.4616176,-6.8741046],[107.4618459,-6.8730966],[107.4616581,-6.8731605],[107.4616176,-6.8741046]]],[[[107.46171013249901,-6.870307415553176],[107.4619961,-6.8698638],[107.4617225,-6.8697999],[107.46171013249901,-6.870307415553176]]],[[[107.46175158888377,-6.883468141340056],[107.4621732,-6.8831216],[107.4626874,-6.8824394],[107.46175158888377,-6.883468141340056]]],[[[107.46193252131357,-6.928246577394708],[107.4625057,-6.9286714],[107.4623528,-6.9283972],[107.46193252131357,-6.928246577394708]]],[[[107.46210254841802,-6.909662184835555],[107.4622437,-6.9098458],[107.46233821866495,-6.909767467610923],[107.46210254841802,-6.909662184835555]]],[[[107.46233821866495,-6.909767467610923],[107.46326638444343,-6.910182114221735],[107.4628778,-6.9099106],[107.4626447,-6.9093586],[107.46233821866495,-6.909767467610923]]],[[[107.4627688,-6.8826342],[107.4628095,-6.8832735],[107.4631883,-6.8838373],[107.4641598,-6.8839078],[107.4627688,-6.8826342]]],[[[107.4629362,-6.8789093],[107.4631008,-6.8791219],[107.46387384296955,-6.878797568771595],[107.4630424,-6.8786458],[107.4629362,-6.8789093]]],[[[107.4631658,-6.8791794],[107.4647239,-6.881899],[107.4640875,-6.8798528],[107.4631658,-6.8791794]]],[[[107.46326638444343,-6.910182114221735],[107.4635341,-6.9103515],[107.4636366,-6.9103515],[107.46326638444343,-6.910182114221735]]],[[[107.46387384296955,-6.878797568771595],[107.4641466,-6.8791201],[107.464366,-6.8791201],[107.4649358,-6.8783401],[107.46387384296955,-6.878797568771595]]],[[[107.46388773170558,-6.93606760818448],[107.4644634,-6.9360385],[107.4645589,-6.9359037],[107.46388773170558,-6.93606760818448]]],[[[107.4641598,-6.8839078],[107.4646343,-6.8839322],[107.4652033,-6.8832519],[107.4652196,-6.8827676],[107.4648094,-6.8824391],[107.4647239,-6.881899],[107.4641598,-6.8839078]]],[[[107.46457014244605,-6.9358017934843375],[107.46488189268608,-6.935680359585867],[107.4646151,-6.9355625],[107.46457014244605,-6.9358017934843375]]],[[[107.46488189268608,-6.935680359585867],[107.4650787,-6.935731],[107.465571,-6.9354245],[107.46488189268608,-6.935680359585867]]],[[[107.4648863,-6.8775073],[107.46495955896206,-6.877665719124567],[107.46501136220411,-6.877053729843591],[107.4648863,-6.8775073]]],[[[107.4649111,-6.8782382],[107.4649535,-6.8781012],[107.46495955896206,-6.877665719124567],[107.4649111,-6.8782382]]],[[[107.46501136220411,-6.877053729843591],[107.4651871,-6.8765059],[107.4650845,-6.8761897],[107.46501136220411,-6.877053729843591]]],[[[107.4650845,-6.8761897],[107.4657085,-6.8762458],[107.4651907,-6.8754377],[107.4650845,-6.8761897]]],[[[107.4651293,-6.8796998],[107.4653365,-6.8799379],[107.46552171336178,-6.878864523286261],[107.4651293,-6.8796998]]],[[[107.4653085,-6.8804078],[107.4653564,-6.880525],[107.46534672921675,-6.880239687595609],[107.4653085,-6.8804078]]],[[[107.4653365,-6.8799379],[107.46534672921675,-6.880239687595609],[107.4654779,-6.8802053],[107.4653365,-6.8799379]]],[[[107.4653564,-6.880525],[107.465535,-6.8812687],[107.4662014,-6.8816407],[107.4653564,-6.880525]]],[[[107.46552171336178,-6.878864523286261],[107.4655244,-6.8788583],[107.46552607356269,-6.87883925438519],[107.46552171336178,-6.878864523286261]]],[[[107.46552607356269,-6.87883925438519],[107.46553884422106,-6.87876524391864],[107.4655315,-6.8787775],[107.46552607356269,-6.87883925438519]]],[[[107.46553884422106,-6.87876524391864],[107.4656447,-6.8785385],[107.4657792,-6.8774528],[107.46553884422106,-6.87876524391864]]],[[[107.46565229143063,-6.935380271531667],[107.46615891350093,-6.935182930567169],[107.4659042,-6.9352044],[107.46565229143063,-6.935380271531667]]],[[[107.4657085,-6.8762458],[107.46575094261011,-6.876465223144189],[107.4657534,-6.8763162],[107.4657085,-6.8762458]]],[[[107.4657492,-6.8765709],[107.4658192,-6.8769617],[107.46575094261011,-6.876465223144189],[107.4657492,-6.8765709]]],[[[107.4657688,-6.8773114],[107.46577504856704,-6.877396356478723],[107.4658486,-6.8769701],[107.4657688,-6.8773114]]],[[[107.46615891350093,-6.935182930567169],[107.4665047,-6.9352865],[107.467398,-6.9347273],[107.4675678,-6.9354487],[107.4681683,-6.9356362],[107.4684674,-6.9354171],[107.4682659,-6.9350727],[107.4683783,-6.9350106],[107.4693862,-6.9351464],[107.4697491,-6.9347536],[107.4705713,-6.9350611],[107.4719994,-6.9346209],[107.472159,-6.9351469],[107.4732573,-6.9358671],[107.4735041,-6.935714],[107.473496,-6.9351709],[107.4742497,-6.9355157],[107.4748895,-6.9353572],[107.4753146,-6.9355969],[107.4757893,-6.9353725],[107.4766704,-6.9358831],[107.4772726,-6.9354318],[107.47832,-6.9368576],[107.4785668,-6.9366326],[107.4788189,-6.9366992],[107.4797979,-6.9378601],[107.4796598,-6.9386815],[107.4800192,-6.9392379],[107.4798287,-6.9397318],[107.480274,-6.9396799],[107.4805999,-6.9385017],[107.4810042,-6.9381636],[107.4818049,-6.9385816],[107.4838572,-6.9419901],[107.4832549,-6.9433456],[107.4835798,-6.9433625],[107.4837055,-6.9436437],[107.4843963,-6.9430224],[107.4843124,-6.9421851],[107.4845041,-6.9415834],[107.4853284,-6.9418379],[107.4862772,-6.941669],[107.4867996,-6.9423802],[107.4870607,-6.9420496],[107.4870296,-6.9415905],[107.488118,-6.9428719],[107.4883139,-6.9424301],[107.4876047,-6.9408389],[107.4883642,-6.9406629],[107.4888099,-6.9412575],[107.489452,-6.941198],[107.4910622,-6.941826],[107.4912779,-6.9417047],[107.4898186,-6.9409269],[107.4890782,-6.9408531],[107.4881725,-6.9402086],[107.4876717,-6.9404226],[107.4873842,-6.9400278],[107.4856998,-6.9408032],[107.4851534,-6.940532],[107.484588,-6.9409673],[107.484171,-6.9409626],[107.482501,-6.9380655],[107.4814754,-6.9372045],[107.4810034,-6.9373947],[107.4804403,-6.9370855],[107.4803828,-6.9362483],[107.4795945,-6.93592],[107.4792327,-6.9353135],[107.4783509,-6.9351375],[107.4779388,-6.9344572],[107.4773853,-6.9341504],[107.4771002,-6.9337318],[107.476204,-6.9345381],[107.4757248,-6.9342931],[107.4754397,-6.9346356],[107.4749293,-6.9343098],[107.4743303,-6.9346095],[107.4736666,-6.9337365],[107.4732376,-6.9338203],[107.4729206,-6.9341754],[107.4723132,-6.9335847],[107.4719803,-6.9334986],[107.4709939,-6.9342106],[107.4707371,-6.9341121],[107.4704254,-6.9334828],[107.46615891350093,-6.935182930567169]]],[[[107.4662014,-6.8816407],[107.4665402,-6.8829236],[107.4663809,-6.8840726],[107.4666428,-6.8841921],[107.4669295,-6.8837318],[107.4669259,-6.8825301],[107.4672126,-6.8823614],[107.4675382,-6.8829693],[107.4677966,-6.8828744],[107.4680514,-6.881989],[107.4678678,-6.881723],[107.4662014,-6.8816407]]],[[[107.4669528,-6.9336692],[107.4676448,-6.9339141],[107.4691093,-6.9339887],[107.46963316234859,-6.933590273901726],[107.4669528,-6.9336692]]],[[[107.46766784462712,-6.9169449141101875],[107.4680544,-6.9176393],[107.4689077,-6.9183451],[107.4692539,-6.9181542],[107.4696735,-6.9184042],[107.4714637132925,-6.918415022687741],[107.46766784462712,-6.9169449141101875]]],[[[107.4678499,-6.8815802],[107.4678678,-6.881723],[107.4680717,-6.8814955],[107.4678499,-6.8815802]]],[[[107.4680717,-6.8814955],[107.4682142,-6.8815673],[107.4682825316507,-6.8815673],[107.4680717,-6.8814955]]],[[[107.4682825316507,-6.8815673],[107.46852845260116,-6.881651049874291],[107.4684018,-6.8815673],[107.4682825316507,-6.8815673]]],[[[107.4684903,-6.8817395],[107.4687557,-6.8828042],[107.4698374,-6.8825793],[107.4698808,-6.8821116],[107.4684903,-6.8817395]]],[[[107.4688806,-6.8800701],[107.4698808,-6.8821116],[107.4717876,-6.881396],[107.4708861,-6.8814831],[107.4700272,-6.8808683],[107.4697831,-6.8804304],[107.4695667,-6.8786937],[107.4693481,-6.8783459],[107.4691594,-6.8783447],[107.4691198,-6.8785601],[107.469173,-6.8798051],[107.468921,-6.8798638],[107.4688806,-6.8800701]]],[[[107.4694099,-6.8662673],[107.4697204,-6.8668765],[107.47004980906249,-6.866828667778046],[107.4695287,-6.8661655],[107.4694099,-6.8662673]]],[[[107.46963316234859,-6.933590273901726],[107.47010171044816,-6.933576477008417],[107.4699032,-6.9335307],[107.46963316234859,-6.933590273901726]]],[[[107.4697204,-6.8668765],[107.4697479,-6.8669461],[107.4697639403377,-6.866951010775778],[107.4697204,-6.8668765]]],[[[107.4697639403377,-6.866951010775778],[107.4720301,-6.8708291],[107.4735176,-6.8715682],[107.4742058,-6.8714625],[107.4739319,-6.8707692],[107.4735544,-6.8705411],[107.4733932,-6.8700025],[107.4734894,-6.8693045],[107.4731724,-6.8685184],[107.472703,-6.8681287],[107.4714105,-6.8680689],[107.4702863,-6.8676712],[107.4703043,-6.8672759],[107.4697639403377,-6.866951010775778]]],[[[107.47004980906249,-6.866828667778046],[107.4704722,-6.8669324],[107.470688,-6.8674283],[107.4710565,-6.8675443],[107.4713928,-6.8673921],[107.4729257,-6.8677626],[107.4731402,-6.8680483],[107.4735814,-6.8680521],[107.4739856,-6.8694148],[107.4739592,-6.8700044],[107.4745291,-6.8708324],[107.4750654,-6.8710602],[107.4756137,-6.8709263],[107.4760384,-6.8711687],[107.4766608,-6.8711205],[107.4774351,-6.8700658],[107.4770882,-6.8694127],[107.4779204,-6.869711],[107.4782768,-6.8696042],[107.4781778,-6.8691208],[107.4763496,-6.8672077],[107.476823,-6.8672914],[107.4765978,-6.8665949],[107.4766595,-6.8658689],[107.47004980906249,-6.866828667778046]]],[[[107.47060771570223,-6.9134617633920445],[107.4712343,-6.9143715],[107.4712529,-6.9151329],[107.4717845,-6.9152],[107.4719337,-6.9144108],[107.47217199488895,-6.914160585820293],[107.47060771570223,-6.9134617633920445]]],[[[107.4711609,-6.8704281],[107.47123658925675,-6.870540091916313],[107.4711832,-6.8703801],[107.4711609,-6.8704281]]],[[[107.4711832,-6.8703801],[107.4720301,-6.8708291],[107.4713892,-6.8702224],[107.4711832,-6.8703801]]],[[[107.471216,-6.8710943],[107.4723817,-6.8717087],[107.471335,-6.870835],[107.471216,-6.8710943]]],[[[107.47123658925675,-6.870540091916313],[107.471335,-6.870835],[107.4713117,-6.870662],[107.47123658925675,-6.870540091916313]]],[[[107.4714637132925,-6.918415022687741],[107.47800813471069,-6.920949623041475],[107.4785051,-6.9192217],[107.4784166,-6.9187451],[107.4771237,-6.918604],[107.4766611,-6.9182671],[107.4758792,-6.9181007],[107.4754376,-6.917262],[107.4756539,-6.9162475],[107.4751765,-6.9157416],[107.4743074,-6.9158081],[107.4733931,-6.9162785],[107.4729082,-6.917961],[107.4724268,-6.9183544],[107.4720491,-6.9181091],[107.4714637132925,-6.918415022687741]]],[[[107.4714727,-6.8793152],[107.4717952,-6.8796202],[107.47192084335845,-6.879223355013865],[107.4715352,-6.8788465],[107.4714727,-6.8793152]]],[[[107.4717876,-6.881396],[107.4720628,-6.881293],[107.4721142,-6.8808919],[107.4724468,-6.8805531],[107.4722313,-6.8797225],[107.4720075,-6.8796804],[107.4717876,-6.881396]]],[[[107.4718546,-6.8767464],[107.4719741,-6.8769498],[107.4720783009176,-6.876655877126658],[107.4718546,-6.8767464]]],[[[107.47192084335845,-6.879223355013865],[107.4723439,-6.8791153],[107.4723226,-6.8781508],[107.4728066,-6.8779794],[107.47205751064794,-6.876994879953237],[107.47192084335845,-6.879223355013865]]],[[[107.4720783009176,-6.876655877126658],[107.472663,-6.876825],[107.4734261,-6.8780545],[107.4731602,-6.8799277],[107.4735414,-6.8806839],[107.4731078,-6.882616],[107.4740935,-6.8830453],[107.4752542,-6.8821159],[107.476022,-6.8811459],[107.4766801,-6.8798736],[107.4764958,-6.8795828],[107.4757464,-6.8792134],[107.4744924,-6.8792203],[107.4741197,-6.8785503],[107.47406,-6.8777512],[107.4741909,-6.8776828],[107.4743425,-6.8779308],[107.4746543,-6.8788748],[107.4749919,-6.8788748],[107.4751482,-6.8782514],[107.4755087,-6.8787568],[107.4764827,-6.879216],[107.4770272,-6.879224],[107.4772954,-6.8782307],[107.4777782,-6.8778579],[107.4782342,-6.8770377],[107.4781054,-6.8764279],[107.4778801,-6.8761963],[107.4761101,-6.875844],[107.4756205,-6.8755349],[107.4755215,-6.8752043],[107.4762865,-6.8756189],[107.4776521,-6.8757009],[107.4773517,-6.8754933],[107.4775851,-6.8753041],[107.4778479,-6.8742683],[107.4783924,-6.8737757],[107.4791783,-6.8738848],[107.4793017,-6.8732857],[107.4798945,-6.8729049],[107.4797764,-6.8723723],[107.4792185,-6.8720021],[107.4793097,-6.8711553],[107.4780732,-6.8702579],[107.4777514,-6.8704044],[107.4770712,-6.8715644],[107.4765204,-6.8718565],[107.4762532,-6.8717279],[107.4759868,-6.8718704],[107.4756163,-6.8715414],[107.4746252,-6.8716555],[107.4734933,-6.8724058],[107.4724196,-6.8717287],[107.4720783009176,-6.876655877126658]]],[[[107.47217199488895,-6.914160585820293],[107.48334793695507,-6.919153300061411],[107.4833706,-6.9183297],[107.4825633,-6.9179782],[107.4822924,-6.9175655],[107.4822172,-6.917025],[107.4823809,-6.9166522],[107.4821529,-6.9162768],[107.4818954,-6.9148522],[107.4806643,-6.9140987],[107.4790844,-6.9142505],[107.4788913,-6.9144954],[107.4787223,-6.915683],[107.4783844,-6.9160185],[107.4779847,-6.9160797],[107.477687,-6.9158454],[107.4777621,-6.9142158],[107.4774805,-6.9138164],[107.477459,-6.9133718],[107.4760938,-6.9121855],[107.4756123,-6.9124997],[107.4748908,-6.9123],[107.475155,-6.9129963],[107.4750544,-6.9131481],[107.4741518,-6.9128858],[107.4728895,-6.9133208],[107.47217199488895,-6.914160585820293]]],[[[107.4743611,-6.8848879],[107.4752757,-6.8850637],[107.4754205,-6.8857507],[107.4759945,-6.8857773],[107.4760482,-6.886001],[107.4768206,-6.8863365],[107.4778533,-6.8865043],[107.4784246,-6.8860436],[107.4784648,-6.8854844],[107.478725,-6.885511],[107.4789852,-6.8860569],[107.4792896,-6.8860995],[107.4805704,-6.8850584],[107.4812356,-6.8850397],[107.4818712,-6.8846163],[107.4825096,-6.8838467],[107.4828207,-6.8838281],[107.4829549,-6.8842089],[107.4820322,-6.8854205],[107.481477,-6.8857747],[107.4808493,-6.8857853],[107.4806669,-6.8862487],[107.480168,-6.8867413],[107.4792896,-6.8871034],[107.4806857,-6.8879289],[107.4813187,-6.8874949],[107.4826625,-6.88762],[107.4833438,-6.8867652],[107.4838078,-6.8868904],[107.4845642,-6.8864537],[107.4851006,-6.8865469],[107.4857041,-6.8860516],[107.4861279,-6.8860543],[107.4865141,-6.885551],[107.4876916,-6.8849585],[107.4883904,-6.8842888],[107.48425005434633,-6.878604678518441],[107.4830568,-6.8789004],[107.4819356,-6.8784384],[107.4812973,-6.8785569],[107.4806522,-6.8789564],[107.4806213,-6.8797006],[107.4795029,-6.8790429],[107.4787438,-6.8788885],[107.4782449,-6.878967],[107.4781296,-6.8795382],[107.4776132,-6.8795768],[107.4774322,-6.8808244],[107.4769548,-6.8818203],[107.4770138,-6.8821265],[107.4774805,-6.8826431],[107.4778721,-6.8827816],[107.4781711,-6.8827871],[107.4785909,-6.8824674],[107.479535,-6.882494],[107.4799508,-6.8822916],[107.4801546,-6.8825366],[107.4800876,-6.8827576],[107.4785399,-6.8836417],[107.4782717,-6.8833541],[107.4774054,-6.8833887],[107.476315,-6.8826937],[107.4751443,-6.8844699],[107.4743611,-6.8848879]]],[[[107.4753004,-6.8640523],[107.4762525,-6.8646602],[107.4761586316077,-6.863992829724948],[107.4762397,-6.8644198],[107.4753004,-6.8640523]]],[[[107.4755263,-6.8598714],[107.4758267,-6.8609206],[107.4756228,-6.8619858],[107.4761586316077,-6.863992829724948],[107.47622706517822,-6.863406363431716],[107.47647031026251,-6.863978206860978],[107.4771624,-6.8626888],[107.4774306,-6.8616769],[107.4774682,-6.8612828],[107.4770551,-6.8609046],[107.4775165,-6.8604679],[107.476862,-6.8599619],[107.4767815,-6.8608247],[107.4765294,-6.8612934],[107.4766582,-6.8601856],[107.4763524,-6.8603347],[107.4756228,-6.8597009],[107.4755263,-6.8598714]]],[[[107.4762987,-6.8642493],[107.4765498,-6.864481],[107.4766666,-6.8655246],[107.4768683,-6.86576],[107.4769467,-6.8665659],[107.477207,-6.8666958],[107.4770728,-6.867127],[107.4773968,-6.867865],[107.4784742766553,-6.868689319595245],[107.47647031026251,-6.863978206860978],[107.4762987,-6.8642493]]],[[[107.4763409,-6.8653067],[107.4766064,-6.8657811],[107.47636850961777,-6.8647789561847805],[107.4763409,-6.8653067]]],[[[107.47634408688182,-6.864687477525593],[107.47636850961777,-6.8647789561847805],[107.4763586,-6.8646918],[107.47634408688182,-6.864687477525593]]],[[[107.4768488,-6.889299],[107.4770915,-6.8899207],[107.4770312,-6.8903947],[107.4775274,-6.8907861],[107.4775448,-6.8911363],[107.4778694,-6.8915291],[107.4778157,-6.891806],[107.4780598,-6.8919871],[107.4789208,-6.8917181],[107.4789798,-6.8922108],[107.4800876,-6.8925623],[107.4794009,-6.8933638],[107.4799937,-6.8934916],[107.4804872,-6.8931641],[107.4807313,-6.8935395],[107.4816298,-6.8936727],[107.4818015,-6.8931055],[107.4821395,-6.8931108],[107.483097,-6.8937951],[107.4828637,-6.8943224],[107.4829763,-6.8944422],[107.4837394,-6.8944821],[107.4842463,-6.8948589],[107.4850631,-6.894799],[107.4854279,-6.8951638],[107.4863049,-6.8951425],[107.4862057,-6.8956458],[107.4883434,-6.8960931],[107.4888825,-6.8958322],[107.4893332,-6.896173],[107.489891,-6.895936],[107.4901941,-6.8960878],[107.4896952,-6.8976136],[107.4890864,-6.8974751],[107.4887001,-6.897097],[107.4876004,-6.8969692],[107.4873269,-6.8973047],[107.4873349,-6.8978479],[107.4870452,-6.8980157],[107.4870023,-6.8984417],[107.487174,-6.8988012],[107.4877909,-6.8990675],[107.487815,-6.8993923],[107.4883676,-6.899656],[107.4891293,-6.8997039],[107.4891964,-6.9002711],[107.4898535,-6.9006518],[107.4899742,-6.9021723],[107.4906474,-6.9024279],[107.49098,-6.9029525],[107.4918491,-6.9034637],[107.4923372,-6.9041853],[107.4927771,-6.9039617],[107.4928978,-6.9044569],[107.4924499,-6.9047046],[107.492643,-6.9050108],[107.4925518,-6.9054288],[107.4936864,-6.9057058],[107.4937829,-6.9061984],[107.4941719,-6.9065525],[107.49220036429774,-6.906284498239086],[107.4925867,-6.9086414],[107.4931768,-6.909608],[107.4931164,-6.9101499],[107.4933082,-6.9097465],[107.4928844,-6.9081608],[107.4931204,-6.9069573],[107.4942979,-6.9077255],[107.4950221,-6.9077894],[107.4953628,-6.9080996],[107.4962224,-6.9077667],[107.4964839,-6.9078892],[107.4966167,-6.9083286],[107.4967964,-6.9079944],[107.4971116,-6.9078879],[107.4992332,-6.9081289],[107.4985988,-6.9072049],[107.49811782767503,-6.907135713124417],[107.4983387,-6.9066763],[107.48844424249043,-6.884409667118746],[107.4877211,-6.8852101],[107.4858973,-6.8863325],[107.4856478,-6.8868292],[107.4847975,-6.8870741],[107.4836254,-6.8877372],[107.4839151,-6.8881393],[107.4838695,-6.8884908],[107.4824935,-6.8887411],[107.4821448,-6.8883949],[107.4814689,-6.8888689],[107.4821395,-6.8898302],[107.4823621,-6.8898941],[107.4826062,-6.8905492],[107.4833411,-6.8909805],[107.4843147,-6.8899127],[107.4849477,-6.8896571],[107.48557,-6.8888689],[107.4869969,-6.8885201],[107.4871498,-6.8876094],[107.4878901,-6.8877904],[107.4883863,-6.8873564],[107.4889496,-6.8877612],[107.4893814,-6.8875348],[107.4894083,-6.8881899],[107.4889496,-6.8882138],[107.488322,-6.8885494],[107.4877533,-6.8883709],[107.4872866,-6.8889568],[107.4872652,-6.8891325],[107.4884909,-6.8895692],[107.4884292,-6.8897397],[107.4869218,-6.8897556],[107.4862701,-6.8895533],[107.4859804,-6.8896997],[107.4857444,-6.8902456],[107.4846446,-6.891087],[107.4844596,-6.8914705],[107.4844609,-6.8917315],[107.4855271,-6.8917394],[107.486313,-6.8919658],[107.4862191,-6.8922028],[107.4856961,-6.8923492],[107.4857819,-6.8930043],[107.4860367,-6.8933052],[107.4873322,-6.8932892],[107.4885365,-6.8942691],[107.4863291,-6.894566],[107.4848512,-6.8943397],[107.4844234,-6.8938045],[107.4843791,-6.8930669],[107.4835677,-6.892758],[107.4828462,-6.8919858],[107.482401,-6.8919032],[107.4819638,-6.8914119],[107.4811175,-6.8909686],[107.4803719,-6.8899047],[107.4802378,-6.8890739],[107.4800715,-6.889026],[107.4796021,-6.8895133],[107.479291,-6.8892657],[107.4794304,-6.8887198],[107.4789745,-6.8885227],[107.4784595,-6.8879369],[107.4769762,-6.8874416],[107.4768957,-6.8877132],[107.477679,-6.8880727],[107.4780223,-6.8884695],[107.4778479,-6.8886985],[107.4778613,-6.889761],[107.4774671,-6.8896092],[107.4772672,-6.8892843],[107.4768488,-6.889299]],[[107.49424449735153,-6.906578542557071],[107.4942791,-6.9065818],[107.49428289605821,-6.906584066131722],[107.49424449735153,-6.906578542557071]],[[107.49538215376448,-6.906742192082443],[107.4956645,-6.9065938],[107.4955934,-6.9067682],[107.49538215376448,-6.906742192082443]]],[[[107.47800813471069,-6.920949623041475],[107.4783227,-6.9217539],[107.4803477,-6.9242914],[107.4813496,-6.9248439],[107.4817653,-6.9248226],[107.482354,-6.9257638],[107.4834819,-6.9261206],[107.4838239,-6.9258357],[107.4840988,-6.9263933],[107.4850953,-6.9269753],[107.4862406,-6.9269248],[107.4864981,-6.9267543],[107.4868575,-6.9258677],[107.4876702,-6.9255642],[107.48811921317564,-6.924865560206308],[107.48463886617056,-6.92351765056136],[107.4852535,-6.923205],[107.4854708,-6.9226565],[107.486372,-6.9222332],[107.4877708,-6.9221866],[107.4881624,-6.9223983],[107.4887887,-6.9219483],[107.48963457895273,-6.92196177981594],[107.48334793695507,-6.919153300061411],[107.4833894,-6.9199087],[107.4826276,-6.9211175],[107.4832633,-6.9220787],[107.4837863,-6.9223796],[107.48428789292032,-6.923381721520832],[107.47800813471069,-6.920949623041475]]],[[[107.4784595,-6.8778979],[107.4792641,-6.8785342],[107.4800554,-6.8783173],[107.481308,-6.8775171],[107.4823219,-6.8779511],[107.4828663,-6.8776928],[107.4830541,-6.8782786],[107.4839339,-6.8782094],[107.48197681767489,-6.875483839226821],[107.4817264,-6.8757595],[107.481367,-6.875669],[107.4805033,-6.8760817],[107.4794868,-6.8760871],[107.4790308,-6.8763267],[107.4789852,-6.8771869],[107.4784595,-6.8778979]]],[[[107.4784742766553,-6.868689319595245],[107.4790146381646,-6.8699596522698245],[107.478973,-6.869336],[107.478745,-6.8688381],[107.4784742766553,-6.868689319595245]]],[[[107.4789383,-6.8755174],[107.4791692,-6.8756572],[107.4798163,-6.8753316],[107.4804413,-6.8753342],[107.4806616,-6.8755358],[107.4816754,-6.8752642],[107.4805049,-6.8734631],[107.4789383,-6.8755174]]],[[[107.4790146381646,-6.8699596522698245],[107.4790186,-6.8700339],[107.47914493856166,-6.870265974702237],[107.4790146381646,-6.8699596522698245]]],[[[107.47914493856166,-6.870265974702237],[107.4805049,-6.8734631],[107.4806668,-6.8726015],[107.4812969,-6.8724091],[107.4813342,-6.8722345],[107.4808665,-6.8721888],[107.4808848,-6.8720215],[107.4812356,-6.8714083],[107.4817748,-6.8710425],[107.4818515,-6.8707274],[107.4815225,-6.8701435],[107.481147,-6.8698904],[107.4810478,-6.8691874],[107.4816915,-6.8677254],[107.4812559,-6.8676949],[107.4809581,-6.8670374],[107.4802888,-6.8665595],[107.4802405,-6.8661716],[107.4807947,-6.8656736],[107.481019,-6.8650009],[107.4816678,-6.8646099],[107.4816205,-6.8643062],[107.4819259,-6.8641333],[107.4819611,-6.8637123],[107.4818163,-6.8636378],[107.4808805,-6.8642365],[107.4804078,-6.8647939],[107.4805368,-6.8656803],[107.4803719,-6.8659799],[107.4800505,-6.8660466],[107.4793736,-6.8655692],[107.4793146,-6.8656883],[107.4798717,-6.8661197],[107.4800152,-6.8667415],[107.4806696,-6.8672821],[107.4807836,-6.8678479],[107.4811953,-6.8680839],[107.4807286,-6.8690276],[107.4807414,-6.8699219],[107.4811135,-6.8707972],[107.4804644,-6.8714483],[107.4801882,-6.8714642],[107.4798945,-6.8713138],[107.4796865,-6.8704999],[107.47914493856166,-6.870265974702237]]],[[[107.48178245942368,-6.8752170122507055],[107.48197681767489,-6.875483839226821],[107.4821985,-6.8753335],[107.4827966,-6.8755092],[107.4830085,-6.8753921],[107.4834135,-6.8756903],[107.4837488,-6.8756743],[107.4835101,-6.8751923],[107.4823943,-6.8750805],[107.4824452,-6.8746504],[107.4822575,-6.8746518],[107.48178245942368,-6.8752170122507055]]],[[[107.48395555038975,-6.878200365350873],[107.48425005434633,-6.878604678518441],[107.4844944,-6.8783798],[107.4843657,-6.8780283],[107.48395555038975,-6.878200365350873]]],[[[107.48811921317564,-6.924865560206308],[107.4901364,-6.9256468],[107.4900171,-6.9261526],[107.4903618,-6.9268089],[107.4911182,-6.9267863],[107.4915146,-6.9271005],[107.4923734,-6.926777],[107.493048,-6.9279232],[107.4940056,-6.928083],[107.4952957,-6.9286395],[107.4954835,-6.9289963],[107.4950919,-6.930048],[107.495859,-6.9309347],[107.4961513,-6.9320609],[107.4969278,-6.9326267],[107.4980892,-6.9331726],[107.4986418,-6.9331699],[107.4997643,-6.9336385],[107.5015318,-6.9346729],[107.5029387,-6.934179],[107.5043964,-6.9344133],[107.5047719,-6.9341498],[107.5051327,-6.9333936],[107.5059561,-6.9332112],[107.5061104,-6.9340699],[107.5095731,-6.937],[107.5103456,-6.9381742],[107.5111851,-6.9385124],[107.5130231,-6.9382601],[107.5130834,-6.9384059],[107.5135615,-6.9382102],[107.5152039,-6.9383132],[107.5162947,-6.9380571],[107.5173193,-6.9375246],[107.5193766,-6.9371625],[107.5202805,-6.936811],[107.5218616,-6.9356408],[107.5255752,-6.9372157],[107.527324,-6.937458],[107.5291301,-6.9381899],[107.5297557,-6.9386846],[107.5307603,-6.9390712],[107.5310819,-6.939615],[107.5312076,-6.9392782],[107.5293129,-6.938084],[107.5273759,-6.9372036],[107.525454,-6.936891],[107.5223262,-6.93558],[107.52240319929368,-6.935329343553085],[107.5221205,-6.9352241],[107.5214438,-6.935263],[107.5189233,-6.9365155],[107.5173622,-6.9366473],[107.5150716,-6.9374514],[107.5148691,-6.9367484],[107.5141785,-6.9363956],[107.513473,-6.9364516],[107.5133269,-6.9368256],[107.5124538,-6.9364888],[107.5116692,-6.9368509],[107.5115673,-6.9367524],[107.5119616,-6.9365794],[107.5118127,-6.936373],[107.5101659,-6.9356661],[107.5098413,-6.9352401],[107.5080281,-6.9341644],[107.5077009,-6.9332218],[107.5060487,-6.932471],[107.5049677,-6.9316935],[107.5026691,-6.9312702],[107.5010222,-6.9305326],[107.4998206,-6.930695],[107.4987423,-6.9303196],[107.4983132,-6.9293637],[107.497762,-6.9288498],[107.4977285,-6.9275798],[107.4968487,-6.9259822],[107.4955854,-6.9257878],[107.4953064,-6.9255162],[107.4953493,-6.9249597],[107.4950731,-6.9246589],[107.4943677,-6.9245231],[107.4934691,-6.9240251],[107.4921736,-6.9241183],[107.4912134,-6.9227417],[107.4902827,-6.92259],[107.4898428,-6.9220548],[107.49012584209818,-6.925517631119365],[107.4897878,-6.924985],[107.4890838,-6.9250556],[107.4885043,-6.9247201],[107.48811921317564,-6.924865560206308]]],[[[107.4883904,-6.8842888],[107.48844424249043,-6.884409667118746],[107.488508,-6.8843051],[107.4883904,-6.8842888]]],[[[107.48963457895273,-6.92196177981594],[107.4898428,-6.9220548],[107.4897516,-6.9220055],[107.48963457895273,-6.92196177981594]]],[[[107.4983576049118,-6.906663458563481],[107.4985988,-6.9072049],[107.4985921,-6.906715],[107.4983576049118,-6.906663458563481]]]]}},{"type":"Feature","properties":{"id":"water-0084","name":"Waduk Cirata","category":"water_body","severity":"hard","methodForce":null,"costMultiplier":1,"wilayah":["kab_bandung_barat"],"source":"OSM © OpenStreetMap contributors","realData":true},"geometry":{"type":"MultiPolygon","coordinates":[[[[107.2888058,-6.7765475],[107.2890499,-6.7767926],[107.2894979,-6.7781256],[107.2895408,-6.7788234],[107.2908309,-6.7781776],[107.2910723,-6.7783374],[107.2918609,-6.7781816],[107.2927943,-6.778661],[107.2930545,-6.7794134],[107.2937773,-6.7794107],[107.2945297,-6.7786317],[107.2949991,-6.7787209],[107.2951466,-6.7789579],[107.294531,-6.7796811],[107.2928908,-6.7800806],[107.2929029,-6.7805414],[107.2939999,-6.7809702],[107.2934903,-6.781158],[107.2936727,-6.7815428],[107.2935198,-6.7823272],[107.2936821,-6.7827014],[107.2930732,-6.7830344],[107.2933508,-6.7836469],[107.2931054,-6.7837348],[107.2924697,-6.7831396],[107.2918636,-6.7829731],[107.2913741,-6.7831515],[107.2920969,-6.7837681],[107.2925931,-6.7847003],[107.2926387,-6.7856325],[107.2921787,-6.7865501],[107.292223,-6.7871973],[107.2937237,-6.7878165],[107.2939812,-6.7867059],[107.2950192,-6.7857923],[107.2960719,-6.785815],[107.2971569,-6.7866486],[107.2978663,-6.7864462],[107.2989178,-6.7868044],[107.2989875,-6.7869216],[107.2986281,-6.7870175],[107.2977295,-6.7870601],[107.2977108,-6.787694],[107.2996822,-6.7894279],[107.300511,-6.7895344],[107.3009603,-6.7900058],[107.3025079,-6.7899699],[107.3025991,-6.790384],[107.30283212258173,-6.79051121400414],[107.29700791554153,-6.773695021130293],[107.2960961,-6.7734792],[107.2955114,-6.7735911],[107.294755,-6.7753836],[107.2942829,-6.7750533],[107.2937009,-6.7749734],[107.2918327,-6.7757431],[107.291189,-6.7753916],[107.2899069,-6.7752171],[107.2894482,-6.7760947],[107.2888058,-6.7765475]]],[[[107.2935212,-6.7637227],[107.29741460850249,-6.763058232072234],[107.2968391,-6.7625268],[107.2967613,-6.7620127],[107.2961524,-6.7611364],[107.2962356,-6.7595143],[107.2960981,-6.7591994],[107.2957876,-6.759224],[107.2949709,-6.7600084],[107.2943969,-6.7615586],[107.2941475,-6.7616678],[107.2941112,-6.7630462],[107.2935212,-6.7637227]]],[[[107.293548,-6.7648361],[107.2940817,-6.7652516],[107.29384089006093,-6.764550890272575],[107.293548,-6.7648361]]],[[[107.2935882,-6.7638213],[107.29384089006093,-6.764550890272575],[107.2944733,-6.7643034],[107.2948676,-6.7638506],[107.2935882,-6.7638213]]],[[[107.29408435895544,-6.7652538563348275],[107.29700791554153,-6.773695021130293],[107.2972441,-6.7735591],[107.2979012,-6.7739213],[107.2982123,-6.7738521],[107.2986871,-6.7747736],[107.2994328,-6.7747124],[107.2993389,-6.7743422],[107.2982445,-6.7734073],[107.2980809,-6.7730663],[107.2977993,-6.7730237],[107.2975445,-6.7724324],[107.2967076,-6.7720516],[107.2964555,-6.7716334],[107.296536,-6.771122],[107.2981265,-6.7707065],[107.297979,-6.7705041],[107.2968739,-6.7701711],[107.296603,-6.7696944],[107.2966889,-6.7694173],[107.2976088,-6.7691164],[107.2982901,-6.7682481],[107.2978288,-6.7677926],[107.2973809,-6.7679178],[107.2961444,-6.7676248],[107.2952217,-6.7665487],[107.2952029,-6.7660027],[107.29408435895544,-6.7652538563348275]]],[[[107.2949816,-6.7452161],[107.2954135,-6.7455744],[107.2960451,-6.7456609],[107.2960813,-6.7462296],[107.2971958,-6.7468689],[107.2982405,-6.7466664],[107.2982043,-6.7471872],[107.2985624,-6.7481341],[107.2988534,-6.7482873],[107.2994757,-6.7481647],[107.2996956,-6.7483539],[107.2999263,-6.7492195],[107.3008007,-6.7492994],[107.3011145,-6.7499707],[107.3007269,-6.750566],[107.3012727,-6.7508483],[107.3009334,-6.7518232],[107.3011909,-6.7525917],[107.3007631,-6.7531777],[107.3010582,-6.7538183],[107.3009737,-6.754307],[107.3004788,-6.7542764],[107.2999383,-6.7548144],[107.2992182,-6.7547385],[107.2994073,-6.7541112],[107.2991122,-6.7535466],[107.2983156,-6.7530352],[107.2980621,-6.7531017],[107.2980554,-6.7550222],[107.2975633,-6.756025],[107.2977121,-6.7562967],[107.297582,-6.7567122],[107.2981399,-6.7572476],[107.297523,-6.758076],[107.2978798,-6.7591547],[107.297413,-6.760103],[107.297523,-6.7609713],[107.2980782,-6.7617118],[107.2978422,-6.7628571],[107.30485687785043,-6.761574083935542],[107.3051083,-6.7604093],[107.3056917,-6.7596448],[107.3063126,-6.7593279],[107.3066975,-6.7576884],[107.3065889,-6.7569626],[107.3068061,-6.756615],[107.3067498,-6.7561263],[107.3080198,-6.7568095],[107.3082224,-6.7566243],[107.3093154,-6.7570665],[107.3094307,-6.7568521],[107.3099631,-6.7568348],[107.310344,-6.7566017],[107.3104124,-6.7562954],[107.3106618,-6.7565058],[107.3111433,-6.7562847],[107.3113713,-6.7564312],[107.3116113,-6.7559691],[107.312011,-6.7560637],[107.3128901,-6.7550875],[107.3130597,-6.754367],[107.3140039,-6.7539687],[107.314484,-6.7532869],[107.314315,-6.7529113],[107.3124093,-6.7525331],[107.3105197,-6.7517207],[107.310167,-6.7517553],[107.3097794,-6.7522454],[107.3094615,-6.7522307],[107.3096359,-6.7515875],[107.309424,-6.7511666],[107.3078924,-6.7501944],[107.3076403,-6.7510987],[107.3078053,-6.7518778],[107.3076417,-6.7523772],[107.3072246,-6.7526236],[107.3070087,-6.7524318],[107.306558,-6.7525397],[107.3054892,-6.7521428],[107.3054154,-6.7524065],[107.3048897,-6.7526516],[107.304309,-6.7545667],[107.3045745,-6.7544722],[107.3045517,-6.7547332],[107.3037176,-6.7546013],[107.3033595,-6.7549676],[107.3034386,-6.7556961],[107.3031657,-6.7565178],[107.3034427,-6.7568008],[107.3032033,-6.7568987],[107.3031288,-6.7571957],[107.303271,-6.7574887],[107.3021257,-6.7575007],[107.3016268,-6.7577763],[107.3009589,-6.7585901],[107.3005955,-6.759774],[107.3005016,-6.7579388],[107.3007256,-6.75749],[107.3015061,-6.7568268],[107.302461,-6.7549956],[107.3019674,-6.7542125],[107.3021659,-6.7537756],[107.3025696,-6.7538542],[107.3026983,-6.7540859],[107.3027667,-6.7529726],[107.303157,-6.7533441],[107.3033702,-6.7531284],[107.303444,-6.7520856],[107.3029491,-6.751754],[107.3034453,-6.7513904],[107.3038959,-6.7514676],[107.3040971,-6.7511999],[107.3039214,-6.7502956],[107.3034212,-6.7500799],[107.3025575,-6.7491649],[107.3026219,-6.7488293],[107.3022048,-6.7479037],[107.3021995,-6.7473257],[107.302532,-6.7467197],[107.3032455,-6.7464094],[107.3028405,-6.7464454],[107.3024878,-6.7461031],[107.3021713,-6.7460605],[107.3023,-6.7455224],[107.302064,-6.7452188],[107.3013854,-6.7456143],[107.3002173,-6.7448885],[107.2999491,-6.7444849],[107.298899,-6.7444396],[107.2971354,-6.7440068],[107.2972119,-6.7432437],[107.296831,-6.7427615],[107.2966298,-6.7429733],[107.2953125,-6.7431591],[107.2956656,-6.7434861],[107.2954202,-6.7439988],[107.2954899,-6.7444942],[107.2949816,-6.7452161]]],[[[107.29741460850249,-6.763058232072234],[107.297641,-6.763515],[107.2976142,-6.764924],[107.2979066,-6.7638506],[107.2982955,-6.7638053],[107.298553,-6.7639997],[107.2985932,-6.7638426],[107.2979951,-6.7634058],[107.297847284096,-6.762971947278462],[107.29741460850249,-6.763058232072234]]],[[[107.3017341,-6.7924681],[107.3019232,-6.7929169],[107.3023725,-6.7932712],[107.3029692,-6.7928104],[107.3038436,-6.792885],[107.3042487,-6.7934643],[107.3043734,-6.7943392],[107.305233,-6.7948479],[107.3058955,-6.7949917],[107.30660697747528,-6.794877340243311],[107.3029532,-6.7908608],[107.3022893,-6.7907915],[107.3023148,-6.7912843],[107.3017341,-6.7924681]]],[[[107.30283212258173,-6.79051121400414],[107.3029532,-6.7908608],[107.3031127,-6.7907889],[107.3032992,-6.7905439],[107.3032294,-6.7902029],[107.30283212258173,-6.79051121400414]]],[[[107.3048133,-6.7624575],[107.3053443,-6.7619834],[107.3053417,-6.7614774],[107.30485687785043,-6.761574083935542],[107.3048133,-6.7624575]]],[[[107.3053417,-6.7614774],[107.30890384178639,-6.762638200608149],[107.3090538,-6.7621992],[107.3098451,-6.7612936],[107.3099376,-6.7607475],[107.3097324,-6.76038],[107.3105291,-6.7598832],[107.3105156,-6.759244],[107.3103185,-6.7590895],[107.3093824,-6.7597833],[107.3089519,-6.7598739],[107.3088473,-6.7595316],[107.3084155,-6.75922],[107.3084155,-6.7594877],[107.3072809,-6.7596289],[107.3062348,-6.7604852],[107.3062456,-6.7606703],[107.305752,-6.7606357],[107.3053417,-6.7614774]]],[[[107.30660697747528,-6.794877340243311],[107.3106658,-6.7992211],[107.312935,-6.7996685],[107.3138201,-6.8001959],[107.314142,-6.8012506],[107.31412798264392,-6.8031450632052],[107.3168698,-6.8061591],[107.3169449,-6.805448],[107.3172587,-6.8050751],[107.3171675,-6.804886],[107.3167518,-6.8047795],[107.3164138,-6.8040497],[107.3159417,-6.8035597],[107.3148286,-6.8034292],[107.3147911,-6.8022626],[107.3151398,-6.8021588],[107.3160356,-6.8025636],[107.3170978,-6.8026089],[107.3173875,-6.802489],[107.3175189,-6.8021295],[107.3166069,-6.8015728],[107.3161,-6.80173],[107.3161215,-6.8009509],[107.3159216,-6.8005847],[107.3163736,-6.7995807],[107.3161697,-6.7994515],[107.3156065,-6.7999069],[107.3153611,-6.799546],[107.3148327,-6.7994675],[107.3146221,-6.798526],[107.3147804,-6.7976564],[107.3146301,-6.7976417],[107.3138858,-6.7988123],[107.3135452,-6.7984035],[107.312813,-6.7981478],[107.3123986,-6.797153],[107.3118541,-6.7969306],[107.3112479,-6.7971077],[107.3115724,-6.796647],[107.3114423,-6.7964286],[107.3111647,-6.7964712],[107.3104607,-6.7971397],[107.3099081,-6.797185],[107.3093784,-6.7966283],[107.3093784,-6.7953739],[107.3080789,-6.794515],[107.3073091,-6.794495],[107.30660697747528,-6.794877340243311]]],[[[107.3087695,-6.7629876],[107.3092899,-6.7633179],[107.3094267,-6.7632007],[107.30942292219359,-6.762807354136698],[107.30890384178639,-6.762638200608149],[107.3087695,-6.7629876]]],[[[107.30942292219359,-6.762807354136698],[107.31679149404178,-6.765208561948032],[107.3164078,-6.7644865],[107.3156521,-6.7644885],[107.3153315,-6.7642115],[107.3150834,-6.7643766],[107.3146516,-6.7638399],[107.3153087,-6.7637307],[107.3158157,-6.764077],[107.3164433,-6.7639531],[107.3177496,-6.7644872],[107.3199208,-6.7641116],[107.3204827,-6.7630489],[107.321738,-6.7625481],[107.3219418,-6.7629104],[107.3223442,-6.7630595],[107.3223844,-6.7636668],[107.3229611,-6.7644286],[107.3236987,-6.7649733],[107.3245087,-6.7652676],[107.3250465,-6.7649733],[107.3258632,-6.7639558],[107.3260322,-6.7630755],[107.3258485,-6.7627093],[107.3264721,-6.7625348],[107.3265499,-6.7618929],[107.3264855,-6.7615866],[107.3257291,-6.7609979],[107.3258418,-6.7601775],[107.3253027,-6.7597008],[107.3253483,-6.7590695],[107.3250559,-6.7591494],[107.3248708,-6.7595703],[107.3235056,-6.7607076],[107.323527,-6.76038],[107.3242968,-6.7593572],[107.3243558,-6.7587126],[107.3237899,-6.7579401],[107.3233648,-6.7566789],[107.3230053,-6.7563074],[107.3225628,-6.7563966],[107.3223911,-6.7570652],[107.322033,-6.7574021],[107.3216629,-6.7588285],[107.3212109,-6.7593159],[107.321156,-6.7601229],[107.3208784,-6.7595023],[107.3204117,-6.7591228],[107.3207308,-6.7583876],[107.3192208,-6.7594877],[107.3188466,-6.7593345],[107.3189096,-6.7590615],[107.3182122,-6.7590149],[107.3177589,-6.7598912],[107.3172373,-6.7596475],[107.3165868,-6.7596848],[107.3164795,-6.7589723],[107.3161778,-6.75861],[107.3159726,-6.758887],[107.3159699,-6.7599445],[107.3142909,-6.7603813],[107.3130771,-6.7599032],[107.3122564,-6.7601802],[107.3114866,-6.7605584],[107.3113605,-6.7609446],[107.31069,-6.7610539],[107.3106658,-6.7614827],[107.3103601,-6.7616132],[107.3101857,-6.7620261],[107.3098317,-6.7619568],[107.30942292219359,-6.762807354136698]]],[[[107.3148635,-6.8077233],[107.3152851,-6.8084785],[107.3174304,-6.8099436],[107.3187768,-6.8111794],[107.3192811,-6.812266],[107.3194956,-6.814418],[107.3209655,-6.8140344],[107.3213223,-6.8133739],[107.3213464,-6.8123565],[107.3208998,-6.812001],[107.3204666,-6.8110089],[107.3198256,-6.8110728],[107.3193649,-6.8103564],[107.3187768,-6.8102392],[107.3166378,-6.8082111],[107.3159498,-6.8077983],[107.3164648,-6.8073083],[107.3164098,-6.8070313],[107.3168698,-6.8061591],[107.31544880258846,-6.805172634613018],[107.3155582,-6.8061191],[107.3148635,-6.8077233]]],[[[107.3159216,-6.7684279],[107.3160437,-6.7686636],[107.3163427,-6.7685783],[107.3171997,-6.7670322],[107.3177522,-6.7664582],[107.3196767,-6.7664102],[107.31996520349153,-6.766242783514796],[107.31679149404178,-6.765208561948032],[107.3170817,-6.7653528],[107.3172426,-6.7661492],[107.3166391,-6.7675849],[107.3159216,-6.7684279]]],[[[107.3192261,-6.7681602],[107.319316,-6.7685357],[107.320134,-6.7683772],[107.3204599,-6.7685717],[107.3207322,-6.7692655],[107.3211573,-6.7696051],[107.321337,-6.7695585],[107.3217474,-6.7687422],[107.3224112,-6.76832],[107.3231488,-6.7683892],[107.322996,-6.7697876],[107.3234747,-6.7696424],[107.3236772,-6.7690684],[107.324038,-6.7687009],[107.3243344,-6.7687608],[107.324616,-6.7699873],[107.3243941,-6.7707624],[107.3240782,-6.7711433],[107.3241372,-6.771411],[107.3249567,-6.7709276],[107.3256567,-6.7697476],[107.3260483,-6.7694666],[107.3266464,-6.7703616],[107.3272647,-6.7706732],[107.3272821,-6.7716653],[107.3276952,-6.772222],[107.3280117,-6.7720729],[107.3284972,-6.7710501],[107.3280573,-6.7698115],[107.3274565,-6.7696624],[107.3273116,-6.7694573],[107.3275051491863,-6.768699837184398],[107.3203997513392,-6.766384390288498],[107.3192261,-6.7681602]]],[[[107.31996520349153,-6.766242783514796],[107.3203997513392,-6.766384390288498],[107.3202199,-6.7661492],[107.31996520349153,-6.766242783514796]]],[[[107.3268878,-6.7273694],[107.3276483,-6.7282777],[107.3280291,-6.7281951],[107.3286796,-6.7287971],[107.3271467,-6.7264184],[107.3273318,-6.726778],[107.3268878,-6.7273694]]],[[[107.3269133,-6.7647988],[107.3274015,-6.7658416],[107.3280895,-6.7666007],[107.3280479,-6.7672559],[107.3290189,-6.7680283],[107.3290712,-6.7683346],[107.329338,-6.7684026],[107.3300059,-6.7694826],[107.33355986857104,-6.770672897878062],[107.333242,-6.7698209],[107.3328035,-6.7692735],[107.3324776,-6.7693521],[107.3320699,-6.7689552],[107.3313068,-6.7673505],[107.3309098,-6.7673917],[107.3304605,-6.7667925],[107.3285615,-6.7663516],[107.3276335,-6.7657404],[107.3270595,-6.7645005],[107.3269133,-6.7647988]]],[[[107.3269308,-6.7369854],[107.3270944,-6.7374322],[107.3273887,-6.7371372],[107.3274934,-6.737351],[107.3276348,-6.7369694],[107.3281056,-6.7370386],[107.3286018,-6.7382919],[107.3290631,-6.7386622],[107.3293179,-6.7395079],[107.3309031,-6.741162],[107.3311459,-6.7412512],[107.3322194,-6.7409249],[107.3322657,-6.7412166],[107.331805,-6.741451],[107.3321758,-6.7419571],[107.3320954,-6.7422048],[107.3315307,-6.74178],[107.3302272,-6.7413298],[107.329841,-6.7412166],[107.3295593,-6.7414204],[107.3302849,-6.7431531],[107.3312873,-6.7442059],[107.3303801,-6.7444623],[107.3303355,-6.7448079],[107.3312572,-6.7448432],[107.3320243,-6.7455504],[107.3319948,-6.7462815],[107.3324803,-6.7464853],[107.3333117,-6.747355],[107.3343471,-6.7480009],[107.334624,-6.7477532],[107.3354508,-6.7475614],[107.3353448,-6.7481141],[107.3360476,-6.7489425],[107.3376656,-6.7490537],[107.337846,-6.7494979],[107.3385192,-6.7493827],[107.3390061,-6.7490504],[107.3389457,-6.7493614],[107.3392595,-6.7496524],[107.3391549,-6.7500066],[107.3409252,-6.7504601],[107.3408031,-6.7508024],[107.3410124,-6.7509322],[107.3423186,-6.7509882],[107.342454,-6.7512252],[107.3420155,-6.7515662],[107.3417355,-6.7525451],[107.3422784,-6.7523759],[107.3423092,-6.7519391],[107.342898,-6.7515835],[107.3430267,-6.7524318],[107.3433761,-6.752882],[107.343028,-6.7530498],[107.3430911,-6.7533774],[107.3435591,-6.7540313],[107.344349,-6.7541259],[107.3445911,-6.754578],[107.3453924,-6.7546107],[107.3458551,-6.7549743],[107.3455614,-6.7553538],[107.3446789,-6.7556375],[107.3447943,-6.7558599],[107.3453602,-6.7559318],[107.3460482,-6.7563287],[107.3462588,-6.7561689],[107.3475435,-6.7562994],[107.3477501,-6.7567229],[107.3473692,-6.7571264],[107.3474765,-6.7573262],[107.34786,-6.757466],[107.34830943640203,-6.7571421470334325],[107.33356781921243,-6.735740485698487],[107.333073,-6.736133],[107.3326077,-6.7362249],[107.332322,-6.7357521],[107.331689,-6.7353552],[107.3305839,-6.7353232],[107.3300609,-6.7358639],[107.3307368,-6.7365938],[107.3306201,-6.7372038],[107.3295405,-6.7364659],[107.3287198,-6.7362302],[107.3282316,-6.7363301],[107.327836,-6.736109],[107.3269308,-6.7369854]]],[[[107.3271158,-6.7263132],[107.32979751495745,-6.724146775431624],[107.3283443,-6.7245138],[107.3271158,-6.7263132]]],[[[107.3275051491863,-6.768699837184398],[107.32880510283277,-6.7691234550732675],[107.3278467,-6.7684705],[107.3275051491863,-6.768699837184398]]],[[[107.3286554,-6.7635443],[107.3290215,-6.7652543],[107.3296572,-6.7651664],[107.3303439,-6.7654993],[107.330891,-6.7664382],[107.3315918,-6.7667865],[107.3321852,-6.7675369],[107.332271,-6.7684984],[107.3333949,-6.7695825],[107.3341781,-6.7698901],[107.3340949,-6.7704614],[107.33659934875405,-6.765352146758645],[107.3364392,-6.7653155],[107.3362045,-6.764623],[107.3350337,-6.7647003],[107.3345228,-6.7653914],[107.3340386,-6.7655366],[107.3340037,-6.7661039],[107.3345744,-6.7669516],[107.3329818,-6.7663703],[107.3324306,-6.7643593],[107.3311485,-6.7632753],[107.3309527,-6.7625707],[107.3312464,-6.7618929],[107.3311472,-6.7616598],[107.3308454,-6.7616065],[107.330136,-6.760653],[107.3292026,-6.7608008],[107.3287949,-6.7610698],[107.329098,-6.7625641],[107.3286554,-6.7635443]]],[[[107.32878196069636,-6.728792447241075],[107.3308937565425,-6.731858321149341],[107.3316944,-6.7312238],[107.3320203,-6.7314462],[107.3328222,-6.7312644],[107.332845,-6.7308648],[107.3321235,-6.7302488],[107.3321445,-6.7295132],[107.3319814,-6.7292979],[107.331351,-6.730073],[107.331119,-6.730077],[107.3299013,-6.7297401],[107.3294842,-6.7294004],[107.3294956,-6.7288391],[107.3292831,-6.7287039],[107.32878196069636,-6.728792447241075]]],[[[107.32880510283277,-6.7691234550732675],[107.3293488,-6.7703429],[107.3296586,-6.7705453],[107.330077,-6.7696371],[107.32880510283277,-6.7691234550732675]]],[[[107.32979751495745,-6.724146775431624],[107.3298302,-6.7241342],[107.32997130178416,-6.723997848240726],[107.32979751495745,-6.724146775431624]]],[[[107.32997130178416,-6.723997848240726],[107.33009287349155,-6.723893666967512],[107.3300327,-6.7239278],[107.32997130178416,-6.723997848240726]]],[[[107.33009287349155,-6.723893666967512],[107.3304699,-6.7239891],[107.3306999,-6.7244386],[107.3309541,-6.7245305],[107.3311941,-6.7239571],[107.3310466,-6.7233924],[107.331465,-6.7230088],[107.3323046,-6.7236081],[107.3325916,-6.7235202],[107.3348989,-6.724629],[107.3350793,-6.7244685],[107.3346756,-6.7237653],[107.3339353,-6.7233018],[107.3332474,-6.7225626],[107.33303697745949,-6.721370707420069],[107.33009287349155,-6.723893666967512]]],[[[107.3308937565425,-6.731858321149341],[107.3309728,-6.7321521],[107.33120067672743,-6.732303903324653],[107.3308937565425,-6.731858321149341]]],[[[107.33120067672743,-6.732303903324653],[107.33356781921243,-6.735740485698487],[107.3335987,-6.7354671],[107.334111,-6.7350782],[107.3357378,-6.7355936],[107.336234,-6.7351101],[107.3370025,-6.7349796],[107.3364446,-6.7345641],[107.335723,-6.7346866],[107.3352376,-6.7345641],[107.3347454,-6.7335066],[107.3334713,-6.7334546],[107.3331039,-6.7336131],[107.3325446,-6.733408],[107.3318365,-6.7326622],[107.33120067672743,-6.732303903324653]]],[[[107.3316273,-6.7539075],[107.3322509,-6.7547279],[107.3322147,-6.7554004],[107.3331763,-6.7550488],[107.3333667,-6.7542724],[107.3339628,-6.7539008],[107.3353529,-6.754054],[107.3360342,-6.7544748],[107.3364781,-6.7562741],[107.336977,-6.7561995],[107.3376569,-6.7571258],[107.3382135,-6.7567941],[107.3384951,-6.7572463],[107.3383945,-6.7587872],[107.3393132,-6.758915],[107.3396659,-6.7590881],[107.3395975,-6.759212],[107.34735134599723,-6.757585775672427],[107.3461729,-6.7571943],[107.3451993,-6.757498],[107.3448265,-6.7569573],[107.3435631,-6.7560597],[107.3428953,-6.7559904],[107.3419431,-6.7554577],[107.3415917,-6.7551434],[107.3411518,-6.7540939],[107.3406261,-6.7541286],[107.3394433,-6.7535133],[107.3389122,-6.7536411],[107.338078,-6.7535106],[107.3371527,-6.7529326],[107.3370279,-6.752553],[107.3367128,-6.7524505],[107.3363614,-6.7519484],[107.3344101,-6.7515462],[107.333364,-6.7515808],[107.3326372,-6.7508696],[107.3321021,-6.7509083],[107.3325808,-6.7515555],[107.3318794,-6.7515449],[107.3316917,-6.7517366],[107.3320095,-6.752866],[107.3316273,-6.7539075]]],[[[107.331984,-6.7587219],[107.3328477,-6.7592853],[107.334962,-6.7599032],[107.333757,-6.7598366],[107.3322348,-6.7594677],[107.3320055,-6.7596582],[107.3324199,-6.7601762],[107.3325339,-6.760914],[107.3321383,-6.7623417],[107.332959,-6.7628997],[107.3335531,-6.763812],[107.3333694,-6.7640597],[107.3335625,-6.7649733],[107.3339702,-6.7650345],[107.3353194,-6.7639258],[107.3357351,-6.7642321],[107.3362125,-6.7639691],[107.33714702825796,-6.764230511372433],[107.33939051689984,-6.759635896764137],[107.3382765,-6.7590482],[107.3381853,-6.7578789],[107.3371875,-6.7579588],[107.3370588,-6.7573622],[107.3367892,-6.7572077],[107.3358142,-6.7579388],[107.3352241,-6.7577777],[107.3343524,-6.7581879],[107.333755,-6.7579933],[107.3335397,-6.7575113],[107.3337114,-6.7568641],[107.3339447,-6.7565977],[107.3347226,-6.75635],[107.3351423,-6.7558133],[107.3346059,-6.7551141],[107.3341674,-6.7562727],[107.3338267,-6.7564672],[107.3331723,-6.7564645],[107.3328477,-6.7579188],[107.331984,-6.7587219]]],[[[107.332896,-6.7209923],[107.33303697745949,-6.721370707420069],[107.33563306542746,-6.719145981324746],[107.3350257,-6.719101],[107.3345174,-6.7196764],[107.3340306,-6.7195752],[107.3331749,-6.7203663],[107.332896,-6.7209923]]],[[[107.33355986857104,-6.770672897878062],[107.3338602,-6.7710354],[107.3339407,-6.770797],[107.33355986857104,-6.770672897878062]]],[[[107.3339407,-6.770797],[107.33400648309649,-6.770662277688294],[107.3339521,-6.7707611],[107.3339407,-6.770797]]],[[[107.33400648309649,-6.770662277688294],[107.3340668,-6.7705533],[107.33407870197227,-6.770514375044398],[107.33400648309649,-6.770662277688294]]],[[[107.33563306542746,-6.719145981324746],[107.336812,-6.7188213],[107.3374571,-6.7192515],[107.3376556,-6.7190011],[107.3376314,-6.7185296],[107.3385836,-6.7180755],[107.3389189,-6.7182633],[107.3391697,-6.7189505],[107.339397,-6.7187154],[107.3396565,-6.7189569],[107.3408756,-6.7192089],[107.3421349,-6.7187534],[107.3417426,-6.718555],[107.3415542,-6.7179649],[107.3412336,-6.7174242],[107.341009,-6.7175041],[107.3405705,-6.7165285],[107.3400401,-6.7165478],[107.3402506,-6.715445],[107.339865,-6.7155235],[107.33563306542746,-6.719145981324746]]],[[[107.33659934875405,-6.765352146758645],[107.3378996,-6.7649469],[107.3384033,-6.7650901],[107.3385724,-6.765707],[107.3389817,-6.7655312],[107.339507,-6.7657375],[107.3397323,-6.7656341],[107.338789,-6.764624],[107.3378312,-6.7642009],[107.33714702825796,-6.764230511372433],[107.33659934875405,-6.765352146758645]]],[[[107.33939051689984,-6.759635896764137],[107.3394491,-6.7596152],[107.3394439767468,-6.75952641219213],[107.33939051689984,-6.759635896764137]]],[[[107.3394379,-6.7594211],[107.3394439767468,-6.75952641219213],[107.3395975,-6.759212],[107.3394379,-6.7594211]]],[[[107.3398288,-6.7154496],[107.3429673770924,-6.712860818898223],[107.3414093,-6.7127359],[107.340952,-6.7122124],[107.3405255,-6.7123043],[107.3403002,-6.7138154],[107.3398751,-6.7146778],[107.3398288,-6.7154496]]],[[[107.3409708,-6.7108792],[107.3423749,-6.7116464],[107.3428845,-6.711661],[107.3432896,-6.7113966],[107.3432802,-6.7123363],[107.3431142,-6.712598],[107.3571054789115,-6.700745126193167],[107.3561796,-6.7001751],[107.3558021,-6.7001585],[107.3552529,-6.6989431],[107.3541411,-6.6982271],[107.354347,-6.6976304],[107.3532124,-6.6972908],[107.3528785,-6.6973667],[107.3525029,-6.6968499],[107.3516996,-6.6975505],[107.3510157,-6.6974866],[107.3504886,-6.6971842],[107.3502834,-6.697384],[107.3496182,-6.6973614],[107.3492306,-6.6970763],[107.3486848,-6.6972761],[107.3480565,-6.6981619],[107.3469266,-6.698355],[107.3466665,-6.6991941],[107.3462453,-6.6997722],[107.3452281,-6.6999906],[107.3450531,-6.6994112],[107.3441626,-6.6990197],[107.343484,-6.6996097],[107.342796,-6.6994712],[107.3421979,-6.6997349],[107.3419471,-6.7003609],[107.3429945,-6.7016636],[107.3430949,-6.7023118],[107.3430213,-6.7027038],[107.3424044,-6.7033318],[107.343138,-6.7035243],[107.3432131,-6.7037174],[107.3430136,-6.703829],[107.343083,-6.7045272],[107.3420826,-6.7069753],[107.342098,-6.707598],[107.3416279,-6.7074688],[107.3414174,-6.7078198],[107.3414402,-6.7087974],[107.3417325,-6.7092423],[107.3415233,-6.7096858],[107.341074,-6.7100281],[107.3409708,-6.7108792]]],[[[107.3429673770924,-6.712860818898223],[107.3431179,-6.7128731],[107.3431903,-6.7126739],[107.3429673770924,-6.712860818898223]]],[[[107.34735134599723,-6.757585775672427],[107.3479271,-6.7577217],[107.3484555,-6.7573542],[107.34735134599723,-6.757585775672427]]],[[[107.34830943640203,-6.7571421470334325],[107.3484555,-6.7573542],[107.3489007,-6.7568694],[107.3491978,-6.7552146],[107.350089,-6.7550555],[107.3495056,-6.7549263],[107.3490456,-6.7551514],[107.3487774,-6.7566137],[107.34830943640203,-6.7571421470334325]]],[[[107.3571054789115,-6.700745126193167],[107.3578432,-6.7012846],[107.3590784,-6.7016822],[107.3596805,-6.7023642],[107.3616251,-6.7028783],[107.3631111,-6.7027265],[107.363905,-6.7021058],[107.3644254,-6.7023668],[107.3649859,-6.7021857],[107.3658845,-6.7023588],[107.3664129,-6.7018647],[107.3668078,-6.7024424],[107.3668383356974,-6.70048971720241],[107.3607797,-6.6990978],[107.35959592752904,-6.698610928085544],[107.3571054789115,-6.700745126193167]]]]}},{"type":"Feature","properties":{"id":"water-0085","name":"Situ Ciburuy","category":"water_body","severity":"hard","methodForce":null,"costMultiplier":1,"wilayah":["kab_bandung_barat"],"source":"OSM © OpenStreetMap contributors","realData":true},"geometry":{"type":"Polygon","coordinates":[[[107.4634951,-6.8296088],[107.4644929,-6.8300199],[107.4645647,-6.8302299],[107.4645862,-6.8304333],[107.4638052,-6.8311963],[107.4638881,-6.8313021],[107.4644375,-6.8310514],[107.4660692,-6.8310805],[107.4669672,-6.8319139],[107.4687696,-6.8322822],[107.4690834,-6.832757],[107.4688617,-6.8337903],[107.4695784,-6.8346874],[107.4700255,-6.8347502],[107.4706502,-6.8325212],[107.4706762,-6.8316813],[107.4701556,-6.8300209],[107.4702402,-6.8286318],[107.4698043,-6.828102],[107.4694399,-6.8267452],[107.4694529,-6.8252721],[107.4678918,-6.8249898],[107.4675765,-6.8263476],[107.4675559,-6.828306],[107.4679302,-6.8288967],[107.4676765,-6.8293231],[107.4670713,-6.8292714],[107.4664597,-6.8300015],[107.4656398,-6.8300467],[107.4639598,-6.8293363],[107.463605,-6.8293192],[107.4634951,-6.8296088]]]}},{"type":"Feature","properties":{"id":"water-0086","name":"Situ Lembang","category":"water_body","severity":"hard","methodForce":null,"costMultiplier":1,"wilayah":["kab_bandung_barat"],"source":"OSM © OpenStreetMap contributors","realData":true},"geometry":{"type":"Polygon","coordinates":[[[107.5741741,-6.7407411],[107.5748447,-6.7409303],[107.5755501,-6.7415189],[107.5756064,-6.7420144],[107.5751746,-6.7420783],[107.5749412,-6.742651],[107.5754884,-6.7425205],[107.5754401,-6.7428961],[107.5759497,-6.7431305],[107.5758934,-6.743277],[107.5764808,-6.743831],[107.5766364,-6.7438816],[107.5761402,-6.7431837],[107.5769019,-6.7439002],[107.5770736,-6.743863],[107.5773472,-6.7431225],[107.5773418,-6.7421742],[107.5776422,-6.7418332],[107.5777924,-6.7409489],[107.5787526,-6.740235],[107.579053,-6.7394146],[107.5794822,-6.7392761],[107.5798309,-6.7385836],[107.5807133,-6.7377232],[107.5809199,-6.7371825],[107.5801367,-6.7362289],[107.5798845,-6.7361729],[107.5792032,-6.7367643],[107.5781894,-6.7367882],[107.5779533,-6.7372864],[107.5781223,-6.7379869],[107.5776556,-6.7383572],[107.5773498,-6.7382559],[107.5768375,-6.7385356],[107.5762582,-6.7390684],[107.5761375,-6.7401472],[107.5758693,-6.7405787],[107.5756332,-6.7406799],[107.5750405,-6.7404109],[107.5741741,-6.7407411]]]}},{"type":"Feature","properties":{"id":"water-0087","name":"Badan Air","category":"water_body","severity":"hard","methodForce":null,"costMultiplier":1,"wilayah":["kab_bandung_barat"],"source":"OSM © OpenStreetMap contributors","realData":true},"geometry":{"type":"MultiPolygon","coordinates":[[[[107.3468451,-6.8608764],[107.34697517139516,-6.861475678435841],[107.34706681187946,-6.861321908694659],[107.3479002,-6.8629593],[107.34793824978182,-6.863105195042446],[107.34769088850204,-6.862748836838398],[107.347885,-6.8632688],[107.3482336,-6.8637072],[107.3490601,-6.8641569],[107.34713125996923,-6.861213766903847],[107.34867778190933,-6.858618753572555],[107.3496513,-6.8575558],[107.3502252,-6.8562563],[107.3503311,-6.8552068],[107.3490656,-6.8526566],[107.3484398,-6.8522486],[107.3476459,-6.8520632],[107.34764217351733,-6.852349901304767],[107.3482156,-6.8523664],[107.3488271,-6.852654],[107.3492938,-6.8532905],[107.3500037,-6.854923],[107.3501632,-6.8558455],[107.3495459,-6.8575221],[107.3479205,-6.8592105],[107.3477435,-6.8597271],[107.3470622,-6.8604035],[107.3468451,-6.8608764]]],[[[107.34879480879358,-6.864150639537144],[107.34890225268977,-6.864257980287193],[107.3491385,-6.8641665],[107.34879480879358,-6.864150639537144]]]]}},{"type":"Feature","properties":{"id":"rail-0088","name":"RoW Kereta Api","category":"rail_row","severity":"hard","methodForce":null,"costMultiplier":1,"wilayah":["kota_bandung","kota_cimahi","kab_bandung_barat"],"source":"OSM © OpenStreetMap contributors + buffer 30 m RoW","realData":true},"geometry":{"type":"MultiPolygon","coordinates":[[[[107.31902267571823,-6.815943539298323],[107.32030132449133,-6.817092328911797],[107.3211399156374,-6.818770048411503],[107.32134026342251,-6.819871831780763],[107.32130912946425,-6.821486411793928],[107.32177156705035,-6.822476030958545],[107.32454936409087,-6.824814204871165],[107.32619665593701,-6.825220015647556],[107.32732682336152,-6.825040727167663],[107.32942791709246,-6.82426583866067],[107.33123013470512,-6.823934006237956],[107.33978836379173,-6.82426262247326],[107.34408803208534,-6.8248215608945495],[107.3536172040207,-6.82472409197608],[107.3554324999057,-6.824522135321656],[107.35908894624933,-6.823713752116878],[107.36597735685427,-6.823174274723773],[107.3790592705278,-6.826172050317043],[107.38033479152371,-6.826261658042253],[107.3818436982317,-6.825581460058985],[107.38407328963102,-6.823318521434662],[107.38798741191442,-6.821235680635892],[107.38848410421487,-6.820683890972532],[107.3881085199861,-6.820497056361514],[107.38385427050703,-6.822759724038048],[107.38150427628415,-6.825159689435189],[107.380293339805,-6.825723106770801],[107.3791808903651,-6.825646097712513],[107.36720484791371,-6.822779914597292],[107.36601906823101,-6.822636136002222],[107.35903214532723,-6.8231770810226715],[107.35532813050692,-6.823992523652474],[107.35360871919205,-6.824184538124444],[107.34413349673662,-6.824283620512442],[107.33984260051778,-6.82372568662941],[107.3312015274982,-6.8233950289620005],[107.32928266985664,-6.823745644432196],[107.32718766904496,-6.824518826580982],[107.32621866421226,-6.824680323467198],[107.32524089045991,-6.824526083358526],[107.32422145952702,-6.823976889369838],[107.32219407760677,-6.822136137914154],[107.32184857018224,-6.821414963896135],[107.32183155588413,-6.819285400850295],[107.32105862460186,-6.8173127454926545],[107.32038808409409,-6.816343147567813],[107.31930880008316,-6.815482224560221],[107.31902267571823,-6.815943539298323]]],[[[107.38396504119505,-6.713596085569966],[107.38435299351616,-6.714706897446351],[107.38527862007827,-6.71539539683514],[107.38640669013255,-6.715507817955161],[107.38810753276259,-6.714687471071727],[107.38900152285204,-6.71469727276584],[107.39227876646733,-6.71707667284855],[107.39252349748043,-6.717858511253689],[107.39241467884075,-6.718586996728192],[107.38952391213475,-6.721046592377758],[107.38916697403094,-6.721598006631933],[107.389067106479,-6.722550441861019],[107.38965721763984,-6.724320613537285],[107.3905250552638,-6.725443520092041],[107.39408938664155,-6.726932242581464],[107.39486411148522,-6.727861535026683],[107.39511879086253,-6.728649814785646],[107.39518976522376,-6.7338416180656155],[107.39593589969255,-6.735286485597717],[107.39685150486507,-6.735898506956265],[107.40058659092482,-6.737338694592789],[107.40108488204278,-6.738150269718906],[107.40112490866646,-6.740257226165367],[107.40139500883386,-6.740834227674425],[107.40196385836214,-6.74135459522473],[107.40481707855011,-6.742599638435227],[107.4076799932816,-6.742792900290441],[107.40833898537755,-6.743201005928357],[107.40866695033105,-6.7437060519511896],[107.40875822865883,-6.744523519813404],[107.4085703079224,-6.745025933849897],[107.40685871880702,-6.746329244559978],[107.40620165550595,-6.747453177066222],[107.40641269303485,-6.748740452809491],[107.40699124741586,-6.749413688843329],[107.40808931640876,-6.750199696836198],[107.40837369872466,-6.751342484054203],[107.40768223688768,-6.752952647138948],[107.40783365908757,-6.754896390197882],[107.40767864924594,-6.755622298777473],[107.4060384831318,-6.757213031688254],[107.40541116228012,-6.758450910857147],[107.40543104214957,-6.7593845298211885],[107.40593326841896,-6.760410424001117],[107.40728625139532,-6.7611421542986],[107.41131282819916,-6.761019119411598],[107.41399772030128,-6.760210228368716],[107.41449716858078,-6.75960284279787],[107.41516410784797,-6.75820804007024],[107.4158924767477,-6.757692478163643],[107.41653737432569,-6.757623152502884],[107.41797234787724,-6.758227746804753],[107.4192723263546,-6.76090368037676],[107.41995137929156,-6.761504087246937],[107.42141482319839,-6.7623097631332465],[107.42188962195918,-6.76321834528507],[107.42102420810784,-6.767438093613095],[107.41994624843329,-6.769411492908447],[107.42002264913067,-6.770544988459265],[107.42560384371356,-6.777995874300107],[107.42614476288395,-6.778486478078512],[107.42701193906105,-6.778805974597527],[107.42992282108874,-6.778364595575239],[107.43077404544285,-6.778622359156171],[107.43124917271761,-6.7792013851598805],[107.43252812374244,-6.781943809257949],[107.43329366142744,-6.782634780210074],[107.43382060858877,-6.78281882694762],[107.43477157083096,-6.782782846180287],[107.43548621986302,-6.782411865931673],[107.43603582969786,-6.781720182249365],[107.44109334828376,-6.790710598510289],[107.44371312129196,-6.794672915975947],[107.44786965877424,-6.799280661558807],[107.4511819750227,-6.802022740093028],[107.4561439906713,-6.8050498227743095],[107.4658995779568,-6.809466289930983],[107.46954616619375,-6.811454391881711],[107.4733215581922,-6.813956300190574],[107.47696277768128,-6.816981676202817],[107.4789385125835,-6.81891321032714],[107.4813548454052,-6.821686770191084],[107.48415977689814,-6.825640589757541],[107.48543464210876,-6.827804662280328],[107.48549088828455,-6.829093920983609],[107.48658225061546,-6.830713013734496],[107.48778652709713,-6.83488723755739],[107.4882693325135,-6.835811425174672],[107.48876705771328,-6.836227041088026],[107.49037643825662,-6.83687300556073],[107.49129036800076,-6.837556235513289],[107.49786415090725,-6.843858269273082],[107.50396749462539,-6.84890507054744],[107.50652381098038,-6.852287850637325],[107.50952604835786,-6.857156714924161],[107.51262830900816,-6.860230213772995],[107.5136751685822,-6.861968007735645],[107.51755525385683,-6.870634269055031],[107.51825940043051,-6.873932645855205],[107.51905533240388,-6.880701153382665],[107.5201029484305,-6.884173505267447],[107.52112638202982,-6.886392207892813],[107.52323639154679,-6.88954019342011],[107.52477182371305,-6.891169405794081],[107.5301438444165,-6.895462219551941],[107.5323305987442,-6.8979597256343],[107.5333911220898,-6.8999494607312934],[107.53540917803373,-6.9048152732349735],[107.53667109534385,-6.906783820730013],[107.54041972512614,-6.910784665237873],[107.54233281295579,-6.9139268848731605],[107.54298839903124,-6.915765145479193],[107.54371226723592,-6.919343010922979],[107.5439053,-6.9193838],[107.544986,-6.9251555],[107.54569352630637,-6.9272951280472075],[107.54666596872907,-6.92928625729937],[107.5599724509842,-6.947970085364191],[107.5611125,-6.9493664],[107.56307119940614,-6.951182318285679],[107.5650824450836,-6.952450698863813],[107.58112011459471,-6.961070000776657],[107.58314952618082,-6.961917840692981],[107.58573434393408,-6.9625445554148975],[107.58930429203576,-6.96264042898122],[107.61278985124578,-6.960900465341801],[107.61569498793719,-6.96082386967145],[107.6171346,-6.9609656],[107.61930497419334,-6.961520289168066],[107.62375137079631,-6.963389448175657],[107.6264857532404,-6.964194725316927],[107.63897625929032,-6.96584950871035],[107.64170693939653,-6.965867620046215],[107.6470846,-6.9647608],[107.649815,-6.9647011],[107.658667,-6.9660672],[107.6648678,-6.9674912],[107.6671291,-6.9676391],[107.66962482344141,-6.967539427245017],[107.66492952340893,-6.96699713374955],[107.65791477081358,-6.965395747355615],[107.64967721948557,-6.9641692129159685],[107.64736612577578,-6.964223811978859],[107.64245495360424,-6.965178495687448],[107.63986955907357,-6.9653296830541365],[107.62746790321103,-6.963790129035549],[107.62468034395225,-6.963124241178253],[107.61918213136164,-6.960877528257888],[107.6157334711514,-6.9602484627334125],[107.61274558015833,-6.960317102686717],[107.58927375353781,-6.962064554952523],[107.58583283274392,-6.961976205189214],[107.58333446320268,-6.961371276304622],[107.58138938873297,-6.960559007260383],[107.56433217241147,-6.951344755046669],[107.56253068812354,-6.949956974995039],[107.56087276109137,-6.948187338858142],[107.54718893426401,-6.928999385155886],[107.54624861704472,-6.927093585342555],[107.54536574314494,-6.92455867769075],[107.54374015795699,-6.916368417257419],[107.54288056146977,-6.913688124291786],[107.54088627652766,-6.910427992005],[107.53715168326552,-6.906445671890383],[107.53594207288796,-6.904548951621478],[107.53394850449821,-6.899742568896156],[107.53283813567455,-6.897648625411607],[107.53163246646717,-6.896082740120422],[107.53054062357049,-6.895030361268931],[107.52522662298271,-6.8907721237813035],[107.52371599221613,-6.889183711654074],[107.52165111304166,-6.88612292903386],[107.52065446566047,-6.883932539394407],[107.51965008345968,-6.880600265396738],[107.51884561989039,-6.873857858443654],[107.51829537695099,-6.871123658809668],[107.51938101254801,-6.871855939960527],[107.5229876583728,-6.873612733075177],[107.52431481399842,-6.874516247515955],[107.53277316600314,-6.88239190043768],[107.53673916039412,-6.887171437445256],[107.53891980764408,-6.889147899687139],[107.54080531393379,-6.889904899937685],[107.55157404219052,-6.891995642093329],[107.55903521546873,-6.895148368486811],[107.58608362018167,-6.912918897692639],[107.58760928311203,-6.913667962229025],[107.58964976055265,-6.914278594986388],[107.59341208152854,-6.914325096789483],[107.5950856286806,-6.9145720724616275],[107.60091347020439,-6.914850140684175],[107.60117479837893,-6.914699919787961],[107.60444424245071,-6.9148383336096115],[107.61295628572674,-6.915921133630944],[107.63512377449126,-6.921283627625913],[107.68054968120921,-6.937689531920261],[107.68692344279036,-6.940065178331289],[107.68905093292963,-6.941077505232945],[107.69164284651413,-6.941780107385564],[107.7132076246832,-6.949628023676822],[107.71331904244413,-6.949054626780958],[107.65307412451337,-6.9270547417965425],[107.65163447889941,-6.926376492978751],[107.64992493947278,-6.925873673675246],[107.64741147869931,-6.924479356463221],[107.64440346576764,-6.923476624850747],[107.64372290628785,-6.923067229261556],[107.6434651700298,-6.923223453622042],[107.64364385025506,-6.923621502332884],[107.64090146752704,-6.922532992011251],[107.63527529236588,-6.9207240813244555],[107.6138790662228,-6.915497028288858],[107.60452500032177,-6.914265662270365],[107.6027424484889,-6.9137024140329],[107.60113596215902,-6.913432108768715],[107.60006795376309,-6.9129996912819465],[107.59818501891854,-6.912740131815309],[107.59802619673512,-6.912995102010465],[107.59811995188997,-6.913455767529025],[107.59878648991662,-6.913692478466943],[107.5976068313868,-6.913928939831118],[107.59421841053991,-6.913452558001001],[107.58958988222024,-6.913534910891177],[107.58785744326458,-6.913110831430076],[107.5863978293395,-6.912402704653226],[107.56100985376912,-6.895603519794643],[107.55887758193983,-6.894418510453713],[107.55175802837975,-6.891445963987718],[107.54074974495985,-6.889290369392828],[107.53905367574413,-6.8885243545868065],[107.5379140059847,-6.88743880329101],[107.53321218900427,-6.882015129302605],[107.52500241486013,-6.874342880114204],[107.52327262083674,-6.87310768433703],[107.51924167362974,-6.871102342713129],[107.51825656154928,-6.870278433679828],[107.51790214065512,-6.869817413326958],[107.51528898666812,-6.863500723042626],[107.5137682419725,-6.860522527731075],[107.50672907023537,-6.8508154972822455],[107.50428408358621,-6.848204799827289],[107.49335654353867,-6.838381359756992],[107.49065773696515,-6.835473883417731],[107.48921928630944,-6.833347625964162],[107.48604971381597,-6.827691514931106],[107.48680538796397,-6.826938172910322],[107.48998991032212,-6.82607842727685],[107.49080967767539,-6.8255024498614185],[107.49130339968367,-6.824314121678554],[107.49117540877123,-6.8233922803667575],[107.49074132985048,-6.8226979658201286],[107.48958845318833,-6.822118001414254],[107.4872762735209,-6.821816522001811],[107.4864274364553,-6.821437543245902],[107.48590264041219,-6.820634959436877],[107.48581609663543,-6.818887103411632],[107.4855101945496,-6.818263115438034],[107.48476284788273,-6.817593729884609],[107.48397797045288,-6.817387931137188],[107.48221442961768,-6.817606536654989],[107.48135430150866,-6.817196519230961],[107.48016543019196,-6.8151929432621845],[107.4796772600525,-6.81381909872618],[107.47838961386539,-6.812083876654147],[107.4777431383087,-6.811588401946078],[107.47634828191255,-6.811071031811472],[107.47587697564494,-6.810645894403706],[107.47566268213397,-6.810031769971906],[107.47568012633607,-6.808096813820466],[107.47469223942315,-6.806930102346639],[107.47299861941426,-6.806425458412908],[107.47083647657357,-6.805137314308679],[107.46814164274808,-6.804991959873533],[107.46446575338373,-6.803254651927093],[107.46115437457745,-6.802453895566382],[107.45617923400411,-6.7999700412127755],[107.45575423054628,-6.799270335772733],[107.45512321137431,-6.7952890599240705],[107.4553132238591,-6.794582424775821],[107.4567951177515,-6.793339478674113],[107.45728482356742,-6.792378636734097],[107.4571547697272,-6.791060764964129],[107.45638958063851,-6.790184080799089],[107.45564533812993,-6.7898854720037916],[107.45496077283195,-6.78988649415507],[107.4522770187723,-6.790461081770856],[107.45141379840543,-6.790853245675962],[107.45068050289382,-6.79143747972322],[107.45020527634536,-6.792197370418004],[107.4499876610241,-6.7929031798302395],[107.44997249537352,-6.794466014371129],[107.44967359514888,-6.79515309946529],[107.44922394992734,-6.7955526815438505],[107.44861351538842,-6.795734942233299],[107.44805511455655,-6.795716998696318],[107.44760954223086,-6.795470486967147],[107.4462409321775,-6.794203936583566],[107.44590724727517,-6.7937335820515],[107.4457964252818,-6.793148078027015],[107.44583734337307,-6.791165649973367],[107.4463873456299,-6.789329261867805],[107.44660413072984,-6.785347669894784],[107.44699227250706,-6.783568601266492],[107.44684386564175,-6.782827705889417],[107.4461711932539,-6.781910850831422],[107.4443086649116,-6.781237455403732],[107.44126892497788,-6.779159641320128],[107.44034641520868,-6.778889149330708],[107.43955772809049,-6.7789437831644195],[107.43708022714138,-6.779701972749884],[107.43609787344643,-6.7804519714456],[107.43408486030465,-6.775950085843938],[107.42861155945147,-6.765244311259022],[107.41215740367645,-6.731709422151557],[107.4110184968355,-6.728939122490303],[107.40792203891452,-6.7198194092849715],[107.40604233454533,-6.711597914431385],[107.4055232878764,-6.706424855704202],[107.40512045875144,-6.69146310513189],[107.40458136055204,-6.6916082709346165],[107.40452939942435,-6.6924758056090345],[107.4050599277114,-6.70833037614882],[107.40546013593621,-6.7116821011474865],[107.40731764368226,-6.7199881112549384],[107.41046534879648,-6.729138281739235],[107.41161420002969,-6.731932814075422],[107.42807517574252,-6.765516164043359],[107.43354057322053,-6.776193151434564],[107.43572602805413,-6.781117269566517],[107.43515494568733,-6.781983927075885],[107.43434874255783,-6.782309329588787],[107.43330800658723,-6.782008934588924],[107.43276995920107,-6.781308980491486],[107.43164201705376,-6.778684177903069],[107.43073691096723,-6.7779289080897085],[107.42948549707792,-6.777812480845385],[107.42721203036275,-6.778274112504681],[107.42624403602632,-6.777888598452053],[107.42073235599783,-6.770786305055283],[107.42048502061513,-6.770210866757003],[107.42047803090585,-6.769524519204315],[107.42154519941994,-6.767591825234404],[107.42243141671655,-6.7631711759250495],[107.42223084864767,-6.762507089318058],[107.42180214521582,-6.761930518774971],[107.41971711227605,-6.760593437450742],[107.41876832495684,-6.758378691062539],[107.41813396388754,-6.757657831766335],[107.41665442319494,-6.757095484254773],[107.41549949223754,-6.75727358340463],[107.41474421346943,-6.757865124912649],[107.41367087887745,-6.759777882361402],[107.41187584191275,-6.7603189328960545],[107.40742279626652,-6.760553488000834],[107.40635615337119,-6.760069674171998],[107.40596421444839,-6.75927868615944],[107.40601022848242,-6.758327264850094],[107.40642731978213,-6.757591022085357],[107.40816431553684,-6.755865086606824],[107.40837758193373,-6.754897277004261],[107.40820161795183,-6.753113839092107],[107.40891392146831,-6.751403669698742],[107.40873324859955,-6.750220914925931],[107.40824217957011,-6.749605874351116],[107.40708571011787,-6.74876189256967],[107.4067796952386,-6.7482153925414545],[107.40672634477576,-6.747599706178131],[107.40722489719776,-6.7467289142714675],[107.4090184755857,-6.745332659366754],[107.40931532042286,-6.744220900411286],[107.40904594312087,-6.743242602313666],[107.40845808910913,-6.742594243569898],[107.40786242706449,-6.7422841716345525],[107.40497071005,-6.7420812116141695],[107.40227868189575,-6.740914750309324],[107.40165494536907,-6.74013450993656],[107.4016211769327,-6.738059383855219],[107.4009579832208,-6.736943414399367],[107.39684200160356,-6.735229441193303],[107.39599055320922,-6.734462956434109],[107.39569853880356,-6.733469896639394],[107.39566114958485,-6.728608959125692],[107.39535718296042,-6.727634016139945],[107.39442501008224,-6.726506208266955],[107.39088085471803,-6.72503474337655],[107.39015708080159,-6.724108388600535],[107.38960752117518,-6.72249037189177],[107.38966289063997,-6.721822681992037],[107.38993037412452,-6.721404792919444],[107.39245501959279,-6.719407797767948],[107.39290046944203,-6.718830819061541],[107.3930272307118,-6.71754494462831],[107.39250449922838,-6.716446835039779],[107.39069665708726,-6.715006549666302],[107.3892160880668,-6.714143985065951],[107.38798055150222,-6.714114441333425],[107.38618203444896,-6.7149331418510645],[107.3853664633218,-6.714768189014181],[107.38473264760619,-6.714181936546607],[107.38460061694873,-6.713106264779692],[107.38510518257708,-6.712320645622609],[107.38586322484865,-6.711988606668605],[107.38785311235235,-6.711987061411145],[107.3885136055629,-6.7116238934289765],[107.38897824343996,-6.711069185724177],[107.38923624438495,-6.709776124744071],[107.38858816705475,-6.708091460984988],[107.38847381067545,-6.707216586127906],[107.38870544999169,-6.706289448093509],[107.38918490869656,-6.705644098176006],[107.39047509770614,-6.704955077666289],[107.39335880314901,-6.704581157597201],[107.39459938967457,-6.704220303895605],[107.39846668207812,-6.701899344590911],[107.3992360633918,-6.701159292591297],[107.39946923236076,-6.699808128277358],[107.3992045918246,-6.699058934281245],[107.39792197869379,-6.697425096853273],[107.39800779332265,-6.6955594897997575],[107.39748185086584,-6.695395586374338],[107.39727827317151,-6.697282971903801],[107.39752332622164,-6.69795889846784],[107.39881062178446,-6.699584284801838],[107.39889760566564,-6.700363911056502],[107.39867725825626,-6.700914197701478],[107.3955825378993,-6.703014546485994],[107.39415291750173,-6.703753800878182],[107.39017390445615,-6.704413253384758],[107.38882813680878,-6.7051202175662485],[107.38815498305205,-6.705989431800695],[107.38787132562034,-6.707081667411383],[107.3879860701871,-6.708205577751951],[107.38861608262523,-6.709682429764316],[107.38842361320356,-6.710856702466275],[107.38752281995889,-6.711477193117975],[107.38584556732,-6.711404816592882],[107.38484339273398,-6.7117956519011495],[107.38414543083476,-6.712599123508323],[107.38396504119505,-6.713596085569966]],[[107.43636465088667,-6.7810470960811635],[107.43726483820012,-6.7802097142754345],[107.44027523524191,-6.779424248009507],[107.44098352177976,-6.779619581238594],[107.44406437872556,-6.781719958834904],[107.44549952349206,-6.782145063870741],[107.44606360676006,-6.782554039383637],[107.4464498166378,-6.7835249276687115],[107.44600093006589,-6.785896560358716],[107.44585283190246,-6.7892313426528395],[107.44529993192221,-6.791082109870223],[107.44529260208732,-6.793518454220588],[107.44582188497402,-6.794548263838425],[107.44768592427276,-6.7961520610650155],[107.44893291528105,-6.796219883688457],[107.44946538603338,-6.796037000412459],[107.45008440092067,-6.795506778868378],[107.45050496625893,-6.794574609713649],[107.45061584607295,-6.792636192593687],[107.45107552007545,-6.791809180587543],[107.45168332547345,-6.7913219796455815],[107.452413349979,-6.790983736186711],[107.45523029545782,-6.790395610118004],[107.45629267939337,-6.79077863195894],[107.45679355507632,-6.79173007923954],[107.45668834988692,-6.792505448654439],[107.45640482685812,-6.792963023662102],[107.45493761279232,-6.794173163250494],[107.45458090121016,-6.795250888869381],[107.45522767574215,-6.799404883612631],[107.455772196998,-6.800328150689617],[107.45644344742946,-6.800833917545621],[107.46073234698345,-6.80287119364622],[107.46424029493377,-6.80379848451296],[107.46797521955507,-6.805505726786615],[107.47066732289787,-6.80565018665132],[107.47272971469174,-6.80689459480128],[107.47452011077405,-6.807464034997732],[107.47519421406585,-6.808386923251212],[107.47512145098693,-6.810081019494259],[107.47541084869162,-6.81092359262565],[107.47608047480946,-6.8115406826843525],[107.47738960859053,-6.812019327202521],[107.47796516695924,-6.8124213250750225],[107.47921089860557,-6.814096098474277],[107.47966376392621,-6.815400886271375],[107.48096358077274,-6.8175721042070165],[107.48211750731039,-6.81813772162523],[107.48394432967962,-6.817927025914815],[107.48457764296307,-6.818110188124912],[107.48527797365458,-6.819006537190928],[107.48536955668288,-6.820741121241311],[107.4858477154201,-6.821634088668928],[107.48714465256498,-6.822340485190978],[107.48999659215575,-6.8228085466028014],[107.49056709977123,-6.823353827043609],[107.49072995430467,-6.823828569135927],[107.49071622270469,-6.824551940662326],[107.49049667143046,-6.825028395172675],[107.48982033481522,-6.825565567419797],[107.4865891606707,-6.826442992168836],[107.48573221523156,-6.827140866083856],[107.48298554670316,-6.822808716193877],[107.48013101157571,-6.819369365415803],[107.47676034211977,-6.815995407151173],[107.47367946579992,-6.813495733846923],[107.47078673984105,-6.811528569047314],[107.4669460525906,-6.80931958618415],[107.45493340634785,-6.803739595799548],[107.45152929556637,-6.80155812420036],[107.4500338527487,-6.8003865012517295],[107.44697839676809,-6.797564657581002],[107.44362627925935,-6.793551036515356],[107.44000570082203,-6.787674769039958],[107.43636465088667,-6.7810470960811635]],[[107.4859396996944,-6.828691257534826],[107.48636895821276,-6.829457500592512],[107.48610418131287,-6.829108519696187],[107.4859396996944,-6.828691257534826]],[[107.48724314549364,-6.831030610478598],[107.48870085543663,-6.833652022611578],[107.49063918905085,-6.8363972841226825],[107.48905561594108,-6.835769407242521],[107.48860007704315,-6.83535068597669],[107.48724314549364,-6.831030610478598]],[[107.50776517581478,-6.853165581954468],[107.51142934448961,-6.858198307674518],[107.50963647886941,-6.856349336926367],[107.50776517581478,-6.853165581954468]]],[[[107.6720822706391,-6.96767514661404],[107.68810201219902,-6.969288504551741],[107.67491840418799,-6.967868752768267],[107.6720822706391,-6.96767514661404]]]]}},{"type":"Feature","properties":{"id":"toll-0089","name":"RoW Jalan Tol","category":"toll_row","severity":"hard","methodForce":null,"costMultiplier":1,"wilayah":["kota_bandung","kota_cimahi","kab_bandung_barat"],"source":"OSM © OpenStreetMap contributors + buffer 40 m RoW","realData":true},"geometry":{"type":"MultiPolygon","coordinates":[[[[107.43114379571834,-6.708105978986649],[107.4313167031986,-6.710752300386521],[107.43216685064783,-6.716304842536734],[107.43328660689575,-6.721690099452302],[107.4348603001093,-6.726358873367992],[107.43706744343893,-6.731685495565237],[107.43713908998465,-6.732637557260761],[107.43680479248326,-6.736616580584737],[107.43712371205065,-6.739160619239569],[107.43778688832758,-6.74107795465931],[107.4394504534774,-6.744476115924299],[107.43982826837805,-6.745854587253689],[107.43992490848778,-6.747398769399431],[107.43948629770507,-6.751609863848297],[107.44016258090613,-6.756628482860442],[107.44023712341091,-6.759586264500134],[107.43979165893435,-6.76533040290583],[107.4404840078105,-6.770542798590827],[107.43963251258047,-6.776598118024153],[107.43955505004185,-6.77870924906868],[107.44027001938727,-6.782011271457796],[107.44225361809137,-6.785761873801127],[107.4429595701619,-6.787500149255691],[107.4434674936501,-6.792286425167044],[107.4443864897478,-6.79486616320966],[107.44541137830173,-6.796332472937412],[107.4476406673157,-6.798673602427326],[107.44992175133949,-6.800630714232119],[107.45230261020517,-6.802319456877881],[107.45404980352882,-6.802949259198434],[107.45826625011078,-6.803339267303627],[107.46373696287421,-6.804721380154232],[107.46769126206146,-6.806753315817788],[107.47169896742095,-6.80951316705386],[107.47603306116923,-6.813292778209232],[107.48026846563931,-6.818161400900122],[107.48408467246635,-6.820933296298509],[107.48530138681139,-6.82202536957917],[107.48618478700557,-6.823306551848226],[107.48758359674237,-6.826023189049064],[107.49032870177018,-6.82911018264884],[107.492287455402,-6.832255206496175],[107.49411384417283,-6.834321252819203],[107.49696624440512,-6.836719056485989],[107.50185124683289,-6.840049095872933],[107.50333712422184,-6.841454092610133],[107.50446908098654,-6.843227860929064],[107.50520436610351,-6.845516977959216],[107.50523231499332,-6.84999766234818],[107.50444278116828,-6.856257841015444],[107.50441996648,-6.858507060837702],[107.50507463666011,-6.862505018871903],[107.5066654201114,-6.866372469831319],[107.50809109152415,-6.868593312297196],[107.51447261031566,-6.877058966051599],[107.52292799829671,-6.8897971056938365],[107.52536408224296,-6.8923642830947625],[107.53006608391019,-6.895953236748633],[107.53187560482554,-6.898196837094885],[107.53275495836209,-6.899818011186422],[107.53427171750262,-6.903607577727582],[107.53558047758693,-6.905918992207915],[107.53760995390917,-6.9084422495693065],[107.54018210477969,-6.911094919045553],[107.54183675790875,-6.913729164939637],[107.54258860924917,-6.915653974997448],[107.54331895236953,-6.91925990093668],[107.5439053,-6.9193838],[107.544986,-6.9251555],[107.5455462,-6.9267551],[107.5453618,-6.9268183],[107.5465882,-6.9293205],[107.5601491,-6.9482153],[107.5625672,-6.9507727],[107.5652047,-6.9526113],[107.5807609,-6.9610195],[107.583732,-6.9621529],[107.5871351,-6.96272],[107.5891034,-6.9627183],[107.6111627,-6.9611241],[107.6165651,-6.9608947],[107.6190985,-6.9614562],[107.6235746,-6.9633281],[107.6265174,-6.964203],[107.6390221,-6.9658849],[107.6415886,-6.9659155],[107.6470846,-6.9647608],[107.649815,-6.9647011],[107.658667,-6.9660672],[107.6648678,-6.9674912],[107.6711365,-6.9675799],[107.6905703,-6.9695371],[107.6940868,-6.969748],[107.6980289,-6.9694388],[107.7005506,-6.9689319],[107.7031341,-6.9681517],[107.7059089,-6.9669825],[107.7168179,-6.9612387],[107.71660885949211,-6.96089912984945],[107.70616507378755,-6.966366789853651],[107.70302446190031,-6.967739986838879],[107.69863308115559,-6.968899607491096],[107.69399976731785,-6.9693119875250344],[107.67139205951003,-6.967188407728924],[107.66471450806098,-6.967051659971257],[107.65927565673216,-6.965753705510163],[107.64982382362909,-6.964269322745176],[107.64709533372262,-6.964331527880776],[107.64194833544842,-6.965443941235261],[107.63839296651666,-6.9653729129430895],[107.62725906436832,-6.963933036471707],[107.6241218337264,-6.963061414103337],[107.61902597791753,-6.96098922480958],[107.61584999368422,-6.960436141723304],[107.591347882207,-6.9621290008648264],[107.58653827461161,-6.962229761987392],[107.5838651712096,-6.96174567146637],[107.58100598899202,-6.960660876097224],[107.56482469665349,-6.951906377564437],[107.56263080888,-6.950261296452534],[107.56024178550588,-6.947629391895042],[107.5538792613308,-6.938787892151534],[107.56686897272084,-6.9324726767913605],[107.5687601569286,-6.9319324362480526],[107.57073477876656,-6.932039284862964],[107.5735549277047,-6.931677857798913],[107.57623552610339,-6.930768026084103],[107.57640780873659,-6.93055226189829],[107.576320292377,-6.930155113680436],[107.57593436333724,-6.9300411224029395],[107.57334844283184,-6.930910526591627],[107.56909821516976,-6.93105990043068],[107.56740021063136,-6.931386602541091],[107.5546945067581,-6.937443037555399],[107.55322856473354,-6.937890605628632],[107.54718356610176,-6.9294516798694605],[107.54607590724699,-6.927401877380172],[107.54516727232283,-6.924599170314612],[107.54341056804378,-6.91543050547179],[107.5420081991303,-6.9121955681240745],[107.54082079827079,-6.910524415679259],[107.53742898179773,-6.906947637717694],[107.53610845979041,-6.905162285210392],[107.53500931694376,-6.903153922068939],[107.53320969456333,-6.89877972744776],[107.5323196196717,-6.897281532293257],[107.5300009624871,-6.894699192320114],[107.52592047793712,-6.891717115054558],[107.52363400636061,-6.889307275410229],[107.51554764948025,-6.877120343346709],[107.50847582204881,-6.867672408680187],[107.50702086387967,-6.865209211973702],[107.5062598859278,-6.86342203736136],[107.50569235924635,-6.861449532618512],[107.50523139724127,-6.857371850466827],[107.5060641558424,-6.8500563580837674],[107.50609476820765,-6.8459961256282975],[107.50553348919283,-6.84362465790709],[107.50443702311371,-6.841546189117376],[107.5027675020268,-6.839721756427674],[107.49746529176356,-6.836069100526262],[107.49470033891824,-6.833746167861004],[107.49302512177483,-6.831838876368644],[107.49091200760412,-6.828515549383988],[107.48824881720378,-6.825520896821629],[107.48675176582819,-6.822631334081318],[107.48589509824065,-6.821438042398202],[107.48491427024578,-6.820512082734022],[107.48087236549134,-6.817555695888177],[107.4765470429335,-6.812649398989801],[107.47210568826729,-6.808776515043632],[107.46774990304294,-6.805833021731403],[107.46388929187393,-6.803879510209623],[107.45839189261207,-6.802536853696292],[107.45425134824411,-6.802134195093926],[107.45272926227649,-6.801577998395008],[107.45053680817583,-6.800053962313235],[107.44850099910707,-6.798325527242744],[107.44645915706731,-6.796284282114584],[107.44508764585696,-6.794429361642087],[107.44427763016348,-6.791917372345113],[107.44407282248596,-6.789161158497786],[107.44366386259388,-6.787003659589589],[107.4410683845408,-6.781735528905327],[107.4404566887685,-6.779274323939019],[107.44043986258635,-6.776705112527273],[107.44132088655196,-6.770544862748018],[107.44063493199475,-6.765358863390507],[107.44108745797601,-6.759552137474309],[107.44098449364175,-6.756574583585356],[107.44030626825463,-6.7516096810862525],[107.4407325482583,-6.746392032409822],[107.44020667185396,-6.744146463080762],[107.43851947936136,-6.740717430101408],[107.43779851418823,-6.7384586599378435],[107.43761096097523,-6.736523456729685],[107.43795622793506,-6.732846558363616],[107.43779495564321,-6.731205643484493],[107.43646952964748,-6.728227470366159],[107.43463820099609,-6.723311392844464],[107.43389082751315,-6.720654419521146],[107.43299304829604,-6.7161429515472255],[107.43203895208683,-6.7098267787315935],[107.43199493107635,-6.7075031049347285],[107.43257995483953,-6.7044626914439664],[107.43368321225512,-6.701452449778672],[107.4327089,-6.7018635],[107.43241165348844,-6.702578112038453],[107.43157026593222,-6.705073549578416],[107.43114379571834,-6.708105978986649]]],[[[107.53525605239454,-6.899536508689675],[107.53541925545663,-6.899900722051808],[107.53568880125758,-6.8999655060473835],[107.54097912315947,-6.899068342359872],[107.54293589631342,-6.89843497766931],[107.54447380776774,-6.897514081736115],[107.54872314196038,-6.8939017806172025],[107.55117805692886,-6.892124092110867],[107.55581265166867,-6.889536620435979],[107.55729270856101,-6.8890009457507375],[107.55945238137153,-6.888529851103506],[107.56186381578141,-6.888403016069056],[107.56368692975335,-6.888607096706637],[107.57168216551729,-6.890248147742588],[107.57458706995223,-6.891153123223144],[107.57759819148308,-6.891435188106454],[107.58099282439964,-6.892622370079445],[107.58125455411376,-6.892531334736854],[107.58141996857364,-6.892126390448364],[107.58117774273101,-6.891807112530648],[107.57853120540224,-6.890834376924677],[107.56383272455678,-6.887788349811807],[107.56186483074319,-6.887580260134732],[107.55933450884093,-6.887718893387071],[107.55564231231696,-6.888708061155962],[107.55072133260433,-6.891435111718495],[107.54873134731244,-6.892832092051296],[107.5439793686219,-6.896825401985232],[107.54280805055026,-6.897581331630889],[107.54072694602003,-6.898246820614763],[107.535545922532,-6.8991822412693224],[107.53525605239454,-6.899536508689675]]]]}},{"type":"Feature","properties":{"id":"river-0090","name":"Sempadan Sungai","category":"river_setback","severity":"soft","methodForce":"boring_only","costMultiplier":1.8,"wilayah":["kota_bandung","kota_cimahi","kab_bandung_barat"],"source":"OSM © OpenStreetMap contributors + buffer 30 m RoW","realData":true},"geometry":{"type":"MultiPolygon","coordinates":[[[[107.1819357,-7.0581269],[107.1821712,-7.0585572],[107.1825235,-7.058646],[107.18423,-7.0584938],[107.1847149,-7.059228],[107.1851619,-7.0593275],[107.18595,-7.0580789],[107.1862873,-7.0580855],[107.1875678,-7.060191],[107.1881756,-7.0603451],[107.1887029,-7.0599446],[107.1891967,-7.0598584],[107.1897208,-7.060359],[107.1895929,-7.061411],[107.19003241270046,-7.061320990177811],[107.19028477924624,-7.060878707915131],[107.19023965590124,-7.060377134007365],[107.18940103677714,-7.059694263748483],[107.18855009268212,-7.059724069143863],[107.18793337157662,-7.060092808207034],[107.18755833609868,-7.059800717975086],[107.18660351938647,-7.0580492586527335],[107.18618255669995,-7.057785157666423],[107.18586481714945,-7.057827785691877],[107.18543427067713,-7.05872807910093],[107.18494032548891,-7.059055311274726],[107.18434988099676,-7.058251744034595],[107.18315780950944,-7.0584067126604255],[107.18233249834903,-7.058389690286662],[107.18225879291192,-7.058228758736816],[107.18304577952189,-7.057930628413904],[107.18352402855018,-7.057179761828985],[107.18373837412034,-7.056352206322243],[107.18441408235087,-7.055444300531341],[107.18448276208036,-7.054907256425344],[107.18418925421831,-7.054437112667952],[107.18448923802849,-7.052762882367234],[107.18486884462561,-7.0524991602723],[107.18500905268614,-7.052083986211181],[107.18672672866592,-7.051945601238728],[107.1873481332375,-7.051517530491483],[107.18730567584018,-7.051144207314105],[107.18707961875631,-7.050965789573196],[107.18604077396859,-7.050889117208913],[107.18597876990286,-7.049656887554205],[107.18669342540082,-7.048842085898439],[107.18727954377115,-7.047675829052812],[107.18830258624185,-7.047124662711718],[107.18862618501203,-7.046757246627989],[107.18864080682977,-7.046463736204826],[107.18851336734701,-7.045876601774326],[107.18819090155466,-7.045518483174572],[107.18704385278942,-7.045896855020193],[107.18678411954554,-7.0457579741271354],[107.18771288957761,-7.044773567755895],[107.18798667928279,-7.044654041465814],[107.18889796515342,-7.0450270668814925],[107.18946717344889,-7.04443446187254],[107.18931383833848,-7.0433878245280575],[107.18831849289104,-7.0425258851158175],[107.18852158364355,-7.040439887651154],[107.189227024807,-7.038921849180944],[107.18940986925267,-7.036261192126589],[107.19004335812535,-7.0353724289728845],[107.19021339973766,-7.034194372949512],[107.19120417240137,-7.032121150626342],[107.19107220321591,-7.030340052494479],[107.19151242701359,-7.028304115702872],[107.19256283892658,-7.027860031335713],[107.19372998065717,-7.027634953089196],[107.19419746931217,-7.0270153513794575],[107.19412606894123,-7.026418168639862],[107.19358575495355,-7.025676500682377],[107.19404160696729,-7.024956603323426],[107.19336843971007,-7.024007066150556],[107.19356480755148,-7.022791985663253],[107.19375843151958,-7.022290743732971],[107.19508512769156,-7.022044495980257],[107.19573778518635,-7.021539122346197],[107.19580338935961,-7.020525565300437],[107.19474435096281,-7.0197162674869675],[107.19460868773129,-7.018517911598063],[107.19685694824747,-7.017565798845573],[107.19769561957425,-7.011161273327706],[107.19843336811168,-7.008326807604979],[107.20010596326314,-7.009837567597747],[107.2021172301663,-7.009926155824834],[107.20516449590595,-7.0090128810951695],[107.20525217683307,-7.011857410794717],[107.20554244749461,-7.012511994369226],[107.20550056375211,-7.013311971855205],[107.20602829282575,-7.013794482090161],[107.20790959257994,-7.013861602282463],[107.20825279871067,-7.015013342349416],[107.20816888420269,-7.016461926018526],[107.20694855085488,-7.016798345224847],[107.2067541411679,-7.017008487429117],[107.20678955069415,-7.018383110752248],[107.20814052687393,-7.018851968095738],[107.20814094263052,-7.021338305313148],[107.21014886080495,-7.021804345130639],[107.21207230012612,-7.021635068702044],[107.21316465655754,-7.021049810987695],[107.21338631577898,-7.0187236472464525],[107.21387618269557,-7.017643229162227],[107.21484496515275,-7.01671319158049],[107.2156273484231,-7.0174440278375],[107.21692534898877,-7.019451175938694],[107.22009774077077,-7.0205880589018514],[107.22260446014445,-7.020610138272374],[107.22358306188762,-7.019786237603076],[107.2235714129864,-7.019366624344078],[107.22245276415666,-7.0192562653499015],[107.22075634214623,-7.01853737467877],[107.21989101319265,-7.018832589510188],[107.21936856953849,-7.018011267647641],[107.21813071242187,-7.018429871000973],[107.21797988401276,-7.01811386010864],[107.21892073291333,-7.0174251027837675],[107.22093448712808,-7.017422995955079],[107.2215456111268,-7.0171339788048215],[107.22254649354163,-7.015747085953221],[107.22273928068833,-7.01504916476246],[107.22247120558099,-7.01445590893448],[107.2221627025572,-7.01424988656029],[107.2215749136205,-7.014334360994527],[107.2208428838238,-7.014914265278681],[107.22035965888593,-7.0143667096646105],[107.22382767659255,-7.012874208902448],[107.22437954731033,-7.011769824688114],[107.2244579597602,-7.010337729433429],[107.22487513600684,-7.010277567811688],[107.22553478925278,-7.011085673026344],[107.22599931225493,-7.011146234528986],[107.22634437030536,-7.01076600851391],[107.22681458066297,-7.009550445489554],[107.22841186255636,-7.009537033519713],[107.22964313834869,-7.010976155776365],[107.23024350723507,-7.011233237529533],[107.23086889114406,-7.010817008695211],[107.23086198959484,-7.009015161828086],[107.23108056129597,-7.008731901113707],[107.23147303900127,-7.008692688938919],[107.23161374800482,-7.00917839422785],[107.23112803208514,-7.010273655910832],[107.23112169434293,-7.011099681477807],[107.23145199113476,-7.011482305911793],[107.23207851584,-7.011429995376443],[107.23247246595106,-7.012337278087648],[107.23295828131913,-7.012663059055998],[107.23529600091851,-7.012399011233765],[107.23608668161052,-7.011298358852416],[107.23715077622606,-7.010795772566944],[107.23773329090228,-7.011281877493347],[107.23852776768193,-7.011595211199311],[107.238325119957,-7.012280521856131],[107.23840959089173,-7.0127975929326825],[107.23994737875971,-7.013870098673812],[107.2406462729776,-7.015519011002071],[107.24102342552665,-7.015695956819755],[107.24198504944428,-7.015453848489938],[107.24286190514813,-7.014893398166897],[107.24322938241806,-7.013686700307282],[107.2432856577357,-7.014071199744008],[107.24390484925173,-7.0149609372845365],[107.24463079269283,-7.015085776431006],[107.2450539845998,-7.01472790451408],[107.24579590413008,-7.012914474929523],[107.24778592321533,-7.013630257857926],[107.24930789244226,-7.014688194467859],[107.25014195915021,-7.013728841781446],[107.25036630759442,-7.014065062319029],[107.2521205531072,-7.015005944709518],[107.25249937221362,-7.015044122362164],[107.25303146860652,-7.014611620170142],[107.25284435109322,-7.010275851145285],[107.25341205663587,-7.009613997270473],[107.25481351220296,-7.009042667966058],[107.2549581147683,-7.008655297490173],[107.25463491947113,-7.008216655662519],[107.2538720657988,-7.00788697500597],[107.25282330599738,-7.008030189311633],[107.25243549733857,-7.007264375600109],[107.25284802685741,-7.007059447999238],[107.25343654975909,-7.007776105771075],[107.25392679454023,-7.007750119020848],[107.25415227754814,-7.0074410420042526],[107.25392423776071,-7.006922191518951],[107.25469331574168,-7.006927535362475],[107.25495603216302,-7.006761071347017],[107.25529353726967,-7.006024436236502],[107.25662024370097,-7.004880042620842],[107.25686701265937,-7.004981546050229],[107.25889190571445,-7.008290165692756],[107.25948573476857,-7.008240562167333],[107.25994580225881,-7.0078397101426395],[107.26025594020909,-7.006706148549795],[107.26101299289735,-7.00694827244757],[107.26230080750716,-7.006798171201569],[107.26246980435441,-7.007197041917628],[107.26219263941125,-7.007702277973941],[107.26237164138756,-7.0079556310903826],[107.26426057496914,-7.009293287583063],[107.26471230892368,-7.008987270286396],[107.26482905409495,-7.0074670708984375],[107.26548262353755,-7.006912843982621],[107.26708197576906,-7.007630236499717],[107.26795431722876,-7.007519694665286],[107.26876416364718,-7.006841329469286],[107.26820038817071,-7.005769429960914],[107.26969284427251,-7.005540808176297],[107.2706841305937,-7.005841518878099],[107.2726402231822,-7.005132396118982],[107.27300039075361,-7.005350521418586],[107.27371053377973,-7.006564018848641],[107.27464894327464,-7.006802375247588],[107.27349420849335,-7.007272057285618],[107.27371289991882,-7.008028891641985],[107.27431258077581,-7.008465295260104],[107.2759830511222,-7.0089734336551],[107.27634116163553,-7.009436063042735],[107.27667618283839,-7.010783822758227],[107.27728534723771,-7.010965492578148],[107.27761170260247,-7.010328192756116],[107.27833252530871,-7.0101509315396315],[107.27891239117095,-7.010703985807579],[107.27932425885164,-7.011882889110599],[107.27957505682774,-7.0121284453528645],[107.28121592730074,-7.011449578612312],[107.28290596547214,-7.0121519970954],[107.28320423031009,-7.012462993527113],[107.2833503930707,-7.0134576167028895],[107.28453222818028,-7.01439271345975],[107.28538253085199,-7.015579811902531],[107.28568426745976,-7.015643559423294],[107.286196184825,-7.0153952176152865],[107.28659881727707,-7.016039607582956],[107.28773559900688,-7.016640339014102],[107.28731496838476,-7.017323276943029],[107.28730401043592,-7.018011855192588],[107.28796668142388,-7.018626297781573],[107.28899489563597,-7.018763183440914],[107.28940395254351,-7.019049670041195],[107.28976755021529,-7.018974179365895],[107.29098182036682,-7.0196666869622595],[107.29244234306543,-7.019658092129133],[107.29305954608233,-7.020421838737361],[107.29337174830101,-7.020520456188141],[107.29388259970226,-7.020474261015913],[107.29444253548529,-7.02004830650832],[107.29492188350517,-7.020691474001783],[107.29555684379304,-7.0206572274304495],[107.29581674140385,-7.021181345661608],[107.29623090413605,-7.021326397962303],[107.29700484383216,-7.020907174118436],[107.29751209569326,-7.0202671238271765],[107.29765838664194,-7.020383266395493],[107.29689437559917,-7.021642809513102],[107.29691978654621,-7.022215881127058],[107.29738408719219,-7.022580769563688],[107.29830687995906,-7.0218514836857056],[107.29805450911329,-7.021517954302674],[107.29742856074216,-7.021980617777959],[107.2982735184739,-7.020281312427385],[107.29777960180908,-7.019788515555418],[107.29742964962912,-7.019717635094122],[107.29623587503995,-7.020774188742268],[107.29581204253866,-7.0201581182706],[107.29519370155082,-7.0201981547527925],[107.29477050086541,-7.019521007074955],[107.29435861133298,-7.0194593592352525],[107.29347176374912,-7.01998675745574],[107.29259382928035,-7.019131934298791],[107.29113192465542,-7.019147118884819],[107.28995740944498,-7.018453057457514],[107.28823584042108,-7.01815293431329],[107.28783591311519,-7.017849579649416],[107.28782106454418,-7.017536679805832],[107.28825062724277,-7.016837778193388],[107.28825683097739,-7.0164128357528615],[107.28699041329382,-7.015663590326234],[107.28640336883711,-7.014814266280665],[107.28564873172184,-7.015073924395434],[107.28493150564833,-7.014023497343301],[107.28381802866811,-7.013171418260926],[107.28372806650135,-7.012302799098053],[107.2832317960401,-7.011716170992536],[107.28106835097581,-7.010862505314375],[107.2797984923738,-7.0115762645318975],[107.27937604645759,-7.010421864204403],[107.27853242433758,-7.009647394188224],[107.27803357616462,-7.009590648801789],[107.2772839191558,-7.009880349545054],[107.2770391541938,-7.010333927905573],[107.2768597009896,-7.009269224817092],[107.27636285415572,-7.00858653616718],[107.27584264761818,-7.008257665957717],[107.27452439405029,-7.007966239263708],[107.27407556930218,-7.007580017357628],[107.27500059314666,-7.00722898756153],[107.27523664139608,-7.00686627120401],[107.27519619046997,-7.006585842469004],[107.27480384170394,-7.006271260612496],[107.27404358488413,-7.00613145445887],[107.27345337084849,-7.005050473690095],[107.27273001889586,-7.004599373122498],[107.27215615728547,-7.004646724200423],[107.27066804671435,-7.005300326073227],[107.26975837440693,-7.004999602521186],[107.2678283358314,-7.0052904427144815],[107.26761078301729,-7.005790773498714],[107.26819915353043,-7.006736195710497],[107.26780760973182,-7.006997456641712],[107.2672015619361,-7.007099543175028],[107.2660376966467,-7.006473454678761],[107.26531370415313,-7.0063964017117035],[107.2643576559257,-7.007186263534412],[107.26420619209622,-7.008713450771675],[107.26355068730606,-7.00798417257259],[107.26285172673568,-7.007616607338295],[107.26299505782956,-7.006998758695888],[107.26280904426632,-7.006387334158121],[107.26255632985917,-7.006264072518416],[107.2610926229433,-7.006412872101629],[107.26052105148094,-7.006181636374775],[107.26001873005421,-7.006212743551121],[107.25961826005167,-7.006544860768157],[107.25961023236131,-7.007353394239909],[107.25913700148965,-7.00779601151699],[107.25907411221245,-7.0073936998148305],[107.25730327717875,-7.004657757410379],[107.25684643785661,-7.0043075330983475],[107.25636111938962,-7.004403476745587],[107.25488611819205,-7.005660793324904],[107.25458365019752,-7.006358349096747],[107.25354776939838,-7.006355724452363],[107.2532280915499,-7.006664475691709],[107.25253122505322,-7.006495324278935],[107.25197319090688,-7.006931183792705],[107.25188036706939,-7.007333971092145],[107.25249381201017,-7.0084709885643255],[107.25277889817526,-7.008582685967257],[107.25372462510559,-7.008412837888079],[107.25432421756538,-7.008661423234395],[107.25313577416692,-7.009147624994124],[107.25232897266974,-7.0100892975167515],[107.25247950607722,-7.014445521470181],[107.25232182192254,-7.0144866050004335],[107.25084786190314,-7.013694606033955],[107.2507426590636,-7.01341134315591],[107.25033735836716,-7.0131769007115095],[107.24983164223232,-7.013237529528904],[107.24925641807599,-7.014038010505193],[107.24808291311608,-7.013177059730421],[107.24561134928854,-7.012317021289399],[107.24487127992604,-7.013432953114715],[107.24443286069253,-7.014580458118815],[107.24381398962089,-7.0139312956236335],[107.24358253282001,-7.013265222929255],[107.24303275071534,-7.013066714311906],[107.24277753988775,-7.013325423576687],[107.24256096936472,-7.014412796155537],[107.24111047038343,-7.015160275233474],[107.2404079152263,-7.013581265184984],[107.23889301080644,-7.012546194172927],[107.23907595877373,-7.011787656943301],[107.2389585530801,-7.011239566979185],[107.2380873473711,-7.0108701888041045],[107.23747020703183,-7.010328931824945],[107.23674105687978,-7.010319609813269],[107.23576141292659,-7.010860093675523],[107.23492470290662,-7.011969313325007],[107.23297606236765,-7.012112038509685],[107.23236209838058,-7.010933210910304],[107.23163621486749,-7.0109141367158125],[107.23164889361836,-7.01043347625035],[107.23218520986364,-7.009066214548081],[107.23215338209737,-7.0086890913401065],[107.23176148589756,-7.008230105705694],[107.23099930180464,-7.008150499197636],[107.23037881084088,-7.008763914324985],[107.23033412382385,-7.010643437396537],[107.2302013918019,-7.0106912950557865],[107.22873190386873,-7.009098297106587],[107.22739767029181,-7.008920920750093],[107.22660658367862,-7.009045388827501],[107.22637338744929,-7.009212903930587],[107.22586191942585,-7.010516596655524],[107.22493941419319,-7.009714839154102],[107.22404633371757,-7.0099711732658365],[107.2238155061535,-7.010688149496601],[107.22383686807802,-7.011693262608421],[107.22346854108062,-7.012460933115696],[107.21997453758718,-7.013922090204688],[107.21982024615929,-7.014466998410939],[107.2204033421029,-7.015317686781511],[107.22118894670933,-7.015390265534321],[107.22202175692716,-7.014778134647822],[107.22218710416959,-7.015137819419218],[107.22114505738125,-7.016758485636594],[107.21883091409109,-7.0168856040427885],[107.21738257140545,-7.017937393130124],[107.21786060648787,-7.019003155125502],[107.21920926753018,-7.018620504533085],[107.21960346626426,-7.019420177427798],[107.22065326497261,-7.0190804126963275],[107.22271586723524,-7.019811813925274],[107.22236973020918,-7.020105283051455],[107.22025501698073,-7.020069108489448],[107.21722993323867,-7.018985396067722],[107.21607062874402,-7.017129630163701],[107.21489204284448,-7.016075041073147],[107.21346071174062,-7.017291376120577],[107.21287391044467,-7.018538883280731],[107.2126712028111,-7.020746518600366],[107.21196886338141,-7.021102836584546],[107.2102256476758,-7.021268432575197],[107.20859373680335,-7.020904849252135],[107.20862625545952,-7.0184866546410225],[107.207293132753,-7.018040542523307],[107.20729313229924,-7.017263372159627],[107.20864070000891,-7.016839562173863],[107.20879828280654,-7.014997386073052],[107.2082856467669,-7.013392956915659],[107.20618190996242,-7.013251372916722],[107.20601954636957,-7.013080874372933],[107.20564027257844,-7.008456714371272],[107.20536362174707,-7.008349603452573],[107.2020980931988,-7.009385280441601],[107.20027799709051,-7.009308983550997],[107.19847140247028,-7.007621336368231],[107.19818536782125,-7.0075668189589],[107.19716471161922,-7.011043717863558],[107.19637763457662,-7.017231728328526],[107.19334100985566,-7.018379931343429],[107.19255904862773,-7.01713235071252],[107.19153207782962,-7.016067398316574],[107.19174134425312,-7.015019452480673],[107.19166747529158,-7.013503961387054],[107.19099279520924,-7.012947379290884],[107.18943070502338,-7.013083746694894],[107.1884809648215,-7.012398100984674],[107.1889132,-7.01299],[107.1895169,-7.013213],[107.1906316,-7.0131051],[107.1910054,-7.0132543],[107.1912259,-7.0135767],[107.191336,-7.014886],[107.1911329,-7.015754],[107.1914191,-7.016503],[107.1922151,-7.017141],[107.1927101,-7.0181511],[107.1930701,-7.0184751],[107.1933826,-7.0186123],[107.1943595,-7.018483],[107.194379,-7.019952],[107.1953999,-7.020344],[107.195629,-7.021112],[107.1951276,-7.0218288],[107.1941466,-7.0219161],[107.1937339,-7.0220736],[107.1934579,-7.0224403],[107.1931539,-7.0242689],[107.1936461,-7.024755],[107.1933869,-7.025778],[107.1940386,-7.0266622],[107.1939785,-7.0270641],[107.1934899,-7.0275491],[107.1926589,-7.027553],[107.1918513,-7.0278499],[107.1914285,-7.0281102],[107.1912679,-7.028463],[107.190918,-7.030173],[107.1910071,-7.0322785],[107.1902549,-7.03363],[107.1900338,-7.034986],[107.18938,-7.036264],[107.188978,-7.039077],[107.1883249,-7.0405991],[107.1880373,-7.0424912],[107.1882769,-7.0428311],[107.1890169,-7.0432351],[107.1892635,-7.0441537],[107.1890593,-7.0446072],[107.1877201,-7.044389],[107.1870414,-7.044728],[107.1866174,-7.0456321],[107.1867185,-7.0459121],[107.188179,-7.0459365],[107.1884233,-7.0461286],[107.188447,-7.046519],[107.1880653,-7.0470441],[107.187169,-7.0475561],[107.186832,-7.047991],[107.1857829,-7.049596],[107.18567341576504,-7.0501067578628875],[107.1858293,-7.0510523],[107.1870549,-7.0513801],[107.1865047,-7.051728],[107.1850759,-7.051877],[107.184213,-7.0527851],[107.184027,-7.0548655],[107.1842316,-7.0553154],[107.1829705,-7.0575786],[107.1819817,-7.0579631],[107.1819357,-7.0581269]]],[[[107.1845679,-6.9960204],[107.184793,-6.996593],[107.1856101,-6.997168],[107.1859039,-6.997862],[107.1860551,-6.999317],[107.1865369,-7.0008119],[107.186153,-7.003628],[107.1863619,-7.004061],[107.1871582,-7.004736],[107.1871849,-7.0065895],[107.1873939,-7.006931],[107.1890021,-7.00781],[107.1894391,-7.008549],[107.18944559588616,-7.008902639341188],[107.1883321,-7.0097741],[107.1879199,-7.010382],[107.1879231,-7.011114],[107.18838349579049,-7.0122065720143905],[107.18844573761206,-7.010119824616344],[107.18995593588839,-7.009229351630268],[107.19008626615951,-7.00895973953251],[107.18907032118668,-7.007469659764746],[107.1881905361053,-7.0071606840018354],[107.18750558064215,-7.006559949970945],[107.18766925864749,-7.005853674819174],[107.1874106580386,-7.0047249749635885],[107.18638776972452,-7.0037434796742195],[107.18636221329547,-7.002499680626653],[107.18678522499019,-7.000935242089068],[107.18630184325411,-6.999463725687333],[107.18616264482569,-6.9979157158987],[107.18583400937732,-6.997108179976562],[107.18485085814613,-6.996176222471008],[107.18494238600191,-6.9955420773522],[107.1875092686688,-6.994951472067676],[107.18923870347523,-6.995408985425068],[107.18969284415873,-6.995199475697386],[107.1898984137234,-6.994561228511405],[107.1896901261564,-6.9939378662155365],[107.19018386268431,-6.993321507744523],[107.19042205982623,-6.9919904491057485],[107.18848624618411,-6.988578213740854],[107.18769646505172,-6.988600579639741],[107.18644486709819,-6.989014326382792],[107.18613679019283,-6.988581059387483],[107.18600776123066,-6.987789746500444],[107.18661138719865,-6.98652658092943],[107.18672365122086,-6.985813124832769],[107.18634825555996,-6.985529355314925],[107.18559387051563,-6.985570084550705],[107.1852990081245,-6.9853324613494285],[107.18522571838356,-6.9850466878398265],[107.18553111864742,-6.984236618888719],[107.18498489139587,-6.9831033057660905],[107.18539702383644,-6.9809829517184],[107.18663033551881,-6.979793541949484],[107.18640776487213,-6.97913091423496],[107.1863444419157,-6.977796313876268],[107.18659740333752,-6.976247987977102],[107.18671585041858,-6.973354812070211],[107.18703318664113,-6.972843047059248],[107.18880138544273,-6.973456578867738],[107.19014575054746,-6.973008652220992],[107.1910011772771,-6.971877341246165],[107.19075715978553,-6.971102778604073],[107.19110296083669,-6.97049141202354],[107.19027285123846,-6.96927040310316],[107.19022744450878,-6.968498155684177],[107.1906777173434,-6.968349247222635],[107.19172104547809,-6.968423449950826],[107.19209306297967,-6.968236453290917],[107.19256522642956,-6.966398451869875],[107.19408075001552,-6.966313576481904],[107.1952915863172,-6.965527153272107],[107.19624841187641,-6.9635559823085895],[107.19694466920566,-6.963363666999954],[107.19955376171332,-6.963712010147875],[107.20071569609196,-6.963530421025768],[107.20153208495093,-6.962587856595544],[107.2019842662755,-6.961180682561734],[107.20241005331901,-6.960624080575066],[107.20414188114185,-6.959984100384505],[107.20517716700273,-6.959102768502664],[107.20745235333382,-6.957738500515496],[107.20999055277746,-6.956788526201553],[107.21120787227198,-6.954835949422247],[107.2123735656829,-6.953776992528479],[107.213525492654,-6.954224071890602],[107.21414171637647,-6.954138734741855],[107.21493034836216,-6.953011604318137],[107.21636282855724,-6.951932857906219],[107.21820521339508,-6.9500835419231395],[107.21923282390236,-6.94974014245355],[107.2195055081406,-6.949966701635056],[107.22006101425148,-6.949996638285999],[107.22161743816307,-6.948918615258754],[107.22232779594262,-6.949298195858221],[107.22284357377832,-6.949129162214571],[107.2262142924436,-6.949027650450814],[107.22650850720231,-6.949284280857821],[107.22633850772083,-6.949983002966392],[107.2265718949448,-6.9504008008529095],[107.22749094269203,-6.950592422712996],[107.22820471507492,-6.951168514721244],[107.22938330613427,-6.951633285533629],[107.23157164472302,-6.95298468398561],[107.23254790209182,-6.953180591389304],[107.2331441583931,-6.953751008004735],[107.23375141271754,-6.955505276398871],[107.23476697786441,-6.9560352224476105],[107.2355871558401,-6.956028039623195],[107.23603854835049,-6.955763376982942],[107.23790748753487,-6.9559678684048],[107.23870744253168,-6.9563794018269975],[107.2398630266718,-6.956577711801915],[107.2408977494498,-6.9569924026182655],[107.24258531762992,-6.9568981183713605],[107.24465804905266,-6.957452898997698],[107.24543106798808,-6.95710538127466],[107.24613455245438,-6.956000163339846],[107.24707543344154,-6.956526083431582],[107.24774029344104,-6.956587627820807],[107.24824800264071,-6.95599445320827],[107.2480539174315,-6.955104796113032],[107.2485430919778,-6.954882719921891],[107.24836472547712,-6.954355826959635],[107.24888545670474,-6.954308615555206],[107.24931645151607,-6.954654809159224],[107.24901052592966,-6.9556395897623755],[107.2491491037254,-6.955921608264095],[107.24945003528416,-6.955946852636562],[107.24988835670975,-6.955364069382294],[107.24976482758909,-6.954320170360251],[107.24884122851148,-6.95372009467105],[107.24805293497226,-6.953874262816966],[107.2477452985103,-6.954266244466004],[107.24725077292489,-6.954253874400557],[107.24704139772928,-6.954952959062561],[107.24773261964928,-6.955644838224244],[107.24751801386249,-6.956061552252395],[107.24655395834442,-6.955525461554716],[107.2459998383034,-6.955454234868563],[107.2451957186331,-6.95628485875418],[107.24506702130043,-6.9566850908235836],[107.24464378047566,-6.956906568845982],[107.24270573484829,-6.956371415981526],[107.24060760702325,-6.956386440172437],[107.23809265735898,-6.955457936561296],[107.23602970289849,-6.955211343001777],[107.23548667942242,-6.955491532684042],[107.23490718868912,-6.955511132493353],[107.23418135549689,-6.955168955683214],[107.23364218953533,-6.953523457014555],[107.23288365585006,-6.952750793446346],[107.23179365243662,-6.9524861039131896],[107.2296679123995,-6.951173397367523],[107.22850313937091,-6.9507115065157725],[107.2277227499546,-6.95009592072146],[107.22694395661118,-6.949994879171117],[107.22702445937759,-6.949069972485047],[107.22637807250474,-6.948499370152388],[107.2228617690344,-6.948588944808561],[107.22225547231119,-6.948746725032716],[107.22190453575844,-6.948434842276179],[107.22150538195034,-6.948373518065005],[107.22079098550448,-6.948745183170965],[107.22014154324985,-6.949389794175781],[107.21970451831879,-6.949447969546048],[107.21953768921257,-6.949201521254637],[107.21955988651325,-6.9482155590098555],[107.21931273472767,-6.947192895996517],[107.21876669665686,-6.946061628366782],[107.21709222088255,-6.945377510781458],[107.21576605284665,-6.943258907179015],[107.21540011606025,-6.9427992626301895],[107.2151551,-6.9429003],[107.2170407,-6.9454829],[107.2186055,-6.946312],[107.2192347,-6.9482227],[107.219283,-6.9493329],[107.2180779,-6.949885],[107.216757,-6.951238],[107.2138250034345,-6.953690683988469],[107.2124301,-6.9535899],[107.2118729,-6.9537459],[107.2102118,-6.9561219],[107.2097,-6.956577],[107.2073851,-6.957473],[107.2036379,-6.9598411],[107.202357,-6.9602721],[107.2016701,-6.961143],[107.2013299,-6.962437],[107.200787,-6.9631],[107.1996059,-6.963349],[107.1968011,-6.9629748],[107.1962127,-6.9632582],[107.195705,-6.963973],[107.1954529,-6.9650461],[107.1951283,-6.9653698],[107.194042,-6.965969],[107.1926112,-6.9660467],[107.1923582,-6.9662031],[107.1920677,-6.967865],[107.1918429,-6.9680771],[107.1905379,-6.968028],[107.1900356,-6.9683927],[107.1900421,-6.969215],[107.1908192,-6.9703507],[107.1907869,-6.9706488],[107.1904741,-6.97093],[107.190804,-6.9719081],[107.1906986,-6.9722515],[107.1894128,-6.9731049],[107.188767,-6.973216],[107.1872471,-6.972627],[107.1865427,-6.9728067],[107.1863039,-6.973571],[107.1860541,-6.977468],[107.1861902,-6.9800098],[107.1851789,-6.981043],[107.1848631,-6.982735],[107.1852506,-6.9844143],[107.1850641,-6.9851019],[107.1852002,-6.985671],[107.1864878,-6.9861715],[107.1858471,-6.988118],[107.1860172,-6.9890284],[107.1863541,-6.9893437],[107.1880464,-6.9890231],[107.1885242,-6.9891935],[107.1898302,-6.991484],[107.1901921,-6.9928507],[107.189456,-6.9937315],[107.18968,-6.9945451],[107.189582,-6.995007],[107.1884865,-6.9950309],[107.1877731,-6.994681],[107.1865250330355,-6.994614137971971],[107.1848622678489,-6.995003615414301],[107.1845679,-6.9960204]]],[[[107.18959474682173,-7.061597626195859],[107.1901842,-7.0619478],[107.190742,-7.06118],[107.19160283323448,-7.061073635297334],[107.1917450240076,-7.060665545147778],[107.1909601,-7.059325],[107.1909339,-7.0590272],[107.1911582,-7.0587937],[107.1926056,-7.059081],[107.1932962,-7.058655],[107.19405,-7.0584699],[107.1945794,-7.0588079],[107.1951197,-7.0588262],[107.195376,-7.0584952],[107.1945961,-7.05826],[107.1945746,-7.0579455],[107.194802,-7.0577308],[107.1954799,-7.05765],[107.1966573,-7.0578278],[107.1977334,-7.0587293],[107.1983109,-7.0589382],[107.1986086,-7.0587366],[107.198784,-7.058204],[107.1989662,-7.056847],[107.199774,-7.0560479],[107.20037509869442,-7.056039287760209],[107.2011431,-7.0566471],[107.2021585,-7.0565763],[107.2023581,-7.056054],[107.2022986,-7.0554931],[107.2029539,-7.0541711],[107.2033402,-7.0541781],[107.2036508,-7.0545636],[107.2035754,-7.055457],[107.203731,-7.0566576],[107.2039259,-7.0569503],[107.2038592187396,-7.054323972519532],[107.20332771200853,-7.053878553645826],[107.20260879773303,-7.053998306414558],[107.20240608610892,-7.054973878631651],[107.2019848488618,-7.055442362236903],[107.20202133267752,-7.05629306570636],[107.20120271352305,-7.05642830390882],[107.2006242180039,-7.0558783461619],[107.20017446910778,-7.055721079409376],[107.19948697544527,-7.055999174178746],[107.19869576313678,-7.056779423849337],[107.19819006329452,-7.058807974133533],[107.19784416082803,-7.0587143003481305],[107.19679024946358,-7.057580108900764],[107.19521613465629,-7.0573509648445105],[107.19458060948983,-7.0575349403052074],[107.19431323333552,-7.058257262949192],[107.19365222747088,-7.058224992830308],[107.19257716147754,-7.058893676541412],[107.19099164152722,-7.058556364352376],[107.19064159651337,-7.058904026270457],[107.19061741636712,-7.059407566549453],[107.19119595437553,-7.060685327159153],[107.19093187598848,-7.061049568997466],[107.19011077647083,-7.0615324724574995],[107.18959474682173,-7.061597626195859]],[[107.19483091990426,-7.058718981974045],[107.19484939403306,-7.058717922528218],[107.19483598357387,-7.058722002489892],[107.19483091990426,-7.058718981974045]]],[[[107.283954,-6.7706388],[107.2841761,-6.7732041],[107.2845787,-6.7745309],[107.2872911,-6.7790388],[107.2890969,-6.7808638],[107.2894265,-6.7821902],[107.2904953,-6.7838691],[107.2912523,-6.7859569],[107.2912574,-6.7882054],[107.2928667,-6.7887807],[107.2942625,-6.7882834],[107.2953083,-6.7871678],[107.2959566,-6.7872252],[107.2968642,-6.7877701],[107.2976303,-6.7886102],[107.3008213,-6.7912721],[107.3014327,-6.7933739],[107.3041105,-6.7954285],[107.3055519,-6.7960961],[107.3083806,-6.796856],[107.3106658,-6.7992211],[107.312935,-6.7996685],[107.3138201,-6.8001959],[107.314142,-6.8012506],[107.3141313,-6.8031841],[107.3151827,-6.8047076],[107.3155475,-6.8056291],[107.3155582,-6.8061191],[107.3148635,-6.8077233],[107.3149721,-6.8081395],[107.3174304,-6.8099436],[107.3187768,-6.8111794],[107.3192811,-6.812266],[107.3195377,-6.8146562],[107.3194573,-6.8152428],[107.3181055,-6.8178581],[107.3165401,-6.8190907],[107.3160159,-6.8197855],[107.3158672,-6.8207307],[107.316186,-6.8224495],[107.3164389,-6.8230367],[107.3171646,-6.8234785],[107.3193494,-6.8239364],[107.3212192,-6.8239679],[107.3220813,-6.8243304],[107.3226537,-6.8248474],[107.3229509,-6.8262117],[107.3229907,-6.8279763],[107.3234167,-6.8293788],[107.3227093,-6.8317848],[107.3226279,-6.832691],[107.3230852,-6.8341996],[107.3231864,-6.8353267],[107.3227656,-6.8365062],[107.3223859,-6.8389392],[107.3229813,-6.8401003],[107.3249555,-6.8417194],[107.3253139,-6.8442903],[107.326951,-6.8459591],[107.3274928,-6.8469817],[107.3273158,-6.8484517],[107.3268276,-6.8489523],[107.3263771,-6.8491388],[107.3248053,-6.8489417],[107.3239899,-6.8497726],[107.3238128,-6.8508644],[107.3242367,-6.8518551],[107.3252773,-6.8528405],[107.3259425,-6.852947],[107.326715,-6.8528192],[107.327871,-6.8518605],[107.3284101,-6.8516687],[107.3288393,-6.8517379],[107.329306,-6.8522919],[107.3287964,-6.8535009],[107.3288929,-6.854172],[107.3295045,-6.8558231],[107.3301053,-6.8563131],[107.3305774,-6.8563557],[107.3312211,-6.8561],[107.331779,-6.8546939],[107.332294,-6.8539909],[107.333045,-6.8534583],[107.3339891,-6.8530961],[107.3347831,-6.8530961],[107.3352337,-6.8532878],[107.3358624,-6.8540807],[107.3360276,-6.85463],[107.3359632,-6.8558657],[107.3363066,-6.8565474],[107.3366621,-6.8570417],[107.3375857,-6.8574931],[107.3382835,-6.8573293],[107.3390746,-6.8562278],[107.3405672,-6.8550097],[107.3410142,-6.8541335],[107.3413583,-6.8517764],[107.3417297,-6.8509805],[107.3416495,-6.8501561],[107.3418426,-6.8497087],[107.3424864,-6.8491122],[107.343173,-6.8488352],[107.3435776,-6.8489422],[107.3439574,-6.8493314],[107.3440528,-6.8497939],[107.34382560673185,-6.850536278777498],[107.3425722,-6.8526061],[107.3424005,-6.8530322],[107.3426151,-6.8532665],[107.3437609,-6.8532758],[107.3448331,-6.8528459],[107.3474753,-6.8523451],[107.3482156,-6.8523664],[107.3488271,-6.852654],[107.3492938,-6.8532905],[107.3501589,-6.8555046],[107.3500558,-6.8564819],[107.3495459,-6.8575221],[107.3479205,-6.8592105],[107.3477435,-6.8597271],[107.3470622,-6.8604035],[107.3468451,-6.8608764],[107.346992,-6.8615322],[107.347885,-6.8632688],[107.3491015,-6.8645413],[107.3493243,-6.8652456],[107.3492553,-6.8660069],[107.3473495,-6.8675917],[107.3471223,-6.8683728],[107.3473213,-6.8692975],[107.3469373,-6.8704966],[107.3466145,-6.870752],[107.3457562,-6.8709411],[107.3445581,-6.8708409],[107.3440823,-6.871082],[107.3435834,-6.8717264],[107.3437202,-6.8730232],[107.343578,-6.8733961],[107.3431927,-6.8737409],[107.3422667,-6.8739582],[107.3411505,-6.8750161],[107.341176,-6.8756934],[107.3416628,-6.8764297],[107.3415646,-6.8771225],[107.3429789,-6.8787938],[107.3428269,-6.8793089],[107.341547,-6.8810876],[107.3417938,-6.8822727],[107.3414973,-6.884304],[107.3409382,-6.8851162],[107.3409752,-6.8857243],[107.34074470311427,-6.885865356618674],[107.34108823315488,-6.88616616929621],[107.34178950372035,-6.886371075687709],[107.34204518061013,-6.8867473955938285],[107.34241553181134,-6.887842985684279],[107.34215502706309,-6.8894983023119245],[107.3423680739953,-6.890104616287506],[107.34313311747785,-6.890785817671937],[107.3436129592578,-6.890968445774416],[107.3448064435803,-6.890838899840363],[107.34525360832244,-6.89110435590312],[107.34547784487445,-6.8917206093710455],[107.34645659359538,-6.892298177594484],[107.34821658860038,-6.892467511052056],[107.34805605288861,-6.8928928697909875],[107.3481008054038,-6.893996520450284],[107.34824273938524,-6.894435745892694],[107.34891987562203,-6.894917799393345],[107.34871095695877,-6.897141350368232],[107.3492640001943,-6.898244054832038],[107.34983372774431,-6.898447117231034],[107.3509704995866,-6.897714750052022],[107.35152380888158,-6.8978763305328],[107.35241335822825,-6.8977707710581475],[107.35269852729554,-6.89901585395667],[107.35356784763535,-6.900196826291031],[107.35463576598573,-6.900666133013361],[107.35554592131633,-6.900724508785432],[107.35644071585415,-6.901049188736071],[107.35669266504499,-6.902111029488684],[107.35706465506999,-6.9026052458165115],[107.35829946823819,-6.902935346893185],[107.3593837019477,-6.902475040802505],[107.35997712365028,-6.90266276833841],[107.36014617561949,-6.903478643457576],[107.36007273295652,-6.904593999922819],[107.36052859255237,-6.9052645077305685],[107.36092955251776,-6.9054033384603875],[107.36183794776876,-6.905260794546299],[107.36213022594386,-6.904589842717557],[107.36228765123109,-6.904582269648972],[107.3624370206095,-6.9048077973577255],[107.36171166011587,-6.906221020690913],[107.36188647668328,-6.907178313813317],[107.36244375941003,-6.908173041082201],[107.36410451724848,-6.909750774039434],[107.36435205107732,-6.910756702967714],[107.36464541976237,-6.910827764372886],[107.36482381959448,-6.910585890153094],[107.36459723643001,-6.909511821325043],[107.36290056139413,-6.907878577604833],[107.3622504030329,-6.906555810634666],[107.36293497270124,-6.905061365690947],[107.36281817532215,-6.904350278729467],[107.36241752566448,-6.904040446909208],[107.36203454646503,-6.904054220084386],[107.36167009523685,-6.9042214256340975],[107.36159502860004,-6.904701391672436],[107.36136840940095,-6.904863289912859],[107.36085066759136,-6.904824516370782],[107.36061626701006,-6.904535808621093],[107.36069041636365,-6.903492839490161],[107.36034855416202,-6.902245396510184],[107.35941890450786,-6.901932441286618],[107.35824077488293,-6.902390930402705],[107.3573371728742,-6.902129681326598],[107.35711819060305,-6.901044607392646],[107.35681850138874,-6.900659236970736],[107.35634477944986,-6.900358907702334],[107.35480641630434,-6.900151409838228],[107.35392481478266,-6.899785130499314],[107.35321581245806,-6.898842385397785],[107.35303499525646,-6.897664965255803],[107.35278503310018,-6.89733079327194],[107.35087050401594,-6.897177125500778],[107.34990699867154,-6.897866447680028],[107.34964333945263,-6.897851035497698],[107.34925375467166,-6.897078133456885],[107.34947938539975,-6.8949086110183515],[107.3492926546097,-6.894493046116674],[107.34885462946463,-6.8943080899251035],[107.34863950261942,-6.893921847011369],[107.34857782615975,-6.893052103835589],[107.3489660744376,-6.892288101162335],[107.34876283156142,-6.891888132599303],[107.34667057597218,-6.891800915337292],[107.34589434175898,-6.891350737925056],[107.34575183271961,-6.890870833645674],[107.34538201203236,-6.8905225096296],[107.34481726143997,-6.890293430038273],[107.34363325722013,-6.89042554380134],[107.34278157715389,-6.88974593633862],[107.34296685881355,-6.8878329257550694],[107.34254831367957,-6.88654010845299],[107.34219321849856,-6.886000417503868],[107.34130516541366,-6.885666849250146],[107.34117924156128,-6.885374278756567],[107.34176340268932,-6.884358741920739],[107.34201971711667,-6.882679705745947],[107.3418211587882,-6.88112302942297],[107.34305562052194,-6.879454596273251],[107.34325027907727,-6.8788079340796],[107.34178095104949,-6.87693024300684],[107.34192171384953,-6.876347757937927],[107.34137265022042,-6.875256113059922],[107.34235872803859,-6.874242000663516],[107.34328331244537,-6.87399525592442],[107.34393777552638,-6.873362398564681],[107.34384609826878,-6.871810932074935],[107.34425317213616,-6.871291992266714],[107.34459782706543,-6.871112203371942],[107.34577725462572,-6.871210085105745],[107.34664363646475,-6.871020240854168],[107.34710666067947,-6.870707591411799],[107.34757881573479,-6.869383664059995],[107.34739902882393,-6.86836785488671],[107.34759883140791,-6.867703314825301],[107.3495190621711,-6.866071813366673],[107.34959600706173,-6.865241121456878],[107.34935013933651,-6.86443243511957],[107.34812167314988,-6.863131033301849],[107.34712275714001,-6.8609221018744595],[107.34795503033055,-6.85989646113557],[107.34814334483951,-6.859367580263748],[107.34974913331563,-6.85770119501509],[107.35030013845707,-6.856599965874882],[107.3504312031654,-6.855890084064139],[107.35026637574505,-6.854853903529162],[107.34954565598429,-6.853189199985921],[107.34904678879292,-6.852495211296667],[107.34833193078346,-6.852122576859024],[107.3474831716032,-6.8520754171143246],[107.34304016877549,-6.85309864658717],[107.34276204986865,-6.853025927747537],[107.34281540584112,-6.85272887276914],[107.34411293897178,-6.85058046741696],[107.34512999279713,-6.850606954839136],[107.34633688989143,-6.849994413077349],[107.34737041844794,-6.850744899935007],[107.3479387853735,-6.85078282956056],[107.34902378851446,-6.84970554710607],[107.35044770130857,-6.849028974085711],[107.35110712096328,-6.849305306970949],[107.35135117821281,-6.84970577042937],[107.35222857954945,-6.849770888901705],[107.35380504544493,-6.850639203028292],[107.35466103172064,-6.8507037443367285],[107.35527834576884,-6.851038711978929],[107.35570590000394,-6.850904386206382],[107.35588616369948,-6.850630652892026],[107.35660342727923,-6.85074050344399],[107.35707463750143,-6.851173086946789],[107.35787675574171,-6.8513150521078074],[107.35743273549717,-6.852949545217889],[107.35776087491796,-6.853232397078352],[107.35848912549885,-6.852929579562263],[107.35859567493208,-6.85338089303236],[107.3593396641914,-6.853871178795826],[107.3595404280539,-6.8542252245334465],[107.36015864818135,-6.854362060750348],[107.36054385721287,-6.854824751919079],[107.36096629778491,-6.854753716725492],[107.36158625274983,-6.85412528417292],[107.36217360259383,-6.85405247643835],[107.36233941267562,-6.854090718208252],[107.36249679257891,-6.854643738005396],[107.36306900218344,-6.854693462966332],[107.36351945191872,-6.855111214776955],[107.363854835641,-6.855792602753885],[107.36474170688285,-6.855577143209705],[107.36487715584828,-6.855929473150936],[107.36519822690492,-6.856098964443833],[107.36587766201824,-6.855797749775025],[107.36599990250619,-6.856066086078031],[107.36659538400897,-6.856413563750747],[107.36737722757343,-6.856035259007897],[107.36747149480745,-6.85710379034568],[107.36771735685653,-6.857463980676584],[107.3681606477928,-6.857520482282242],[107.36897686552976,-6.857105403086718],[107.36910694589831,-6.857559760671104],[107.37006936870581,-6.8585180616908],[107.37064165971175,-6.85891657010492],[107.37129000101645,-6.859029257576804],[107.3714649656089,-6.859455896357937],[107.37206846056687,-6.859972409517878],[107.37168907383759,-6.8606847460693965],[107.3720322622089,-6.86120288866499],[107.37255227972366,-6.861172492536742],[107.37257421664762,-6.860873503387357],[107.37224591285654,-6.860701650033292],[107.37239560006249,-6.860409557343633],[107.37312996007537,-6.860180143424305],[107.37476827317268,-6.86064826610707],[107.37527653542779,-6.860432770494562],[107.37607736729643,-6.860897373890029],[107.37672101201609,-6.860775337791472],[107.37704864074466,-6.861004828315799],[107.37819746912022,-6.861075111728295],[107.3786105496035,-6.861281358240158],[107.37887169334218,-6.861130872032468],[107.37883159468338,-6.8608337459418856],[107.37834069229308,-6.860553735693686],[107.37725504502365,-6.860482767296937],[107.37677728867105,-6.860217621322262],[107.37627157391596,-6.860372561939609],[107.37537776870072,-6.859898039627953],[107.37479813140324,-6.860079806262491],[107.37324366816915,-6.859650852337568],[107.37267747880216,-6.85969091470286],[107.3719695652128,-6.85920637230267],[107.37163476396353,-6.858479110882589],[107.3710999249139,-6.858509957442909],[107.37044817930344,-6.858130370886836],[107.36961257748128,-6.857309229877236],[107.36919170863021,-6.856592462344076],[107.36881998271673,-6.856577611951077],[107.36806625039034,-6.856987371891938],[107.36799623918573,-6.855884623033339],[107.367751542192,-6.855540298376346],[107.36697730294607,-6.855575401483557],[107.36664668365296,-6.855845624931322],[107.36616962907726,-6.8550576452994045],[107.36542928103471,-6.855461085699629],[107.3653258850641,-6.855176860830705],[107.36487551657535,-6.854999133413791],[107.3641075144778,-6.855248370658988],[107.36397601872704,-6.854696837863918],[107.36338220960324,-6.854067792459934],[107.36292217988634,-6.854037496919471],[107.36270867827068,-6.853644367931523],[107.36226328651564,-6.853519201243286],[107.3614081535321,-6.853612392007226],[107.36070904832037,-6.854180919611011],[107.35911055234065,-6.853108343899814],[107.35939231509617,-6.852601678642874],[107.35904797084541,-6.852070594033531],[107.35862172202637,-6.852115455533983],[107.35805865472207,-6.852566995046726],[107.35849333779198,-6.851232038815422],[107.3583246145225,-6.8508603866704485],[107.35739566558091,-6.8507338951421834],[107.35703426924994,-6.850309631933425],[107.35607534482689,-6.850081049651471],[107.35555820015776,-6.850195240620526],[107.3553285716527,-6.850495549211058],[107.35497751997796,-6.850043210471316],[107.35395305435962,-6.850117861539191],[107.35239459702497,-6.8492561915392365],[107.35170199014449,-6.849255161839914],[107.35128013438032,-6.848759658110896],[107.35054696951039,-6.848491816561609],[107.34866426178964,-6.849271728692687],[107.34771305526553,-6.8502810531394545],[107.34660335185801,-6.8494746526076575],[107.34608705363857,-6.849507887912504],[107.34504419136083,-6.8500736587119],[107.34427587951066,-6.8500528723028085],[107.34422361002525,-6.849277269745367],[107.34377275810161,-6.8487544638177695],[107.34307070622938,-6.848585250557669],[107.34238410652964,-6.848862250412376],[107.34165720522381,-6.849511449885939],[107.3413997310852,-6.850049831927293],[107.3414528714353,-6.850941154927922],[107.34099743806709,-6.852166801208893],[107.34075674718228,-6.854041067630468],[107.34034594516629,-6.854846312323555],[107.33891414411772,-6.856010059899715],[107.3379380117465,-6.857217004767804],[107.33726585369301,-6.857104825257424],[107.3365401166519,-6.856407816050576],[107.33623827740368,-6.855808620984871],[107.33629897541243,-6.854643941483613],[107.33612277823902,-6.854003507475855],[107.33543761764149,-6.853109475537857],[107.33489012645752,-6.852848111358732],[107.33398910022453,-6.852826303890897],[107.33294705670548,-6.853206638229394],[107.33213605476367,-6.853771358384725],[107.33155924234477,-6.854535203969652],[107.33101126040688,-6.855892766761441],[107.33053702662977,-6.856081148843952],[107.32991876056033,-6.855927720278948],[107.32975099342153,-6.855700594981919],[107.32914974870587,-6.854081654176648],[107.32906813784041,-6.853558132926835],[107.32957046173611,-6.852353912334684],[107.32946459236801,-6.851937926683333],[107.32900868409642,-6.851526932458269],[107.32845365684385,-6.851402392391691],[107.3277793342472,-6.851606517872508],[107.3266138102451,-6.85256242470114],[107.32539916454941,-6.85258672949533],[107.32505599737917,-6.852281860406724],[107.32446189154247,-6.851696860283892],[107.32408654066553,-6.850821972795188],[107.32423494873342,-6.849895872822028],[107.32489617048003,-6.849208804539767],[107.3263410285796,-6.849406208485803],[107.32693217639542,-6.849201316563022],[107.32757883832011,-6.848519409643133],[107.32776441403061,-6.846989719350342],[107.32716751847768,-6.845796079195994],[107.32557057419122,-6.844188275720248],[107.32521331606618,-6.841634170411547],[107.3231864867325,-6.839915001779617],[107.32266284502015,-6.838895899108434],[107.32302940909987,-6.8365747696404435],[107.32344253307424,-6.835416783700523],[107.32335585339953,-6.834175642682094],[107.32290243863272,-6.832671694720833],[107.32297738975291,-6.831837282736364],[107.32368393113451,-6.829427659611187],[107.32326152720432,-6.827933551521354],[107.32322255416084,-6.826205659436209],[107.32291928001152,-6.8247903629635704],[107.32226414210241,-6.824130823646675],[107.32132516013286,-6.823719463101216],[107.3193800426293,-6.823667081339848],[107.3172666284528,-6.8232241427555245],[107.31665470725562,-6.8228516104301145],[107.31644774139964,-6.822371063900433],[107.3161427991304,-6.820726982420023],[107.3162739229788,-6.819893500926846],[107.31673648380429,-6.8192804000542315],[107.31835412460171,-6.817966943456006],[107.31968866096504,-6.815384277357466],[107.31980693390652,-6.814692581808112],[107.31955149328934,-6.8122394278868335],[107.31901530198728,-6.811050145213941],[107.31860236610524,-6.81058773127709],[107.3152181427165,-6.8080067415149585],[107.31515178866948,-6.807752445984658],[107.3158136178926,-6.806211121163869],[107.31581914674862,-6.805623251363865],[107.31541893925812,-6.804574316762044],[107.31439839530157,-6.803118443634039],[107.31441351877791,-6.801260670708789],[107.31406970825235,-6.8000893206164434],[107.31302923428703,-6.799415449976286],[107.31079736785203,-6.798979833604602],[107.30845155568205,-6.796595566233192],[107.30564549759924,-6.795841748845544],[107.30425272760607,-6.795196672442462],[107.3016690911167,-6.793214322226516],[107.30099606613713,-6.791065523547131],[107.29706559948457,-6.787589006670731],[107.29609717645175,-6.786994322961595],[107.29518837544089,-6.786925707243711],[107.2941086058308,-6.788051593224617],[107.2928563808907,-6.788497739853466],[107.2915287489491,-6.788050025643252],[107.29152399880792,-6.7859562922653165],[107.29075155985505,-6.783779450011356],[107.28968130440624,-6.782085538707243],[107.28935865994197,-6.780791502827969],[107.2874999478408,-6.778861837122933],[107.28483054982735,-6.774425740987523],[107.28444437746496,-6.773153081821636],[107.28422626581722,-6.770633864372745],[107.28457661700016,-6.764928533735952],[107.28560993053141,-6.761410216355674],[107.2911547633998,-6.75060760381263],[107.2913220489512,-6.749256008598333],[107.29093519489629,-6.747784111745149],[107.28944247975019,-6.744721929524217],[107.28941622589116,-6.7406165375841995],[107.29080876836011,-6.7359797197909606],[107.29373504321973,-6.732618011206126],[107.29673264807454,-6.730469645686881],[107.30206643276284,-6.728907697704489],[107.30324958253456,-6.730249371827884],[107.30619999820674,-6.734771997153397],[107.31974643736805,-6.749404739452373],[107.32470859113256,-6.752727580501319],[107.33200545133568,-6.756175688153601],[107.33361790797925,-6.755738698769453],[107.33482706067608,-6.7548504874780875],[107.33542135747584,-6.755587158811274],[107.3354429965254,-6.756783047398367],[107.3357824728528,-6.757211486026655],[107.33663592202052,-6.757241984527979],[107.33803582734423,-6.757812126971684],[107.33806316246465,-6.758737090127992],[107.33861126083747,-6.759333618427019],[107.33954990681323,-6.7592310621175455],[107.34042961573999,-6.758674239297518],[107.3408330670383,-6.758055250432311],[107.34124121164137,-6.758109836699002],[107.34173576322868,-6.759800259226008],[107.34168793469767,-6.760685004227663],[107.34190762344514,-6.760902902027766],[107.34343538303045,-6.760665816681585],[107.34356484826898,-6.760389106504718],[107.34337588161415,-6.75979958575539],[107.34465957360688,-6.758795614113526],[107.3445175373091,-6.759146711748258],[107.3448056866147,-6.759578316880596],[107.34619656778462,-6.759468968733402],[107.34637034789085,-6.759899634854884],[107.34718720337908,-6.759965641086531],[107.34736646841601,-6.760394993445721],[107.34750134256181,-6.761095936639298],[107.34722423282757,-6.761228366652321],[107.3470323334612,-6.761695793783192],[107.34717314615843,-6.763628211121262],[107.34772665758621,-6.763903722056428],[107.34836900029738,-6.7635142355667135],[107.34847329153286,-6.763974474293779],[107.34889121562578,-6.763932719836392],[107.34905121154326,-6.763009693214292],[107.34872661468134,-6.76259692639813],[107.34832779392472,-6.762637921675863],[107.34764662825482,-6.763359996466457],[107.34774266240969,-6.76242342655122],[107.34759585467523,-6.761802339561353],[107.34805032848875,-6.761623591072679],[107.34812696248645,-6.76124272914801],[107.3476641677052,-6.759699166609202],[107.34737265319946,-6.759427505486601],[107.34680434081704,-6.7594856416278475],[107.34668940232193,-6.759147323878686],[107.34630076651356,-6.758934974899612],[107.34521282650925,-6.759041435706024],[107.34520527815174,-6.758380198394491],[107.34479430931427,-6.758156221703607],[107.34421231191165,-6.758385879594905],[107.34303690754037,-6.759355837890871],[107.34282256148397,-6.759703817574966],[107.34294816582481,-6.760284275998468],[107.34227730405858,-6.760392020798236],[107.34218405618306,-6.759223586348095],[107.34183769597522,-6.758531089361184],[107.34178810958448,-6.757933250509857],[107.34150604338728,-6.75762177019657],[107.34071381340918,-6.757473441084671],[107.33983835204302,-6.758466841926891],[107.33881067048141,-6.758823907787003],[107.33856500242364,-6.758514463038479],[107.33853909832591,-6.75752735934052],[107.33729462475378,-6.7568670041671],[107.33611207846528,-6.75675759493163],[107.33595609686778,-6.755475387689135],[107.33552910103938,-6.754690976887762],[107.33502844734177,-6.754338175870957],[107.33430797246402,-6.754431996231484],[107.33338379541885,-6.755248347671677],[107.33220901421551,-6.755655937222706],[107.32499613344471,-6.752269351124994],[107.32012463879816,-6.749016004839037],[107.30664351147406,-6.734459457067359],[107.30369490041441,-6.729939604113179],[107.30266439358815,-6.728766764455216],[107.31419356500265,-6.726284369618183],[107.3211791464393,-6.723840239292191],[107.32474327939117,-6.721869496526357],[107.32779105170131,-6.718332360401686],[107.33086721728245,-6.713548613143231],[107.33603153738801,-6.702673932020972],[107.33973629538023,-6.69717995874607],[107.34246348079124,-6.694810391737902],[107.3459111251894,-6.693948456312452],[107.3487779839089,-6.694241577394707],[107.3546395136596,-6.695844657417131],[107.358495316027,-6.698442071841695],[107.36067576524792,-6.699347067961845],[107.36270772374756,-6.699545553340197],[107.3607797,-6.6990978],[107.3586554,-6.6982241],[107.3547506,-6.6955952],[107.3488283,-6.6939755],[107.3458913,-6.6936752],[107.3423338,-6.6945646],[107.3395305,-6.6970003],[107.3357945,-6.7025406],[107.3306382,-6.7134035],[107.327584,-6.7181577],[107.3246109,-6.7216339],[107.3210888,-6.7235858],[107.314136,-6.7260207],[107.3021563,-6.7286001],[107.2966113,-6.7302239],[107.2935503,-6.7324177],[107.2905651,-6.7358471],[107.2891443,-6.740578],[107.2891712,-6.7447848],[107.2906732,-6.7478555],[107.291052,-6.7492265],[107.2909125,-6.7504855],[107.2853563,-6.7613102],[107.2843076,-6.7648809],[107.283954,-6.7706388]],[[107.35870839875018,-6.852707393085752],[107.35883680417815,-6.852614423886674],[107.35882333996886,-6.852648069903227],[107.35870839875018,-6.852707393085752]]],[[[107.31005592332527,-6.925885479985745],[107.31023711089769,-6.926125307643676],[107.31102542481199,-6.92593883352368],[107.31173224823786,-6.926560743092888],[107.31272628024209,-6.925431401543975],[107.31446991148155,-6.926157268291874],[107.3156179445314,-6.927092255342584],[107.31623773462563,-6.927229584635983],[107.3166959229089,-6.92671293002082],[107.3168599794238,-6.92611419991973],[107.31610105415751,-6.924260121703478],[107.31647920926771,-6.924164315985352],[107.31683765485985,-6.923585430610102],[107.31896546874886,-6.923120942397747],[107.31998828816882,-6.922672512039601],[107.3201499829256,-6.922290690569176],[107.31991402882163,-6.921954562471206],[107.3193825331361,-6.921671551172535],[107.31885262652231,-6.921855349192882],[107.31914557111492,-6.921562358214871],[107.32101746624109,-6.9211337935451045],[107.32116474120977,-6.920537988600653],[107.32170463725005,-6.920197762153867],[107.32243988350328,-6.920220243334927],[107.32304995734349,-6.919539598827814],[107.32391855009699,-6.919992962947675],[107.32489447854047,-6.920139897029668],[107.32568140551078,-6.920774812523491],[107.32577516354331,-6.920987547402837],[107.32497243560331,-6.9210922890541395],[107.32468412042012,-6.921909653480087],[107.3253609068254,-6.923801912040956],[107.32597494449091,-6.92395662283326],[107.32625954117391,-6.923630411928732],[107.32628353355723,-6.923286128689859],[107.32751787323862,-6.92361036984016],[107.32820410818161,-6.92357077861379],[107.32832734340613,-6.924068847010433],[107.32866085883596,-6.924327243089133],[107.32983664592449,-6.924458966582759],[107.33062155964235,-6.924935776685827],[107.33026509134855,-6.925359258394762],[107.33038516207522,-6.92647230615049],[107.33018163521797,-6.926904048668411],[107.32970448732065,-6.927226250946842],[107.33000022678844,-6.9284006011594546],[107.32910689243936,-6.928357279779608],[107.32890463190334,-6.92874942547357],[107.32941952551597,-6.930443267451078],[107.32901256395783,-6.93068242708887],[107.32890819622244,-6.931084349818765],[107.32926760293626,-6.932279242405517],[107.3296083324051,-6.93255775279104],[107.32966379138338,-6.933164998124151],[107.32833446053381,-6.932971122798366],[107.32772030064831,-6.933348232964928],[107.32756560038997,-6.93440266904459],[107.32806667989432,-6.9353593542055005],[107.32673283321286,-6.937024523137056],[107.32675641157223,-6.93793537248192],[107.32720109472108,-6.9384417357117165],[107.3268939983888,-6.939188234949471],[107.32605088857146,-6.939041459368975],[107.32566630186767,-6.93917413544897],[107.32541248308004,-6.939749014965362],[107.32518912083289,-6.941804314766384],[107.32428284405152,-6.941968867340692],[107.32348273873885,-6.942529433653437],[107.32206751711568,-6.943009428852029],[107.32199451705696,-6.943300320132452],[107.32223731520315,-6.943478588032025],[107.32368106520217,-6.943034056653377],[107.32448002576763,-6.942473936230234],[107.32552720559592,-6.942251604684166],[107.32578633186148,-6.941727441441252],[107.32601331300727,-6.939599841385601],[107.32672538185858,-6.939762725044162],[107.3271971444603,-6.93963887746738],[107.32771679470846,-6.938807423516854],[107.3277821694164,-6.938427003985337],[107.32723738607658,-6.937649863704257],[107.32724115744237,-6.937226713025703],[107.32765062817649,-6.936922033501263],[107.32862213484621,-6.935449993877812],[107.32811070423536,-6.934348323383813],[107.32817120096352,-6.933658565115074],[107.32881814567932,-6.93347947693594],[107.32993563387298,-6.933690667380484],[107.33019853511227,-6.933397440275292],[107.33012016315566,-6.932270490988181],[107.32979433400527,-6.932044188383217],[107.32949466730831,-6.931089631439828],[107.32996383564762,-6.930478420556273],[107.32961595808578,-6.928997711107488],[107.33023591339744,-6.928941285942251],[107.33050612570791,-6.9286009994386335],[107.33035740735863,-6.92752186762842],[107.33095280456998,-6.926618841198288],[107.33078661909913,-6.925515387904522],[107.33255353087246,-6.923835841879387],[107.33469492054235,-6.925038849947583],[107.33509933869753,-6.925079833670873],[107.33557536859244,-6.924462636610801],[107.33586041948266,-6.922302115185768],[107.33613150969457,-6.922284073204388],[107.3363138910822,-6.922805917673956],[107.33691903683334,-6.923244876896158],[107.33769810004962,-6.9232935623046385],[107.33825148671895,-6.922352249924768],[107.33847756731399,-6.920324824027237],[107.33758246458326,-6.919194769573973],[107.3373765099631,-6.918068276303285],[107.33828417083164,-6.917385396132694],[107.33811948208982,-6.916548382348165],[107.3386212070424,-6.9159358426311],[107.34007128056375,-6.916187758944639],[107.34040024672164,-6.915784008942833],[107.34018270755719,-6.915209447052198],[107.34047912657121,-6.9150450158701755],[107.3411381137656,-6.915211081840729],[107.34174044956004,-6.914808615488335],[107.34271932489656,-6.915138704755625],[107.34345243631185,-6.918155409034121],[107.34441865462873,-6.919115450245492],[107.34487302478449,-6.919023788883196],[107.34527416659635,-6.918605759101435],[107.34549402731442,-6.918711239017324],[107.34568342412094,-6.919356310029241],[107.34541846750224,-6.920744620906104],[107.34617656737768,-6.921533167028576],[107.34677086142014,-6.922701155623509],[107.34743803742316,-6.922920924470754],[107.3477791666114,-6.922764182828755],[107.34805113222961,-6.922280710037763],[107.34790715778054,-6.921632741699528],[107.34821382919078,-6.92178960532504],[107.34837812640252,-6.922957039947206],[107.34871959863963,-6.923273146311244],[107.34925205924847,-6.923271270943614],[107.3504425898658,-6.922807997515641],[107.35152526581912,-6.92280110016073],[107.35151867486674,-6.9231900810814055],[107.35059493974866,-6.923715237205178],[107.35055077310733,-6.924553011019938],[107.35070474561049,-6.92491100673244],[107.35320816195004,-6.927412908770418],[107.35650091696687,-6.929029121109895],[107.35761740949566,-6.929082261298164],[107.3584810067331,-6.928769173753823],[107.35958843305431,-6.927468963618235],[107.36024836233713,-6.925743444939111],[107.36144092473488,-6.92405743563697],[107.36297980658287,-6.922961448492136],[107.36372764011547,-6.921903499388899],[107.36467175403732,-6.9214946750926],[107.36517922985853,-6.921448924014607],[107.36647494844115,-6.921822016993318],[107.3691336389215,-6.923190073352498],[107.3717672452711,-6.923694787560528],[107.37095719687615,-6.926103076866349],[107.36616263880958,-6.930990576942588],[107.36304206549367,-6.9364637583173465],[107.36237658828483,-6.937021678311325],[107.36220707809866,-6.937704741775609],[107.36251747318893,-6.9388814576253495],[107.36205899414216,-6.940545784954068],[107.36225461035956,-6.942072995463041],[107.36303999411403,-6.942893006224789],[107.36427049933967,-6.9430089307405245],[107.36334500402548,-6.944689313493645],[107.36326190312981,-6.945559412113799],[107.36363154898406,-6.945790441811128],[107.36322626724971,-6.946158888471302],[107.36294970037352,-6.946923595751468],[107.36218553128235,-6.946395875731858],[107.36176076613589,-6.946363846812994],[107.36130189957376,-6.946592943357784],[107.36116882856523,-6.947464703250352],[107.3602293224624,-6.946702440359955],[107.35978950251572,-6.946818649856314],[107.35958466642975,-6.947194265151861],[107.35922996769077,-6.946656335254473],[107.35865209216615,-6.946636364470666],[107.3569876041589,-6.947625737918671],[107.35682840763809,-6.948532481746865],[107.35612646374705,-6.949272725071633],[107.35586371315259,-6.950249331056933],[107.35625167207228,-6.9508568881685],[107.35613906710414,-6.951579824003877],[107.35676412372086,-6.951962326781001],[107.35637621624811,-6.952757610565759],[107.35614741353668,-6.953872521840264],[107.3565668115285,-6.955348029218317],[107.35700712397359,-6.955685008853169],[107.35596671997041,-6.957169288697867],[107.35592772654893,-6.95828854711523],[107.35515431963677,-6.958748383686343],[107.35450820643005,-6.9586766960230015],[107.35399227142813,-6.959074039165262],[107.35370643886263,-6.960175290832869],[107.35391704293158,-6.961303454528057],[107.35330531676836,-6.962770330864302],[107.35349698401411,-6.963002003931931],[107.35378596018217,-6.9629148897514],[107.35411769485043,-6.961973691890677],[107.35451135983608,-6.961469978091256],[107.35425052078467,-6.960151073749144],[107.35442853523102,-6.95939905814395],[107.35466006486124,-6.959211520928397],[107.35532418288983,-6.959268970557628],[107.3563522737157,-6.958637726717506],[107.35655093776955,-6.9579666493385695],[107.35647056042748,-6.957425428685156],[107.35758321433397,-6.955727400547388],[107.35753270754125,-6.955297499347998],[107.35707782223372,-6.955144189302149],[107.35669204619127,-6.953856749406352],[107.35733554227723,-6.951856269501342],[107.35717916085791,-6.951582545480466],[107.35667937262332,-6.951348207529423],[107.3568515930619,-6.950708838276023],[107.35641280410137,-6.950199364098815],[107.35657181974575,-6.9495848886284755],[107.35733181648615,-6.9487498698285135],[107.35742640619002,-6.94795752166825],[107.35889928780102,-6.947123622842605],[107.35937530127097,-6.9477767305858436],[107.35975811993063,-6.947788221042731],[107.3601396159784,-6.94725971828348],[107.360990574208,-6.948076207719397],[107.36136514323876,-6.948089740010408],[107.36166468784806,-6.947818922209432],[107.36183862197288,-6.946899616700043],[107.36262428525305,-6.94739345504722],[107.36316336252207,-6.947453133660033],[107.3637218458625,-6.946396937186863],[107.36492394057906,-6.9462031586464965],[107.36528439074625,-6.945826795330791],[107.36530554563072,-6.945268914034195],[107.36466238687345,-6.944626725012672],[107.36422156619413,-6.944626165174616],[107.3637697871528,-6.945254425492236],[107.36399505766674,-6.944473900803867],[107.36456020005483,-6.943812284103812],[107.36481235829937,-6.943170538271918],[107.36472266447726,-6.942636945461786],[107.3643212082899,-6.942442015597845],[107.36331029789467,-6.942420057686484],[107.3627070868792,-6.941685013609768],[107.36281282081927,-6.941170911583621],[107.36261828405209,-6.940516683375275],[107.36306220905429,-6.938937510729263],[107.36275254341714,-6.937642443910211],[107.36286989703947,-6.937264766407609],[107.3634132020275,-6.936862085507706],[107.36657921420611,-6.931338841704206],[107.37129045454573,-6.926535351041017],[107.37546811822202,-6.926867381383858],[107.37464109996546,-6.929689662305588],[107.37248701350596,-6.93293823116872],[107.37242832112936,-6.933651005068787],[107.37274972416921,-6.934605372218257],[107.3748996974221,-6.936808731483634],[107.37641353370171,-6.937890589313156],[107.37680335572679,-6.939031992084331],[107.37727381057879,-6.942164603478527],[107.37837547915537,-6.94391111519405],[107.3776885017639,-6.946351207944169],[107.37632803113937,-6.947852550604236],[107.37559697134593,-6.9490089000731095],[107.3755035953854,-6.950449127611957],[107.37588849408114,-6.950692830848847],[107.37642777483758,-6.950596121970289],[107.37699500004226,-6.951694710336331],[107.37741593367653,-6.952022415572615],[107.37689147862471,-6.95245617254528],[107.37655173654954,-6.953464395848324],[107.37671594228136,-6.953739120540143],[107.37719585049729,-6.953773726456397],[107.37742240443794,-6.954064009090008],[107.37701594144191,-6.954315152032255],[107.37701316012816,-6.956046797173931],[107.37624848518696,-6.956193411379975],[107.37602500312104,-6.956559161079428],[107.37653788249013,-6.957379504218126],[107.37648784836877,-6.957704551911708],[107.37527592135496,-6.9588705853721535],[107.37519546158447,-6.959177945620549],[107.37544190076859,-6.959536640247795],[107.3749633725319,-6.960098804409696],[107.37501491612637,-6.9604068180152785],[107.37572035282305,-6.960847534958395],[107.37692185283439,-6.96218171888832],[107.37654469104415,-6.9630360974294865],[107.37658493436575,-6.963352597324706],[107.3781235546706,-6.964466812336937],[107.37871081515908,-6.964691887937085],[107.37868417944644,-6.964936174742444],[107.37770527678586,-6.9656040503368875],[107.37745153782896,-6.966556679350474],[107.37746037276322,-6.966937982024505],[107.37793598647727,-6.967607721178354],[107.37828202966816,-6.968710664571475],[107.37748720396625,-6.970117247560786],[107.37664856350271,-6.970960885154523],[107.37613648033233,-6.972785945375219],[107.37563229858773,-6.973084692086833],[107.37508364165437,-6.972855166849089],[107.37481645241196,-6.973109185189628],[107.37470638570342,-6.974265220047858],[107.37428486758081,-6.974841531261426],[107.3741186547518,-6.975725891517218],[107.37432977350653,-6.977767404714242],[107.37480256451933,-6.978538742759708],[107.37529397128236,-6.978565407442968],[107.37533682977103,-6.978955199934708],[107.37445335943396,-6.979196522496738],[107.37371863478208,-6.978570445731523],[107.37342218941457,-6.97858956948551],[107.37228755640278,-6.97933415483388],[107.37163138676719,-6.979374804379642],[107.37131629939188,-6.97980284099608],[107.37153780745459,-6.98047745619528],[107.37138525232218,-6.980996748924178],[107.37096880708583,-6.980816875593569],[107.37069040760828,-6.980359041449981],[107.36941290004312,-6.980148203890902],[107.3687203008077,-6.980359655733916],[107.36855281867223,-6.980661758555304],[107.36846430489844,-6.9822402170000775],[107.3681868535946,-6.982457640355011],[107.36756777762832,-6.98248704325546],[107.36726144087167,-6.9829077060955544],[107.3667789123879,-6.982916572926708],[107.36533050027276,-6.984561082967782],[107.36539289137671,-6.985016307343502],[107.36636018855944,-6.985243062887317],[107.3664518560499,-6.985662349445258],[107.36517771407183,-6.986955113606489],[107.36500405667782,-6.9875262412174655],[107.36510746442788,-6.987886139569853],[107.36488683400518,-6.988145924537376],[107.36395217960673,-6.98788844061793],[107.36362046277712,-6.988996175364862],[107.36246444916371,-6.988956516402177],[107.36196870137961,-6.989143727082084],[107.36185706236746,-6.989529063839518],[107.3627308946865,-6.990502168147339],[107.36268223644439,-6.992002229813013],[107.36291630873775,-6.992191678867979],[107.36318222381038,-6.992049531422061],[107.36335807918185,-6.99129738771905],[107.3632656798709,-6.990395588446438],[107.36266289934453,-6.989566266484221],[107.36387119500783,-6.989482111003246],[107.36418944397049,-6.989197272785766],[107.36426052501926,-6.988598726310397],[107.3650037619548,-6.988721659946067],[107.36553858191047,-6.988227817724411],[107.36568337734947,-6.9871935266022325],[107.36700915437909,-6.985846809221958],[107.36680979137334,-6.984901927967038],[107.36603827134667,-6.984700623066401],[107.3670499663541,-6.983412795214077],[107.36739314594533,-6.9834898095700595],[107.36784491060547,-6.982969574098728],[107.3683754134271,-6.982978619447628],[107.36896841496832,-6.982575787283508],[107.36908147737269,-6.980795847723007],[107.36951784129616,-6.980687796113793],[107.37032714290638,-6.980879350210798],[107.37107873626476,-6.981509273861266],[107.37183974216748,-6.981651289162139],[107.37204001244629,-6.981354209142623],[107.37208764798766,-6.980451797483135],[107.37186156242389,-6.979911773769343],[107.37238327839763,-6.9798834098807365],[107.37354189656101,-6.979139962632412],[107.37439743380264,-6.979740178267256],[107.37548313233438,-6.979493114864826],[107.37580586605716,-6.979239214175066],[107.3758898885313,-6.978361549593651],[107.37563675727209,-6.978086119402907],[107.37511001072617,-6.978045642143551],[107.37486351579628,-6.97765951994153],[107.37466481750135,-6.975752544087037],[107.37478049889134,-6.9750679417377],[107.37515712505278,-6.974572154451964],[107.375378157404,-6.97365657355321],[107.37587514403408,-6.97368158684556],[107.37655261665331,-6.973160151690874],[107.37691809028706,-6.97236250839105],[107.37709597731757,-6.97126976991586],[107.3778845310977,-6.970488966554928],[107.3788220683563,-6.968789700309592],[107.37847137092584,-6.967503975181739],[107.37798921531108,-6.966645396151055],[107.37817634503108,-6.965878627693558],[107.37912421454782,-6.965262876945481],[107.37933845338068,-6.964566920130114],[107.37909817944282,-6.964250461265332],[107.37841131921215,-6.964008952454205],[107.37712366190378,-6.963112683729283],[107.37746529550752,-6.9620474441103894],[107.37609592035841,-6.960454351989843],[107.37565779729947,-6.960203103083967],[107.37620022748955,-6.959603705797889],[107.37599054115076,-6.959004604672414],[107.37694669524436,-6.95800018652647],[107.37707478616618,-6.957272870274283],[107.37672949972496,-6.9567201824047045],[107.37748300578146,-6.956322497186381],[107.37765192358845,-6.955223781361843],[107.37753823924982,-6.9545912118320405],[107.37787536003229,-6.95446509131681],[107.37796443068224,-6.954117009929091],[107.37785611964702,-6.953633104314435],[107.37715828023173,-6.953233030957656],[107.37732496952427,-6.952785739754068],[107.37788090525453,-6.952371607178125],[107.37791392954362,-6.951672428456011],[107.37750959387843,-6.9514795198305945],[107.37686044199609,-6.95020319955404],[107.37654775332068,-6.950040578210739],[107.37598764957488,-6.950132055992306],[107.37610095665651,-6.949216332187435],[107.37675902077154,-6.948181482492985],[107.3781312609935,-6.946667579002319],[107.3787979936898,-6.944844080865721],[107.37891423462642,-6.943835502443325],[107.37779066219592,-6.941987934837991],[107.37734311175672,-6.938959296090523],[107.37690019580467,-6.937634974527068],[107.37528626523554,-6.936428151022666],[107.37316813073251,-6.934252774388617],[107.37297291938549,-6.933621682415427],[107.37298568758578,-6.9331655865801185],[107.37511260546336,-6.929961325149837],[107.37601335099491,-6.926926519449685],[107.37719642140145,-6.927106096327304],[107.37983169030399,-6.926519222940673],[107.38591937731474,-6.92368800335487],[107.391592764164,-6.920371200280642],[107.39374548362092,-6.920391168186651],[107.39771373572013,-6.92143420826568],[107.39966882478362,-6.921541328757067],[107.40137148640505,-6.921247210454522],[107.40437614281171,-6.9181016809066245],[107.40535875665789,-6.919894781550257],[107.40585390153961,-6.922305599478951],[107.40699022221506,-6.924940803347749],[107.40809532245477,-6.925739603718284],[107.41029376288927,-6.926501459403192],[107.4139043561108,-6.928751966604875],[107.4160992572733,-6.932192112321472],[107.4173653578212,-6.932724712603038],[107.4240214558026,-6.933340034697382],[107.42724841171481,-6.9339091076480415],[107.42833849624063,-6.93431492950335],[107.42900431600742,-6.935403549199521],[107.43074332518049,-6.939782153727774],[107.43108335256079,-6.944339228911308],[107.43229365371288,-6.948819942938362],[107.43401840854503,-6.953360554877157],[107.43644715662087,-6.958572550117366],[107.43752459948239,-6.962341706745518],[107.4360725889998,-6.967073993747597],[107.43564349352285,-6.97195788450633],[107.43584797647837,-6.972845527778747],[107.43649444578926,-6.97358865335239],[107.43616490836325,-6.975564847807448],[107.43461480881726,-6.98025888563847],[107.43377668030067,-6.9810187597905005],[107.43284961082432,-6.980801626537875],[107.43234516529805,-6.981103575226062],[107.43088941767846,-6.9837482206763095],[107.43086806884884,-6.98438907119245],[107.4315821407169,-6.986207657276872],[107.4315547279999,-6.986695480058883],[107.43046789768412,-6.9869937761267815],[107.42929950913,-6.986795016648811],[107.42888356710367,-6.987293278137244],[107.42949607664113,-6.988958086228745],[107.42991017478789,-6.989330163503442],[107.43086217783352,-6.989580972847938],[107.43132453376332,-6.9899456140011305],[107.43261411373777,-6.99140952978534],[107.43258036322607,-6.99185864019534],[107.43096843216455,-6.991017664360085],[107.42837173924008,-6.992249829032942],[107.42800647251143,-6.992697789620714],[107.42845001553525,-6.993878163599806],[107.42834149739659,-6.994197043702413],[107.42796969571295,-6.9944384463763205],[107.42766545792311,-6.993866767613995],[107.42670167709602,-6.9937688930499595],[107.42627394098088,-6.994386761366194],[107.42613022153277,-6.995658595041621],[107.42577029220827,-6.99625356820885],[107.42380931298851,-6.9958909408866115],[107.42336354120243,-6.99549607996305],[107.42278743483092,-6.995336809043577],[107.42085872658632,-6.9959562132960285],[107.41992088469648,-6.99647792473872],[107.41982280666137,-6.997278024053624],[107.42002250832583,-6.997870430748465],[107.4198705219813,-6.998216155443759],[107.41999526955041,-6.998802708982934],[107.4208089790684,-6.999115292573648],[107.42118015354866,-6.999688354737428],[107.42002539111161,-7.000175622944848],[107.41915011429914,-7.0008448187235635],[107.4197144752146,-7.003313729308144],[107.41942350406862,-7.004731195906396],[107.41885827511358,-7.005055929305117],[107.41838305292877,-7.006034478854981],[107.4188376572458,-7.007335822761261],[107.4195055870575,-7.008019339517546],[107.41957645033492,-7.008454129270772],[107.41914195890175,-7.009691926890052],[107.41950448388309,-7.011253466756504],[107.41908311583896,-7.012241873657468],[107.41933925207782,-7.012572559541221],[107.41959560113985,-7.012414024040998],[107.42003442504455,-7.011541024362633],[107.41968292108837,-7.009760644420615],[107.42011620569265,-7.008541625948744],[107.42002823851725,-7.007847116251606],[107.41930603023484,-7.007058204528982],[107.4189204929219,-7.006132457307143],[107.41919752168954,-7.005481129289309],[107.4199004127663,-7.0050368892285935],[107.42028842017326,-7.002944332430198],[107.41965442165608,-7.001091318208441],[107.42174499192372,-6.999887848171667],[107.42138868912843,-6.998875963373332],[107.42048493684352,-6.998499659393637],[107.42059020352991,-6.997860544918243],[107.42039756644672,-6.996784255091508],[107.42281473185245,-6.995880252181374],[107.42363536094022,-6.996403997109873],[107.42595762549355,-6.996766653445349],[107.4264986467008,-6.996196677530466],[107.42698704375778,-6.9942620829838145],[107.42729085561014,-6.994331293029749],[107.42743487788576,-6.99479294712277],[107.42785138217941,-6.994969971112883],[107.42849972897726,-6.994856148441385],[107.42879552463208,-6.994497649316918],[107.42900580210484,-6.99381495951686],[107.42864539447693,-6.9931235803972775],[107.42865834960604,-6.992711677139697],[107.43099565763303,-6.991579231571278],[107.43223368326295,-6.992384362181535],[107.4330117346302,-6.992237877756606],[107.43320540172277,-6.9916621635391865],[107.43288261938605,-6.990850211624271],[107.43116329578199,-6.989129265696072],[107.42996643094686,-6.988683606440543],[107.42942566082382,-6.987409614679587],[107.43099914440496,-6.987472470620737],[107.4320303784743,-6.986970600126421],[107.43211497146507,-6.986090013970292],[107.43139621696186,-6.983959582300949],[107.43270691862192,-6.981510599355402],[107.43310927127814,-6.981329248674184],[107.43387006787275,-6.981594536655545],[107.43506415630777,-6.980565130769522],[107.43668564016863,-6.975721533411736],[107.43695682338429,-6.9741201744964165],[107.43854848329107,-6.975949858617986],[107.43927756224754,-6.977113943400063],[107.4403605782755,-6.9777678964718195],[107.44024766460299,-6.978018219318524],[107.4387791416884,-6.978338325399257],[107.43856939878003,-6.97872544467055],[107.43875765856895,-6.9794942322855915],[107.43916456735369,-6.980157281338278],[107.43964484032576,-6.980405049717933],[107.43958528853402,-6.981513599911911],[107.4398814225242,-6.982268930267683],[107.44086384118556,-6.982999853663007],[107.44082153826277,-6.983690149674153],[107.4410748453933,-6.984219293389695],[107.44062350660519,-6.984772351698296],[107.44067389936468,-6.9851683761697565],[107.44111803259794,-6.985744974097487],[107.44065834327712,-6.985704932751833],[107.4401346249253,-6.986080304059582],[107.4398323282212,-6.986911211336421],[107.43997046842176,-6.987366606727537],[107.44083792036093,-6.987722878956211],[107.44261925499183,-6.987402324045144],[107.44336850116413,-6.987999254238404],[107.44366202131508,-6.988550270681494],[107.44449456786953,-6.9891002024854725],[107.44485653205125,-6.989006412096065],[107.44517117150077,-6.988627836547467],[107.44612834190023,-6.989365213219654],[107.4470617735718,-6.98920830923487],[107.44732585836655,-6.989633017333424],[107.44772675463705,-6.989507944600805],[107.44730930986434,-6.988710032575131],[107.44635592073689,-6.988860603899421],[107.44523469198795,-6.9880421005049325],[107.4449577053142,-6.988062941318761],[107.4446562599801,-6.988407453424774],[107.4442857713475,-6.988353938374568],[107.44367239088118,-6.987533399917159],[107.44285021900652,-6.986912065181293],[107.44246651209066,-6.9868190734239874],[107.440880194761,-6.98718379774696],[107.4403815300861,-6.986939752525577],[107.44073473393435,-6.986265849750434],[107.44159771162441,-6.986675962909117],[107.44187123146222,-6.986629491440103],[107.44212759449873,-6.986227975299675],[107.4419840257867,-6.985778582094541],[107.44117465614279,-6.984946986400445],[107.44162081781494,-6.984278434482642],[107.44135615225387,-6.98358768239753],[107.44137663007315,-6.982801630458452],[107.44034551200355,-6.981985189932217],[107.44012891143961,-6.981468144364029],[107.44021766905006,-6.980306018205061],[107.43956263247125,-6.979765418581202],[107.43912795960945,-6.978928618589568],[107.43911711699904,-6.978768068170985],[107.44008751760026,-6.9786361172126785],[107.44070911881205,-6.978344476188666],[107.44089196803604,-6.978108080263839],[107.44087901526851,-6.977595376706779],[107.440568928644,-6.977206683050623],[107.43969867859552,-6.976764298169115],[107.43899893725555,-6.975647056847166],[107.43630609675162,-6.9725465239145095],[107.43618843806298,-6.971965659581873],[107.43660095122247,-6.967204024734852],[107.43806937754958,-6.962270752011225],[107.43696427557047,-6.958404852618545],[107.43452350979761,-6.953160886899147],[107.43281508693666,-6.9486669032147805],[107.43162354381595,-6.944273859366834],[107.43128214477936,-6.939698471130404],[107.42950834403813,-6.935199492872676],[107.42884830337648,-6.934108748930411],[107.42960865173664,-6.933073280578293],[107.43166233599166,-6.932508119212988],[107.43558583242199,-6.932127193539195],[107.43726431108234,-6.931356888500816],[107.4392681414708,-6.929853828712046],[107.44088924132768,-6.929179928612104],[107.44180876293551,-6.929209014096494],[107.4425569611662,-6.929399438581936],[107.44502018218779,-6.931447626087575],[107.44680306476117,-6.93241517361585],[107.45555090058639,-6.935040759837916],[107.45849143388507,-6.936147249809958],[107.45916516011845,-6.936594738578822],[107.46041155842066,-6.938302974007827],[107.46065593303389,-6.939863388224029],[107.4605176747013,-6.941706858231856],[107.46083942730279,-6.943017130179754],[107.46147309897233,-6.944291580446548],[107.46136903529789,-6.945240391633996],[107.4608482115655,-6.946051706388942],[107.46084309678781,-6.946344633305209],[107.45954350519938,-6.947003540827157],[107.45902172170607,-6.948104021421435],[107.45905135748849,-6.948501780703187],[107.45940801130139,-6.948674270904317],[107.45909843868887,-6.949509884875122],[107.45910638549593,-6.9507251166375426],[107.45943699621562,-6.951028693650797],[107.46012151736973,-6.950927056776595],[107.4601298764312,-6.951193077763002],[107.45932854580866,-6.951380700307753],[107.45892856411594,-6.951773882529476],[107.45868205066418,-6.952462246042553],[107.45865914405732,-6.953558194097435],[107.45929296903141,-6.954471623212165],[107.45931347483986,-6.9548799262165195],[107.45982924154333,-6.955071936548818],[107.45988517629961,-6.955479628139327],[107.46046819925597,-6.956169900315213],[107.46025853335705,-6.9567602752835676],[107.46127631419424,-6.957349187474674],[107.46143028850841,-6.958003571712354],[107.46168323104826,-6.958269313038578],[107.4630489463308,-6.958323267367756],[107.46395496233872,-6.959304755852185],[107.46449618720499,-6.959456072476533],[107.4646978568969,-6.959232923888711],[107.4645055399187,-6.958834724059614],[107.4640815560934,-6.95867702746872],[107.46335755558115,-6.957877134235431],[107.46207836724079,-6.95782053614059],[107.46195277139418,-6.957230212822878],[107.46140892347752,-6.956772994418768],[107.46088151482664,-6.956609684523407],[107.46103132466612,-6.9560969361219245],[107.46088781497008,-6.955794966780754],[107.46041726954799,-6.95529007123422],[107.46027169627229,-6.95464453519006],[107.45919884667214,-6.953442631892009],[107.45941346677394,-6.952935441191557],[107.45931398920496,-6.952374803610312],[107.45946852529141,-6.951946034393142],[107.46049636269272,-6.951699528221305],[107.46091015726202,-6.950641140513134],[107.46059730377759,-6.950312542951886],[107.45956037152072,-6.9503489982107105],[107.45963945495392,-6.949681220292452],[107.46021821303613,-6.948611416763616],[107.46010445356602,-6.948303915673698],[107.45958975374505,-6.948104846817213],[107.45998036830875,-6.9474054582312315],[107.46151749494047,-6.946593125355129],[107.4620373534174,-6.944232373212967],[107.46135952964286,-6.942857845235179],[107.46106264588292,-6.941694059698051],[107.46119909936067,-6.939893834904195],[107.46092884061076,-6.938133391733326],[107.4603816948025,-6.937157173499766],[107.45955064970924,-6.936212649850306],[107.45876763909632,-6.93568146794072],[107.45574510380462,-6.93453672855545],[107.44704038526312,-6.931929081733067],[107.44534835239782,-6.931016624359956],[107.44285871798773,-6.928946474765596],[107.4419147972327,-6.9286789566135125],[107.44084745587958,-6.928638740758647],[107.43901722131261,-6.929373142953534],[107.43701390040926,-6.930877558090963],[107.43548709545222,-6.931594470828998],[107.43158465690841,-6.931973572755648],[107.4293721949937,-6.932578409126146],[107.42842403972743,-6.933770485913311],[107.42741593606466,-6.93339518442837],[107.42410633861202,-6.932806963126833],[107.41753625762101,-6.93221056272063],[107.41639117389823,-6.931728869763901],[107.4142470206625,-6.928328410086184],[107.41055622174565,-6.926027911204308],[107.40838222208501,-6.92527950292217],[107.4073720590846,-6.924549326525317],[107.4063812916316,-6.922172449336484],[107.40588229706944,-6.919742900652415],[107.40475976984509,-6.917669381618426],[107.41088034680952,-6.9100352111577426],[107.41207986862632,-6.909553530103169],[107.41327092891721,-6.909363250656681],[107.41889938982877,-6.910944699090967],[107.42074486539455,-6.9111108970758],[107.42191212205206,-6.9105184452328166],[107.42610212442072,-6.906925310855627],[107.42744256687305,-6.906213534210632],[107.43561181252693,-6.903245171175657],[107.43743578873698,-6.90305002081281],[107.44331243909454,-6.904730055980377],[107.45049956226731,-6.9079567134308855],[107.45240326774619,-6.908564859152495],[107.45894883848473,-6.909677584444706],[107.46177273599051,-6.910960139630953],[107.46369760325277,-6.911349657209458],[107.46566692644005,-6.910872971668267],[107.46720821457818,-6.910856665735832],[107.46787101226415,-6.911028546271996],[107.46868836521719,-6.911972554481981],[107.46932532585461,-6.914411412177575],[107.47024362968743,-6.91572211066275],[107.47112340697066,-6.916170876012778],[107.47216243089439,-6.916125858087062],[107.47365101530963,-6.915211510984063],[107.47511875012374,-6.914833833380867],[107.47585866986898,-6.914897267283485],[107.47608058925218,-6.915103373468065],[107.47652481320316,-6.916272620001864],[107.47736993948176,-6.917025013866987],[107.47816393993152,-6.91708891390383],[107.48042263271265,-6.916539853971364],[107.48101396155447,-6.916756578461842],[107.48139495775177,-6.917101102102848],[107.48141059165371,-6.9174405450603285],[107.48069015019306,-6.919874186345087],[107.4805840913106,-6.920975538253297],[107.48113789058222,-6.9225130385495515],[107.48232405948339,-6.924210623784771],[107.4834727599676,-6.924713924048967],[107.48523534825529,-6.924767449496204],[107.48790789579697,-6.923885069231711],[107.48953554374519,-6.923571142949411],[107.49100515708201,-6.923688924455719],[107.49489474863142,-6.9271417700709454],[107.49689929228511,-6.930410104252767],[107.49778659057772,-6.931323240297767],[107.49909186156538,-6.932163965950568],[107.50149921804658,-6.932572252968613],[107.50419968450925,-6.932752270326932],[107.50608575546983,-6.933244637286074],[107.50857040544265,-6.935752532989628],[107.51124767731037,-6.937876860819079],[107.51183566665122,-6.938040043425577],[107.51564220421027,-6.93802868876701],[107.5199453672821,-6.936719934738626],[107.52161274337305,-6.935795247237914],[107.52204267042477,-6.935736634871625],[107.52542152026751,-6.937131078064564],[107.5272678980981,-6.937517419345518],[107.5290973213123,-6.938183213847672],[107.52966717485037,-6.93874420504444],[107.5312223485929,-6.939557673758228],[107.53134396449994,-6.9399241587147085],[107.531434,-6.939674],[107.530951,-6.9390078],[107.5293129,-6.938084],[107.5273759,-6.9372036],[107.5257595,-6.9369791],[107.5237396,-6.9362366],[107.5223262,-6.93558],[107.52241533505534,-6.935289837906304],[107.52214179514571,-6.935204903877103],[107.52142673274739,-6.935286743922084],[107.51974961966204,-6.936216173526028],[107.51560126716429,-6.937489381565444],[107.51148387950806,-6.937389655916274],[107.50896374562406,-6.935379677014976],[107.5063785491367,-6.932788020657776],[107.50428666453678,-6.932219361942882],[107.49933804866441,-6.931679609335374],[107.4981532257304,-6.930923722161345],[107.49735979819383,-6.930120870725064],[107.49532431714817,-6.92680903403723],[107.49125698470681,-6.923207835693369],[107.48951463776513,-6.923031139860801],[107.48779108366793,-6.923357812033095],[107.48519686435448,-6.924227053804219],[107.48364221929722,-6.924198359599727],[107.4826157158919,-6.92374859980822],[107.48163836454597,-6.922299865279954],[107.48111710503797,-6.920852708841455],[107.4819507995783,-6.917507757471492],[107.48188003033351,-6.916816872382746],[107.48134081377763,-6.916322246752885],[107.48055452653145,-6.916013001994077],[107.47991258912532,-6.916039798274762],[107.47815367191855,-6.91654672515385],[107.47750516720905,-6.916494534435641],[107.47701539644697,-6.916032635219122],[107.47655849274832,-6.9148400394350364],[107.47616137030775,-6.914439481963638],[107.47513008316415,-6.914293204373127],[107.47344742861796,-6.9147095314287235],[107.47200886885317,-6.915606570535102],[107.47131210033005,-6.915662699627928],[107.47064505300335,-6.915351497115673],[107.46983887994125,-6.914227766493603],[107.46919867276881,-6.911776488035377],[107.46809048770645,-6.910527763155188],[107.46731038810827,-6.910325463267809],[107.46561300439042,-6.910333919215605],[107.46375576290565,-6.91081092676208],[107.46197010704535,-6.910456399706033],[107.45914536506241,-6.909173461019049],[107.45255281426742,-6.908045820306084],[107.45072389298667,-6.907464782356122],[107.4435094585784,-6.904226897022662],[107.43755590608521,-6.902522840195235],[107.43548712402716,-6.9027195262744225],[107.43650257825198,-6.899677867727681],[107.4374493694411,-6.895415511071588],[107.43904011165066,-6.892173936533177],[107.44188418716378,-6.889848723147959],[107.44449586339971,-6.888696424946144],[107.44745853952568,-6.888820692105295],[107.44962701733483,-6.889242756097677],[107.45167763976308,-6.887827408213665],[107.4536393644866,-6.887502755506239],[107.45742569571264,-6.887798365788202],[107.46031298730684,-6.887018133975702],[107.46250905983946,-6.88574716667333],[107.4660130955575,-6.885357638646586],[107.47133991914467,-6.882834418067451],[107.47176087000126,-6.882821986905124],[107.47219329327416,-6.883087556625453],[107.47352235025757,-6.884174938222439],[107.47392465047898,-6.884233538255211],[107.47518960838335,-6.883822197904408],[107.47648236502738,-6.882201156231593],[107.47794370684102,-6.878761700389628],[107.47882292585612,-6.877375461997933],[107.47887815005187,-6.87639927676303],[107.47850306165236,-6.875866770277485],[107.4785449184515,-6.875662391729566],[107.47944328602055,-6.874263320872245],[107.48013827122193,-6.873572671515283],[107.48037802087102,-6.872621162500573],[107.48018946130411,-6.8722226519672365],[107.48072654547845,-6.872290974563476],[107.48097042197553,-6.871626569225915],[107.48178927733113,-6.871041757928917],[107.48176071639165,-6.870761187783006],[107.4811797115067,-6.870181463517507],[107.48132204387032,-6.869507271644977],[107.48112526593518,-6.869095871203096],[107.4816227831351,-6.8686777516128386],[107.48170057378763,-6.868239565077853],[107.48105165603904,-6.867556072947058],[107.48090945615866,-6.867063387362482],[107.48028561191771,-6.8665224082893435],[107.48074986891274,-6.866008588191153],[107.48084554759266,-6.865278333234541],[107.48122804759551,-6.864554385501544],[107.4817843093226,-6.864434573435592],[107.4818811933279,-6.864006034149677],[107.48276341675013,-6.864165703259164],[107.48293457121878,-6.863752140624216],[107.48374663339482,-6.863464995080589],[107.48387058461604,-6.863047853193667],[107.484491069594,-6.862675162255321],[107.48408062083037,-6.861934581888637],[107.48476416656702,-6.861792436883638],[107.4848323310373,-6.861171642365485],[107.48558204457893,-6.860641070990569],[107.48616979349528,-6.861144676348105],[107.48680812432036,-6.861235042673331],[107.48706918613343,-6.861102550332978],[107.48726103090729,-6.860317770668706],[107.48686039922376,-6.859575907220519],[107.48687449900434,-6.859239654620339],[107.48734310603109,-6.859271608243436],[107.48772760825925,-6.858898439032714],[107.48804375091484,-6.858952493579594],[107.48831585199461,-6.8587259478529115],[107.48916721488482,-6.860363101415453],[107.48993181777647,-6.86050385018109],[107.49060339349944,-6.860299226980147],[107.49097901431912,-6.859793402600519],[107.49082946356651,-6.859148601686993],[107.49108032594528,-6.858899859935933],[107.49174416773316,-6.8587434543613295],[107.49232189305951,-6.858073353614172],[107.4921996166844,-6.857571334003117],[107.49239557204172,-6.857163871036955],[107.49214136345996,-6.855253212910998],[107.49252299881366,-6.855391600313667],[107.49279209914394,-6.855272703365792],[107.4932484316482,-6.854136504199665],[107.49363485809953,-6.853991810507494],[107.49406469248697,-6.854146315781205],[107.4944767155031,-6.8536847510094026],[107.49562961440608,-6.85349145798357],[107.49634221449465,-6.853532293545216],[107.49753058881396,-6.854173931985729],[107.49832088441545,-6.854242756558756],[107.49869859541246,-6.8533346716888195],[107.4985127616263,-6.85309839558055],[107.497675114741,-6.853629901651674],[107.49657953257848,-6.85303008450684],[107.49571858606899,-6.852948256292362],[107.49440017188574,-6.85313041753769],[107.49393121506087,-6.8535383028985795],[107.49300224890857,-6.853594027214386],[107.49243843109085,-6.8547333943803554],[107.49206015676056,-6.85451625595765],[107.49177433493323,-6.854641086977075],[107.49154954682739,-6.855371217001466],[107.49175860771028,-6.8561046838056905],[107.49184212410863,-6.85714042579685],[107.49161734559966,-6.857510528054823],[107.49178205540437,-6.857916991689589],[107.4914282749886,-6.858302603183652],[107.49098124921028,-6.858226484007342],[107.49042734439935,-6.858710120561476],[107.4900839181955,-6.859322983858535],[107.49035093150746,-6.859818135949007],[107.48946351823284,-6.859910144156406],[107.48889470587169,-6.858421676079481],[107.48861551297212,-6.858123172697357],[107.48741833784203,-6.858266783285308],[107.48710606802973,-6.858728940019493],[107.48659135363164,-6.858671492441924],[107.48620076062289,-6.859077761119851],[107.4866560855636,-6.86064158670751],[107.48631227900098,-6.860620513693507],[107.48577726300778,-6.859967834547136],[107.4853141125296,-6.859958977383351],[107.48508531324957,-6.860416126868243],[107.48432743892171,-6.860858948583029],[107.48422223268636,-6.861378966594628],[107.48364110430121,-6.8615725655589435],[107.48354349778678,-6.862039903357892],[107.48289506989124,-6.86216889748784],[107.48282245605962,-6.862932997372207],[107.4823736469548,-6.8630523511163135],[107.48226267591178,-6.863480245451874],[107.48170193473723,-6.863446688164088],[107.48095445769815,-6.86397722617266],[107.48037564169947,-6.864922936983682],[107.48026151646323,-6.865762287687429],[107.47971605358318,-6.86631704895333],[107.47987179550893,-6.866877800026122],[107.48045292811486,-6.86736023713692],[107.48061591374616,-6.867878642413357],[107.48109206942468,-6.868289047880228],[107.48066623327671,-6.8686978397925955],[107.48054810619304,-6.869142124518537],[107.48073560712426,-6.8696565868002875],[107.48064641485797,-6.8703038916344426],[107.48115108009775,-6.870903796109524],[107.48053668695017,-6.871276615485936],[107.48038533761037,-6.871678214587868],[107.47987494805889,-6.871439714510678],[107.47946735460367,-6.870483430929179],[107.4783967658133,-6.869793946709045],[107.47749098379518,-6.8700350308777205],[107.47685069959965,-6.871073003437493],[107.47645779734229,-6.871279425630198],[107.47483287081046,-6.871168448967107],[107.47451873122225,-6.870998464549675],[107.47392064178254,-6.870218511462494],[107.47388016510482,-6.8693359501383515],[107.47332697997206,-6.868133852280577],[107.47281027650895,-6.867701507906762],[107.47081810182691,-6.867314411607541],[107.47058647466687,-6.8668672682218554],[107.47000600994681,-6.866648421197572],[107.46962424891478,-6.865944128988633],[107.46916468184926,-6.86573259262913],[107.4691840898038,-6.865239151348633],[107.46893510316231,-6.864808012284497],[107.46825245715273,-6.864686716740695],[107.46779268562513,-6.864315073071051],[107.46711775654558,-6.86411444653764],[107.46666430213827,-6.863536851580094],[107.46621241308328,-6.862274574036702],[107.46560506550664,-6.861807542648643],[107.46482236614094,-6.860702136651847],[107.46416290449477,-6.858944193541456],[107.46411256314241,-6.856784765208455],[107.46367091888492,-6.855886176343223],[107.46457056088664,-6.85376604019858],[107.46530654494241,-6.852761959809049],[107.46504574236847,-6.852451175664128],[107.46468063096354,-6.852654700554449],[107.4640837539014,-6.8535258063178],[107.46312997311969,-6.855981356814731],[107.46356505109863,-6.856828548051174],[107.46362373625655,-6.85903961072961],[107.46432511472113,-6.860925145052048],[107.46509993346199,-6.862069636372482],[107.46567081895162,-6.862503766783763],[107.46619910990671,-6.863844019419231],[107.46683091443862,-6.864600014017147],[107.46761040614334,-6.86482625799249],[107.46809100387856,-6.8652037704828555],[107.46858161384054,-6.865260058263608],[107.46870752871239,-6.866078330904379],[107.4692420044079,-6.866334168409181],[107.4695990715752,-6.867013887314145],[107.47008624970255,-6.8673139445488145],[107.47028538287923,-6.867723982264568],[107.47117645070128,-6.868051531158688],[107.47257448487908,-6.868227040052154],[107.47296616962291,-6.868538712088745],[107.47334735865566,-6.869444922779208],[107.47336265898402,-6.870301586068454],[107.47420322447354,-6.871440706695057],[107.4749849785523,-6.871735257436911],[107.47680625278835,-6.871744248554251],[107.47723722823059,-6.871454764059597],[107.47779833819033,-6.870481375772147],[107.47827654687319,-6.87032470451025],[107.47925739520011,-6.871094771076169],[107.47946545353112,-6.872056396677445],[107.47983349994828,-6.872688264710899],[107.4796937063877,-6.873259522965962],[107.47864201288587,-6.8744398316437625],[107.47804322881416,-6.875452890095739],[107.47796882467864,-6.875993877548563],[107.47835218846544,-6.876552163069357],[107.47836086062875,-6.877085687246546],[107.4774514598606,-6.878531828126394],[107.47648038016328,-6.881024475509191],[107.47512807536934,-6.8831430311828],[107.47449789765822,-6.883540564015869],[107.47367978675477,-6.883652501701145],[107.47197736459185,-6.882320455969589],[107.47128452024805,-6.882296223167118],[107.47025847653839,-6.882618418153415],[107.46589226914368,-6.884829388360878],[107.46239792361452,-6.885215966336124],[107.46011127907413,-6.886516258080084],[107.45742295024948,-6.887256893464732],[107.45364880641455,-6.886962234379992],[107.45152291622897,-6.887305975943228],[107.44961296031863,-6.888690155993818],[107.44754288378078,-6.8882872441346965],[107.44433333340507,-6.888177655147911],[107.44162963453331,-6.889370554529177],[107.43902328761594,-6.891488658481841],[107.43770330228462,-6.891634052713056],[107.43672118344287,-6.890654778476456],[107.43559524547047,-6.890081630361614],[107.43471259706259,-6.889319590054021],[107.43331144068972,-6.888712877916048],[107.43203528807338,-6.88850418346698],[107.431414928261,-6.888135414642746],[107.43065063422213,-6.886574293966421],[107.42839030339984,-6.885932073982641],[107.42847711942534,-6.884993799974916],[107.42739349606227,-6.884366734434825],[107.4272816030325,-6.8830021839346385],[107.42654290620999,-6.883044109330407],[107.42646090833466,-6.882127912483993],[107.42528107218041,-6.881448643350057],[107.42520980691853,-6.880967180218652],[107.42543703931052,-6.880306265003438],[107.42511100369748,-6.880021098942272],[107.42491706432236,-6.8786611389125225],[107.42432409461824,-6.878026554364126],[107.42378900483781,-6.8777617097308115],[107.42367446278263,-6.877223510046377],[107.42337360830697,-6.877249068992508],[107.4232818534254,-6.8779831779722],[107.42407394648795,-6.878532608677059],[107.42445619277332,-6.879059611129835],[107.42479060609588,-6.881768564437109],[107.42554383323937,-6.882385436823609],[107.42598079274944,-6.88249546798543],[107.42592816154556,-6.883136659521149],[107.42612698403484,-6.883498465563144],[107.42673954606697,-6.8835473149023985],[107.42697289047788,-6.884801909742283],[107.42796097231772,-6.885230739313988],[107.42779621190765,-6.885719119623983],[107.42803172132933,-6.886364619499988],[107.42937415261433,-6.886891954083059],[107.43018785915413,-6.886968496121143],[107.43079303307299,-6.888262818881964],[107.43143824935316,-6.888814358404923],[107.43314370378481,-6.889226300895459],[107.43443245852379,-6.88978212055573],[107.43522301533301,-6.89047807679414],[107.43637779467844,-6.8910745132388636],[107.43748957099956,-6.892133083428398],[107.43846886676842,-6.892105984473259],[107.43694658967969,-6.895208036174807],[107.4359851292319,-6.899511825711017],[107.43472638632694,-6.902992327310895],[107.4272377927152,-6.905713340293396],[107.4258190906312,-6.9064636604260965],[107.42162964411304,-6.910056443685604],[107.42064280167536,-6.910578043122882],[107.41903665481286,-6.910422479023127],[107.41336111295979,-6.908827801788445],[107.4122458384398,-6.908980481041339],[107.41190329437396,-6.905834010531426],[107.41133835113902,-6.904186783208907],[107.41115593205728,-6.902859590331515],[107.4120550900074,-6.900859827193569],[107.4127629615455,-6.899970219210144],[107.41293430309294,-6.899257603746227],[107.41251195384547,-6.898439999131155],[107.41104412930585,-6.896545796578977],[107.41226369982344,-6.894756694261924],[107.41244226061956,-6.893869289403793],[107.41235034138869,-6.893337649829618],[107.41293025819932,-6.893314964822439],[107.41343938990794,-6.89298481740856],[107.41341654097475,-6.892377357169111],[107.41375714017484,-6.892095976048532],[107.41379568444535,-6.891604966681503],[107.4134564362252,-6.890883584317311],[107.41284393400596,-6.890499104269676],[107.4121886048116,-6.890521446311499],[107.41195756871535,-6.890698250196315],[107.41197576262667,-6.8913652332563835],[107.41105253305987,-6.891537250152758],[107.41035729354554,-6.890805282101095],[107.40953448357622,-6.890649314584104],[107.40888710915269,-6.890126800173194],[107.40901439508045,-6.889433853252183],[107.40837735903895,-6.888814008821484],[107.40878940479404,-6.888439061007354],[107.40858009642176,-6.88790304850418],[107.40879880388299,-6.886852652376487],[107.40820828769698,-6.885458844977032],[107.40838245305534,-6.885060231685748],[107.40823643936949,-6.884001510389088],[107.40789734000158,-6.883555434401519],[107.40711672304224,-6.883121369443384],[107.40561502203512,-6.882552348753277],[107.40547054909922,-6.88281559044515],[107.40577722154691,-6.8831724759197055],[107.40688710313357,-6.883612137369684],[107.40770635429145,-6.884178594371098],[107.40783526233835,-6.885050257219523],[107.40765123382955,-6.885456958423158],[107.4082434725616,-6.886921044517881],[107.40803044312797,-6.887869236147372],[107.40820098057492,-6.88829109685856],[107.4077213194114,-6.888774122348012],[107.40790456526533,-6.889148266033205],[107.4084853342954,-6.889565437656421],[107.40829114910326,-6.890411117892189],[107.40923029071432,-6.891192738135527],[107.41005957733381,-6.891256746326929],[107.41096410541734,-6.892071076490812],[107.4123135553493,-6.891824511381149],[107.41258525945777,-6.891374599922858],[107.41241061263901,-6.89102270060127],[107.41301385475789,-6.891227712765197],[107.4132666794737,-6.891743414279253],[107.41286998201056,-6.892201609060853],[107.41292648858762,-6.892612473693204],[107.4127428544893,-6.892802590857263],[107.41207689706941,-6.892818838685137],[107.41183487232615,-6.893026293054166],[107.41177690894766,-6.8945106037326465],[107.41047666487898,-6.896559008978058],[107.41063721607176,-6.897010861390934],[107.41239338311193,-6.8993657061352724],[107.41163732572402,-6.900510673352445],[107.4106067291194,-6.902854975609216],[107.41080342832053,-6.904286075719489],[107.41136619573962,-6.905922211801663],[107.41171414087421,-6.909118327653393],[107.41049955806166,-6.9096436887484165],[107.40422951949957,-6.917464274679081],[107.40118622852007,-6.920731892702423],[107.3996660241461,-6.92100085611257],[107.39782562047968,-6.92090543064393],[107.3960852340754,-6.920447961365807],[107.39885778743476,-6.915461141688515],[107.39939056975717,-6.913075364383584],[107.39932106580359,-6.9107614823142205],[107.3990911921942,-6.909609687845799],[107.39730105818585,-6.90552591565391],[107.39643853785003,-6.904483994640724],[107.3958251412773,-6.904105975305054],[107.39596454100128,-6.903452138256186],[107.39574227534818,-6.90291130292955],[107.39484190473365,-6.902515335894109],[107.39451380441393,-6.901694341611268],[107.39403533934231,-6.901180845205667],[107.39363161889136,-6.901318825122737],[107.39351886469476,-6.902228111222563],[107.39331417347901,-6.902455784568022],[107.3922430470909,-6.902231884345242],[107.39197350614387,-6.901620442636099],[107.3919241355577,-6.900688241865576],[107.3913710806819,-6.9001212008211095],[107.39105220028055,-6.90039279630077],[107.39142149926796,-6.9009009196028535],[107.3914283140928,-6.901624634148619],[107.3917448313882,-6.902587550530004],[107.39282946148302,-6.903079186321888],[107.39354282199017,-6.902977510486422],[107.3940263819178,-6.902492326239104],[107.39406583150071,-6.902088936883909],[107.39419778725657,-6.9025528302559565],[107.39478011523266,-6.903227523163125],[107.3953631320316,-6.903309399984415],[107.39522127998755,-6.904171141557253],[107.39680005670871,-6.905739414263862],[107.39714034122107,-6.906735084397987],[107.3981267835064,-6.908468970677324],[107.3985617245917,-6.909732968325437],[107.39885332880155,-6.91182382135412],[107.39885332813193,-6.912988378888868],[107.39835071453253,-6.915264773520417],[107.39553706891117,-6.920303877099661],[107.39385166042693,-6.919860890784261],[107.39140582819792,-6.919860252501209],[107.38567380498571,-6.923206401098837],[107.37968124462007,-6.925999945095872],[107.37722697008573,-6.926564870157937],[107.37158301481308,-6.92601743878548],[107.37408861341522,-6.917998896771763],[107.37410896686309,-6.916449135702134],[107.3738598617006,-6.915819688547734],[107.37482375349224,-6.9149580958860275],[107.37489808351428,-6.914667537798539],[107.3743733975487,-6.914218374058425],[107.37347280446409,-6.914931402758913],[107.37224700426214,-6.9139047916470515],[107.37071133989302,-6.913532082950942],[107.36836561087956,-6.913305942413431],[107.3658047237903,-6.914081667381909],[107.36543883420603,-6.9133965088953575],[107.36513705397708,-6.913407328849602],[107.36503163707754,-6.913688250841141],[107.36535453221114,-6.914401875791029],[107.36577658039164,-6.914625465848619],[107.36836695666906,-6.913848151555226],[107.37196571140132,-6.914370121711745],[107.37296178091675,-6.915117740169468],[107.37356502210318,-6.916502128725123],[107.37355498750418,-6.917890356469875],[107.37191196104169,-6.923167982002562],[107.36933667034653,-6.922689049404055],[107.36668717245692,-6.921324999506202],[107.36526643417334,-6.920914363974521],[107.36386009674486,-6.921221859775812],[107.3630808658249,-6.921801893175688],[107.36260380323448,-6.9225695846997475],[107.36109201595183,-6.923642218606409],[107.35977293171814,-6.925481647025573],[107.35913835668056,-6.927159301071172],[107.35810835535891,-6.928368510529096],[107.35758607027711,-6.928541415502688],[107.35666586955284,-6.928512526636262],[107.35349992002769,-6.926956600764493],[107.3511691785614,-6.924626986720876],[107.35108293129161,-6.9239678984551],[107.35180434945688,-6.9236579129091815],[107.35210221808518,-6.923275972090837],[107.35211947435084,-6.922838073191209],[107.35187507426302,-6.922349872632997],[107.3503992474542,-6.922269747746682],[107.34890472697599,-6.9227584834050555],[107.34872240589883,-6.921581462697529],[107.34798583571508,-6.921020299862681],[107.34743051911305,-6.921367955003598],[107.34750205350113,-6.9222725371266325],[107.34716638431166,-6.922325343606743],[107.34662162761317,-6.921220095566908],[107.34594169380038,-6.920549673344299],[107.34622230513367,-6.919440558093735],[107.34596841540734,-6.918437543169667],[107.34560105170374,-6.918116453267151],[107.3451905908879,-6.918067869848091],[107.3445408956628,-6.918577148167284],[107.34395302608397,-6.917939106097519],[107.34316238449323,-6.91481844370639],[107.3427236375862,-6.914439292370426],[107.34222263640075,-6.914509836259197],[107.34184606093986,-6.91422481087387],[107.34102803280909,-6.9146661588125555],[107.34043160403179,-6.91450015031592],[107.33974563785932,-6.91480369368216],[107.33956619351052,-6.915100884516582],[107.33981266454666,-6.9156988126239085],[107.33857488460974,-6.9153813102088035],[107.33773196830909,-6.916133809726492],[107.33756777111374,-6.916533610509171],[107.33778853034582,-6.917149640680618],[107.3371419434272,-6.917496609422258],[107.33679779688293,-6.9181873238137515],[107.33709032050899,-6.9194247308040895],[107.33792564769348,-6.920397695065423],[107.33768140266106,-6.922401977684795],[107.3373985307172,-6.922817765462209],[107.33717840311188,-6.922768095316935],[107.3367722806399,-6.9225000717367],[107.33659853119589,-6.921932004075395],[107.33621416877364,-6.921746728791406],[107.33557902243591,-6.92183816773233],[107.33523586184512,-6.922242465518965],[107.33521172803691,-6.923713377234661],[107.33491931710626,-6.9245341554092095],[107.33265800681363,-6.923281548956968],[107.33238012830073,-6.92332096233938],[107.33089209294533,-6.924451447991612],[107.33000010449392,-6.923927177850175],[107.32893122935043,-6.923856551209158],[107.32838423783382,-6.923019032835223],[107.3276189638839,-6.923079549851609],[107.32613307347265,-6.92273286315997],[107.3258078792638,-6.922932676911555],[107.32574155990109,-6.923406759261305],[107.32521777707107,-6.922029392806908],[107.32534542956888,-6.921569229784315],[107.32632750531438,-6.921291466374258],[107.32616048827532,-6.920515657209514],[107.32517079231009,-6.9196744169450985],[107.32407482833074,-6.919475072504181],[107.32382950009641,-6.919069112340002],[107.32299475006221,-6.919001560206063],[107.32253672885511,-6.9192214406279104],[107.3221833834467,-6.919726666123567],[107.32158472070765,-6.919670043269634],[107.32078610484167,-6.920143378118904],[107.32062613208561,-6.920722592878099],[107.31894628156913,-6.921059103973883],[107.3181959782369,-6.921679757957835],[107.31821873798994,-6.922120520407493],[107.31846435026304,-6.922335748116836],[107.31950582741365,-6.9223162816591],[107.3166206806245,-6.923087193697476],[107.31613449327823,-6.923711773840408],[107.31563562753976,-6.923908859171586],[107.31553915195447,-6.924347117518126],[107.31631642054413,-6.926169891693256],[107.31607103471701,-6.926699731663016],[107.31475649339518,-6.92569814811835],[107.31286034258146,-6.924880560491142],[107.31236253350566,-6.925022655456746],[107.31164748112667,-6.925893799859251],[107.31129921845769,-6.925431881445838],[107.31078834406684,-6.925387791432343],[107.31020978640562,-6.9256275279669595],[107.31005592332527,-6.925885479985745]],[[107.36401726117948,-6.945747842952812],[107.36448009783398,-6.9451793983121295],[107.36480156104147,-6.945514889928839],[107.36453478689151,-6.94576023264986],[107.36401726117948,-6.945747842952812]]],[[[107.3707837,-6.698178],[107.370851,-6.6990705],[107.3715055,-6.6996885],[107.37110752919561,-6.700855348366583],[107.37183897217884,-6.702703261196413],[107.3721803462192,-6.704433488859058],[107.37185313632078,-6.706094368874619],[107.37251486853651,-6.706501968540529],[107.37299434830484,-6.706463507981629],[107.37326043094711,-6.706933917693707],[107.3742926127681,-6.707420238957888],[107.37444153430977,-6.707951889541032],[107.37475182143002,-6.70811748539885],[107.37499588500809,-6.709892452284492],[107.37538896905696,-6.710295623923347],[107.37632042180927,-6.710534837133104],[107.37629504219704,-6.711645450928971],[107.37602029581979,-6.712383306883685],[107.37626435158866,-6.712957938125235],[107.37591461008525,-6.713459461450388],[107.3762425070265,-6.71469855747678],[107.37670139814911,-6.715282577483549],[107.37830800007015,-6.715327596108986],[107.3795610139373,-6.714567851233409],[107.38015372769567,-6.7147008078997645],[107.38065526801628,-6.715121940757009],[107.38130926331159,-6.715213457159464],[107.3835569511648,-6.716348835447615],[107.38475312138382,-6.717438790445165],[107.38533930310926,-6.717231417282808],[107.38550528665783,-6.717619898229032],[107.38618639448254,-6.71786796690403],[107.3868452785897,-6.717435338396899],[107.38680904930412,-6.717913709892541],[107.38716462784282,-6.718434940429221],[107.3875770337229,-6.71852345675069],[107.38828380838399,-6.718228426725376],[107.38880613523027,-6.7190096740959095],[107.38971903976393,-6.718853889304729],[107.3904200328042,-6.719332747415675],[107.39110515978805,-6.719206518030609],[107.3911800438415,-6.719965602407311],[107.39226608339843,-6.720610848387939],[107.39270658840525,-6.720602675693393],[107.39308468721381,-6.719908216889209],[107.39379320794478,-6.719963172270478],[107.39442992766713,-6.7202507361775625],[107.3953706456524,-6.721215721315267],[107.39567169722288,-6.721244230812067],[107.39664642377171,-6.720749239291984],[107.39704841967217,-6.721453475683153],[107.39755859623872,-6.721617490797976],[107.39838862734334,-6.720781870833336],[107.39943587335391,-6.7209224898950835],[107.40029723873349,-6.7199006953230125],[107.40121453124091,-6.72010756332434],[107.40221481365204,-6.720000463216438],[107.40284098518768,-6.720201288543033],[107.40350502124899,-6.720903605082299],[107.4043502750932,-6.720609948729184],[107.40513287988392,-6.721179663435967],[107.4055392982808,-6.721043259569855],[107.40573945661089,-6.720559606055866],[107.40592483718603,-6.720585666109031],[107.40631699132138,-6.721057030834149],[107.40660372950428,-6.721124572015778],[107.4070956453808,-6.7207129287033],[107.40710288601511,-6.719545907450184],[107.40778129155137,-6.720316357048513],[107.4082576898854,-6.720213417997772],[107.40862789615336,-6.719478164293899],[107.40963750590322,-6.71991015935674],[107.41019942324107,-6.719459185029142],[107.41020285488942,-6.719072702808635],[107.41085312246942,-6.7193710548044985],[107.41115039658241,-6.719297617414398],[107.41137216479423,-6.718971700030034],[107.41125796639076,-6.718371026259468],[107.41192234343251,-6.718788240299183],[107.41234748110931,-6.718604480868141],[107.4126507116169,-6.717452710381343],[107.41297714905897,-6.7175084397229385],[107.41328062834144,-6.71794324167458],[107.41364027921726,-6.71807365469087],[107.41406265076016,-6.717763276845785],[107.4142004792861,-6.717160281782896],[107.41439211043394,-6.717842755161256],[107.41472390009552,-6.718154286446756],[107.41507316360543,-6.718194644554422],[107.41589472306457,-6.717567222550073],[107.41615702158721,-6.717616250662396],[107.41600970898305,-6.719079111185036],[107.41641945173849,-6.719852510264963],[107.4167131832675,-6.719962480744242],[107.41707189900434,-6.719825654258271],[107.4176097111796,-6.718887900531992],[107.41820768560987,-6.719111401652431],[107.4189482283069,-6.7188155014470885],[107.4195252245876,-6.719268432965822],[107.41956380053047,-6.71968891112951],[107.42021183593269,-6.720768777797926],[107.42090344652716,-6.720966296122633],[107.4212713810092,-6.721285668881178],[107.42170515804214,-6.7211888406673665],[107.42192794522438,-6.720636318049588],[107.42242357885621,-6.720639245026895],[107.42281221315348,-6.720346743051587],[107.42350595103525,-6.720982918845421],[107.42402509913727,-6.722179385677864],[107.42443711192836,-6.722345650726215],[107.42507429565055,-6.723331813624757],[107.42625600008165,-6.723546696108512],[107.42683939238914,-6.72331277445068],[107.42715920308717,-6.724448572564547],[107.42931040551281,-6.725294115460689],[107.42962726575912,-6.726287834819156],[107.42995295853646,-6.726580810368736],[107.43099153291523,-6.726771766077893],[107.4308545287994,-6.728071785872203],[107.43123001779973,-6.728719749366081],[107.43224049802805,-6.7286463193864074],[107.43224934058567,-6.729289267529048],[107.43331479397082,-6.729604996110007],[107.43386172527637,-6.730149530800457],[107.43476235420023,-6.730328653590187],[107.43519454782822,-6.729990920021597],[107.43733694247666,-6.731028230280282],[107.43757243069824,-6.732221998522107],[107.4373155255472,-6.7346407355444615],[107.43762184116426,-6.734926116506809],[107.43784895649793,-6.734728640150815],[107.4381157692969,-6.7322132999250135],[107.4377227976833,-6.730646704231313],[107.43520286016307,-6.729429800803939],[107.43486151793438,-6.729483819777765],[107.43461468168582,-6.72980356626526],[107.43431137949408,-6.729755158378756],[107.43373995858465,-6.729186724129909],[107.43282971087527,-6.72891384228207],[107.43260950279696,-6.728194555248944],[107.4315877840407,-6.728223503900605],[107.43138933509796,-6.727956480702323],[107.43153835391357,-6.726659055806203],[107.43135217546322,-6.726331651928489],[107.4302534792458,-6.726128456442407],[107.42965363970524,-6.724867853775903],[107.42752734883528,-6.72404937939288],[107.42739668513185,-6.723127202729453],[107.42703546537237,-6.722797951956735],[107.42615613676277,-6.723007103911163],[107.4254175733224,-6.722884281049198],[107.4254074168037,-6.722611424622801],[107.42503760937511,-6.722352180846085],[107.42495636775266,-6.721873770381995],[107.42429813682885,-6.7215457248826285],[107.42435796397022,-6.72123770876336],[107.42403691893648,-6.720785508758831],[107.42296873090518,-6.719813806520735],[107.42170197508482,-6.720144333251584],[107.42130940238802,-6.720578936988291],[107.42061431586416,-6.720363868583888],[107.42008160668709,-6.7195122872497075],[107.4199827292086,-6.718964999617687],[107.41903113021118,-6.718274156644767],[107.41814140102966,-6.718572240620157],[107.41781467844677,-6.718328838975351],[107.41737910265185,-6.718386421051777],[107.41666110640041,-6.719302285224838],[107.41673380764027,-6.717658680800009],[107.41648650278046,-6.717156346411312],[107.41573441246881,-6.71703024236269],[107.41500295446066,-6.717645797879229],[107.41477915610022,-6.7173712335219875],[107.41469464907001,-6.7167212089664705],[107.41426592603923,-6.716473687780297],[107.41380130789439,-6.716714071089465],[107.41359580832007,-6.717451941405389],[107.41326191628174,-6.717042044846473],[107.41245228334289,-6.7169440254198465],[107.41209104884814,-6.717299206246679],[107.4119614395358,-6.718222268280167],[107.4114908440836,-6.717705179582192],[107.41116987642896,-6.717636055854634],[107.41089721134111,-6.717763498630919],[107.41065315049018,-6.718628440406829],[107.4102831248061,-6.718039603768468],[107.40961982259353,-6.718213763644381],[107.40949939238236,-6.718633333835395],[107.40967418382697,-6.719197218384725],[107.4095362094072,-6.7193583367658745],[107.40888349286007,-6.718868953041621],[107.40853209901175,-6.718820821044979],[107.40796154673946,-6.719613220105206],[107.40733076836489,-6.7189324900753435],[107.40684469026351,-6.71897437880019],[107.406516375617,-6.719580313438538],[107.40657564655233,-6.720334460598966],[107.40575150358572,-6.719951627512146],[107.40532427895225,-6.720168420403102],[107.40520985338132,-6.720438125519797],[107.40439306798801,-6.720069407446414],[107.40365230155267,-6.720350222571969],[107.40304849544168,-6.719660146279798],[107.40025919666043,-6.71935889400598],[107.39965505208868,-6.719690374591043],[107.39921318460652,-6.72039320789105],[107.39885200623384,-6.720175701152007],[107.39807575139314,-6.720275274423946],[107.39753489173917,-6.72103307421017],[107.39696233400963,-6.72026407144808],[107.39654062840111,-6.720218162993467],[107.3956286320852,-6.720679757985663],[107.39477421810643,-6.719830417699914],[107.39392115161188,-6.719438290329534],[107.39291639612003,-6.719350194268058],[107.3923961317367,-6.720080805558234],[107.39167984779249,-6.7196967668432634],[107.39160106119756,-6.718720185449075],[107.39116283232649,-6.718634132158596],[107.39060882539896,-6.718821300025434],[107.389829256726,-6.718323300309042],[107.38895714540672,-6.718460246349681],[107.38874536032263,-6.717917499352945],[107.38832478420726,-6.717688539232681],[107.38742118105142,-6.717953441976271],[107.38751128901849,-6.717247437324358],[107.38729015066318,-6.716981334321805],[107.38666799521984,-6.716920606053067],[107.38613126699107,-6.717269204345882],[107.38588244315238,-6.717212757935384],[107.38550061398603,-6.716688403929044],[107.38514022621476,-6.716641198582655],[107.38481253480933,-6.716846557936282],[107.3845265338878,-6.716342527227153],[107.38371565317583,-6.715804950884553],[107.3822496403193,-6.715212967471951],[107.38156559038141,-6.7147324274353295],[107.38087897200724,-6.714626751353487],[107.38038997280212,-6.714190237879602],[107.37957681912445,-6.714002773124654],[107.37813535074444,-6.714788003905395],[107.3769602803894,-6.714797248985126],[107.37648038873678,-6.71355126422904],[107.37681372825737,-6.712963439336566],[107.37657584513802,-6.712402885887026],[107.37683835784377,-6.711718599925106],[107.37682017721765,-6.710282110957669],[107.37546743755806,-6.70960847592281],[107.37529011259382,-6.707940549464653],[107.37485641895208,-6.707586379417603],[107.37464314798967,-6.707001663507358],[107.37363909113883,-6.706538769178795],[107.37337049231301,-6.706023828911234],[107.37244468457288,-6.705921674587137],[107.3727236537582,-6.704392899926586],[107.37234466412296,-6.703096793140805],[107.37236996160213,-6.702572617536927],[107.37164837162962,-6.700756634461799],[107.3717551761912,-6.6995821976040295],[107.37108054704633,-6.698901585982041],[107.37106946062033,-6.698184691945322],[107.37126388553658,-6.697896620357974],[107.37136739523488,-6.6967857070820624],[107.3718363732423,-6.696028769444452],[107.37280816808004,-6.695418168020537],[107.37334942875336,-6.694071004227593],[107.37287279842239,-6.692324789905752],[107.37238421634915,-6.691704332307957],[107.37214616020486,-6.6910283753679565],[107.37133952186029,-6.690572332379037],[107.3713525,-6.6910508],[107.37191,-6.6911617],[107.3723274,-6.6921699],[107.3726227,-6.6924301],[107.3726325,-6.6928642],[107.3729047,-6.6932543],[107.3728099,-6.6937033],[107.3730844,-6.6941302],[107.3726077,-6.6952361],[107.3722313,-6.6953336],[107.3720763,-6.6956847],[107.3716745,-6.6957928],[107.3714196,-6.6961334],[107.3710852,-6.6967352],[107.3710199,-6.697778],[107.3707837,-6.698178]]],[[[107.37129701700009,-6.689823967120206],[107.372457821386,-6.69006488730204],[107.3718721,-6.6896145],[107.37129701700009,-6.689823967120206]]],[[[107.37299911811141,-6.690389094816699],[107.37349327279522,-6.6909686130524015],[107.37396483802948,-6.691054383927349],[107.37299911811141,-6.690389094816699]]],[[[107.37492143909739,-6.691000096756371],[107.37617471254578,-6.6912213850921045],[107.37713942418529,-6.690487876580903],[107.37784661868287,-6.690428550856436],[107.37809470423042,-6.690482013673308],[107.37847520202646,-6.690969242342975],[107.37899228680273,-6.6910967135924935],[107.38009252592663,-6.690529664500915],[107.38145485936,-6.691582190825268],[107.38247715094793,-6.691921926042949],[107.38644659362771,-6.69408651777681],[107.38947486232574,-6.69433693224883],[107.3907567308324,-6.694963048182495],[107.39125197660175,-6.69490635848283],[107.39212273741295,-6.6955904604679475],[107.39307572319537,-6.695778381963678],[107.3950650590704,-6.695528096344287],[107.39583580689848,-6.695887555942556],[107.39657423947968,-6.695345456565137],[107.39757329353267,-6.695821382181746],[107.39802512286448,-6.695793651141321],[107.39984717299865,-6.694974734166252],[107.40018390249445,-6.694584051715363],[107.40042348303527,-6.693637908129512],[107.4015659111466,-6.6932671812808335],[107.40291362535626,-6.692297489814737],[107.40326365549761,-6.692548930040974],[107.40378387656268,-6.692470543530125],[107.4029619,-6.6921184],[107.401764,-6.6929581],[107.4005357,-6.693381],[107.4002839,-6.6935818],[107.4001008,-6.6943442],[107.3997651,-6.6948354],[107.3981096,-6.6955502],[107.3968431,-6.6950671],[107.3963853,-6.6951601],[107.3959733,-6.6956512],[107.3951646,-6.6953375],[107.3941194,-6.6953041],[107.392975,-6.6955602],[107.3921434,-6.6953522],[107.3914644,-6.6947958],[107.3907319,-6.6946833],[107.3896638,-6.6941864],[107.3867646,-6.6938145],[107.3827135,-6.6917774],[107.3820039,-6.6917178],[107.3801347,-6.6903383],[107.379059,-6.6908958],[107.3773347,-6.6901152],[107.3761369,-6.6908471],[107.37492143909739,-6.691000096756371]]],[[[107.37654286752625,-6.787506868536511],[107.3768041104621,-6.78784976610473],[107.37747410499531,-6.7880233885112675],[107.37768054842968,-6.788383974078476],[107.37804369883004,-6.788182398115376],[107.37787294964093,-6.787624013284437],[107.37715809572529,-6.787354377081312],[107.3773080039646,-6.786762463167717],[107.37710786461372,-6.786376109088272],[107.37670720274104,-6.786501379972313],[107.37675697396428,-6.786975825943525],[107.37654286752625,-6.787506868536511]]],[[[107.40387550085958,-6.692409448781247],[107.40390921631447,-6.692372528607394],[107.40391147637018,-6.692369416591563],[107.40387550085958,-6.692409448781247]]],[[[107.40394751651334,-6.692319790604451],[107.40408754018897,-6.691985472878285],[107.40586960136551,-6.691435702635772],[107.40630502865804,-6.690353288888642],[107.40709897650888,-6.6899305096409885],[107.40748513726665,-6.6891998378442015],[107.40808956042086,-6.688886899587176],[107.40919328880615,-6.688713353708293],[107.41102349291516,-6.689126420342783],[107.41124103627683,-6.6899190630381415],[107.41162642508299,-6.690305827119816],[107.41211207602085,-6.690311719423644],[107.41298114628516,-6.689938028990566],[107.4140903790965,-6.69101258440087],[107.41520588976395,-6.690669102513807],[107.41666300105821,-6.691015899343314],[107.41716495805038,-6.69184853679408],[107.41849388175068,-6.692717510720361],[107.41870040530776,-6.693410564032888],[107.42017295468924,-6.694360057616189],[107.42081143090878,-6.694467686534788],[107.42112532499371,-6.695310698103164],[107.42148773998008,-6.695724299422683],[107.42221773712173,-6.695823022414838],[107.42260791642123,-6.696878051666607],[107.42344696307718,-6.69742663568744],[107.42344542032718,-6.698882212091362],[107.42416250490325,-6.69921130159461],[107.42439249036765,-6.700057994106359],[107.42470931979926,-6.700269699538544],[107.42589444171895,-6.700344790559896],[107.42733884055859,-6.699973190173279],[107.4274930772298,-6.700068301375501],[107.4275561885292,-6.700761294711604],[107.42782725861778,-6.700959622659062],[107.42910314140863,-6.700884952150177],[107.42968836817909,-6.700476983763937],[107.43032379447753,-6.701475293844972],[107.43057387084967,-6.701595378517714],[107.43111999969915,-6.701320867211111],[107.43207400228773,-6.701220873628055],[107.43209117988032,-6.701720958880398],[107.43247993152842,-6.702097692452912],[107.43381610698742,-6.701727869996484],[107.43493837075188,-6.702246870321332],[107.43548160277766,-6.702116848710261],[107.4344331,-6.7015883],[107.4336473,-6.7014496],[107.4331895,-6.7015764],[107.4328462,-6.7019164],[107.4325639,-6.70174],[107.4322206,-6.7009942],[107.4306718,-6.7011086],[107.4301301,-6.7002928],[107.4281922,-6.700587],[107.4274064,-6.6997368],[107.4251405,-6.7000153],[107.4238282,-6.6986091],[107.4233705,-6.696953],[107.4226533,-6.6965549],[107.4225084,-6.6957004],[107.4215089,-6.695286],[107.42041981106209,-6.693865075728577],[107.4192659,-6.6933357],[107.4189607,-6.6928045],[107.41804226245101,-6.692142510580561],[107.4172899,-6.6912362],[107.4168168,-6.6909105],[107.4149476,-6.6903259],[107.41427294441513,-6.6903917520162075],[107.4131242,-6.6895768],[107.4121095,-6.6899683],[107.4108888,-6.6888358],[107.4094545,-6.6885149],[107.4074098,-6.6889603],[107.4064409,-6.6898997],[107.4057389,-6.6913373],[107.4041215,-6.6917321],[107.40394751651334,-6.692319790604451]]],[[[107.4354631,-6.7009079],[107.43560815643521,-6.701863884645446],[107.43586354330107,-6.700785214156361],[107.43653839046998,-6.701083146855572],[107.43718484748017,-6.700674070900117],[107.43819072898513,-6.700514085719105],[107.43803508571932,-6.700873769210988],[107.43841700812837,-6.7017534293559295],[107.43904853040232,-6.702734532940701],[107.43977830006443,-6.703198812008188],[107.44027556347916,-6.702791956182863],[107.44060518804285,-6.701503317882696],[107.44098034134304,-6.70132855673612],[107.44172258218015,-6.70163995185285],[107.44210693222912,-6.701437965433852],[107.44200111185295,-6.700434557225003],[107.44169333766399,-6.699839857996539],[107.44322133016874,-6.700019649178356],[107.44326534657715,-6.700780390942881],[107.4437039511853,-6.701079764700121],[107.44456121954407,-6.700456285634906],[107.4451248488821,-6.7012224159287515],[107.44545320937932,-6.701300738220654],[107.44601593283654,-6.701007031146407],[107.44619500240869,-6.700494574825531],[107.44750002600158,-6.701776972678851],[107.44806359402656,-6.701910126309081],[107.44935663121952,-6.701785207288059],[107.4496434966859,-6.701474714588861],[107.44965599658728,-6.7007270976162685],[107.45015890011949,-6.700739524026675],[107.45076757486689,-6.700308063323079],[107.45142138248447,-6.700906084313084],[107.45223364688877,-6.7007154787638985],[107.45266793652353,-6.701295787108632],[107.45328323498441,-6.701257611038741],[107.45339418001736,-6.701845133060919],[107.45382894132588,-6.702098923086828],[107.45353705867699,-6.702641637756774],[107.45368541330072,-6.703125296048318],[107.45530796217398,-6.704353517397802],[107.4563415782418,-6.705719999700502],[107.45794073047644,-6.706046769553898],[107.4588388137129,-6.706865513436722],[107.45990253505893,-6.707471606897626],[107.45967875594208,-6.707738815838378],[107.45972995902088,-6.708156379218328],[107.46048051314412,-6.709305743540809],[107.46152839778514,-6.710034378876814],[107.4617104544669,-6.710871936323196],[107.46201105821207,-6.710989666566881],[107.46265381675369,-6.710767061019345],[107.46390935629121,-6.710994054080874],[107.46417907565018,-6.711621250598215],[107.4641964904974,-6.712712158228802],[107.46450444140176,-6.71297649297933],[107.46483687454365,-6.712930919616517],[107.46524547854423,-6.713330213593351],[107.46633490593571,-6.716299238262715],[107.46672290895096,-6.716560692335727],[107.46695312269338,-6.716394460365459],[107.466643,-6.716347],[107.465377,-6.712991],[107.465088,-6.712622],[107.464476,-6.712562],[107.464426,-6.711342],[107.464151,-6.710828],[107.462908,-6.710446],[107.461857,-6.710659],[107.461807,-6.709991],[107.460883,-6.709362],[107.460027,-6.708318],[107.459965,-6.707921],[107.460181,-6.707486],[107.459364,-6.70674],[107.458904,-6.706589],[107.458234,-6.705779],[107.45675,-6.705569],[107.45638,-6.705336],[107.45527,-6.70385],[107.454076,-6.703133],[107.453889,-6.70252],[107.454246,-6.702075],[107.453531,-6.701663],[107.453692,-6.701102],[107.4535753,-6.7009923],[107.4524995,-6.7008755],[107.452118,-6.7003133],[107.4513856,-6.7005283],[107.4505693,-6.6999843],[107.4498826,-6.7004168],[107.4492875,-6.7003481],[107.4493028,-6.7011468],[107.449051,-6.7014696],[107.4478379,-6.7015235],[107.4471971,-6.7011692],[107.4462663,-6.7002084],[107.4458314,-6.700258],[107.4456712,-6.7007358],[107.4453126,-6.7008087],[107.444748,-6.7001917],[107.4443589,-6.7001059],[107.4436723,-6.7006733],[107.4432298,-6.6997058],[107.4414445,-6.6995208],[107.4412996,-6.6996099],[107.4417878,-6.7012112],[107.4407426,-6.7010047],[107.4402314,-6.7012717],[107.4399415,-6.7026126],[107.439644,-6.7027904],[107.4390947,-6.7022821],[107.4382707,-6.7010171],[107.4382859,-6.7002418],[107.437584,-6.7001569],[107.4363481,-6.7007272],[107.4357682,-6.7004129],[107.4354631,-6.7009079]]],[[[107.48265492129956,-6.729446007219355],[107.48288900848709,-6.729782206697788],[107.48324736431942,-6.729564661997064],[107.482992,-6.729649],[107.482869,-6.729352],[107.48265492129956,-6.729446007219355]]],[[[107.5286033618963,-6.8967712654035305],[107.52910742345966,-6.897442661674349],[107.52960928822209,-6.897424292982342],[107.52989100199247,-6.897697389392207],[107.53011791267849,-6.898594064495466],[107.53213364481601,-6.899522194544647],[107.53317937634934,-6.901197334151535],[107.53395311429126,-6.903246478024417],[107.53163209019601,-6.907493048590117],[107.53122236716521,-6.90760396601496],[107.53116685044768,-6.908276589489091],[107.53283418880393,-6.910234159604766],[107.5334779173804,-6.910379639341743],[107.53373153138806,-6.910828811735186],[107.5332711114021,-6.912739959387077],[107.53367058207188,-6.9138192155019125],[107.53335408529837,-6.914520760379368],[107.5334839814575,-6.915129596603432],[107.53292652978725,-6.915782227794967],[107.5331793,-6.9180967],[107.5343071,-6.9184661],[107.5356682,-6.918506],[107.53569202847642,-6.918253705842898],[107.53375273382545,-6.91805991255372],[107.53378784569396,-6.9175721170857285],[107.53345612283367,-6.916512494263964],[107.53350422646734,-6.915965740272819],[107.53399741623642,-6.915311857942656],[107.53398301153058,-6.914494025224774],[107.53424540346509,-6.913803182935883],[107.53392282998969,-6.913155006011317],[107.53387250739324,-6.91253103184884],[107.53435292303078,-6.910739554080872],[107.53389217787566,-6.9099624319582835],[107.53304721102836,-6.909667040389811],[107.53174637178883,-6.9081125498184415],[107.53207603469136,-6.907815653137109],[107.53414035435924,-6.904259847042881],[107.53448168922259,-6.903110500208066],[107.53367240611868,-6.900969229448126],[107.5325988068812,-6.89921114957834],[107.53121567636408,-6.898613482589442],[107.53058128842507,-6.89812840777708],[107.5300717287795,-6.896963000978722],[107.52937207739978,-6.8968783067508515],[107.52894900409073,-6.896534125806883],[107.5286033618963,-6.8967712654035305]]],[[[107.53809066604234,-6.912880391330565],[107.53830137996714,-6.913456949780479],[107.53922678869827,-6.913819114168545],[107.53965809217594,-6.914419515533158],[107.53934446811536,-6.915962925664773],[107.53956019655257,-6.916285046771549],[107.54026251302844,-6.91656326104744],[107.54054480859816,-6.917396163928384],[107.5398335765851,-6.918756311570499],[107.5400824,-6.9188225],[107.540181,-6.91856],[107.54048648415765,-6.918615316054648],[107.54105959393337,-6.917613325438185],[107.54097299429365,-6.916722457539474],[107.54064074159245,-6.9161696858931245],[107.53989846281115,-6.915857447308115],[107.540210455809,-6.914594542319429],[107.54011840547508,-6.914104509695628],[107.53963212053303,-6.9134307452603725],[107.53872012280887,-6.913064674827967],[107.5387105281137,-6.9126783856431695],[107.53950599706893,-6.910967266985654],[107.54123111053703,-6.90885267792502],[107.54176611961554,-6.906826926352389],[107.54173882171267,-6.905397699142095],[107.54255106416076,-6.903462973332144],[107.54255009320626,-6.901996398738832],[107.54139409200955,-6.899792623171839],[107.54141140982415,-6.899050704989535],[107.54122299980598,-6.898828295627099],[107.54048631544865,-6.8987401954299],[107.5395996263141,-6.897236216993606],[107.54002115108251,-6.897222368680205],[107.54083343544649,-6.89681184955038],[107.54115371286417,-6.896367202594012],[107.5410874383397,-6.896060085624929],[107.54059128011502,-6.895815420467615],[107.5410920193484,-6.894740621699712],[107.54131365764458,-6.893551780591384],[107.54117660320664,-6.893233250590281],[107.54145087512835,-6.892827625916793],[107.54191266322965,-6.890773320904621],[107.54162178100911,-6.890245087020654],[107.54125962715574,-6.8901296602094675],[107.54120730168822,-6.888994196708568],[107.54048468235263,-6.888050697013888],[107.54097163260683,-6.887003394004895],[107.54081126593654,-6.8865708309668],[107.54273207236359,-6.886269127207249],[107.54298077121986,-6.885890034035859],[107.54395596738055,-6.885322639431046],[107.54496119235604,-6.881281211517113],[107.54525028898139,-6.882136467421502],[107.54554187164744,-6.88221437254615],[107.54572595267024,-6.881976739223135],[107.54557704957651,-6.88119640545793],[107.54524739396153,-6.880795666408234],[107.54544036957331,-6.8799650991642425],[107.54579757504469,-6.879562281644415],[107.54590689151846,-6.879065028380926],[107.54695688971445,-6.878158808355987],[107.54720068660723,-6.876967057346351],[107.5476904174323,-6.875952200425433],[107.54767149796105,-6.874910635117695],[107.54828389153467,-6.875212291300153],[107.54854022605133,-6.875157327841498],[107.54930811215684,-6.873920437046202],[107.5500813905436,-6.873084754687469],[107.55015775471406,-6.872674453845318],[107.55084165790582,-6.873047435375951],[107.55135909156431,-6.873048319620896],[107.55224360802828,-6.871763938089293],[107.55299102327808,-6.871869070701548],[107.55324442931533,-6.87157499565915],[107.55336527441615,-6.870786375197822],[107.5545647922531,-6.870357545050064],[107.55643053478992,-6.869177710140138],[107.55631888808591,-6.868236560029823],[107.55710106520141,-6.868709964186727],[107.55775478085008,-6.8683931124125515],[107.55803711130962,-6.86782569039692],[107.55776232567543,-6.866818688341961],[107.5585101070043,-6.866794127134077],[107.5586574839403,-6.865830617749154],[107.55927341190123,-6.865418843484646],[107.55955930706845,-6.864521249370135],[107.5602130236514,-6.8647317978550815],[107.56081611121537,-6.864683324223088],[107.56127742303538,-6.864230130107824],[107.56126007193346,-6.863787859076032],[107.56163822950666,-6.863446958877556],[107.56169859938908,-6.862988112269605],[107.56156120051904,-6.862597184187814],[107.56113491677198,-6.862414950576073],[107.56107059523184,-6.86215820753845],[107.56122880478452,-6.861942975671453],[107.56189570331398,-6.861953866984907],[107.56213598131602,-6.8617656610769],[107.56198218643549,-6.860567125725103],[107.56263902709225,-6.860443712073536],[107.56281326671419,-6.860181871041195],[107.56267688617905,-6.859616753931625],[107.56350470726322,-6.85899697649523],[107.56339657884801,-6.8586138229664595],[107.56368850997919,-6.857372992918042],[107.56332964336048,-6.8566654692830795],[107.56337022734192,-6.856049532802839],[107.56317124783921,-6.855559865626572],[107.5626719508428,-6.85551116082264],[107.56277220943356,-6.8549866161283175],[107.56195483766817,-6.853255705043838],[107.56288192626822,-6.851821389846222],[107.56297399020904,-6.851332983548958],[107.56281790637892,-6.850867895715913],[107.56377231681525,-6.850230265515243],[107.56450344952279,-6.8483653215029126],[107.56637565957364,-6.846700036548204],[107.56655216208466,-6.846246098624697],[107.56658344588796,-6.843804188953535],[107.56604697496797,-6.842101634773319],[107.56621396724354,-6.841048456916581],[107.56583635488582,-6.839442866685644],[107.56604506993943,-6.8366398867797855],[107.5657265606094,-6.835375856926456],[107.56606887705428,-6.834578560017391],[107.5656549050493,-6.833472398855201],[107.56620691496155,-6.8324112649609345],[107.56747914083898,-6.831339711670426],[107.56738556195306,-6.830601832328636],[107.56780915058161,-6.829380135272634],[107.56953399035945,-6.825521406541055],[107.56957160706773,-6.824122848933905],[107.56921162166198,-6.823611620046822],[107.56899621998352,-6.822180063297936],[107.56944185926446,-6.820084588987429],[107.56882033847592,-6.819383265979107],[107.56896113404966,-6.818335073239632],[107.56855930111386,-6.817732970169323],[107.56923701576,-6.817346317607547],[107.5693663302213,-6.817043083209452],[107.56952259521978,-6.81651050256309],[107.56934724492703,-6.815438049223654],[107.57048754292994,-6.815524093331268],[107.57092956707221,-6.815241493578386],[107.57229577458668,-6.815481889554172],[107.57280484616881,-6.815106234262219],[107.57279352519603,-6.814619603161377],[107.5723316163181,-6.813800312588085],[107.57291731994627,-6.812879763307248],[107.57276634452522,-6.811502936433655],[107.5725857536954,-6.811262697895347],[107.57222610614734,-6.811478230137532],[107.57236903642729,-6.8128671521287725],[107.57194607256103,-6.8132548524979795],[107.57174505955163,-6.813902095978321],[107.5722899801573,-6.814876589639055],[107.57101613457148,-6.814685949789145],[107.57030054377536,-6.815002738189813],[107.56899137992245,-6.814913773878387],[107.56881983842698,-6.8151549082899425],[107.56881375949399,-6.81697637364925],[107.56832506972623,-6.817165422577685],[107.5680541119987,-6.817496414741723],[107.56801743290465,-6.817882222483201],[107.56843001449319,-6.818614787136871],[107.56824467996411,-6.819587554561286],[107.56857100049221,-6.8201033426217705],[107.56884658559386,-6.820213738874446],[107.56845277999007,-6.82222649993399],[107.56869807165683,-6.823831253687502],[107.56902243994946,-6.824269444586888],[107.56898845947082,-6.825463220230861],[107.56731290804817,-6.8291595813998365],[107.56684997406128,-6.8304888778590716],[107.56692497080815,-6.831185426442115],[107.56585595451703,-6.83199674733171],[107.56536228916346,-6.832656981849764],[107.56511020066966,-6.833391356436152],[107.56549035005126,-6.83453090675686],[107.56512317217836,-6.83529297922386],[107.56514049765698,-6.835812558392243],[107.56550110345745,-6.836658750361785],[107.56526590824569,-6.839480608801509],[107.56566948790511,-6.841068220310024],[107.56549667325771,-6.842181710202297],[107.56604523712454,-6.843893172572781],[107.56601576761139,-6.846142247693469],[107.56408631496113,-6.848016541248209],[107.56338053303426,-6.849829247919423],[107.56231413602734,-6.85055756374732],[107.5623757156353,-6.851624124203342],[107.56147365418546,-6.852913899458567],[107.56152850008667,-6.853673939266862],[107.56223242033232,-6.855115582866015],[107.56203592358575,-6.855678899809082],[107.56224793537879,-6.855980068487661],[107.56280355708033,-6.856042599609373],[107.56283165396667,-6.856924350945184],[107.56314183169098,-6.857424060819832],[107.56299110016137,-6.85806285503237],[107.56260643326806,-6.858570442251679],[107.5627016602254,-6.8588745891088605],[107.56216753066582,-6.859405582950211],[107.56224331497916,-6.860022517905875],[107.56174251688692,-6.860071604426534],[107.56145950015379,-6.860384736757641],[107.56139943933262,-6.860897735971608],[107.56159973660269,-6.86139287427854],[107.5610003009231,-6.861433899061372],[107.56056323629726,-6.861963613203407],[107.56057756885622,-6.862553062149047],[107.56113715152821,-6.862985123975744],[107.56112245387916,-6.863225418124621],[107.56072134224492,-6.863621718535644],[107.56068702131786,-6.864080469147677],[107.56032953949095,-6.864201022595581],[107.55957334041479,-6.8639707177080105],[107.55910770524702,-6.864198601258091],[107.5588621600111,-6.865029018974421],[107.55813623478232,-6.865658081652893],[107.55812845140751,-6.8662954228207855],[107.55777100407951,-6.866178414067715],[107.55738324789792,-6.866352763958326],[107.55719029824199,-6.867091651862202],[107.55740600016466,-6.86797094684222],[107.5571030090941,-6.86808017567448],[107.55654358199786,-6.8676948434117495],[107.5560298348757,-6.867653836497123],[107.55575404109551,-6.8680689558808155],[107.55588679909194,-6.868873853678673],[107.55432279481347,-6.869870403874721],[107.55299752077237,-6.870377739911068],[107.55274227367624,-6.871337576722776],[107.5519281185381,-6.87105763125599],[107.55114501858188,-6.87253385993436],[107.55018716530593,-6.872046331979798],[107.54979169716124,-6.872135110947748],[107.54953428734643,-6.8724435394435375],[107.54962069098457,-6.8727793102944315],[107.54830367519371,-6.874390195736746],[107.54740533438107,-6.874379900975123],[107.54699184854894,-6.875063294282093],[107.54717579410742,-6.8757684610047285],[107.5466858941023,-6.876792228399445],[107.54648721044839,-6.877844491531141],[107.54549527762677,-6.878708026612694],[107.54492062423445,-6.8797955215623885],[107.54425704436888,-6.881685131612952],[107.54400895559152,-6.883269088814012],[107.54343698180006,-6.885079112080483],[107.54270669656934,-6.885385805413785],[107.54242456110804,-6.88579560994634],[107.54054926564257,-6.885973775842055],[107.540071317681,-6.88632397657057],[107.54006386336819,-6.886663819204857],[107.54042351172198,-6.886951582218909],[107.53998186772249,-6.887825760365173],[107.53997541903449,-6.888473576435074],[107.54067854337578,-6.889126413805374],[107.5407506991795,-6.8904539250751595],[107.54131747994009,-6.890697087432348],[107.54095112738443,-6.892612934018966],[107.54058438644464,-6.893151800941031],[107.54076980857134,-6.893619019758405],[107.54055323871196,-6.894586345706736],[107.54001994343201,-6.895857309625184],[107.54038780361991,-6.896315955091144],[107.53989349643138,-6.896675269836009],[107.53923002915857,-6.896737202185431],[107.53896329040158,-6.897216712465039],[107.539928837096,-6.898731399565604],[107.54052893943297,-6.901439604030706],[107.54080005631961,-6.901571611020064],[107.54107800195932,-6.9009877656959535],[107.54070955891812,-6.89977715535362],[107.54067238115682,-6.8993733924864085],[107.54081816158133,-6.8992744062341025],[107.54087427461664,-6.899952167988103],[107.54202284944552,-6.902139026397595],[107.54200683316523,-6.903461014898691],[107.54123987020596,-6.905116488915232],[107.54110734573425,-6.906127496046071],[107.54123369942504,-6.9067066376716735],[107.54074187286699,-6.908578904501555],[107.53902922815581,-6.910700086832146],[107.53809066604234,-6.912880391330565]]],[[[107.54744980885191,-6.930565914056987],[107.54771751679718,-6.93093831348417],[107.54796929150905,-6.930804885412311],[107.54775984979587,-6.930443286200708],[107.54744980885191,-6.930565914056987]]],[[[107.5566417129324,-6.942992258808125],[107.5577674964768,-6.944909286445578],[107.55796211988687,-6.944333213232944],[107.55723759292599,-6.9430232420190885],[107.55857715594549,-6.940600171018039],[107.55854566823126,-6.940321895548578],[107.55816750040455,-6.940076580125193],[107.5582073618226,-6.939540192343751],[107.55988635783909,-6.936834993629506],[107.56058643600159,-6.936592101755413],[107.56068599882403,-6.935013044253904],[107.5617082974874,-6.9345070708814855],[107.56214343727756,-6.933561736230705],[107.56200582298872,-6.932625935109094],[107.5624602280904,-6.930907585973213],[107.56235120983314,-6.930220777300525],[107.56313120063366,-6.92831071225705],[107.56303690430583,-6.927277913832357],[107.56325970364112,-6.926256595131584],[107.56340206484595,-6.926052892576803],[107.56386450649815,-6.9260108219071865],[107.56530837698283,-6.924489266786585],[107.56495832881014,-6.921671171239679],[107.56506055187394,-6.920354215744471],[107.56530078108813,-6.920148102800324],[107.565231725256,-6.9198230583265525],[107.5656511321041,-6.919476194398642],[107.56579893090304,-6.918436017228179],[107.5653489575072,-6.917274309372109],[107.56489712815568,-6.916898252638246],[107.56482413363887,-6.915827323446014],[107.56538324573559,-6.914618683262291],[107.56586769701775,-6.91428768568331],[107.56583570771426,-6.913962453846077],[107.56535679219442,-6.913590634958762],[107.56563237665723,-6.913153956628296],[107.56560192071463,-6.912537533797149],[107.56592038742951,-6.912359974331913],[107.56678995981564,-6.9123314455033],[107.56769282148773,-6.911347184376877],[107.5681216264603,-6.911636997488303],[107.56843968959144,-6.911578671461507],[107.5692838325404,-6.910377330029076],[107.56928957424412,-6.909928868735637],[107.57042453945573,-6.906473232269427],[107.57056947740249,-6.905061588769114],[107.57150477655806,-6.903016810875862],[107.571240596064,-6.902505213436573],[107.5717398537388,-6.9020642694538274],[107.57191023259584,-6.901440427179727],[107.57276052592692,-6.901159294121406],[107.57482492305817,-6.898751884801978],[107.57600703345113,-6.895905442979279],[107.57625153096551,-6.894350021885484],[107.5754868834067,-6.892903078369211],[107.57556126593802,-6.8926290880446475],[107.57598922889457,-6.892536044468734],[107.5761902241678,-6.892279278101411],[107.5765325764022,-6.891029959939263],[107.5760665894642,-6.890013953288718],[107.57548483972077,-6.8895100198884744],[107.5749545814363,-6.888365497935417],[107.57418134627855,-6.887577502190049],[107.57370099766263,-6.886655348862663],[107.57256815503807,-6.886051499803482],[107.57258616771712,-6.885084800818663],[107.57214044671959,-6.884746535027374],[107.57198077235222,-6.884187043753003],[107.5721454147082,-6.883243706538769],[107.57182348218046,-6.882446497611553],[107.57188201438254,-6.88173243488627],[107.57228882633876,-6.880433570348554],[107.57238316538228,-6.879014658856116],[107.57300081831531,-6.878605678331056],[107.57314999794686,-6.877587930949787],[107.57417786612669,-6.8776408828642],[107.57459303872632,-6.877298550813362],[107.5746169931557,-6.876659912063054],[107.57416277707318,-6.876252432229956],[107.57407479468431,-6.875680338205994],[107.57452243641805,-6.874589915068371],[107.57509570396215,-6.873964365652735],[107.57533648357987,-6.873388748765752],[107.57556595086062,-6.872039886891594],[107.57520286199785,-6.871449473192224],[107.57621880440395,-6.870636244822262],[107.57634547336922,-6.8701115892211195],[107.57603414871983,-6.8697165233759305],[107.57670222919901,-6.869112676505253],[107.57701682214983,-6.868527396974382],[107.57671251572333,-6.867981088883115],[107.57600415314965,-6.867654037927942],[107.57704316724818,-6.867471372763719],[107.57717229313582,-6.866880098460172],[107.57677528046186,-6.866180452143564],[107.57705468108061,-6.865746002610388],[107.57790435240028,-6.865553807141847],[107.57813428027433,-6.864872180398589],[107.57952208776346,-6.86419739014044],[107.57975098450638,-6.8637214355323595],[107.58056532697596,-6.8634115528837585],[107.58097231872287,-6.8628638815510605],[107.58110744998396,-6.862271895364329],[107.58144312514082,-6.862100943018291],[107.58136670641876,-6.861690791038877],[107.58068601232621,-6.861930240047005],[107.58024434923563,-6.862974020885456],[107.57950205523757,-6.863193762717364],[107.57913979083636,-6.863804912885217],[107.57772596752903,-6.864504276424808],[107.5775392366032,-6.865043169441557],[107.5766980194435,-6.865336340862244],[107.57618117243975,-6.866219006839781],[107.57665232185111,-6.8670814136622305],[107.57582640072796,-6.867112246498569],[107.57548814608472,-6.8674288052777515],[107.57561455592594,-6.868040218127022],[107.57643974256405,-6.868512821647324],[107.57545970957769,-6.869542987954276],[107.57574190291426,-6.870369226840937],[107.57514486845211,-6.870697995512868],[107.57468961236493,-6.871258592429025],[107.57464852823023,-6.87161068386741],[107.57498659324307,-6.872091575965679],[107.57481372108111,-6.873235454740681],[107.57374677290889,-6.874877479961831],[107.57348408348071,-6.875730770911977],[107.57346147028774,-6.876195278343605],[107.57407383110903,-6.8770757237599485],[107.57306523831349,-6.876966943408307],[107.5727230314523,-6.877252808561033],[107.57254827130974,-6.877604382272783],[107.57258216865117,-6.8782258649356525],[107.57213491267612,-6.87843007677511],[107.57183182603985,-6.878919025371354],[107.57177436389246,-6.880174608787346],[107.5713575887513,-6.881587516412131],[107.57127630910571,-6.882474690606936],[107.57159865066062,-6.88327216949228],[107.57137181070873,-6.8841347598673845],[107.57163405141803,-6.885135184074782],[107.572035224051,-6.8852948960171645],[107.57203351646255,-6.886254272464768],[107.57330296434701,-6.887095872387038],[107.57597539186672,-6.89108333191967],[107.57569451640293,-6.892041951365517],[107.57514256100448,-6.892275279359927],[107.57493550284167,-6.89286059051662],[107.57570491471259,-6.894552010984027],[107.5754852860996,-6.895753543317555],[107.57438465721748,-6.898432922833501],[107.57240448827336,-6.900744469352693],[107.57150424412677,-6.901060621184552],[107.5712766002593,-6.9017669798003904],[107.57069686444653,-6.902244376537933],[107.57057678645998,-6.902809307322383],[107.5708877901832,-6.903062211765656],[107.56997954568558,-6.904950307159595],[107.56981065886107,-6.9067047356411955],[107.56870021432263,-6.910194383807346],[107.568239640828,-6.910907938693797],[107.56747598982949,-6.910756913496766],[107.56658346633797,-6.911804642744764],[107.56567464327082,-6.911847306564502],[107.56507448387651,-6.912390331623701],[107.56511621640514,-6.912969702134613],[107.56478355512105,-6.913625638732123],[107.56504323940433,-6.914047783666994],[107.56429106847744,-6.91571367206724],[107.56429284374553,-6.9170448033226375],[107.56485875518108,-6.9175285452466],[107.5652739858617,-6.9187897933258355],[107.56513424383856,-6.919204871906618],[107.56458983890259,-6.919680067677013],[107.56450922396374,-6.920232199922935],[107.56441180705293,-6.92169347159507],[107.56472526077009,-6.924420821239929],[107.56358765452994,-6.925513420402408],[107.56317252472762,-6.925489002108501],[107.56275504956986,-6.926043998572281],[107.56248893144276,-6.927305244110206],[107.5626208319425,-6.927705295584809],[107.56243275213767,-6.928883971121313],[107.56200279730311,-6.929400772336546],[107.56173317657769,-6.930258790458696],[107.56193355861353,-6.930734885316142],[107.56150823814993,-6.93229632803955],[107.56159914900046,-6.933388377761406],[107.56136870121011,-6.9340318668643235],[107.56021872416841,-6.934690037887944],[107.56005135880412,-6.936134597109615],[107.55911730332409,-6.936833404169905],[107.55873055510813,-6.937759950426544],[107.55763807209173,-6.93922168552196],[107.55763623916265,-6.940271137377745],[107.55792615181228,-6.940561743907831],[107.5566417129324,-6.942992258808125]]],[[[107.58337127006861,-6.937149030379205],[107.58370296830658,-6.9377430056667135],[107.5836669999941,-6.938594910008721],[107.58389038038223,-6.9391092047011895],[107.58436052501109,-6.9393857458489325],[107.58453097148421,-6.9391382767849015],[107.58420032085336,-6.9384525686303125],[107.58423940668861,-6.937524639783389],[107.58379854628784,-6.936933257526831],[107.5834966163055,-6.936927180098577],[107.58337127006861,-6.937149030379205]]],[[[107.58448761924402,-6.940545535229719],[107.58483330615891,-6.942006668194135],[107.58521848530538,-6.94215802489373],[107.58532610568992,-6.941550889079481],[107.58502557818619,-6.940489068549541],[107.5846535928742,-6.940295087907965],[107.58448761924402,-6.940545535229719]]],[[[107.58605141485194,-6.943153983098327],[107.58637768810591,-6.943416818697708],[107.58659005439166,-6.9432036790630285],[107.5867504412212,-6.94170377221827],[107.58697007073579,-6.941325890421512],[107.5868656946258,-6.940539812708758],[107.5865657927211,-6.9405750413652445],[107.5862462881643,-6.941325277723569],[107.58605141485194,-6.943153983098327]]],[[[107.58636728263392,-6.935258994846322],[107.58660982211038,-6.935600237101582],[107.58675336938038,-6.9367736695101705],[107.58759749547905,-6.93684452100621],[107.58770015262667,-6.9365625917640905],[107.58718978978517,-6.936235896020851],[107.58714657567236,-6.935504552728684],[107.58692374901604,-6.935124338394247],[107.58708487065518,-6.93423998434932],[107.58766120738223,-6.934075102989253],[107.58854009211265,-6.933398992682392],[107.58932138599447,-6.932684092461857],[107.58925697192952,-6.9323912099795715],[107.58895974088149,-6.932338204343538],[107.58734553017015,-6.933634985858706],[107.5865412917403,-6.9338149319370626],[107.58636728263392,-6.935258994846322]]],[[[107.58919446070875,-6.905342942070243],[107.5902950201436,-6.906278266313],[107.59051578575674,-6.907906407552171],[107.59091742267061,-6.9088423875189875],[107.59140994203634,-6.9093378379051],[107.5911956530974,-6.909976818770143],[107.5913336945164,-6.9104304952865485],[107.59214581358415,-6.911289555590217],[107.59409394138406,-6.911844484159981],[107.59444929381353,-6.911670022990434],[107.59484504634972,-6.9120773864430936],[107.59465117223021,-6.913103464678537],[107.59512742392809,-6.9137973539655855],[107.59509131944532,-6.914538954887218],[107.59581647534526,-6.916995063328451],[107.59591437310556,-6.9185289373186025],[107.59531904039092,-6.9204210836360645],[107.59493383022554,-6.920792250105787],[107.59485936115138,-6.921409105505032],[107.59529174319022,-6.922011478783622],[107.59534153449343,-6.92257332138235],[107.59473293963008,-6.924995670133583],[107.59449864413935,-6.925254949182341],[107.59338603765049,-6.9246544780493755],[107.59297601725592,-6.923328732388449],[107.59322059165297,-6.922561430366429],[107.59295632696212,-6.922416352714267],[107.59242016135983,-6.923290365831164],[107.59286068911935,-6.924927054851685],[107.59400979522468,-6.925522205180631],[107.59450914934582,-6.926152996833091],[107.5944608122678,-6.926928524079151],[107.59499170674266,-6.92705374682704],[107.59501383818105,-6.9272123063154725],[107.59470579666991,-6.928712579283319],[107.59495391982954,-6.928944589161553],[107.5956251651445,-6.929042695083091],[107.59590634397681,-6.929676272350446],[107.59627862282325,-6.929859558145266],[107.59690637512485,-6.930907797942121],[107.59727984284876,-6.9307166593391685],[107.59686811060327,-6.929531885842069],[107.5963766858296,-6.9292471880279285],[107.59587891859003,-6.928470728818431],[107.59531002506306,-6.928469794471083],[107.59554025991982,-6.927007764834538],[107.5954031171958,-6.926678990094134],[107.59497150601503,-6.926505840748059],[107.59505553518375,-6.92602697965439],[107.59481838463059,-6.92569162298054],[107.59526404970909,-6.925135172326897],[107.59566836800751,-6.923111561043466],[107.59780309779332,-6.9233868618487815],[107.59787846981212,-6.923767843813357],[107.59832005605175,-6.923981909263525],[107.5978850089251,-6.924654081300004],[107.59811809654023,-6.926184621280175],[107.59840039214956,-6.92651191595614],[107.59916416730974,-6.926805363096525],[107.59942526409695,-6.927266974047817],[107.59918753959761,-6.927817673214539],[107.59947791607128,-6.92856190562129],[107.59936843362324,-6.929174145464692],[107.59974646119353,-6.930322694168133],[107.59972656390542,-6.930825607200351],[107.60014474965239,-6.93157572543848],[107.60008331703129,-6.932263100041666],[107.59945199609514,-6.934099079988045],[107.59822886866766,-6.9327100144855285],[107.59760436392351,-6.9314645930470915],[107.5970709894429,-6.9310502947958685],[107.59668792517127,-6.931228193063691],[107.59625758851843,-6.932748941887839],[107.59655371696876,-6.933112298669628],[107.5977174453978,-6.933359241661031],[107.59797657005493,-6.933238449165753],[107.59901961094532,-6.934431769505756],[107.59890743969548,-6.935472736002264],[107.59919932883221,-6.935869442577905],[107.59906953200559,-6.936486581869453],[107.59924120441215,-6.9403689360118745],[107.59973469593314,-6.941130260542244],[107.60117803998865,-6.942235077285418],[107.60178008781996,-6.943203630885842],[107.60235203776409,-6.943357825175583],[107.60234726345732,-6.944753308969374],[107.60256860893055,-6.944943014014923],[107.60318221346941,-6.944942205516756],[107.6038658788248,-6.948248709413353],[107.60462949110939,-6.9491707733498735],[107.60571947931206,-6.9492555790780886],[107.60627166474373,-6.949854583313003],[107.6062236979271,-6.950311276102421],[107.60680435207641,-6.9509451445947],[107.60756563290443,-6.951118051506395],[107.60847067680938,-6.95162892417105],[107.60853527173106,-6.952135165527958],[107.6093152954878,-6.952703417324015],[107.60979585084503,-6.954278313739528],[107.61063803986788,-6.954794655101221],[107.61094960160024,-6.955283544962977],[107.61070508106067,-6.955560837853013],[107.61048423589699,-6.95680587319027],[107.60938573949453,-6.957936935396235],[107.60915878010664,-6.958943889760778],[107.60812272846594,-6.959996937993155],[107.60809262215047,-6.960560091217781],[107.6083044799052,-6.961054489625229],[107.60853140089347,-6.961313002676731],[107.6092286571463,-6.961262617167229],[107.6087760749452,-6.960782966255313],[107.60863170409058,-6.960200063882157],[107.60961425165846,-6.959254316173951],[107.60982622293496,-6.958257017432303],[107.6109121720742,-6.957143794747426],[107.61147578489587,-6.955121411465198],[107.61098514640909,-6.954376602214651],[107.61028794412354,-6.9540036443527455],[107.60980057585724,-6.952459523001619],[107.60902688471509,-6.951891901309392],[107.60891657082018,-6.951283398264846],[107.60782043245915,-6.9506296475195075],[107.60722975165132,-6.950574645261478],[107.60679629193375,-6.950168854886063],[107.60681064466664,-6.949692340680753],[107.60615021938115,-6.948923754024872],[107.60569568928648,-6.948633583622488],[107.60495326433039,-6.948703500153302],[107.60432032060166,-6.947951653946057],[107.60369005956389,-6.944740694626738],[107.60333948899508,-6.944402317718066],[107.60286214991638,-6.944378319498186],[107.60282070918821,-6.943034053957709],[107.60220572777857,-6.942823097126257],[107.6016194651948,-6.9419156790721885],[107.60017434778311,-6.940808971825039],[107.59972132769457,-6.940103502175195],[107.59983885908981,-6.938976428202843],[107.5996126247067,-6.936518800907087],[107.59980730507077,-6.935770784701032],[107.59950000675228,-6.935419534177308],[107.59955154644844,-6.934898212430537],[107.60014523733084,-6.933919080157658],[107.6006606100359,-6.932384418157406],[107.60082777417963,-6.9322877568390275],[107.60109170985119,-6.932739737802441],[107.60138431040647,-6.932665568122649],[107.60155043399772,-6.9315207510933305],[107.60199844456886,-6.930507498037907],[107.60203991453761,-6.92960862831928],[107.60170754504743,-6.92914466933001],[107.6019642275565,-6.928972139975998],[107.60220345823645,-6.928224311166769],[107.60197955840329,-6.927812169360335],[107.60187024949366,-6.926377751381517],[107.60285023637564,-6.923967373050978],[107.60257405382728,-6.922554040654636],[107.6018197469372,-6.921674517884829],[107.60140934009313,-6.9217639246152975],[107.60137343339967,-6.922213430040445],[107.60206971023867,-6.922764798027208],[107.60205942979503,-6.923338517934227],[107.60232133586216,-6.9237228704584135],[107.60135655525676,-6.926090818990027],[107.60133440742086,-6.927237752096549],[107.60159389104096,-6.9283223463147054],[107.60150398734373,-6.928577184092941],[107.60109528792314,-6.928647340168586],[107.60092067803029,-6.928886252119906],[107.60150922693637,-6.929748851472346],[107.60142353401906,-6.930579769656094],[107.60097686742066,-6.931557805647256],[107.6006534823694,-6.931769068898044],[107.60069923224684,-6.931321520053161],[107.60027941687258,-6.930752673974497],[107.59989936648793,-6.929027372345354],[107.6001233808917,-6.928660799922804],[107.59974229914506,-6.927805560144467],[107.59996890016247,-6.927187354243809],[107.59966297232492,-6.926503253553635],[107.59871309751065,-6.9260680896407685],[107.59876616112679,-6.925632369393254],[107.59853773406378,-6.925410847485026],[107.59842753940296,-6.924703640182092],[107.59889433112319,-6.924227059493076],[107.59880965436516,-6.9237067920982955],[107.59834416153494,-6.923440723853414],[107.59815816496888,-6.922890534812011],[107.59594440629476,-6.922624505091561],[107.59580440896978,-6.921804636986803],[107.59540863802958,-6.921363323918043],[107.59543923632143,-6.920998638259077],[107.59580131567907,-6.920702154827415],[107.59648199668932,-6.918236531454917],[107.59628470051274,-6.917459447260828],[107.59636233367236,-6.916937801379793],[107.59563655098054,-6.914504622850278],[107.59566253071237,-6.913681497481843],[107.59520657443808,-6.913095237914366],[107.59537967142779,-6.911814079799867],[107.59464942913628,-6.911145926446831],[107.59363556154548,-6.911120889880692],[107.59234795105336,-6.910734852008977],[107.59177932839026,-6.910118290623482],[107.5919391187206,-6.909131232209589],[107.59145431776265,-6.908660767301737],[107.59101801412221,-6.907682292316662],[107.59081364288762,-6.906073310031822],[107.58954216104223,-6.9051087774191275],[107.58919446070875,-6.905342942070243]],[[107.59685936925477,-6.932631826007163],[107.59711175639688,-6.931773589451594],[107.59766511453651,-6.932809424907439],[107.59685936925477,-6.932631826007163]]],[[[107.58993192765718,-6.9404555676402016],[107.59101824498507,-6.94119011456292],[107.59154165695256,-6.94113680465634],[107.59155299151772,-6.940837234503805],[107.59108383826715,-6.9404622648562535],[107.59025388674796,-6.940187543429247],[107.58993192765718,-6.9404555676402016]]],[[[107.58996714153935,-6.938701911889584],[107.59013128390518,-6.938953545321135],[107.59091066651155,-6.938966501962558],[107.59133789718992,-6.937115242174043],[107.59124981333859,-6.936828496143335],[107.5908378204458,-6.936910464992203],[107.59050965270114,-6.938487477440904],[107.59013852116894,-6.938455078884474],[107.58996714153935,-6.938701911889584]]],[[[107.59002643309108,-6.932291665474083],[107.59019146820718,-6.9325427213823465],[107.59057482368266,-6.932371021648754],[107.59082432484288,-6.931676006171011],[107.59074096920808,-6.931292238048902],[107.59031986695692,-6.931324170805346],[107.59002643309108,-6.932291665474083]]],[[[107.60495502212653,-6.897758091899025],[107.60520634621159,-6.898423808493003],[107.6064572219595,-6.899504663143818],[107.6063707465701,-6.900482612981438],[107.60661805705621,-6.900997323213242],[107.60657857018208,-6.901542994932852],[107.60573148656219,-6.902086222268858],[107.6054773168873,-6.9025109336493475],[107.60556479157438,-6.903454423706585],[107.60742122069222,-6.904686493698613],[107.60750153969673,-6.904925037330212],[107.6052225309544,-6.906939064710653],[107.60522396928089,-6.907856254353856],[107.60566464863528,-6.908333783285193],[107.60608252583881,-6.90830896407646],[107.60659370639748,-6.907963775548982],[107.6070591460458,-6.908118628664167],[107.60653523367972,-6.9087328566821],[107.606854173767,-6.909521765903933],[107.60556898314962,-6.909300559188245],[107.60529692410685,-6.909497366870243],[107.60526542575664,-6.909802131406332],[107.60589226310175,-6.911026011570199],[107.60743105826779,-6.912396781114511],[107.60742975231304,-6.912570879531857],[107.60697961919826,-6.91258861298403],[107.60675600448617,-6.912988782518333],[107.6067345278332,-6.913519999924639],[107.60705302029741,-6.914531376220112],[107.60700753368525,-6.916720924425383],[107.60737834035233,-6.917562787307683],[107.6089822345615,-6.91918130651049],[107.6084661566836,-6.91936771865946],[107.60811144024578,-6.920238852129471],[107.60844848837002,-6.920719277585189],[107.60828889085474,-6.922371474859991],[107.60840879152984,-6.923009660462494],[107.60912506924575,-6.924310127379818],[107.60936054383475,-6.9251564248287325],[107.6101308834419,-6.92560306863934],[107.60956593485595,-6.927395689901118],[107.6099947560671,-6.927982471640584],[107.61285124092835,-6.929883135514484],[107.61365800264592,-6.930923963477334],[107.616707366127,-6.93361086551028],[107.61712767800319,-6.934146091947042],[107.61798580395629,-6.936508586268073],[107.6186945929211,-6.937010439488566],[107.62000494733073,-6.937319052204866],[107.61997999031138,-6.937867900222718],[107.62055491022973,-6.939438028771683],[107.62107039940085,-6.940278698042241],[107.6213446760299,-6.941575146858282],[107.62133853700192,-6.943177311702459],[107.62093147336073,-6.944402129704594],[107.62132406583886,-6.944913806945822],[107.62140319228841,-6.948263873000196],[107.62241420098167,-6.955463530673009],[107.6223129565265,-6.956129205972914],[107.62270265759399,-6.956887739106817],[107.62259347583428,-6.957924641702917],[107.62292181960352,-6.958469140288559],[107.62301974131456,-6.959767586283722],[107.6236543898355,-6.960748816449326],[107.62353914471197,-6.961567573713555],[107.62378020545506,-6.963326173443334],[107.62439330908803,-6.963612232390598],[107.62409383410044,-6.961676748783294],[107.62419375476985,-6.960676026091964],[107.62402692334936,-6.9600955326823986],[107.62355539845582,-6.9596570672561375],[107.62343468709803,-6.95825934506951],[107.62313375351353,-6.957819691595365],[107.62327365872503,-6.956947819251896],[107.62284263915777,-6.9559889918417275],[107.62295592748438,-6.955413948830064],[107.62194726917387,-6.948251000359753],[107.62178039348349,-6.94554969522371],[107.62188788411004,-6.944688397309778],[107.6216113669372,-6.944181968425666],[107.62193588072525,-6.942507590161173],[107.62171693972826,-6.940507518572704],[107.62250083107591,-6.941181205839145],[107.62276442233592,-6.9426534302956515],[107.62345068641325,-6.9433559701520355],[107.62456993819431,-6.945069903332861],[107.62498381779459,-6.944997866554746],[107.62495771617594,-6.944610482104529],[107.62390302540759,-6.943047212351373],[107.62331333664696,-6.942519875186588],[107.62293919629926,-6.940860403698607],[107.62104459444363,-6.939202464424985],[107.62048358639191,-6.937623767857894],[107.6206720067893,-6.937372387313222],[107.62060119130462,-6.937033047431118],[107.6190443806013,-6.936556256911672],[107.6183855764556,-6.936139890936094],[107.61765250118951,-6.933967544180741],[107.61714733083232,-6.933288893898021],[107.61405972994933,-6.9305599198763845],[107.61325073610543,-6.929515439101493],[107.61012319265346,-6.927312858618765],[107.61066903386023,-6.925411878229815],[107.60975660383274,-6.92474302587587],[107.60962736112108,-6.924102297698145],[107.60892475748774,-6.922839432034995],[107.60899541604192,-6.920565777589038],[107.60865866431925,-6.920140379601261],[107.60891615468165,-6.91972082908697],[107.60943243679223,-6.919606774103153],[107.60952128418401,-6.919056267287264],[107.60781303562602,-6.9172322589160125],[107.6075391010308,-6.916577030026451],[107.60759791784979,-6.914530818604521],[107.60727807195344,-6.913148620744442],[107.60785074428826,-6.91298826637758],[107.6079753639304,-6.912297108807537],[107.60701863392359,-6.911190904000743],[107.60632972362976,-6.910700059156831],[107.60586181083166,-6.909835745339539],[107.60694492994823,-6.9101616492161275],[107.60737898311463,-6.90983156714133],[107.60725763472378,-6.908999114349053],[107.60759676390168,-6.908685085340391],[107.60751968282443,-6.907794709607249],[107.60681475122176,-6.907410868668073],[107.6058798871896,-6.907806530871077],[107.60574803517504,-6.907143035573591],[107.6074765798647,-6.905787393603958],[107.60804989359188,-6.904877429638928],[107.60779657213445,-6.904289270776932],[107.60605376742829,-6.903189295422418],[107.60599056595407,-6.902700234299004],[107.60700739369715,-6.901916208119595],[107.6072267076303,-6.900885645284089],[107.60690698387573,-6.90038576332091],[107.60695258025143,-6.899255893068762],[107.60549904898286,-6.897779270083684],[107.60559463715074,-6.897412122667617],[107.60608457853348,-6.8969436674390705],[107.60626927161094,-6.895962041034364],[107.60696683193018,-6.89550949798484],[107.60738210108829,-6.894635252428074],[107.60709473517966,-6.89366708114163],[107.60610403795235,-6.89260060514213],[107.6063474800069,-6.891670882269336],[107.60592955903552,-6.890806967704569],[107.60553645651709,-6.889157321531166],[107.6055385407198,-6.887789366031601],[107.60574491209042,-6.887167463307201],[107.60649867744988,-6.886504541688141],[107.60707399168572,-6.8864219097309505],[107.60742620192826,-6.886131338490919],[107.6079266813453,-6.8853460966194895],[107.60771281033652,-6.884264854980299],[107.60691781220798,-6.88385504210036],[107.60685731196855,-6.8829282737783855],[107.60649572347188,-6.882224768069854],[107.60682799455991,-6.8817992997192095],[107.60673813569333,-6.881017411527845],[107.60783544913883,-6.8806199517564535],[107.60807125816741,-6.8803649363114445],[107.60785383849826,-6.879302155011443],[107.60861879227406,-6.878224204009299],[107.60859605362049,-6.877350030907048],[107.60952963790302,-6.876498373868378],[107.6100018603856,-6.874868151490859],[107.61032908982267,-6.874835142074001],[107.61104055921781,-6.87520031478461],[107.6115132176876,-6.874796528624285],[107.61159402284835,-6.874180282238611],[107.61081872736433,-6.873550486252409],[107.61105191804405,-6.8731995429060335],[107.61194752301616,-6.872705248676296],[107.61210486696605,-6.8722849681972855],[107.61189380853679,-6.871652218015039],[107.61246172244702,-6.871644281139371],[107.61271926228517,-6.871420562669309],[107.61268042857007,-6.870836448450622],[107.6121421386038,-6.870263125488459],[107.61193434699092,-6.86960217002565],[107.61200000390751,-6.869094586228982],[107.61254297349875,-6.868419688783001],[107.61324419135227,-6.867836398491636],[107.61365676311478,-6.868063451777885],[107.61414776421259,-6.867943245058822],[107.61526267328169,-6.866660766291343],[107.61807001900996,-6.865995038397691],[107.61874840159268,-6.865464838065456],[107.61913261445876,-6.864321326798381],[107.61996953090213,-6.864386371168746],[107.62030898768495,-6.864199143628],[107.62158412193466,-6.864704431649724],[107.62210490154986,-6.864491569293081],[107.6228855637118,-6.863370943819343],[107.6243944881899,-6.8617634734446336],[107.6241256,-6.8615918],[107.624999,-6.860753],[107.625013,-6.860211],[107.624689,-6.859463],[107.624953,-6.858242],[107.625257,-6.858077],[107.62625,-6.858162],[107.627046,-6.857914],[107.628285,-6.855684],[107.631054,-6.856093],[107.6321,-6.855338],[107.634027,-6.855481],[107.635041,-6.85468],[107.636221,-6.854945],[107.6368,-6.854842],[107.6369,-6.8542],[107.636685,-6.853008],[107.636828,-6.85251],[107.63809,-6.852115],[107.638565,-6.852781],[107.638983,-6.852761],[107.639268,-6.85134],[107.640017,-6.851426],[107.64043,-6.851189],[107.641197,-6.850263],[107.642111,-6.850285],[107.64265,-6.850084],[107.643299,-6.848255],[107.643809,-6.847646],[107.643896,-6.846525],[107.644967,-6.84567],[107.64631,-6.845157],[107.647096,-6.843987],[107.647871,-6.844064],[107.64887811849694,-6.843506782756739],[107.64861226907041,-6.843414198538486],[107.6478926539971,-6.843806659533651],[107.64689404127242,-6.843849391757769],[107.64607317936449,-6.844974253008311],[107.64512438106686,-6.845284514548287],[107.64378375441805,-6.846230969115967],[107.64352475281675,-6.846816492753533],[107.64355527320332,-6.847422854948416],[107.64290348441338,-6.848430414395779],[107.64260099461312,-6.849615472837826],[107.64233131952098,-6.849978302310686],[107.64094079697571,-6.850276644192566],[107.6399896859691,-6.851277345631938],[107.63911715544214,-6.851173881511047],[107.63890309701925,-6.8514482944365565],[107.63870170773474,-6.852566869596524],[107.63844337293244,-6.852094336466222],[107.63786481173294,-6.851856377645595],[107.63718627237256,-6.851975110715046],[107.63656293064892,-6.852409604401314],[107.6362814457462,-6.853012670618136],[107.63653857421038,-6.854638740942051],[107.63625424441366,-6.854736702526893],[107.63494650564917,-6.854428904976583],[107.63390991751737,-6.855212880482834],[107.63304080662797,-6.855328078243367],[107.63235090224968,-6.854992253638968],[107.63140651575023,-6.855400214964807],[107.63095922708241,-6.85591736941802],[107.62932185170159,-6.855470039337405],[107.62806566091595,-6.855494407071933],[107.6273251932492,-6.856536884427099],[107.62700910864275,-6.857645208321821],[107.62658244564315,-6.85792430390012],[107.62538432524174,-6.857761778722003],[107.62474474041034,-6.858108003743413],[107.62442051270584,-6.859306553303391],[107.62478488205333,-6.860603017342417],[107.62252085061469,-6.862969899463854],[107.62172190647738,-6.864099243104365],[107.62100658260887,-6.863979830959178],[107.62031741620679,-6.863591777862738],[107.6198861160383,-6.863844007677685],[107.61895838088154,-6.8637943204677185],[107.61847575088092,-6.864152775621265],[107.6183214127428,-6.865121644146035],[107.61772161654967,-6.865572048162762],[107.61498650531661,-6.866191961990882],[107.61377161176408,-6.8675146859750775],[107.61337410311504,-6.867283336209646],[107.6130268919797,-6.867316211151824],[107.61179234776401,-6.868401823896102],[107.61140130530768,-6.869210893986146],[107.61142431751809,-6.869971399094712],[107.61218873323432,-6.871105010828033],[107.61154480797074,-6.87097823594521],[107.61131827396558,-6.871160282394831],[107.6115032241632,-6.8723920900876285],[107.61055441048941,-6.87292252924709],[107.61026846319979,-6.873541540711295],[107.61038697816689,-6.8739061297770645],[107.61107412646925,-6.8743883228619875],[107.61102795292369,-6.8745523854342245],[107.61017062054408,-6.874242125712024],[107.6096202492393,-6.874373614661111],[107.60904887123372,-6.876246536440535],[107.60814837436382,-6.877037123456551],[107.60812837404352,-6.877988973019449],[107.60734129366477,-6.879104653127731],[107.60731299052601,-6.879574625717314],[107.6075671939101,-6.880084648120016],[107.60654283758156,-6.880468952614412],[107.60622404762702,-6.880840155272807],[107.60629277907964,-6.881626710212069],[107.60595457356531,-6.882312807264384],[107.60632705850067,-6.88305216347235],[107.60638698118383,-6.88407204388045],[107.60663140637483,-6.884450188017592],[107.60720119044574,-6.884551483074131],[107.60738704406353,-6.885229362792406],[107.60681803610983,-6.885943401221504],[107.60626867222689,-6.885999788461762],[107.60523958918135,-6.886965780333902],[107.60499009941145,-6.88779561664775],[107.60499831418576,-6.889263601529365],[107.60537321825622,-6.890879098681507],[107.60582003860489,-6.891806377515768],[107.60561778472325,-6.892846408979839],[107.60614131490087,-6.893618708409452],[107.60656467496491,-6.893858959553244],[107.60683082048214,-6.8945724259726475],[107.60651514008958,-6.895203520954586],[107.60579862587649,-6.895676127478666],[107.6055813664174,-6.896731477020293],[107.60516405201825,-6.89707772631414],[107.60495502212653,-6.897758091899025]]],[[[107.62978409721251,-6.921860363662752],[107.6299735086469,-6.922093844436889],[107.63076422513421,-6.9220877863428125],[107.63195724300247,-6.9216542354821975],[107.63371984440987,-6.922130199029552],[107.63593185854376,-6.922003131691995],[107.63685047129023,-6.923109637367721],[107.63820240757292,-6.923506767881796],[107.63881315116869,-6.9233848177522725],[107.6393805032516,-6.923682322631055],[107.63920888882014,-6.924704631717986],[107.63860913626901,-6.9255016018282785],[107.63837562034416,-6.926516399922792],[107.63856080775804,-6.9269036543742315],[107.63892290217575,-6.927087835727797],[107.63977490722324,-6.926937195687348],[107.64011296786077,-6.927531719392559],[107.63990484415736,-6.9281547165075645],[107.64003064901526,-6.928512517303253],[107.64128403068898,-6.929455611990243],[107.6412810956081,-6.929852494119233],[107.64033748460092,-6.930327348468134],[107.63927715339935,-6.932505035885007],[107.63854916102332,-6.932376782753976],[107.63815439564888,-6.9328872343408605],[107.63833576114438,-6.934275640432942],[107.63883158844816,-6.934999049473607],[107.63841024422001,-6.935571591293718],[107.63835880195923,-6.935989408154415],[107.63860883359736,-6.936328459436529],[107.63945274133076,-6.936624386735242],[107.63965082974705,-6.936864016135623],[107.638568500424,-6.937965481038916],[107.63815365509984,-6.939089257462283],[107.63897702485232,-6.9403552275159655],[107.63980904634462,-6.94074140924296],[107.63944785363587,-6.94168058970483],[107.63848458943487,-6.9417628602480255],[107.63793875510748,-6.942121617371088],[107.63773754541948,-6.943333261104214],[107.63901095450626,-6.944986196413724],[107.63990988513207,-6.945334396893001],[107.63997951235423,-6.947255973518163],[107.63944550762169,-6.948980611702146],[107.63987147446127,-6.950374771731327],[107.63953989055088,-6.951457593423246],[107.63897054852355,-6.952479291447294],[107.63929212122329,-6.953278071826944],[107.63924679037461,-6.953597112758697],[107.63835419117295,-6.954008855884695],[107.6386185709124,-6.955809519719267],[107.63753577857428,-6.958501030642062],[107.63765323662138,-6.959121273929372],[107.63741974351659,-6.959702694239556],[107.63733907150456,-6.960866110690537],[107.63689003216973,-6.96165457014534],[107.63598676740963,-6.964285544330986],[107.63632604977073,-6.96554828308924],[107.63686456067595,-6.965615818728775],[107.63654620961411,-6.964110976263985],[107.63785221603378,-6.961046210197375],[107.63794107278234,-6.959861874017356],[107.63819958015674,-6.9591505644007405],[107.63806694927919,-6.958623768996234],[107.63916029810866,-6.955885563068366],[107.63890314988771,-6.954734835926306],[107.6388965622852,-6.9542233721382],[107.63908649143836,-6.954135708765588],[107.63954842318842,-6.954905479255617],[107.6403611550275,-6.955170212642617],[107.64027897413553,-6.95597372933493],[107.64127595065621,-6.957293806453527],[107.64269791203904,-6.957692744136599],[107.64311322003333,-6.9600829536064985],[107.64284002315637,-6.960753965269298],[107.64281738884559,-6.961512170191867],[107.64247824459349,-6.961847927094766],[107.64244366323955,-6.962332809190775],[107.64198325892504,-6.962955189634767],[107.64226198169324,-6.963765224436602],[107.64217601246749,-6.964243558696571],[107.6424285535022,-6.964487188458206],[107.64215835838048,-6.965846867537341],[107.64272633329017,-6.965756282983623],[107.64306808942439,-6.964415440670542],[107.64253022922543,-6.9630198453010905],[107.642942239071,-6.962602687316983],[107.64297070081572,-6.962099634624627],[107.64341120700657,-6.961507547897787],[107.64336470726855,-6.960911171680649],[107.64367227746784,-6.960043006253706],[107.64358966168798,-6.958946120285784],[107.64309470893335,-6.95726306213622],[107.64160439300065,-6.9568494116979185],[107.64081146954003,-6.955857813031221],[107.64089287629777,-6.954940391109947],[107.63990618536255,-6.954418315064173],[107.63983260780616,-6.953149665199832],[107.63951668635374,-6.952596724621822],[107.64040248459814,-6.950495181005905],[107.63998978557959,-6.948992389564976],[107.64052508970403,-6.947244245583239],[107.64045040881545,-6.945256372278676],[107.64008788197104,-6.944785919188329],[107.63930715880451,-6.944506779253899],[107.6382730832874,-6.943205905997684],[107.63854010619443,-6.94233133516132],[107.63985735777165,-6.942043611887261],[107.64042583636476,-6.940759209362342],[107.64023169836952,-6.940331488739643],[107.63936288103334,-6.93997504949722],[107.638705746009,-6.939004117427199],[107.63918783628756,-6.938014753310314],[107.64007355014058,-6.937281773721082],[107.64024232611553,-6.936927948978426],[107.63983290156553,-6.936233653660982],[107.63889665270604,-6.935839663025295],[107.63938198177557,-6.935044157365168],[107.63884973467137,-6.934095155196933],[107.6386952458653,-6.932942938593768],[107.63929252862783,-6.933073322955138],[107.63985989907059,-6.932668480653244],[107.64079844684817,-6.9306430229751195],[107.64167360283686,-6.930244361612044],[107.64185772106086,-6.929523403813457],[107.64166953920116,-6.929065653315382],[107.64048021841731,-6.928205313615705],[107.64063601520441,-6.927358654185831],[107.6401486132025,-6.926530724043296],[107.63981474216854,-6.926392174419176],[107.63893204034942,-6.926489143726554],[107.63908767003399,-6.925759222734779],[107.6396939077683,-6.924959587247238],[107.63999867129057,-6.92359727725791],[107.64106890102342,-6.921052693742389],[107.64092645616114,-6.920673002797531],[107.63925228126438,-6.918873755599683],[107.63832096861285,-6.918397326426907],[107.63769447480895,-6.918309408307772],[107.63800480105871,-6.91643493727068],[107.63765663879254,-6.913768095092285],[107.63801193801895,-6.912403520533922],[107.63773341305513,-6.911647091174802],[107.63743213700484,-6.911626693968853],[107.63729786098438,-6.911895208272906],[107.63746515276051,-6.912404988576178],[107.6371135600087,-6.913724609796564],[107.63746072224293,-6.916415502890556],[107.63703343634836,-6.918492639380343],[107.63737869956584,-6.9187999463960494],[107.63886232053318,-6.919252236371844],[107.64050622365201,-6.921022975093587],[107.63959947731882,-6.923173274179096],[107.63908532867872,-6.922887952131072],[107.63827458099676,-6.92296801753418],[107.6370208550871,-6.9225414734069695],[107.63605654078881,-6.921473635057027],[107.63488656194173,-6.9214094105361],[107.63381586657461,-6.921581013871372],[107.63183532112228,-6.921124552654359],[107.6310247011984,-6.921489195742144],[107.62997831270614,-6.92157750890218],[107.62978409721251,-6.921860363662752]]],[[[107.63215489009782,-6.889320090479755],[107.63243686559825,-6.889678572736498],[107.63328851539707,-6.889758896372287],[107.63373412536473,-6.890111397523937],[107.63448502263044,-6.890236823252978],[107.63427419949518,-6.891754913958838],[107.63462060552939,-6.892116193304454],[107.63628794998243,-6.892526168786221],[107.63718457765616,-6.892408432189232],[107.63817656996773,-6.892718695135418],[107.6386682439145,-6.89252654453161],[107.63888497711466,-6.891980347240724],[107.6397980002019,-6.891832172884778],[107.64046183092437,-6.892257457637111],[107.64087275839287,-6.89211640939696],[107.64172387298616,-6.892707826894744],[107.64160010812077,-6.8934764963325765],[107.64216708339056,-6.89490103544224],[107.6431150546738,-6.8950107017677515],[107.64328617159107,-6.895307523016785],[107.643986443793,-6.8956214616512455],[107.64385746676102,-6.89591476792823],[107.64412189389037,-6.896633311197315],[107.64425475471405,-6.898058046436294],[107.64399334558837,-6.898526154027493],[107.6439499848754,-6.899131147708981],[107.64351064507187,-6.899787903732422],[107.64347117173386,-6.9003193107047425],[107.64401243530828,-6.9007270079601355],[107.64407284966919,-6.901388370887276],[107.64454593836753,-6.901760076268278],[107.64485332027657,-6.902975333626272],[107.64555165531179,-6.9041011974756215],[107.64565392952281,-6.905244962820433],[107.64627141497034,-6.9059519481949945],[107.64688514309557,-6.906192767094601],[107.64728266043846,-6.90708217011598],[107.64731610935702,-6.907822384403372],[107.64671282548485,-6.908675492024093],[107.64643807535984,-6.911111226956274],[107.64739862321831,-6.9127555120876885],[107.64723881285539,-6.914069714492706],[107.64776437908846,-6.9158691977261055],[107.64848888656924,-6.917227339369452],[107.64914588157977,-6.918213376405411],[107.65031866800892,-6.919341414159704],[107.652201030764,-6.920467837992928],[107.65586164335235,-6.920857397158223],[107.65712301066469,-6.923102151554313],[107.66003263327869,-6.925262877496351],[107.66228678703058,-6.928598442297134],[107.6661447390515,-6.930883490263494],[107.66646331137318,-6.931262945502363],[107.66660703651071,-6.931717196837554],[107.66645910569736,-6.932981003869546],[107.66775482349806,-6.935404854156631],[107.66884813382332,-6.936727470360554],[107.66943562151788,-6.9384259514274165],[107.66944982925669,-6.943312056772346],[107.67029585551303,-6.94482415723391],[107.6709589008291,-6.947435727555364],[107.67041291948605,-6.9506822494379685],[107.67154360790114,-6.952543983875721],[107.67192157783585,-6.954007926428482],[107.67224345069269,-6.959297589977288],[107.67103973373219,-6.965081761372847],[107.6711569572833,-6.965618584007584],[107.67098323726137,-6.967575164322788],[107.67152574648705,-6.967619100212383],[107.67170279935672,-6.965630523286356],[107.67158552047061,-6.965110457639083],[107.67278521374486,-6.959346140103254],[107.67246055447228,-6.95393434728155],[107.6720607789103,-6.9523726625082585],[107.67096330905531,-6.950649986264917],[107.67150266511604,-6.9474266749678995],[107.67080474192181,-6.944629953513648],[107.66998197208595,-6.943198234342734],[107.66997918649098,-6.938380852102003],[107.66935295483839,-6.936525384259118],[107.66820920671991,-6.935106623187647],[107.66698335835657,-6.932821900387519],[107.66715234669128,-6.931695810221253],[107.66696579323582,-6.931050354212961],[107.66653278013942,-6.9305028705248555],[107.66265102917997,-6.928196766795533],[107.66047440048399,-6.924947321993734],[107.65737829435517,-6.92256625515551],[107.65620752040186,-6.920436875277856],[107.65557303222046,-6.920227165935569],[107.65242492460682,-6.9199753532675965],[107.65068120124197,-6.918938902845695],[107.64958235000685,-6.917890413629626],[107.64896239880603,-6.916962076587993],[107.64827454452356,-6.915681430632491],[107.64777561404406,-6.913983355781605],[107.64794090701064,-6.912692314859592],[107.64698531393897,-6.911086130318511],[107.6472391432737,-6.908812998893611],[107.6478883052591,-6.907685815555677],[107.64780716092714,-6.906939802261282],[107.64729759664107,-6.905820113775602],[107.64670613140106,-6.905591088437164],[107.64611600035592,-6.904950956562844],[107.64610189247446,-6.904035595766632],[107.64533794658531,-6.90266365754514],[107.64507325350715,-6.901279787451724],[107.64462935359333,-6.901116604428059],[107.64442985120353,-6.900313418365783],[107.64400032174572,-6.900159631422876],[107.64452708247485,-6.899146693581034],[107.64479842196215,-6.898089190583061],[107.64466004241491,-6.896555693566854],[107.64443173584296,-6.895931801025976],[107.64450779368158,-6.895355869194184],[107.64319972353586,-6.89446016736236],[107.64264003720808,-6.894523327523636],[107.6424055789701,-6.893748117583098],[107.6420173,-6.8938008],[107.6417975,-6.8933371],[107.6419895,-6.8925883],[107.6403398413373,-6.8914308578339885],[107.6398350990914,-6.891291868118427],[107.63879657973484,-6.891391120371997],[107.63814051532098,-6.8921634986583165],[107.63728857290056,-6.891827592892892],[107.63648570410352,-6.89200290389256],[107.63484621435082,-6.89162359418504],[107.63510511667688,-6.890413506001335],[107.63485866944465,-6.88984443639443],[107.63369547570015,-6.889400923214446],[107.6335521,-6.8896934],[107.633278,-6.8894895],[107.6324268,-6.8894088],[107.6324648,-6.8882145],[107.6330264,-6.8872208],[107.6332938,-6.8851502],[107.633439,-6.884874],[107.6336931184984,-6.884841884535542],[107.63347911597096,-6.884670555896604],[107.63312483775954,-6.88501460392543],[107.63277737538165,-6.887114430416339],[107.63226320077997,-6.8879862335335655],[107.63215489009782,-6.889320090479755]]],[[[107.63657903004353,-6.902255996891873],[107.63773432669447,-6.904000525315383],[107.63848275398747,-6.904555483279781],[107.63877464369243,-6.904555024025854],[107.63969184834505,-6.905881779933769],[107.64132435880111,-6.90678360561813],[107.64242169069679,-6.908108535375579],[107.64293741477174,-6.908254167379867],[107.64331959514135,-6.908813325979128],[107.64341391819003,-6.9094118475710475],[107.64397193303991,-6.910189453385946],[107.64510438565863,-6.910695711264463],[107.64520265693794,-6.911486974707323],[107.64498643728957,-6.912924400532162],[107.64517282143292,-6.914394305176206],[107.64636482363453,-6.916222076671069],[107.6488801398869,-6.921225141043138],[107.64622226143055,-6.9202533558939825],[107.64592969609727,-6.920262530915667],[107.6457834726202,-6.9205248246032225],[107.64597162162833,-6.9207593087045405],[107.64882642214576,-6.921813988745175],[107.64930545905187,-6.9232387160723485],[107.64894059990135,-6.924412367054999],[107.64733147422459,-6.9238108983492275],[107.64737569182567,-6.9232543533621484],[107.64696427465223,-6.923339067145299],[107.64668572218802,-6.924009627498364],[107.64723054689851,-6.924654658619947],[107.64694125357022,-6.925742853082899],[107.64790951241908,-6.926194279515757],[107.64903364779154,-6.927412825171903],[107.64917276571144,-6.928535858037952],[107.64981861580583,-6.929151843704007],[107.65062098128756,-6.9304482657561035],[107.65332974553252,-6.931334948162553],[107.65354239872586,-6.931859641400571],[107.65322711621138,-6.934950636590372],[107.65260556309327,-6.936722649112996],[107.65193944743153,-6.939656371900697],[107.65275030449826,-6.943186733584845],[107.65313167555874,-6.947426333953698],[107.65160588918258,-6.950629989056749],[107.65115721886426,-6.95210641264716],[107.65156528771176,-6.952580840976487],[107.65286884670579,-6.953201018231188],[107.65304633774761,-6.953919065386559],[107.65427598744152,-6.955672645230419],[107.65487261129634,-6.957408989109307],[107.65611083773013,-6.958011770382056],[107.65710687354827,-6.960181707912307],[107.65910587554073,-6.9611277197937635],[107.65876013057586,-6.962569928165872],[107.65890221840623,-6.963663927701124],[107.65928880368784,-6.964847022045773],[107.66018530268852,-6.966406786028245],[107.6606891,-6.9665292],[107.66069126033936,-6.965962409129238],[107.65981356046944,-6.964660319240354],[107.65943829403338,-6.963570032788161],[107.65930383112395,-6.962617738298754],[107.65968304266637,-6.961384894128358],[107.65956258608487,-6.960834672084179],[107.65749683335699,-6.9597999282252445],[107.65655733884036,-6.957688941485524],[107.65530213907,-6.9570682844402505],[107.65476218804888,-6.9554303133536015],[107.65356301179474,-6.953743643635983],[107.6532943998679,-6.952837756675268],[107.65168844891059,-6.9519502488435405],[107.65364844342812,-6.947599794559167],[107.65369458824279,-6.94657563709625],[107.6532869223354,-6.943100483773501],[107.65248393495033,-6.9396659941780285],[107.65311952260292,-6.936898778701506],[107.65375648807937,-6.935074041579836],[107.65424858534315,-6.931354714700817],[107.65448312746568,-6.927468289039043],[107.65340467267052,-6.926189663343955],[107.64975209333274,-6.924842884310049],[107.64948521455673,-6.924538807431532],[107.64985106708144,-6.923197131929545],[107.64941139977297,-6.921102619171852],[107.64685058950802,-6.915979801583817],[107.64569349887846,-6.914235615655801],[107.64552718742692,-6.912984612391415],[107.64573235385825,-6.9107091412703125],[107.64554555374437,-6.910380237060757],[107.64522642053996,-6.910049256014312],[107.64423340247754,-6.909691029512402],[107.64326445272413,-6.907618592959151],[107.64249361141226,-6.907346845714945],[107.64113542327,-6.905880208549099],[107.64002918506256,-6.9054563909650595],[107.63906744760409,-6.903938230030157],[107.63811713500144,-6.9035870658881],[107.63697580477586,-6.902041207978675],[107.63657903004353,-6.902255996891873]],[[107.64749618470293,-6.925472293009849],[107.647794837948,-6.924619757731423],[107.64803969421881,-6.9246575329378235],[107.65313914414311,-6.92666464697897],[107.65395857572123,-6.927637432300847],[107.65373639378355,-6.930912609065944],[107.65102450820537,-6.930056712355186],[107.65036106038892,-6.92918868261919],[107.65030089896709,-6.92874003944931],[107.64966392181827,-6.928223757468055],[107.64947134482865,-6.9270448896191255],[107.64834596975899,-6.925824611830489],[107.64749618470293,-6.925472293009849]]],[[[107.65628964370204,-6.898321198906895],[107.65695890378967,-6.900162711426011],[107.65774629281331,-6.900591077868026],[107.65776163764497,-6.901403414264763],[107.65809750327506,-6.901925234196719],[107.65871554126761,-6.902311474584786],[107.65919380849168,-6.902331343141729],[107.65912519815873,-6.904196964474219],[107.65867463081787,-6.9053946011926515],[107.6584469080134,-6.907489320809275],[107.6585638210484,-6.90824997541784],[107.65933289434192,-6.908687963676934],[107.6595000981082,-6.909113928240281],[107.65981043172924,-6.913105782844636],[107.66096346174997,-6.913571069521106],[107.66097745972907,-6.9144481707135865],[107.66456658747985,-6.919075133611173],[107.66527375894492,-6.919896656637825],[107.66691576169515,-6.920915510129796],[107.66848527681495,-6.9227197964415],[107.66906697542407,-6.92376940753954],[107.67180211854986,-6.931605056628254],[107.67278074436935,-6.933562064413929],[107.6725556808642,-6.935029783884479],[107.67438264779975,-6.936069597856548],[107.67431880653177,-6.937684687940306],[107.67368893718877,-6.939663296156225],[107.67441656767016,-6.94111856932009],[107.67583661030694,-6.94203446068391],[107.67624982774458,-6.942526334513346],[107.6764916456074,-6.944220996825003],[107.67696295495675,-6.945781174880993],[107.67682574770087,-6.947410488188894],[107.67786484770895,-6.952285551353828],[107.67766480650349,-6.953811390257961],[107.67873501300909,-6.957560822747189],[107.67874097463864,-6.958619643257247],[107.67839698773727,-6.9605601515545015],[107.67752597317009,-6.963088881888477],[107.67776748836876,-6.965346860610321],[107.67766979622837,-6.968237858314945],[107.67821340380334,-6.96829260549048],[107.67831146311859,-6.9653494111008305],[107.67806605248926,-6.963162500430545],[107.67891766978624,-6.960716673218313],[107.67927868583084,-6.958699954772366],[107.67927576768496,-6.957502641275579],[107.6782108659264,-6.953800301375959],[107.67840966241792,-6.952331475693319],[107.67736484747299,-6.947340472440181],[107.67750202166155,-6.9457088583883495],[107.6770240928027,-6.944111487089281],[107.67677626262079,-6.942386953912734],[107.67619455309797,-6.941627356537538],[107.67483701380884,-6.940771858957536],[107.67422954152136,-6.939562709053998],[107.67484031470426,-6.937844624819186],[107.67495105083117,-6.936042478027023],[107.67463444090558,-6.935532103302512],[107.67315034863715,-6.934860466421484],[107.67337216216626,-6.934026462989238],[107.67329238936584,-6.933378696011436],[107.67230683111673,-6.931404199505337],[107.6695802700869,-6.923591165103117],[107.66894312304127,-6.9224287999854965],[107.66728972918621,-6.920523808010881],[107.66566237444458,-6.919517544158994],[107.6615076984014,-6.914172794554436],[107.66138809149773,-6.913233461935344],[107.66104632017088,-6.91291743072176],[107.66029264496598,-6.912669622011309],[107.65992428064526,-6.908489599487727],[107.6590441328879,-6.907924210631523],[107.6589905420047,-6.907464124234695],[107.65920783813482,-6.9054999039590985],[107.65965769630033,-6.904306307654719],[107.65973031210297,-6.90200720498409],[107.65952078493356,-6.901801863383443],[107.65888235140476,-6.901754921365865],[107.65832918590455,-6.901306793760083],[107.65833786571118,-6.900507080972081],[107.65797083156187,-6.900047549277574],[107.65741132148703,-6.899843892368736],[107.65686258676983,-6.898437927047822],[107.65707823450138,-6.897954985315177],[107.6570367171591,-6.897507036538244],[107.65794951418798,-6.896326072293563],[107.65778331688138,-6.895806381025705],[107.65839619892193,-6.895406835242224],[107.65834281155824,-6.894998983854318],[107.6586792996823,-6.894400138283513],[107.6599110026386,-6.894221528957467],[107.6607603514794,-6.893473199256704],[107.6609211663643,-6.892021417063984],[107.6617423260854,-6.8901847019197735],[107.66176761911169,-6.889193192915244],[107.66203736318683,-6.889016023792601],[107.6627372747335,-6.8891500264982195],[107.6642847175126,-6.8884606185456265],[107.66524835065394,-6.88709186899931],[107.66511076892058,-6.88663416911618],[107.6656765,-6.885286],[107.6655852,-6.8851191],[107.66536539905502,-6.885038846680237],[107.6649447162085,-6.885486865813921],[107.66456449186072,-6.886551915789083],[107.66469913120177,-6.8869952686493905],[107.6643869667428,-6.887212874539002],[107.66388514327055,-6.888094203010211],[107.66256127514337,-6.888623891722156],[107.66230444238865,-6.88844704757591],[107.66190047942649,-6.888493309615302],[107.66133328621143,-6.888865085532827],[107.66121233067412,-6.890055201425052],[107.66039198112817,-6.891896813585259],[107.6602826371327,-6.893213618731806],[107.65971633987321,-6.893708532526084],[107.65824924100981,-6.894062850796544],[107.65714958795316,-6.895754693225929],[107.65733205737635,-6.896149162964391],[107.65655747336636,-6.89721500834382],[107.65628964370204,-6.898321198906895]]],[[[107.66195127542285,-6.790293760808375],[107.6622563690992,-6.790580466703161],[107.66253815746748,-6.790239069796856],[107.662182597514,-6.7900169763626135],[107.66195127542285,-6.790293760808375]]],[[[107.68141704687781,-6.933026924304315],[107.68225754803846,-6.934665257246842],[107.68245972638196,-6.936560117316309],[107.68273002619985,-6.937265053140866],[107.68321351936736,-6.937596832703873],[107.68438716999476,-6.937555626104937],[107.68410629459366,-6.938848862803858],[107.68425334964833,-6.939234147029019],[107.68684281097374,-6.940201746903528],[107.68795707275159,-6.9408120906215585],[107.68772058644352,-6.942286876451539],[107.68681001218644,-6.944782514784103],[107.68708322336839,-6.945686477540033],[107.68862157729558,-6.946540725599917],[107.68969463630604,-6.946761639192471],[107.69033358489345,-6.947465981498635],[107.69121792306503,-6.947623829854837],[107.6916914518147,-6.948264944630919],[107.69251149719099,-6.948365779500917],[107.69287395060265,-6.949083371732968],[107.6933592671545,-6.9494245814659505],[107.70422701826759,-6.95054420920015],[107.70479567583735,-6.950786912748741],[107.70514072102974,-6.951192277426034],[107.7054916418223,-6.952084795045052],[107.7054195050994,-6.954328209833559],[107.70439048559443,-6.964153375912357],[107.70436015486975,-6.967668562356738],[107.7048786022034,-6.967449636117214],[107.7049327968827,-6.964192789230042],[107.7056327683216,-6.95856778501033],[107.70602648591193,-6.9528752773645035],[107.70598445621644,-6.9517576894450475],[107.7054876068261,-6.950742000461057],[107.70500671081663,-6.950275129902266],[107.70433935973612,-6.950015974190979],[107.69346151550785,-6.948880398290417],[107.69285651892571,-6.947914286831025],[107.69199208395656,-6.94779356355425],[107.6915287185049,-6.9471732158439385],[107.69058328159159,-6.946979420258319],[107.69002657809881,-6.946314759721961],[107.68885399128837,-6.946052152617462],[107.68750058864894,-6.945336701308599],[107.68736049572254,-6.944821457088773],[107.68824531505263,-6.94242894152743],[107.68852607514633,-6.940672940470024],[107.68705739043504,-6.939705852404255],[107.6846560824239,-6.938851325036108],[107.68494910536005,-6.9376144403967634],[107.68537549267215,-6.937550798618441],[107.68562416566061,-6.937246099952865],[107.6863898077787,-6.933615013159739],[107.68721967325277,-6.928272711864527],[107.68787645808318,-6.9253540628500865],[107.68850967593706,-6.920061401093432],[107.69010040604991,-6.917401825657603],[107.6916791165254,-6.912518164655315],[107.69141872220814,-6.911773727763087],[107.69167025556573,-6.9113921794645075],[107.69284816949111,-6.911233452979054],[107.69307087946659,-6.9116850717020775],[107.69357092187161,-6.912041318473886],[107.69707831890541,-6.91140265909593],[107.69801651980916,-6.91137565608167],[107.69870179241742,-6.911688904624384],[107.69926861086559,-6.911615829729009],[107.69958689996515,-6.911782896109111],[107.70032185635824,-6.911628243395208],[107.70046095139442,-6.911025080140103],[107.7007066064431,-6.91084506931685],[107.70224202904612,-6.910590228380585],[107.70313657702496,-6.91009097039902],[107.70359403522258,-6.909461547965288],[107.70412041068693,-6.909650049300381],[107.70455022614777,-6.909545178813538],[107.70493279113866,-6.908543923431575],[107.70524264209091,-6.908531333162599],[107.7055449186822,-6.908197655224811],[107.70560702388461,-6.907618377085991],[107.7067324010192,-6.907039348519891],[107.70701885162559,-6.906120338052577],[107.70793110438197,-6.9056603727198125],[107.7080111462792,-6.905255093211135],[107.70780581221537,-6.904937367702159],[107.708137363467,-6.904614957837459],[107.70812925234858,-6.904027210345677],[107.70907226466564,-6.9043464750227015],[107.70944616489516,-6.904293406277217],[107.71000238154235,-6.903556464250751],[107.70993793831467,-6.903263588954675],[107.70964071960528,-6.903210616462965],[107.70920542320683,-6.90379004737677],[107.70877024306597,-6.9035604591614215],[107.7084468240784,-6.902991668455544],[107.70786625592129,-6.903130909601065],[107.70760954536718,-6.904285868787404],[107.70717885730126,-6.904846517607225],[107.70738897445376,-6.905311517535824],[107.70651763883693,-6.905760169181033],[107.70625552112807,-6.906732736287039],[107.70511339042048,-6.9073731458905385],[107.705040904779,-6.907966910815248],[107.7045018812058,-6.908146982941365],[107.70425610194606,-6.909035123145228],[107.70335384167223,-6.908904620675778],[107.70273439670302,-6.909721690747753],[107.70195147667698,-6.910102897624139],[107.70029804386728,-6.9104538948357845],[107.69973180903688,-6.911237818751046],[107.69742090008532,-6.910846303890915],[107.69627782201013,-6.910934371062791],[107.69529268222878,-6.911258219799846],[107.69429400005849,-6.9112521038911785],[107.69373021626551,-6.911472765347372],[107.69350006303388,-6.911339601973485],[107.69338044749973,-6.9109358482284575],[107.69279837119767,-6.9106595987105095],[107.69133037082173,-6.9109432308861525],[107.6908615852817,-6.9116998086588595],[107.69115554012286,-6.912314405134186],[107.68958850792585,-6.9172195894766775],[107.6879807904558,-6.919862868901924],[107.68731921567884,-6.925387173654881],[107.68510635371317,-6.9370665124543684],[107.68319760057992,-6.936983079477587],[107.68279257248103,-6.934556682648285],[107.68200889029744,-6.9331655747585295],[107.68200463373395,-6.932133575170451],[107.68236667723454,-6.931008718768805],[107.68239099903454,-6.930096944106353],[107.6841288232684,-6.928775867821125],[107.68446766935475,-6.927780872171483],[107.68547546453533,-6.92736154932819],[107.68548716602498,-6.9268116258517525],[107.68586063306955,-6.92621241378453],[107.68569334791373,-6.9256447986122955],[107.68582204423885,-6.924929001059878],[107.68554285756655,-6.924180369633842],[107.68619548160719,-6.923531784371563],[107.68673177688123,-6.922502035001709],[107.6863875731583,-6.92115657401764],[107.68667463795454,-6.920059487187979],[107.6864342714509,-6.918929274852911],[107.6868312425841,-6.917949366945606],[107.68750292790254,-6.917558791503084],[107.68781727845385,-6.917047127007036],[107.68842967148716,-6.916609576070987],[107.68846776852313,-6.915863325213567],[107.68816658400718,-6.915841599917883],[107.68796149527567,-6.916282995619232],[107.68616464658683,-6.918000235702482],[107.68582495377382,-6.919167913522054],[107.68611179997626,-6.920098124766409],[107.68589165371968,-6.920588040261292],[107.6858647271974,-6.921408292305164],[107.68618022998311,-6.922424140596534],[107.68500121938166,-6.924056093849822],[107.68528015619617,-6.925037300359618],[107.68514986523353,-6.925733940020018],[107.68531536901598,-6.926184182431108],[107.68495473892203,-6.926690769267306],[107.68496182728065,-6.92710745222697],[107.68403343350388,-6.927418630430575],[107.68377694811151,-6.92835443815171],[107.68186541078487,-6.929900654377119],[107.68141704687781,-6.933026924304315]]],[[[107.7151790581967,-6.945705518878219],[107.7157348,-6.945767],[107.7158982,-6.9455752],[107.7163685,-6.9439042],[107.7172602,-6.9420611],[107.7164485,-6.9417173],[107.7178128,-6.9394662],[107.717772,-6.9391476],[107.7187054,-6.9384579],[107.7192666,-6.9384179],[107.7195013,-6.9381622],[107.7197928,-6.9382827],[107.7208534,-6.9373297],[107.7209597,-6.9369383],[107.7207397,-6.9367985],[107.7212738,-6.9348242],[107.7214967,-6.9344183],[107.7219457,-6.9341903],[107.7219466,-6.9338655],[107.7226786,-6.9333777],[107.7231677,-6.9322507],[107.7229294,-6.9317331],[107.72319700206924,-6.9316835662091565],[107.72302217622,-6.931479510019079],[107.72266075161194,-6.9316922443777855],[107.72285447051387,-6.932292259673818],[107.7224240068107,-6.933280841955268],[107.72183236114589,-6.933597013166494],[107.72168596308258,-6.9340191472033865],[107.7212669476503,-6.934274170824096],[107.72101076165487,-6.934756307342805],[107.72046815308393,-6.9366257822239525],[107.72061449309258,-6.937172908089827],[107.72006227662274,-6.937743083616351],[107.71948026924633,-6.937865129232315],[107.71919196758029,-6.938151665166742],[107.71844788399662,-6.938248758250811],[107.71754862820434,-6.93899390144191],[107.71736294791937,-6.939631832309213],[107.71616865130774,-6.941670988359283],[107.71630153014954,-6.941944247853332],[107.71689859159879,-6.942179399261827],[107.71612745413528,-6.943779556253201],[107.71564981516869,-6.945461906394877],[107.71534204471055,-6.945453144693593],[107.7151790581967,-6.945705518878219]]]]}},{"type":"Feature","properties":{"id":"national-0091","name":"Jalan Nasional","category":"national_road","severity":"soft","methodForce":"boring_only","costMultiplier":1.6,"wilayah":["kota_bandung","kota_cimahi","kab_bandung_barat"],"source":"OSM © OpenStreetMap contributors + buffer 25 m RoW","realData":true},"geometry":{"type":"MultiPolygon","coordinates":[[[[107.32298135624785,-6.827562029019259],[107.3229907,-6.8279763],[107.32393230921268,-6.828260139639367],[107.33124248906387,-6.8294404259193024],[107.34086680166997,-6.832946388127745],[107.34265650067252,-6.833353545389197],[107.3443707117718,-6.83343012307998],[107.34712701285562,-6.833131779185314],[107.36302421896912,-6.832520240685757],[107.37435226307242,-6.8296967068669225],[107.38432547264443,-6.8245151156123],[107.38628178528093,-6.824213322367535],[107.39069227897998,-6.822473320202113],[107.39255155612628,-6.8227306010077555],[107.39380228954597,-6.822601110790457],[107.39422134553828,-6.822313595807938],[107.3951578159666,-6.820595047022687],[107.39670469986602,-6.820546354500187],[107.39840389614517,-6.820838309694345],[107.39899180595717,-6.821605297642414],[107.39903227597334,-6.822497193088637],[107.3997156760493,-6.823426830808326],[107.40168195405765,-6.824497311778353],[107.40236359546375,-6.824561234491851],[107.4038452292294,-6.823860269412566],[107.40597567785385,-6.823865075965221],[107.40747787959695,-6.8270713746091465],[107.40992581416819,-6.828344650585171],[107.40999074646716,-6.82932586152006],[107.41079409982338,-6.829872805079697],[107.41047952638506,-6.830462660395364],[107.41052389888509,-6.831000344130902],[107.41088282266423,-6.831420472359546],[107.41153661764731,-6.831629073689733],[107.41206005267203,-6.832572741505844],[107.41293975277306,-6.833177161739037],[107.41348942794595,-6.834857149657721],[107.41405417116825,-6.835396216112136],[107.41482594941021,-6.835169407650113],[107.41506621502594,-6.834580417752306],[107.41558297648301,-6.8341018787463845],[107.41573093281328,-6.833489944457109],[107.41641904084312,-6.833105037258564],[107.41667382272874,-6.833156174585799],[107.4168885097917,-6.834277131381067],[107.41723188352626,-6.834620450608365],[107.41777592967635,-6.834444697674822],[107.41827618025282,-6.8333290301673],[107.41891685592378,-6.833506129304376],[107.419344478634,-6.834170644808488],[107.41975080369214,-6.834413382087913],[107.42088909569325,-6.834254264354271],[107.42175922709993,-6.83441440999039],[107.42281214702604,-6.8342237589768935],[107.42330927324116,-6.834592109224703],[107.42506541824996,-6.835059055265936],[107.42622083897632,-6.834996856269678],[107.42699374903555,-6.834303352669069],[107.42798968388284,-6.8339994860949815],[107.42830454135618,-6.833525630996899],[107.42859939250103,-6.832434692222911],[107.42933178817292,-6.8316865167956475],[107.43155725607319,-6.831435832510797],[107.43221507083827,-6.8310339138802],[107.4330735660651,-6.8311359398024605],[107.43390660184816,-6.832033587674671],[107.43469020308036,-6.832226462730579],[107.43492142408147,-6.832602918672522],[107.43532299384233,-6.832805486716807],[107.43658467680595,-6.832633872758235],[107.43806615478881,-6.832888797917933],[107.4384602140801,-6.832799807574237],[107.43943447322229,-6.831644983665206],[107.44014160870496,-6.831872515166522],[107.44106215256234,-6.831159319416578],[107.44159609185418,-6.831056844334988],[107.44214534379304,-6.831301117915894],[107.44267648860007,-6.8312227659537585],[107.44314116589905,-6.831698216882996],[107.44615866542874,-6.833218787919722],[107.44951754896366,-6.831528310713273],[107.44982977508735,-6.831496799102582],[107.45058985378786,-6.831853042748777],[107.4518851592973,-6.831951459192385],[107.45215128618365,-6.8318077225268],[107.4524181105546,-6.83124207826012],[107.4527316814939,-6.831124564789297],[107.45342157581223,-6.831975007438294],[107.45406164527589,-6.832314974899689],[107.4653730444284,-6.832707728609523],[107.47386213016475,-6.8379419467778675],[107.48474124348003,-6.84311992274177],[107.49702806109069,-6.851716775011095],[107.49838091415792,-6.856824288858119],[107.4987477426129,-6.859289277149987],[107.50140198482707,-6.862169582376718],[107.50304358260948,-6.863321090606719],[107.50306602242289,-6.863572690778007],[107.50243467462235,-6.868626258751143],[107.50370258479344,-6.871390519343839],[107.50367554738745,-6.874303139048115],[107.50410337609718,-6.880545439804519],[107.50342245549953,-6.8860019682703015],[107.50288803129574,-6.892602821748761],[107.50173958294144,-6.901207796973122],[107.50187033120268,-6.903459238268442],[107.50239709233782,-6.904717537914903],[107.50242021039213,-6.906781436053385],[107.50297206896451,-6.908106480733231],[107.50221369901674,-6.911337671001401],[107.49114944741427,-6.917129370116271],[107.49131583476868,-6.920062039174079],[107.49119099950595,-6.921223355465246],[107.49394801162542,-6.922437475963083],[107.49390089827253,-6.92336570839723],[107.49706045744121,-6.925242386644229],[107.49868329926846,-6.926780955433086],[107.50445690392266,-6.930421463639114],[107.50455798011991,-6.9309887118078555],[107.5055099918164,-6.931690674458143],[107.50563359808352,-6.931967851253844],[107.50441613980988,-6.936327771539664],[107.50959470039608,-6.938537411796982],[107.51612055781078,-6.942575591459205],[107.51893609980613,-6.947515240786496],[107.51971670255047,-6.94815727572417],[107.52070862263156,-6.948302004556726],[107.52259653600241,-6.950764831503514],[107.5233215626445,-6.952444164296014],[107.52370720095493,-6.952160386190546],[107.523017189889,-6.950582923190184],[107.52097470887097,-6.947937493378921],[107.51991007187887,-6.947749162464737],[107.51937555730295,-6.947349767523721],[107.516430924218,-6.942247794265379],[107.51005323328923,-6.938271842417054],[107.50494798602541,-6.936080248327069],[107.50609589072825,-6.931913589211865],[107.5058028788591,-6.931346999710734],[107.50494912779757,-6.930761438795364],[107.50485550192835,-6.930172310045885],[107.49894581448496,-6.926414447656541],[107.4973331638866,-6.92488271111397],[107.49429133697105,-6.923097546674256],[107.49449695110476,-6.922440258333226],[107.49435696403403,-6.92216666041657],[107.4916614706201,-6.921051885237264],[107.49176893833838,-6.920058909444087],[107.49158729740348,-6.917383697024882],[107.50244555127306,-6.9117380520681975],[107.50270973707197,-6.91126456908135],[107.50312036973692,-6.908942497615387],[107.50341630552026,-6.90822678832359],[107.50287932070665,-6.906747246542398],[107.5028399830018,-6.9045864660977845],[107.50226816318344,-6.9031692980709884],[107.50219253840807,-6.901212080056364],[107.50333759623445,-6.892657637483617],[107.50386727092551,-6.886135224032019],[107.50455612960076,-6.880564477961405],[107.5041335533819,-6.87438276412617],[107.5041594341508,-6.871394128336915],[107.50288776746635,-6.868603497793111],[107.50350522440174,-6.863682693747478],[107.50550864888903,-6.864458671932112],[107.50957361086449,-6.863488373740424],[107.51821258782333,-6.867583200674434],[107.52168048230509,-6.868647377085931],[107.52422901376428,-6.8687537797105005],[107.52581045990435,-6.868586042119197],[107.52776734311735,-6.869326478137496],[107.53163860833317,-6.868931106110278],[107.53757836053674,-6.871133060571478],[107.54184161189586,-6.873838856683901],[107.54547892427307,-6.875874725657232],[107.5458251004904,-6.8764128392222945],[107.54619635049279,-6.8763619366533035],[107.54918136851026,-6.8783023661545375],[107.57186268104557,-6.915678695398305],[107.57242623338304,-6.916304988450646],[107.57400580052584,-6.917445274148021],[107.57421331965355,-6.92057915870557],[107.57571866911272,-6.930445934387512],[107.57672917394322,-6.933397801750439],[107.57770085638948,-6.935125707137277],[107.58135575801592,-6.940476333151191],[107.58333075066469,-6.942536360692286],[107.58519838491974,-6.94395806168536],[107.58661109696199,-6.944726543921861],[107.59181562041205,-6.9468287666985],[107.5966967604882,-6.947818331228731],[107.62443153291449,-6.9497393709815585],[107.62769624851639,-6.949699607165777],[107.63101995723156,-6.949075736634109],[107.64182885809575,-6.94581681247905],[107.658306284386,-6.940475846314115],[107.66191858980446,-6.939608050217673],[107.7185567368912,-6.935429685462937],[107.7209732633953,-6.934810755290673],[107.7219457,-6.9341903],[107.7219466,-6.9338655],[107.72082779048945,-6.934384767916736],[107.7187620878047,-6.934757625348096],[107.71788766287891,-6.934545270872225],[107.71683141951468,-6.934031531046949],[107.71588260521946,-6.932191082241296],[107.7131394379229,-6.931144695673955],[107.71135443691554,-6.927485751309153],[107.70964538083632,-6.920981287670821],[107.70817205585001,-6.918873740955849],[107.70307808164904,-6.914072898518156],[107.6967868597345,-6.913795911309035],[107.69144478756553,-6.912071255949477],[107.69001666766334,-6.9105885962521265],[107.68883961763498,-6.90882041970918],[107.68788513520273,-6.9078027075404576],[107.68195490502788,-6.905190345558374],[107.67786560960124,-6.904575846921126],[107.67466746717861,-6.904361565032615],[107.6729502786086,-6.90469971146933],[107.6712814190209,-6.904027731092396],[107.6667195882912,-6.903925657262152],[107.6618472897916,-6.903401810995711],[107.66149839806502,-6.903246335928106],[107.66063777779475,-6.902226748396545],[107.66021993971822,-6.902045740147008],[107.6478963155931,-6.901363337608051],[107.6447583532775,-6.899949622183112],[107.63437203708536,-6.897584146981175],[107.63181404271424,-6.8982281914939945],[107.63020615544372,-6.8993534277517155],[107.62922517566882,-6.899634971396829],[107.62600186899516,-6.8990194106907685],[107.6181305059999,-6.899068875114949],[107.61529491911244,-6.898730026042731],[107.61224431241841,-6.898701661990872],[107.60914042011447,-6.897841284932908],[107.60813279222288,-6.89799819526894],[107.60601546870154,-6.899144763576867],[107.60399781306174,-6.899966662580004],[107.5965997737764,-6.899960711095793],[107.59554400060509,-6.899606391412271],[107.5927859936556,-6.897300193104081],[107.58963346782919,-6.89552511269274],[107.58530306408203,-6.892467941937136],[107.58379068225135,-6.892049581712613],[107.58106167179423,-6.891921896330106],[107.58080603954174,-6.892171916108337],[107.58096319442161,-6.892482525551443],[107.58410157843606,-6.892651697282586],[107.58559310457461,-6.893271866902327],[107.58912203244714,-6.89586921308701],[107.59244498799899,-6.897753551830506],[107.59493635380137,-6.900059880242383],[107.59592939059137,-6.900522616076115],[107.59714854487932,-6.900617480735099],[107.59733132389471,-6.906139797746737],[107.59206756516501,-6.906922520568251],[107.58802010993321,-6.906535831829077],[107.5829944511959,-6.907411021267556],[107.5796303302175,-6.90727280331829],[107.57909716823764,-6.907596711708273],[107.57855703792757,-6.908521934070601],[107.57743256461333,-6.913383643904249],[107.576595045721,-6.913204360176339],[107.56927618782271,-6.910290551936731],[107.54984713697446,-6.878320402867655],[107.54908969853211,-6.877561993299458],[107.5377907524473,-6.870735856009025],[107.53177463864081,-6.868502152973777],[107.5311628147391,-6.868435597130496],[107.52781213440551,-6.868878669781772],[107.52590464370678,-6.868145887507699],[107.52425219316859,-6.868304498657959],[107.52165847952192,-6.868183441079991],[107.51809259971368,-6.867036000906142],[107.50978010968497,-6.863076732228723],[107.50934393735291,-6.863040498098758],[107.5053560081752,-6.864004914814864],[107.50225619334216,-6.862339004558697],[107.4991540019696,-6.859090470728239],[107.49882374334777,-6.856729685523758],[107.49793419799877,-6.853459192741608],[107.49777159609451,-6.852081681851878],[107.49733888342668,-6.851259277424749],[107.49827938331174,-6.84405638506618],[107.49600559668735,-6.84194929015586],[107.49570457048554,-6.841316400809987],[107.49220983477194,-6.837974818448144],[107.48918625623233,-6.836316136370408],[107.48852888156947,-6.835725249109343],[107.4869194923053,-6.8305615633594945],[107.48632451642936,-6.829594040518207],[107.48432554967484,-6.827652828422578],[107.48427530031424,-6.826280810159889],[107.48332652200622,-6.824998279089116],[107.48022447893582,-6.823033106376275],[107.47972311471692,-6.821910899051286],[107.47877183012879,-6.82085584674738],[107.47694869747683,-6.819396266652027],[107.47484675720396,-6.816977769682272],[107.47323865469522,-6.815825390470418],[107.47203291607873,-6.8145281626929455],[107.46678393154741,-6.810793236829679],[107.4650520352338,-6.809786827809665],[107.46177060827544,-6.809234888572515],[107.46097981314406,-6.807614925331158],[107.45974759383559,-6.806819851509198],[107.45917485452333,-6.805858530009282],[107.4582425877595,-6.804923792026316],[107.45740358248297,-6.804935708600025],[107.45659621558207,-6.805435295020347],[107.45578442088846,-6.805669368608289],[107.45419881718286,-6.805433289963516],[107.45364731600677,-6.804911083076537],[107.45175900634585,-6.804269152135477],[107.4507062024542,-6.803142803233147],[107.44986349880908,-6.80263648114784],[107.44874875010399,-6.800731747949566],[107.44829832939263,-6.800309449984962],[107.4475612205468,-6.800338338775844],[107.44662866187596,-6.800080804372171],[107.4457078005782,-6.799521222052811],[107.44489548775047,-6.798580175562429],[107.4444389959886,-6.798531876310331],[107.44383901313581,-6.79884534404693],[107.44235858715946,-6.798221412740201],[107.44191155536492,-6.797722065015236],[107.44147319886392,-6.797626042120859],[107.4414318078876,-6.797291390013324],[107.44200849034956,-6.796744770716],[107.44225427472814,-6.796231762260564],[107.44229420148294,-6.794871910421943],[107.44185478009338,-6.794253806039666],[107.44008343058911,-6.793007170974348],[107.43764645050265,-6.792579218119634],[107.4367124926145,-6.791967339314821],[107.43603824990572,-6.792178864992723],[107.43520843529187,-6.791580384717736],[107.43413100462057,-6.79162854537971],[107.4332302060994,-6.792445864130291],[107.43298514007292,-6.792412926605766],[107.43245969961202,-6.789850815973162],[107.43388681627152,-6.7878496300309035],[107.4339160601708,-6.787338913965178],[107.43351406330578,-6.785875082918095],[107.43371935022495,-6.785581200040118],[107.4348238411462,-6.785172147432135],[107.43532573413677,-6.784257905772102],[107.4362798683426,-6.783785058107007],[107.43655422584074,-6.782233500188128],[107.43633173648851,-6.781625580417488],[107.43649126909254,-6.781179206934937],[107.43784694277323,-6.781633409787166],[107.43841957017864,-6.7811396536363],[107.43845299161079,-6.780539358095929],[107.43811343403966,-6.77948718287318],[107.43767182606173,-6.778546179993272],[107.43726806220607,-6.778133826737773],[107.4373005308383,-6.777881425539318],[107.43759268150748,-6.777436523661576],[107.43800972884259,-6.777635390269233],[107.4384123706473,-6.777533811112639],[107.43892634154317,-6.776778439390898],[107.43866734506572,-6.775272335702057],[107.43911845571371,-6.774044581354161],[107.4388992596011,-6.772226628143371],[107.4390333715523,-6.771031941209695],[107.44004533237056,-6.7689514533926785],[107.44015229937374,-6.768129962551516],[107.4404421479089,-6.767897041244261],[107.44290230348906,-6.767585679977468],[107.44316954519415,-6.767410799367423],[107.44345715687611,-6.766855812816159],[107.44429790487175,-6.766116684460614],[107.44493626711919,-6.764787769244124],[107.44508264096156,-6.763947980812142],[107.44482690606394,-6.763136584782516],[107.44493529514489,-6.762652782529974],[107.44580291201952,-6.761943153773279],[107.44617116737817,-6.760919755251745],[107.44691907121046,-6.761016738412899],[107.44735146413664,-6.760807490463419],[107.44762514915215,-6.7598708395753535],[107.4474677249677,-6.758603832193276],[107.44620955308409,-6.757715700899306],[107.4447494497188,-6.755998031260582],[107.44454098461404,-6.755292029330833],[107.4438001922361,-6.754651891369853],[107.44341525382796,-6.753562287753064],[107.44401484144933,-6.752980066658179],[107.44433046107416,-6.7520665520381025],[107.44529702781941,-6.750433799871056],[107.44579811083247,-6.748742627200285],[107.44656056032841,-6.747085888490363],[107.44644710233489,-6.74567472702179],[107.44565231757757,-6.743998330180632],[107.44390840937763,-6.743470108521477],[107.44252268956501,-6.7427666564384054],[107.4400211150233,-6.739638305548186],[107.43957143033325,-6.739316005894728],[107.4386816490225,-6.739178407935446],[107.43842379867371,-6.738968221434521],[107.43814003213869,-6.737791553249743],[107.43827009587507,-6.734994318688176],[107.44048361051496,-6.733593093364465],[107.44104697289005,-6.732535978406871],[107.44178334591078,-6.7317164353329755],[107.4431208998459,-6.731422337653265],[107.44467617759796,-6.729863384352186],[107.44633058958802,-6.729199354199632],[107.44698239865203,-6.727909429750879],[107.44798310554926,-6.727430196202973],[107.4493281330615,-6.7254524495920185],[107.44858894360266,-6.72349360876292],[107.44889694523678,-6.721653169679254],[107.4488301090627,-6.719741827271553],[107.44865490836561,-6.7194096364086775],[107.4476936923904,-6.719350015066106],[107.44706039467647,-6.718924618658298],[107.44637876399277,-6.717026579606351],[107.44555568842775,-6.716505604376091],[107.44448320328348,-6.715111968361416],[107.44320166103321,-6.714307982396238],[107.44259948187224,-6.712784966523747],[107.44128253296904,-6.712193556892479],[107.43969201784392,-6.711986836020952],[107.43820540755763,-6.711294802360178],[107.4373261492182,-6.710360655287866],[107.43656665223884,-6.710228997679209],[107.4355024385548,-6.7089228564532695],[107.43545077357956,-6.708434616584105],[107.43499801347274,-6.707848272154688],[107.43449643333278,-6.706395462492869],[107.43463057815016,-6.705466763209469],[107.43425192087523,-6.70473078753491],[107.43455764929867,-6.703590198382922],[107.43412947351709,-6.702989429236679],[107.43526580787014,-6.703192229880525],[107.43604550896879,-6.702803452700696],[107.43634871409596,-6.701436964020015],[107.43609578218546,-6.700997745307172],[107.4355275088197,-6.700751662376191],[107.43551073664842,-6.701221846116166],[107.4359087031161,-6.701542988420782],[107.43566331928794,-6.702559485322306],[107.43522946218344,-6.702743740145193],[107.43395373235624,-6.702571813724072],[107.4336733328487,-6.703000959351313],[107.43411351277673,-6.703740029557549],[107.43379925498425,-6.7047185960253595],[107.43386195878288,-6.705178352127005],[107.43416512573172,-6.705454716677189],[107.43407457295255,-6.706573601370731],[107.43513528752565,-6.709186830704608],[107.43625899456121,-6.710558908586984],[107.43708732342762,-6.710757991883727],[107.43798239520044,-6.711686294140098],[107.43955548899038,-6.712415712363526],[107.44115894188273,-6.712626354456813],[107.44227062187397,-6.713095154495258],[107.44291449457121,-6.714659395167847],[107.44418454099142,-6.715450013050509],[107.44527108679591,-6.716857420873425],[107.44601674634193,-6.717296636618208],[107.44672475715998,-6.71922705928115],[107.44755843552683,-6.719779267278961],[107.44832403703013,-6.719780379322815],[107.4484397529464,-6.721737864676707],[107.44813591809464,-6.723494949504046],[107.44887600339942,-6.725418356640859],[107.44756477793402,-6.72721643557686],[107.44662974598148,-6.727627192715347],[107.44608121099343,-6.728823132994749],[107.44440612537045,-6.729502097487284],[107.44287180955266,-6.731046418559402],[107.44209401793466,-6.731091847693792],[107.44141150768768,-6.731425028613748],[107.44069037509014,-6.732258339534178],[107.44024085204026,-6.7332034522246085],[107.43782755344967,-6.7348991411085635],[107.4376870653902,-6.737787873239052],[107.43806066494545,-6.739237535741481],[107.43848370472847,-6.7395834222653335],[107.4393978167732,-6.739731484996729],[107.43982501031162,-6.740071172162719],[107.44224011057172,-6.743118402815802],[107.4437288146722,-6.74388321390731],[107.44530935537189,-6.744295012529528],[107.446022410027,-6.745831843014294],[107.4461425936442,-6.746849902291582],[107.44537305407997,-6.74858735343698],[107.44490061428169,-6.750214996710366],[107.4439722814128,-6.751763053707356],[107.44366892708749,-6.752661669584138],[107.44303989824778,-6.753293281995608],[107.44297769815671,-6.753682506213867],[107.44338422739985,-6.754834222612376],[107.44412602716,-6.755507143007444],[107.4444017504003,-6.756287521863315],[107.44589528825855,-6.7580395599055665],[107.44702786534512,-6.75877194309322],[107.4471772432512,-6.759802929453984],[107.44699551272706,-6.760529275164714],[107.44588695902438,-6.760566833584837],[107.44548607631441,-6.761603340922385],[107.44448769857871,-6.762515556390513],[107.44436332229199,-6.763120667815209],[107.44462923689855,-6.763954794647154],[107.44451634750257,-6.764618840693058],[107.4439371486044,-6.765844362968037],[107.44303572908228,-6.766649232082805],[107.44280637940028,-6.767136928022521],[107.4403501556813,-6.76745646674706],[107.43974355902803,-6.767934018215704],[107.43963311026918,-6.768748716580595],[107.43917402356216,-6.769458056376064],[107.43855885191586,-6.7711400779854385],[107.438446908369,-6.772198808937494],[107.43866694330322,-6.77400514566449],[107.43821448296532,-6.7752987333752],[107.4384425555218,-6.776761518929348],[107.43812323882739,-6.7771780987824535],[107.43766246377001,-6.776986249161404],[107.43722820497212,-6.777134148272132],[107.4367801951842,-6.778080441775727],[107.43767474338713,-6.779599727421749],[107.43799211260365,-6.78098795858988],[107.43780991864858,-6.781184203122815],[107.43667704837385,-6.7806582412356375],[107.43623630124759,-6.78076778688568],[107.43587797415971,-6.781626259037334],[107.43609807667796,-6.782250662768519],[107.43590295570537,-6.783529862241664],[107.43503514652109,-6.783911714834577],[107.43458060711455,-6.784791249761779],[107.43345933165313,-6.785209503298792],[107.43312112184006,-6.785649967825741],[107.4330204868695,-6.786220792352975],[107.43348887262017,-6.787593360988464],[107.4318965086796,-6.789792396455836],[107.4325182943802,-6.792485583668731],[107.43271554727578,-6.792780097793396],[107.43314596720307,-6.792944062955598],[107.43431294757683,-6.792043393791264],[107.43515885223371,-6.792034982766922],[107.43578261546976,-6.792572737376063],[107.43656573407277,-6.792428970619852],[107.43750003101243,-6.793005706873474],[107.43982810523781,-6.793379308147572],[107.44173747693615,-6.794729899188339],[107.44185476105196,-6.794983796801157],[107.44178236444321,-6.796246249279959],[107.44096140341935,-6.797212007961682],[107.44111094125468,-6.797918241258167],[107.4416559849889,-6.7981230916832445],[107.44210441509601,-6.798595206132811],[107.44367300198576,-6.799278295394109],[107.44480251652112,-6.799036173682967],[107.44535524248154,-6.799804705194382],[107.44630874673982,-6.800448913749094],[107.44742976205707,-6.800776310984653],[107.44807830642488,-6.800703687238324],[107.4495473192419,-6.802964614412434],[107.450399585728,-6.803473746860298],[107.45151944906263,-6.804651165283602],[107.45339311632007,-6.805289439510188],[107.45401174096497,-6.805843091698524],[107.45584818322897,-6.806114675225233],[107.45800384069715,-6.805306344332862],[107.45881454043058,-6.806131040125981],[107.45939149002774,-6.807098735740806],[107.46058391074772,-6.807853405280151],[107.46151740435056,-6.809624067438195],[107.46196781769157,-6.809827081956174],[107.46484500413764,-6.810186979825598],[107.46652019798637,-6.811158820145184],[107.47174880012437,-6.814878469315309],[107.47290840049803,-6.816133411976419],[107.47449819523352,-6.817350057313955],[107.47663624818023,-6.819721784389987],[107.47847655573439,-6.821203505641158],[107.47931378507054,-6.8221237359359055],[107.47989497748979,-6.823342331950344],[107.48300883110747,-6.825319016388882],[107.48388632327826,-6.8265314616665],[107.48396790006827,-6.827941733845838],[107.48598118746938,-6.829887409687076],[107.48640287691993,-6.830536682169152],[107.487826322607,-6.835155870476249],[107.48811299179995,-6.835919664722197],[107.4885444049971,-6.836422905013288],[107.48474166853389,-6.842569064845699],[107.4740788423746,-6.8375470973086365],[107.46565050974101,-6.8323278223811315],[107.46413143477633,-6.83214442574709],[107.45414179097033,-6.831872306062662],[107.45281182033716,-6.830676884099094],[107.45211632612781,-6.83090567121834],[107.45166836396048,-6.831519177102076],[107.4494780659486,-6.831063982562364],[107.44618085933682,-6.8327683755395165],[107.44344109658235,-6.831341255493269],[107.44280842761256,-6.830783625348607],[107.44226522730598,-6.830852672046184],[107.4416701304156,-6.83059735678726],[107.44089839670447,-6.830739199993927],[107.44014898792345,-6.831408660775889],[107.43960189868818,-6.83118077226488],[107.43920546883426,-6.831255746399816],[107.4381902623916,-6.832429126405744],[107.4367348724295,-6.8321879184776915],[107.43543629980712,-6.832369731272086],[107.43483020928701,-6.831783864606014],[107.4342581494253,-6.831714812401244],[107.43319642050155,-6.83069087920707],[107.43218033197016,-6.830575158078889],[107.43140442457869,-6.830997387374],[107.4296369964133,-6.8311149273326945],[107.4290767602498,-6.831313141617854],[107.42822177323455,-6.83218584403006],[107.42772387091864,-6.833618943776266],[107.42689348820187,-6.833820351132735],[107.42604166110652,-6.83456694372098],[107.42519691023497,-6.834622580670649],[107.42353295271958,-6.834188208198492],[107.4229220696544,-6.833785454576261],[107.41988448629256,-6.833982907615991],[107.41910633476995,-6.833076752406724],[107.41829629268598,-6.832869527603397],[107.41793767207108,-6.833026205656748],[107.41740708759467,-6.834181286508542],[107.41709950913321,-6.832970994410568],[107.41646743909236,-6.832651001421385],[107.41552835949149,-6.8330278121143575],[107.41516657426075,-6.83389746850296],[107.41469247287273,-6.834320198137853],[107.41449491458496,-6.834859623568553],[107.4142045534848,-6.834965380740731],[107.41389992043854,-6.834663942088607],[107.41334519678664,-6.832959319624722],[107.41245385853497,-6.83232731498538],[107.41184668203118,-6.831300886498467],[107.41096319369434,-6.830852556326199],[107.41123342064657,-6.829759187979029],[107.41038599152787,-6.829101774520704],[107.41033237008263,-6.828145910117835],[107.40773722257275,-6.82668437124067],[107.4063257017061,-6.8235721015591935],[107.4057157457976,-6.823350417148427],[107.40378558603962,-6.823414293950123],[107.4022538775612,-6.8241246785916925],[107.40183738689093,-6.824074953471322],[107.4000705347593,-6.823145903005144],[107.39940458785398,-6.822210031492984],[107.39933111768815,-6.821262224734215],[107.398665675431,-6.820470652951445],[107.39676192806856,-6.820100129931752],[107.394979859153,-6.820165481956384],[107.39386398871085,-6.822036946440718],[107.39355004474241,-6.822202093748271],[107.39260454395875,-6.822283524745553],[107.39059927935399,-6.822033016425165],[107.38615860893728,-6.823780488015553],[107.38415518150929,-6.824098372737699],[107.37420162850002,-6.8292726076391785],[107.36298495767525,-6.832072257284566],[107.34710501922348,-6.832682609594046],[107.34436598529003,-6.832980411813836],[107.34271537109582,-6.832907666075117],[107.3410180341418,-6.832522496666508],[107.33136884157587,-6.829008557931914],[107.32298135624785,-6.827562029019259]],[[107.4852000659448,-6.842746765070636],[107.4889087550415,-6.8366945332783535],[107.49166387808445,-6.838137895436519],[107.49536330636698,-6.841612842771308],[107.49554708930604,-6.842122908540986],[107.49787720874966,-6.844322970202594],[107.49691056241994,-6.851022229554276],[107.4852000659448,-6.842746765070636]],[[107.56967805528737,-6.910989190764096],[107.57617096919142,-6.91353648493492],[107.57733575330667,-6.913822936342094],[107.57655416553425,-6.917228475216589],[107.57485078200835,-6.917012478359492],[107.57450650785532,-6.916779177120963],[107.57398179498689,-6.91683237249864],[107.57254767339424,-6.915673502864359],[107.56967805528737,-6.910989190764096]],[[107.57464331531148,-6.917529995176689],[107.57659299313978,-6.917775177127673],[107.57693518974926,-6.9175176858463026],[107.57894849076347,-6.908780306078677],[107.57954607527361,-6.907791651190959],[107.58002501281628,-6.907677078751573],[107.58303115607322,-6.907859213882518],[107.58804698627499,-6.907056202359621],[107.59204603265124,-6.907372456950414],[107.59766156747645,-6.906663668067301],[107.59786133632363,-6.906216536618843],[107.59767872395173,-6.90065523382965],[107.60436022517851,-6.9005816419322406],[107.60797477582925,-6.89867108944714],[107.60921328273815,-6.898380250235932],[107.6121809942829,-6.899217279552154],[107.615815582973,-6.899290302196364],[107.61800077698798,-6.899601985309713],[107.62597390848707,-6.899468298433602],[107.62853932690237,-6.9000700279394005],[107.62938620532823,-6.900075573745286],[107.6304071953509,-6.899756700583826],[107.63187173438641,-6.898698760899098],[107.63418844902898,-6.898017370977522],[107.64458375835511,-6.900364802008875],[107.64780345208614,-6.901803679153467],[107.65663960285325,-6.902432711117731],[107.66019368990446,-6.902494654684569],[107.66118242589573,-6.903568733433338],[107.66176841895636,-6.9038446889489595],[107.66660975526018,-6.904370080442646],[107.67114204336745,-6.904466486375969],[107.6728754292388,-6.905143452969999],[107.6746488229956,-6.904811069231686],[107.6815072720437,-6.905520643810571],[107.6877286223101,-6.90824237491683],[107.68967687204412,-6.910885953100186],[107.69082860593777,-6.912194817433551],[107.69139470652556,-6.9125356565296965],[107.69670938489048,-6.914239457384503],[107.7027443497609,-6.914479235224365],[107.7077745789349,-6.919110267427566],[107.70923295801063,-6.92117370272036],[107.71091945324454,-6.927611562737937],[107.71265306704471,-6.9312806972286465],[107.71339974580228,-6.93182140902578],[107.71552794797198,-6.932493269654663],[107.71638759312167,-6.934205714943937],[107.71717335570789,-6.934854732476593],[107.66195632951849,-6.939052878634127],[107.65819830157649,-6.939920428795478],[107.63025339693023,-6.948723588256394],[107.62745199847637,-6.949173319723927],[107.62450604545174,-6.949186708111626],[107.5955426206656,-6.947023866278225],[107.59207823448462,-6.946219699139646],[107.58612320475738,-6.943795695437955],[107.58360855489856,-6.942044306049206],[107.58138609968678,-6.939597936637303],[107.5777181725417,-6.93413207574423],[107.57647829331327,-6.931105630018786],[107.57474863954445,-6.920388755274025],[107.57464331531148,-6.917529995176689]],[[107.71759380519322,-6.935041241525729],[107.71771460193648,-6.934961036319295],[107.71789747691044,-6.935019348496816],[107.71759380519322,-6.935041241525729]]],[[[107.72220101334163,-6.933713149298991],[107.7225039,-6.9336317],[107.72262770127224,-6.93348345331517],[107.72220101334163,-6.933713149298991]]]]}},{"type":"Feature","properties":{"id":"heritage-braga","name":"Kawasan Cagar Budaya Braga","category":"heritage_zone","severity":"soft","methodForce":"underground","costMultiplier":1.8,"source":"hand-curated dari landmark Braga + Perda cagar budaya (indikatif)","realData":false,"wilayah":["kota_bandung"]},"geometry":{"type":"Polygon","coordinates":[[[107.60673521280312,-6.917499994648197],[107.60677872799094,-6.917938616600161],[107.6069076056511,-6.918360382940719],[107.60711689328647,-6.918749085359928],[107.60739854822366,-6.919089786143007],[107.60774174666814,-6.919369392233372],[107.60813329964948,-6.919577158409204],[107.60855815987317,-6.919705100234056],[107.609,-6.919748300909312],[107.60944184012683,-6.919705100234056],[107.60986670035052,-6.919577158409204],[107.61025825333186,-6.919369392233372],[107.61060145177633,-6.919089786143007],[107.61088310671353,-6.918749085359928],[107.6110923943489,-6.918360382940719],[107.61122127200906,-6.917938616600161],[107.61126478719689,-6.917499994648197],[107.61122126788294,-6.917061373103614],[107.61109238672482,-6.916639607923183],[107.61088309675218,-6.916250907240223],[107.61060144099424,-6.9159102085051885],[107.61025824337051,-6.915630604462872],[107.60986669272644,-6.915422840023289],[107.60944183600071,-6.915294899358561],[107.609,-6.915251699090689],[107.60855816399929,-6.915294899358561],[107.60813330727356,-6.915422840023289],[107.6077417566295,-6.915630604462872],[107.60739855900576,-6.9159102085051885],[107.60711690324783,-6.916250907240223],[107.60690761327518,-6.916639607923183],[107.60677873211706,-6.917061373103614],[107.60673521280312,-6.917499994648197]]]}},{"type":"Feature","properties":{"id":"heritage-asia-afrika","name":"Asia-Afrika / Gedung Merdeka","category":"heritage_zone","severity":"soft","methodForce":"underground","costMultiplier":1.8,"source":"hand-curated dari landmark Gedung Merdeka (indikatif)","realData":false,"wilayah":["kota_bandung"]},"geometry":{"type":"Polygon","coordinates":[[[107.60688223464096,-6.921099992289353],[107.6069344527678,-6.92162633868069],[107.60708910671806,-6.922132458428968],[107.60734025351405,-6.9225989015410105],[107.60767824191696,-6.923007742727254],[107.60809008328938,-6.923343270282263],[107.60855995073108,-6.923592589902307],[107.60906978730816,-6.923746120231815],[107.6096,-6.923797961091174],[107.61013021269186,-6.923746120231815],[107.61064004926894,-6.923592589902307],[107.61110991671063,-6.923343270282263],[107.61152175808306,-6.923007742727254],[107.61185974648596,-6.9225989015410105],[107.61211089328195,-6.922132458428968],[107.61226554723221,-6.92162633868069],[107.61231776535905,-6.921099992289353],[107.61226554128741,-6.920573646484952],[107.6121108822974,-6.920067528408133],[107.61185973213396,-6.919601087797607],[107.61152174254856,-6.919192249562098],[107.61110990235863,-6.918856724957827],[107.61064003828439,-6.918607407839295],[107.61013020674706,-6.9184538791812455],[107.6096,-6.918402038908826],[107.60906979325296,-6.9184538791812455],[107.60855996171563,-6.918607407839295],[107.60809009764138,-6.918856724957827],[107.60767825745145,-6.919192249562098],[107.60734026786605,-6.919601087797607],[107.60708911770261,-6.920067528408133],[107.6069344587126,-6.920573646484952],[107.60688223464096,-6.921099992289353]]]}},{"type":"Feature","properties":{"id":"heritage-gedung-sate","name":"Kawasan Gedung Sate","category":"heritage_zone","severity":"soft","methodForce":"underground","costMultiplier":1.8,"source":"hand-curated dari landmark Gedung Sate (indikatif)","realData":false,"wilayah":["kota_bandung"]},"geometry":{"type":"Polygon","coordinates":[[[107.61507645545313,-6.902499986329382],[107.61514607557564,-6.9032017816466436],[107.61535227162017,-6.903876608344936],[107.61568712009695,-6.904498533044118],[107.61613775330677,-6.905043655274413],[107.61668685378758,-6.905491025996464],[107.61731331979668,-6.905823452706514],[107.61799307625687,-6.906028160180032],[107.6187,-6.9060972814548975],[107.61940692374316,-6.906028160180032],[107.62008668020334,-6.905823452706514],[107.62071314621244,-6.905491025996464],[107.62126224669325,-6.905043655274413],[107.62171287990307,-6.904498533044118],[107.62204772837985,-6.903876608344936],[107.62225392442437,-6.9032017816466436],[107.62232354454689,-6.902499986329382],[107.62225391388495,-6.901798192052733],[107.62204770890554,-6.901123368317859],[107.62171285445865,-6.9005014480537445],[107.6212622191524,-6.899956331054968],[107.62071312076799,-6.899508965564436],[107.62008666072902,-6.899176543289455],[107.61940691320373,-6.898971838779354],[107.6187,-6.898902718545102],[107.61799308679628,-6.898971838779354],[107.61731333927099,-6.899176543289455],[107.61668687923202,-6.899508965564436],[107.61613778084762,-6.899956331054968],[107.61568714554137,-6.9005014480537445],[107.61535229109448,-6.901123368317859],[107.61514608611508,-6.901798192052733],[107.61507645545313,-6.902499986329382]]]}},{"type":"Feature","properties":{"id":"heritage-cipaganti","name":"Jalan Cipaganti (heritage)","category":"heritage_zone","severity":"soft","methodForce":"underground","costMultiplier":1.8,"source":"hand-curated dari koridor Cipaganti (indikatif)","realData":false,"wilayah":["kota_bandung"]},"geometry":{"type":"Polygon","coordinates":[[[107.60346356969379,-6.892999993310706],[107.60351230391231,-6.893491249923337],[107.60365663918972,-6.893963628300094],[107.60389102905111,-6.894398975122383],[107.60420646619187,-6.894780560132471],[107.60459082859798,-6.895093719086732],[107.6050293453794,-6.895326417316466],[107.60550516441594,-6.895469712235676],[107.606,-6.895518097018429],[107.60649483558404,-6.895469712235676],[107.60697065462058,-6.895326417316466],[107.60740917140203,-6.895093719086732],[107.60779353380812,-6.894780560132471],[107.60810897094888,-6.894398975122383],[107.60834336081027,-6.893963628300094],[107.60848769608768,-6.893491249923337],[107.60853643030622,-6.892999993310706],[107.60848769093064,-6.892508737207269],[107.60834335128129,-6.892036360280566],[107.60810895849868,-6.891601015628444],[107.60779352033214,-6.891219433178235],[107.60740915895182,-6.890906276783859],[107.60697064509162,-6.890673580724286],[107.60649483042701,-6.890530287255134],[107.606,-6.890481902981572],[107.60550516957298,-6.890530287255134],[107.60502935490838,-6.890673580724286],[107.60459084104816,-6.890906276783859],[107.60420647966785,-6.891219433178235],[107.60389104150131,-6.891601015628444],[107.6036566487187,-6.892036360280566],[107.60351230906934,-6.892508737207269],[107.60346356969379,-6.892999993310706]]]}},{"type":"Feature","properties":{"id":"kkop-husein","name":"KKOP Husein Sastranegara","category":"airport_kkop","severity":"soft","methodForce":"underground","costMultiplier":1.6,"source":"aproksimasi param KKOP publik (pusat runway Husein) — bukan poligon resmi","realData":false,"wilayah":["kota_bandung","kota_cimahi"]},"geometry":{"type":"Polygon","coordinates":[[[107.55365293750098,-6.900599466139902],[107.55408788862051,-6.904985703829569],[107.55537646206858,-6.909203419214795],[107.55746915858701,-6.913090521289721],[107.56028557034237,-6.916497621048195],[107.56371746891621,-6.919293773919105],[107.56763296373732,-6.921371513666887],[107.57188157126326,-6.922650984036371],[107.5763,-6.923083009093113],[107.58071842873673,-6.922650984036371],[107.58496703626268,-6.921371513666887],[107.5888825310838,-6.919293773919105],[107.59231442965763,-6.916497621048195],[107.595130841413,-6.913090521289721],[107.59722353793143,-6.909203419214795],[107.59851211137948,-6.904985703829569],[107.59894706249901,-6.900599466139902],[107.5985116997992,-6.8962132690879105],[107.59722277743023,-6.891995669428996],[107.59512984777028,-6.88810874055074],[107.59231335414648,-6.8847018450916755],[107.58888153744103,-6.881905896520183],[107.58496627576142,-6.8798283299690945],[107.58071801715641,-6.878548975325944],[107.5763,-6.8781169909068876],[107.57188198284359,-6.878548975325944],[107.56763372423859,-6.8798283299690945],[107.56371846255898,-6.881905896520183],[107.56028664585352,-6.8847018450916755],[107.55747015222971,-6.88810874055074],[107.55537722256976,-6.891995669428996],[107.5540883002008,-6.8962132690879105],[107.55365293750098,-6.900599466139902]]]}},{"type":"Feature","properties":{"id":"hsr-whoosh-padalarang","name":"RoW Kereta Cepat Whoosh (Padalarang)","category":"hsr_row","severity":"hard","methodForce":null,"costMultiplier":1,"source":"aproksimasi lintasan HSR melalui Padalarang (RoW nyaris untouchable)","realData":false,"wilayah":["kab_bandung_barat"]},"geometry":{"type":"Polygon","coordinates":[[[107.44445863358726,-6.852047473979986],[107.44447836407622,-6.852151422780116],[107.44451814075994,-6.85224955249653],[107.44457643505265,-6.852338092054589],[107.44465100674289,-6.852413638922536],[107.44473899008271,-6.852473289869828],[107.44483700391677,-6.852514752537694],[107.44494128161897,-6.8525364335341505],[107.44504781584317,-6.852537499667919],[107.44515251252525,-6.85251790996791],[107.47610528020698,-6.843531623565037],[107.50495622377942,-6.840547044713654],[107.53485904688527,-6.848521128017033],[107.53496415292528,-6.848538417088125],[107.53507063655282,-6.8485350150693876],[107.53517440564819,-6.848511052698955],[107.535271472411,-6.848467450840302],[107.53535810661103,-6.848405885093511],[107.53543097894017,-6.848328721402128],[107.53548728895657,-6.848238925130294],[107.53552487270396,-6.848139947104449],[107.53554228587026,-6.8480355909990624],[107.53553885929018,-6.847929867162898],[107.5355147246589,-6.8478268385032255],[107.53547080946898,-6.847730464350642],[107.5354088013655,-6.847644448304675],[107.53533108328955,-6.84757209590731],[107.53524064190223,-6.847516187613849],[107.53514095280933,-6.847478871942587],[107.50514098322364,-6.839478880633589],[107.50504304409907,-6.839462102946991],[107.50494366541517,-6.839463314635436],[107.4759436976583,-6.842463311261817],[107.47584745700655,-6.842482099708814],[107.44484748780349,-6.851482089984742],[107.44474865228442,-6.851521582612801],[107.44465947588841,-6.85157946053689],[107.44458338560888,-6.851653499547038],[107.44452330555225,-6.8517408543723795],[107.4444815445664,-6.8518381680222875],[107.44445970751198,-6.8519417007926755],[107.44445863358726,-6.852047473979986]]]}}]}