{"type":"FeatureCollection","features":[{"type":"Feature","geometry":{"type":"Polygon","coordinates":[[[107.56320567591594,-6.9434681976974675],[107.56373888516137,-6.938747044080378],[107.55980778527416,-6.93618203010863],[107.55534338050644,-6.938338368472224],[107.55481026606468,-6.943059675253772],[107.55874146157788,-6.945624490515784],[107.56320567591594,-6.9434681976974675]]]},"properties":{"h3":"888c1478a7fffff","incumbentScore":0.31,"method":"modeled_from_supply_density","realData":false}},{"type":"Feature","geometry":{"type":"Polygon","coordinates":[[[107.61817931214864,-6.867798657521314],[107.61871327621799,-6.863074712594484],[107.61478323227796,-6.860507512497483],[107.61031912795664,-6.86266445609804],[107.60978525850342,-6.867388555000391],[107.61371539874627,-6.869955556335118],[107.61817931214864,-6.867798657521314]]]},"properties":{"h3":"888c16b6b9fffff","incumbentScore":0.315,"method":"modeled_from_supply_density","realData":false}},{"type":"Feature","geometry":{"type":"Polygon","coordinates":[[[107.61497582566949,-6.8961377068327545],[107.61550970461637,-6.891415082227468],[107.61157990193175,-6.888849004040976],[107.60711612404253,-6.891005749266289],[107.60658233970813,-6.895728527719938],[107.6105122386413,-6.89829440710838],[107.61497582566949,-6.8961377068327545]]]},"properties":{"h3":"888c16b6d3fffff","incumbentScore":0.314,"method":"modeled_from_supply_density","realData":false}},{"type":"Feature","geometry":{"type":"Polygon","coordinates":[[[107.66372231034072,-6.9127529232126825],[107.6642567136411,-6.9080318839114785],[107.66032891282953,-6.905467349054027],[107.65586661191239,-6.907624052485187],[107.65533230300676,-6.91234524607374],[107.65926020061441,-6.914909581952217],[107.66372231034072,-6.9127529232126825]]]},"properties":{"h3":"888c147929fffff","incumbentScore":0.004,"method":"modeled_from_supply_density","realData":false}},{"type":"Feature","geometry":{"type":"Polygon","coordinates":[[[107.66051618846171,-6.941074532000861],[107.66105050664352,-6.936354814954488],[107.65712294642529,-6.933791403909333],[107.65266097127437,-6.935947908933098],[107.6521267474837,-6.940667780139111],[107.65605440444371,-6.943230992170166],[107.66051618846171,-6.941074532000861]]]},"properties":{"h3":"888c147943fffff","incumbentScore":0.002,"method":"modeled_from_supply_density","realData":false}},{"type":"Feature","geometry":{"type":"Polygon","coordinates":[[[107.65552015472953,-6.947950455446709],[107.65605440444371,-6.943230992170166],[107.6521267474837,-6.940667780139111],[107.64766474412008,-6.942824230402287],[107.64713058881415,-6.94754384776472],[107.65105834245449,-6.950106860786537],[107.65552015472953,-6.947950455446709]]]},"properties":{"h3":"888c14795dfffff","incumbentScore":0.312,"method":"modeled_from_supply_density","realData":false}},{"type":"Feature","geometry":{"type":"Polygon","coordinates":[[[107.57320051062433,-6.929712882595401],[107.57373385717348,-6.924991219981321],[107.56980294872288,-6.922425808575402],[107.56533859796492,-6.924582258511587],[107.5648053461854,-6.929304074437578],[107.56873635038511,-6.931869287123965],[107.57320051062433,-6.929712882595401]]]},"properties":{"h3":"888c147991fffff","incumbentScore":0.533,"method":"modeled_from_supply_density","realData":false}},{"type":"Feature","geometry":{"type":"Polygon","coordinates":[[[107.59658733830182,-6.909486650243347],[107.59712098543665,-6.904764378988422],[107.59319067739094,-6.902198534874316],[107.58872662617165,-6.904355160784922],[107.58819307371937,-6.909077585656848],[107.5921234777947,-6.911643231009662],[107.59658733830182,-6.909486650243347]]]},"properties":{"h3":"888c1479abfffff","incumbentScore":0.315,"method":"modeled_from_supply_density","realData":false}},{"type":"Feature","geometry":{"type":"Polygon","coordinates":[[[107.61516837458448,-6.9317543159145565],[107.61570219444273,-6.927033421118051],[107.61177284986536,-6.924468827913229],[107.60730958919193,-6.926625328369195],[107.60677586392362,-6.931346376896864],[107.61070530472968,-6.933910771245873],[107.61516837458448,-6.9317543159145565]]]},"properties":{"h3":"888c1479c5fffff","incumbentScore":0.007,"method":"modeled_from_supply_density","realData":false}},{"type":"Feature","geometry":{"type":"Polygon","coordinates":[[[107.70905544910177,-6.922071919012997],[107.70959034964346,-6.917352060006726],[107.70566433762103,-6.914788707885239],[107.70120332773952,-6.916945413915368],[107.7006685213936,-6.921665427636869],[107.70459463072429,-6.924228580621409],[107.70905544910177,-6.922071919012997]]]},"properties":{"h3":"888c144c87fffff","incumbentScore":0.003,"method":"modeled_from_supply_density","realData":false}},{"type":"Feature","geometry":{"type":"Polygon","coordinates":[[[107.71904686829784,-6.9083184638990565],[107.71958190557429,-6.903598099428874],[107.71565608835246,-6.901034349019303],[107.71119513641406,-6.903191162234703],[107.71066019329915,-6.907911681567673],[107.71458610795196,-6.910475232830854],[107.71904686829784,-6.9083184638990565]]]},"properties":{"h3":"888c144ca1fffff","incumbentScore":0.002,"method":"modeled_from_supply_density","realData":false}},{"type":"Feature","geometry":{"type":"Polygon","coordinates":[[[107.69228105880318,-6.921258762750422],[107.69281577091726,-6.91653859439723],[107.68888912982138,-6.91397491419996],[107.6844276794851,-6.916131601447057],[107.68389306163884,-6.920851924348368],[107.68781979985192,-6.9234154054628885],[107.69228105880318,-6.921258762750422]]]},"properties":{"h3":"888c144cbbfffff","incumbentScore":0.159,"method":"modeled_from_supply_density","realData":false}},{"type":"Feature","geometry":{"type":"Polygon","coordinates":[[[107.71084162356107,-6.943511391244116],[107.71137650733392,-6.938792600910441],[107.70745083261562,-6.936230174580193],[107.7029901768001,-6.938386737768802],[107.70245538720238,-6.943105682763379],[107.70638115923593,-6.945667909916865],[107.71084162356107,-6.943511391244116]]]},"properties":{"h3":"888c144cd5fffff","incumbentScore":0.314,"method":"modeled_from_supply_density","realData":false}},{"type":"Feature","geometry":{"type":"Polygon","coordinates":[[[107.66230624036646,-6.962513492526425],[107.66284054190128,-6.957794845411754],[107.658913319023,-6.95523235963897],[107.65445169785197,-6.95738872004303],[107.65391749068765,-6.962107521263236],[107.65784481031477,-6.964669807982297],[107.66230624036646,-6.962513492526425]]]},"properties":{"h3":"888c147b31fffff","incumbentScore":0.312,"method":"modeled_from_supply_density","realData":false}},{"type":"Feature","geometry":{"type":"Polygon","coordinates":[[[107.70424198272615,-6.964540734697721],[107.70477675557356,-6.959822859363498],[107.7008511035337,-6.957261194886087],[107.69639058141064,-6.959417604940578],[107.69585590275375,-6.964135634797822],[107.69978165202026,-6.966697100085981],[107.70424198272615,-6.964540734697721]]]},"properties":{"h3":"888c147b65fffff","incumbentScore":0.159,"method":"modeled_from_supply_density","realData":false}},{"type":"Feature","geometry":{"type":"Polygon","coordinates":[[[107.61157990193175,-6.888849004040976],[107.61211375485547,-6.884125972235845],[107.60818373526774,-6.881559531809348],[107.60371976653302,-6.883716321971972],[107.60318600824066,-6.888439507615321],[107.60711612404253,-6.891005749266289],[107.61157990193175,-6.888849004040976]]]},"properties":{"h3":"888c16b699fffff","incumbentScore":0.472,"method":"modeled_from_supply_density","realData":false}},{"type":"Feature","geometry":{"type":"Polygon","coordinates":[[[107.56660332384861,-6.950753595012937],[107.56713655921652,-6.946032849316346],[107.56320567591594,-6.9434681976974675],[107.55874146157788,-6.945624490515784],[107.55820832099477,-6.950345389387017],[107.56213929995582,-6.952909842273802],[107.56660332384861,-6.950753595012937]]]},"properties":{"h3":"888c1478a1fffff","incumbentScore":0.156,"method":"modeled_from_supply_density","realData":false}},{"type":"Feature","geometry":{"type":"Polygon","coordinates":[[[107.60638877078961,-6.860097092724795],[107.60692261420319,-6.85537258701982],[107.60299204011858,-6.852804861697649],[107.59852752643877,-6.85496184080126],[107.59799377769619,-6.859686500387534],[107.6019244479533,-6.862254026997354],[107.60638877078961,-6.860097092724795]]]},"properties":{"h3":"888c16b6b3fffff","incumbentScore":0.002,"method":"modeled_from_supply_density","realData":false}},{"type":"Feature","geometry":{"type":"Polygon","coordinates":[[[107.65712294642529,-6.933791403909333],[107.65765723869362,-6.929071279024691],[107.65372946141008,-6.926507505005611],[107.64926729514158,-6.928664054871407],[107.64873309728331,-6.933384333905803],[107.65266097127437,-6.935947908933098],[107.65712294642529,-6.933791403909333]]]},"properties":{"h3":"888c147909fffff","incumbentScore":0.621,"method":"modeled_from_supply_density","realData":false}},{"type":"Feature","geometry":{"type":"Polygon","coordinates":[[[107.65193849721823,-6.905059353832751],[107.65247278019393,-6.90033775280105],[107.64854444841983,-6.897772691463606],[107.64408173699479,-6.899929430095687],[107.64354754846873,-6.904651185321085],[107.64747597690894,-6.907216047729155],[107.65193849721823,-6.905059353832751]]]},"properties":{"h3":"888c147923fffff","incumbentScore":0.004,"method":"modeled_from_supply_density","realData":false}},{"type":"Feature","geometry":{"type":"Polygon","coordinates":[[[107.64694176243408,-6.911937395521359],[107.64747597690894,-6.907216047729155],[107.64354754846873,-6.904651185321085],[107.63908480893987,-6.906807869638325],[107.63855068893172,-6.911529371550469],[107.64247921397661,-6.9140940350338855],[107.64694176243408,-6.911937395521359]]]},"properties":{"h3":"888c14793dfffff","incumbentScore":0.69,"method":"modeled_from_supply_density","realData":false}},{"type":"Feature","geometry":{"type":"Polygon","coordinates":[[[107.64373677348293,-6.940260854361935],[107.64427090284644,-6.935540829079919],[107.64034271521906,-6.932977090109711],[107.63588030166875,-6.935133575389764],[107.6353462667684,-6.939853754664112],[107.63927455094611,-6.9424172946745495],[107.64373677348293,-6.940260854361935]]]},"properties":{"h3":"888c147957fffff","incumbentScore":0.158,"method":"modeled_from_supply_density","realData":false}},{"type":"Feature","geometry":{"type":"Polygon","coordinates":[[[107.58998924878539,-6.930529977402231],[107.59052278476601,-6.92580862166366],[107.58659250145367,-6.923243537419773],[107.58212858621059,-6.925400007697051],[107.58159514492772,-6.930121516915315],[107.58552552418107,-6.932686402385107],[107.58998924878539,-6.930529977402231]]]},"properties":{"h3":"888c14798bfffff","incumbentScore":0.313,"method":"modeled_from_supply_density","realData":false}},{"type":"Feature","geometry":{"type":"Polygon","coordinates":[[[107.60658233970813,-6.895728527719938],[107.60711612404253,-6.891005749266289],[107.60318600824066,-6.888439507615321],[107.59872201194254,-6.890596243197271],[107.59818832225655,-6.895319175415398],[107.6021185342111,-6.897885218295567],[107.60658233970813,-6.895728527719938]]]},"properties":{"h3":"888c1479a5fffff","incumbentScore":0.16,"method":"modeled_from_supply_density","realData":false}},{"type":"Feature","geometry":{"type":"Polygon","coordinates":[[[107.59178515225679,-6.9519771666036965],[107.5923186717636,-6.947256880934135],[107.58838872592368,-6.944692720481339],[107.58392516461952,-6.946849044520511],[107.58339173978975,-6.951569483616241],[107.587321781578,-6.9541334452551276],[107.59178515225679,-6.9519771666036965]]]},"properties":{"h3":"888c1479d9fffff","incumbentScore":0.312,"method":"modeled_from_supply_density","realData":false}},{"type":"Feature","geometry":{"type":"Polygon","coordinates":[[[107.60299204011858,-6.852804861697649],[107.60352585748369,-6.848079949292086],[107.59959506648819,-6.845511862110661],[107.59513036198038,-6.847668886032926],[107.59459663930518,-6.852393952309503],[107.59852752643877,-6.85496184080126],[107.60299204011858,-6.852804861697649]]]},"properties":{"h3":"888c16b4d9fffff","incumbentScore":0.002,"method":"modeled_from_supply_density","realData":false}},{"type":"Feature","geometry":{"type":"Polygon","coordinates":[[[107.71244631744646,-6.929354359175482],[107.71298124378707,-6.924634907873872],[107.70905544910177,-6.922071919012997],[107.70459463072429,-6.924228580621409],[107.70405979856058,-6.928948186647979],[107.7079856905883,-6.931510976349585],[107.71244631744646,-6.929354359175482]]]},"properties":{"h3":"888c144c81fffff","incumbentScore":0.38,"method":"modeled_from_supply_density","realData":false}},{"type":"Feature","geometry":{"type":"Polygon","coordinates":[[[107.68568131017042,-6.9422937441463],[107.68621591130979,-6.937574490080382],[107.68228929322842,-6.935011571216705],[107.67782797696994,-6.937168105522852],[107.67729347011378,-6.941887513999151],[107.68122018522376,-6.944450233767342],[107.68568131017042,-6.9422937441463]]]},"properties":{"h3":"888c144c9bfffff","incumbentScore":0.159,"method":"modeled_from_supply_density","realData":false}},{"type":"Feature","geometry":{"type":"Polygon","coordinates":[[[107.59639261659113,-6.873859159508675],[107.59692632277284,-6.869135159791353],[107.59299555640476,-6.866567831889264],[107.5885309877964,-6.868724702416069],[107.58799737631983,-6.873448855867226],[107.59192823873737,-6.876015985066223],[107.59639261659113,-6.873859159508675]]]},"properties":{"h3":"888c146b69fffff","incumbentScore":0.003,"method":"modeled_from_supply_density","realData":false}},{"type":"Feature","geometry":{"type":"Polygon","coordinates":[[[107.67908213944285,-6.963324912207491],[107.67961662961069,-6.958606573554546],[107.67569003465908,-6.956044416182831],[107.67122885259042,-6.958200796580464],[107.6706944567211,-6.962919289506026],[107.6746211486128,-6.965481247769772],[107.67908213944285,-6.963324912207491]]]},"properties":{"h3":"888c147b2bfffff","incumbentScore":0.311,"method":"modeled_from_supply_density","realData":false}},{"type":"Feature","geometry":{"type":"Polygon","coordinates":[[[107.5951813358162,-6.95926084203206],[107.59571488137998,-6.954540964414511],[107.59178515225679,-6.9519771666036965],[107.587321781578,-6.9541334452551276],[107.58678833067238,-6.958853476308896],[107.59071815577829,-6.961417075283503],[107.5951813358162,-6.95926084203206]]]},"properties":{"h3":"888c147833fffff","incumbentScore":0.533,"method":"modeled_from_supply_density","realData":false}},{"type":"Feature","geometry":{"type":"Polygon","coordinates":[[[107.63713839259292,-6.961295055864621],[107.63767241090831,-6.9565759466840555],[107.63374424716329,-6.954012968602957],[107.629281968632,-6.9561692986831725],[107.62874804479502,-6.960888561718491],[107.63267630500182,-6.963451340827328],[107.63713839259292,-6.961295055864621]]]},"properties":{"h3":"888c147867fffff","incumbentScore":0.002,"method":"modeled_from_supply_density","realData":false}},{"type":"Feature","geometry":{"type":"Polygon","coordinates":[[[107.59978943386905,-6.881149718147824],[107.6003231661105,-6.8764261254165575],[107.59639261659113,-6.873859159508675],[107.59192823873737,-6.876015985066223],[107.59139460118215,-6.880739731541559],[107.59532524678535,-6.883306498723754],[107.59978943386905,-6.881149718147824]]]},"properties":{"h3":"888c16b693fffff","incumbentScore":0.158,"method":"modeled_from_supply_density","realData":false}},{"type":"Feature","geometry":{"type":"Polygon","coordinates":[[[107.73242864943634,-6.901848032039969],[107.73296384917785,-6.897127570105751],[107.72903844447562,-6.894563784560482],[107.72457774243497,-6.896720660135968],[107.72404263680177,-6.901441277090261],[107.72796813909177,-6.9040048634573905],[107.73242864943634,-6.901848032039969]]]},"properties":{"h3":"888c144dd3fffff","incumbentScore":0.002,"method":"modeled_from_supply_density","realData":false}},{"type":"Feature","geometry":{"type":"Polygon","coordinates":[[[107.64533920412603,-6.926100116936584],[107.6458733760431,-6.921379430174984],[107.64194506800958,-6.918815129421425],[107.6374824914724,-6.920971714380175],[107.63694841402028,-6.925692555197925],[107.6408768186313,-6.928256657009229],[107.64533920412603,-6.926100116936584]]]},"properties":{"h3":"888c147903fffff","incumbentScore":0.468,"method":"modeled_from_supply_density","realData":false}},{"type":"Feature","geometry":{"type":"Polygon","coordinates":[[[107.64034271521906,-6.932977090109711],[107.6408768186313,-6.928256657009229],[107.63694841402028,-6.925692555197925],[107.63248580947187,-6.927849085433009],[107.63195180054167,-6.932569672515896],[107.63588030166875,-6.935133575389764],[107.64034271521906,-6.932977090109711]]]},"properties":{"h3":"888c14791dfffff","incumbentScore":0.158,"method":"modeled_from_supply_density","realData":false}},{"type":"Feature","geometry":{"type":"Polygon","coordinates":[[[107.63515606689019,-6.904242843514002],[107.63569016093061,-6.899520934178691],[107.63176120188271,-6.8969555455024985],[107.62729805231066,-6.899112265045068],[107.62676405279187,-6.903834328406524],[107.63069310831435,-6.90639951820772],[107.63515606689019,-6.904242843514002]]]},"properties":{"h3":"888c147937fffff","incumbentScore":0.005,"method":"modeled_from_supply_density","realData":false}},{"type":"Feature","geometry":{"type":"Polygon","coordinates":[[[107.64713058881415,-6.94754384776472],[107.64766474412008,-6.942824230402287],[107.64373677348293,-6.940260854361935],[107.63927455094611,-6.9424172946745495],[107.63874049008443,-6.947137066039232],[107.64266855730622,-6.949700243097506],[107.64713058881415,-6.94754384776472]]]},"properties":{"h3":"888c147951fffff","incumbentScore":0.157,"method":"modeled_from_supply_density","realData":false}},{"type":"Feature","geometry":{"type":"Polygon","coordinates":[[[107.67050837627697,-6.927321760155405],[107.6710428313729,-6.922601536064333],[107.66711546482242,-6.920037726976492],[107.66265354630232,-6.922194341011917],[107.66211918556336,-6.926914719410166],[107.66604664897841,-6.929478329474248],[107.67050837627697,-6.927321760155405]]]},"properties":{"h3":"888c14796bfffff","incumbentScore":0.312,"method":"modeled_from_supply_density","realData":false}},{"type":"Feature","geometry":{"type":"Polygon","coordinates":[[[107.59998375635944,-6.916773995830574],[107.6005174295476,-6.912052132049921],[107.59658733830182,-6.909486650243347],[107.5921234777947,-6.911643231009662],[107.5915898992702,-6.9163652484174705],[107.59552008658004,-6.918930531440285],[107.59998375635944,-6.916773995830574]]]},"properties":{"h3":"888c147985fffff","incumbentScore":0.318,"method":"modeled_from_supply_density","realData":false}},{"type":"Feature","geometry":{"type":"Polygon","coordinates":[[[107.5831955113174,-6.915956327427895],[107.5837289951423,-6.911234156476816],[107.57979827837444,-6.908668347617295],[107.57533398190043,-6.910824908446553],[107.57480059281107,-6.915547232856982],[107.57873140545108,-6.9181128429872984],[107.5831955113174,-6.915956327427895]]]},"properties":{"h3":"888c1479b9fffff","incumbentScore":0.533,"method":"modeled_from_supply_density","realData":false}},{"type":"Feature","geometry":{"type":"Polygon","coordinates":[[[107.57999490615563,-6.944284720306274],[107.58052830490071,-6.93956387326979],[107.57659782976786,-6.936999186569198],[107.57213386006289,-6.9391555456779255],[107.57160055604967,-6.943876546046652],[107.57553112700047,-6.946441033982922],[107.57999490615563,-6.944284720306274]]]},"properties":{"h3":"888c1479d3fffff","incumbentScore":0.004,"method":"modeled_from_supply_density","realData":false}},{"type":"Feature","geometry":{"type":"Polygon","coordinates":[[[107.6251621393472,-6.917999196660143],[107.62569609631059,-6.913277794264006],[107.62176694437501,-6.910712803333051],[107.61730373911526,-6.912869413672177],[107.61676987670765,-6.917590969946967],[107.62069912499487,-6.920155762012453],[107.6251621393472,-6.917999196660143]]]},"properties":{"h3":"888c1479edfffff","incumbentScore":0.914,"method":"modeled_from_supply_density","realData":false}},{"type":"Feature","geometry":{"type":"Polygon","coordinates":[[[107.69567274469236,-6.928541840487542],[107.69620748264315,-6.923822079819517],[107.69228105880318,-6.921258762750422],[107.68781979985192,-6.9234154054628885],[107.68728515615007,-6.928135320688844],[107.69121167714142,-6.930698438652833],[107.69567274469236,-6.928541840487542]]]},"properties":{"h3":"888c144c95fffff","incumbentScore":0.003,"method":"modeled_from_supply_density","realData":false}},{"type":"Feature","geometry":{"type":"Polygon","coordinates":[[[107.5897937736246,-6.8949096499143305],[107.59032736862623,-6.890186564015647],[107.58639662700068,-6.887619995554457],[107.58193219440363,-6.889776711716691],[107.58139869412234,-6.894499951211978],[107.58532953170867,-6.897066320956908],[107.5897937736246,-6.8949096499143305]]]},"properties":{"h3":"888c146b49fffff","incumbentScore":0.009,"method":"modeled_from_supply_density","realData":false}},{"type":"Feature","geometry":{"type":"Polygon","coordinates":[[[107.58459990857122,-6.86615721128984],[107.5851334939603,-6.8614326509648365],[107.58120219793418,-6.85886479800104],[107.57673722059087,-6.8610217040238926],[107.57620372996179,-6.865746417988415],[107.58013512190693,-6.868314072299057],[107.58459990857122,-6.86615721128984]]]},"properties":{"h3":"888c146b63fffff","incumbentScore":0.002,"method":"modeled_from_supply_density","realData":false}},{"type":"Feature","geometry":{"type":"Polygon","coordinates":[[[107.72582769863855,-6.922884381255572],[107.72636278746371,-6.9181648319302695],[107.72243740505907,-6.9156018080410355],[107.71797683632089,-6.917758532676587],[107.71744184161943,-6.9224782368841105],[107.72136732152332,-6.925041061582262],[107.72582769863855,-6.922884381255572]]]},"properties":{"h3":"888c144ce3fffff","incumbentScore":0.159,"method":"modeled_from_supply_density","realData":false}},{"type":"Feature","geometry":{"type":"Polygon","coordinates":[[[107.6890730840704,-6.949575145845863],[107.68960771105776,-6.944856299748648],[107.68568131017042,-6.9422937441463],[107.68122018522376,-6.944450233767342],[107.68068565250069,-6.949169234284709],[107.68461215045086,-6.9517315907693025],[107.6890730840704,-6.949575145845863]]]},"properties":{"h3":"888c147b25fffff","incumbentScore":0.158,"method":"modeled_from_supply_density","realData":false}},{"type":"Feature","geometry":{"type":"Polygon","coordinates":[[[107.63374424716329,-6.954012968602957],[107.63427823951612,-6.949293451320531],[107.63034985884948,-6.946730110264998],[107.62588738939338,-6.948886485450371],[107.62535349153787,-6.953606156577651],[107.629281968632,-6.9561692986831725],[107.63374424716329,-6.954012968602957]]]},"properties":{"h3":"888c14782dfffff","incumbentScore":0.533,"method":"modeled_from_supply_density","realData":false}},{"type":"Feature","geometry":{"type":"Polygon","coordinates":[[[107.68549695774465,-6.906690295025964],[107.68603161815886,-6.901969311606023],[107.68210454257058,-6.899404905418401],[107.67764270951014,-6.901561681697154],[107.67710814340154,-6.906282819645537],[107.68103531603862,-6.908847026795157],[107.68549695774465,-6.906690295025964]]]},"properties":{"h3":"888c16b659fffff","incumbentScore":0.532,"method":"modeled_from_supply_density","realData":false}},{"type":"Feature","geometry":{"type":"Polygon","coordinates":[[[107.61837150648316,-6.903425639993713],[107.6189054114444,-6.898703422689933],[107.61497582566949,-6.8961377068327545],[107.6105122386413,-6.89829440710838],[107.60997842827365,-6.903016778270658],[107.61390811033148,-6.905582295307275],[107.61837150648316,-6.903425639993713]]]},"properties":{"h3":"888c16b6dbfffff","incumbentScore":0.782,"method":"modeled_from_supply_density","realData":false}},{"type":"Feature","geometry":{"type":"Polygon","coordinates":[[[107.62855709140202,-6.925284819784536],[107.62909107435323,-6.920563824994352],[107.6251621393472,-6.917999196660143],[107.62069912499487,-6.920155762012453],[107.62016523658056,-6.924876910691314],[107.62409426797257,-6.927441340137646],[107.62855709140202,-6.925284819784536]]]},"properties":{"h3":"888c147917fffff","incumbentScore":0.535,"method":"modeled_from_supply_density","realData":false}},{"type":"Feature","geometry":{"type":"Polygon","coordinates":[[[107.63855068893172,-6.911529371550469],[107.63908480893987,-6.906807869638325],[107.63515606689019,-6.904242843514002],[107.63069310831435,-6.90639951820772],[107.63015908280892,-6.911121174156033],[107.63408792136751,-6.913686001382915],[107.63855068893172,-6.911529371550469]]]},"properties":{"h3":"888c147931fffff","incumbentScore":0.159,"method":"modeled_from_supply_density","realData":false}},{"type":"Feature","geometry":{"type":"Polygon","coordinates":[[[107.66390918752163,-6.948356889090497],[107.66444353160809,-6.943637579983442],[107.66051618846171,-6.941074532000861],[107.65605440444371,-6.943230992170166],[107.65552015472953,-6.947950455446709],[107.65944759465192,-6.950513304392908],[107.66390918752163,-6.948356889090497]]]},"properties":{"h3":"888c14794bfffff","incumbentScore":0.157,"method":"modeled_from_supply_density","realData":false}},{"type":"Feature","geometry":{"type":"Polygon","coordinates":[[[107.68050072405677,-6.9135677572706395],[107.68103531603862,-6.908847026795157],[107.67710814340154,-6.906282819645537],[107.67264628178611,-6.908439542013104],[107.672111784127,-6.913160426943273],[107.67603905375145,-6.915724435059614],[107.68050072405677,-6.9135677572706395]]]},"properties":{"h3":"888c147965fffff","incumbentScore":0.157,"method":"modeled_from_supply_density","realData":false}},{"type":"Feature","geometry":{"type":"Polygon","coordinates":[[[107.57659782976786,-6.936999186569198],[107.57713120241942,-6.932277931693242],[107.57320051062433,-6.929712882595401],[107.56873635038511,-6.931869287123965],[107.56820307248431,-6.936590695322025],[107.57213386006289,-6.9391555456779255],[107.57659782976786,-6.936999186569198]]]},"properties":{"h3":"888c147999fffff","incumbentScore":0.313,"method":"modeled_from_supply_density","realData":false}},{"type":"Feature","geometry":{"type":"Polygon","coordinates":[[[107.57140295257715,-6.9082589361198705],[107.57193631555647,-6.903536204265698],[107.56800506955665,-6.900969869832019],[107.5635403648267,-6.903126465940462],[107.56300709663773,-6.907849351159823],[107.56693843837925,-6.910415486914061],[107.57140295257715,-6.9082589361198705]]]},"properties":{"h3":"888c1479b3fffff","incumbentScore":0.313,"method":"modeled_from_supply_density","realData":false}},{"type":"Feature","geometry":{"type":"Polygon","coordinates":[[[107.6185636564348,-6.9390390334857965],[107.61909750230099,-6.934318546477849],[107.61516837458448,-6.9317543159145565],[107.61070530472968,-6.933910771245873],[107.61017155343451,-6.938631411995006],[107.61410077741405,-6.941195443680125],[107.6185636564348,-6.9390390334857965]]]},"properties":{"h3":"888c1479cdfffff","incumbentScore":1,"method":"modeled_from_supply_density","realData":false}},{"type":"Feature","geometry":{"type":"Polygon","coordinates":[[[107.61337427393941,-6.910304259076563],[107.61390811033148,-6.905582295307275],[107.60997842827365,-6.903016778270658],[107.60551481359322,-6.905173423827589],[107.60498107181178,-6.909895541381632],[107.60891085009105,-6.912460859602461],[107.61337427393941,-6.910304259076563]]]},"properties":{"h3":"888c1479e7fffff","incumbentScore":0.006,"method":"modeled_from_supply_density","realData":false}},{"type":"Feature","geometry":{"type":"Polygon","coordinates":[[[107.72243740505907,-6.9156018080410355],[107.72297246811428,-6.9108818510927295],[107.71904686829784,-6.9083184638990565],[107.71458610795196,-6.910475232830854],[107.71405113903934,-6.915195344651679],[107.71797683632089,-6.917758532676587],[107.72243740505907,-6.9156018080410355]]]},"properties":{"h3":"888c144ca9fffff","incumbentScore":0.467,"method":"modeled_from_supply_density","realData":false}},{"type":"Feature","geometry":{"type":"Polygon","coordinates":[[[107.57800114007185,-6.8872099799098185],[107.57853461425435,-6.882486333255479],[107.57460334318384,-6.8799192394761715],[107.57013850209131,-6.882075991026099],[107.569605122684,-6.886799791182796],[107.57353648958488,-6.889366686295696],[107.57800114007185,-6.8872099799098185]]]},"properties":{"h3":"888c146b43fffff","incumbentScore":0.002,"method":"modeled_from_supply_density","realData":false}},{"type":"Feature","geometry":{"type":"Polygon","coordinates":[[[107.71922732473735,-6.943916925846915],[107.71976230264933,-6.939198290257577],[107.71583694265752,-6.9366360281832184],[107.71137650733392,-6.938792600910441],[107.71084162356107,-6.943511391244116],[107.71476708096355,-6.946073454114651],[107.71922732473735,-6.943916925846915]]]},"properties":{"h3":"888c144cc3fffff","incumbentScore":0.755,"method":"modeled_from_supply_density","realData":false}},{"type":"Feature","geometry":{"type":"Polygon","coordinates":[[[107.57300308405986,-6.89409007930362],[107.57353648958488,-6.889366686295696],[107.569605122684,-6.886799791182796],[107.56514025448023,-6.888956487748],[107.56460694374746,-6.893680034184548],[107.56853840641712,-6.89624673063578],[107.57300308405986,-6.89409007930362]]]},"properties":{"h3":"888c146b5dfffff","incumbentScore":0.003,"method":"modeled_from_supply_density","realData":false}},{"type":"Feature","geometry":{"type":"Polygon","coordinates":[[[107.71423217139936,-6.950791836450521],[107.71476708096355,-6.946073454114651],[107.71084162356107,-6.943511391244116],[107.70638115923593,-6.945667909916865],[107.70584634382797,-6.9503864469233045],[107.7097718985798,-6.952948310594849],[107.71423217139936,-6.950791836450521]]]},"properties":{"h3":"888c144cddfffff","incumbentScore":0.535,"method":"modeled_from_supply_density","realData":false}},{"type":"Feature","geometry":{"type":"Polygon","coordinates":[[[107.68247400123522,-6.9706046365862235],[107.68300851726238,-6.965886706185016],[107.67908213944285,-6.963324912207491],[107.6746211486128,-6.965481247769772],[107.67408672686528,-6.970199332453326],[107.6780132016591,-6.972760927300691],[107.68247400123522,-6.9706046365862235]]]},"properties":{"h3":"888c147b05fffff","incumbentScore":0.31,"method":"modeled_from_supply_density","realData":false}},{"type":"Feature","geometry":{"type":"Polygon","coordinates":[[[107.62195869541853,-6.946322980436821],[107.62249256728381,-6.941602901318638],[107.6185636564348,-6.9390390334857965],[107.61410077741405,-6.941195443680125],[107.61356700010093,-6.945915676549491],[107.61749600724728,-6.948479345481816],[107.62195869541853,-6.946322980436821]]]},"properties":{"h3":"888c147827fffff","incumbentScore":0.38,"method":"modeled_from_supply_density","realData":false}},{"type":"Feature","geometry":{"type":"Polygon","coordinates":[[[107.67371531967079,-6.898997111663109],[107.67424985989734,-6.894275566343183],[107.67032225286222,-6.891710633513586],[107.66586000867252,-6.893867445000771],[107.66532556280652,-6.898589144755569],[107.66925326676055,-6.9011538785967455],[107.67371531967079,-6.898997111663109]]]},"properties":{"h3":"888c16b653fffff","incumbentScore":0.752,"method":"modeled_from_supply_density","realData":false}},{"type":"Feature","geometry":{"type":"Polygon","coordinates":[[[107.62657283377804,-6.8682085873587],[107.62710689242748,-6.863484796491312],[107.62317716185137,-6.860917759710217],[107.61871327621799,-6.863074712594484],[107.61817931214864,-6.867798657521314],[107.6221091391235,-6.870365495512895],[107.62657283377804,-6.8682085873587]]]},"properties":{"h3":"888c16b687fffff","incumbentScore":0.313,"method":"modeled_from_supply_density","realData":false}},{"type":"Feature","geometry":{"type":"Polygon","coordinates":[[[107.60978525850342,-6.867388555000391],[107.61031912795664,-6.86266445609804],[107.60638877078961,-6.860097092724795],[107.6019244479533,-6.862254026997354],[107.60139067315214,-6.8669782797912395],[107.60532112652612,-6.869545444429488],[107.60978525850342,-6.867388555000391]]]},"properties":{"h3":"888c16b6bbfffff","incumbentScore":0.159,"method":"modeled_from_supply_density","realData":false}},{"type":"Feature","geometry":{"type":"Polygon","coordinates":[[[107.62836609390706,-6.889667477706589],[107.62890013598556,-6.884944753829549],[107.62497074296098,-6.88237864031709],[107.62050721144287,-6.884535449520116],[107.61997326392378,-6.889258327403131],[107.62390275335427,-6.891824242085599],[107.62836609390706,-6.889667477706589]]]},"properties":{"h3":"888c16b6d5fffff","incumbentScore":0.535,"method":"modeled_from_supply_density","realData":false}},{"type":"Feature","geometry":{"type":"Polygon","coordinates":[[[107.63195180054167,-6.932569672515896],[107.63248580947187,-6.927849085433009],[107.62855709140202,-6.925284819784536],[107.62409426797257,-6.927441340137646],[107.62356035356036,-6.932162081119211],[107.6274891680505,-6.934726147857445],[107.63195180054167,-6.932569672515896]]]},"properties":{"h3":"888c147911fffff","incumbentScore":0.999,"method":"modeled_from_supply_density","realData":false}},{"type":"Feature","geometry":{"type":"Polygon","coordinates":[[[107.65533230300676,-6.91234524607374],[107.65586661191239,-6.907624052485187],[107.65193849721823,-6.905059353832751],[107.64747597690894,-6.907216047729155],[107.64694176243408,-6.911937395521359],[107.65086997382862,-6.914501895221967],[107.65533230300676,-6.91234524607374]]]},"properties":{"h3":"888c14792bfffff","incumbentScore":0.157,"method":"modeled_from_supply_density","realData":false}},{"type":"Feature","geometry":{"type":"Polygon","coordinates":[[[107.67390104470664,-6.934605022559529],[107.6744355256871,-6.929885206225302],[107.67050837627697,-6.927321760155405],[107.66604664897841,-6.929478329474248],[107.66551226233602,-6.934198300125491],[107.66943950864498,-6.936761547149314],[107.67390104470664,-6.934605022559529]]]},"properties":{"h3":"888c147945fffff","incumbentScore":0.311,"method":"modeled_from_supply_density","realData":false}},{"type":"Feature","geometry":{"type":"Polygon","coordinates":[[[107.60997842827365,-6.903016778270658],[107.6105122386413,-6.89829440710838],[107.60658233970813,-6.895728527719938],[107.6021185342111,-6.897885218295567],[107.60158481847294,-6.902607743232477],[107.60551481359322,-6.905173423827589],[107.60997842827365,-6.903016778270658]]]},"properties":{"h3":"888c1479adfffff","incumbentScore":0.161,"method":"modeled_from_supply_density","realData":false}},{"type":"Feature","geometry":{"type":"Polygon","coordinates":[[[107.60677586392362,-6.931346376896864],[107.60730958919193,-6.926625328369195],[107.60337993156597,-6.92406057144526],[107.59891645252975,-6.926217061886056],[107.5983828218873,-6.9309382640610835],[107.60231257564608,-6.933502822156436],[107.60677586392362,-6.931346376896864]]]},"properties":{"h3":"888c1479c7fffff","incumbentScore":0.379,"method":"modeled_from_supply_density","realData":false}},{"type":"Feature","geometry":{"type":"Polygon","coordinates":[[[107.61676987670765,-6.917590969946967],[107.61730373911526,-6.912869413672177],[107.61337427393941,-6.910304259076563],[107.60891085009105,-6.912460859602461],[107.60837708227517,-6.917182569672098],[107.61230664370683,-6.919747525429465],[107.61676987670765,-6.917590969946967]]]},"properties":{"h3":"888c1479e1fffff","incumbentScore":0.382,"method":"modeled_from_supply_density","realData":false}},{"type":"Feature","geometry":{"type":"Polygon","coordinates":[[[107.71583694265752,-6.9366360281832184],[107.71637189478822,-6.931916984687295],[107.71244631744646,-6.929354359175482],[107.7079856905883,-6.931510976349585],[107.70745083261562,-6.936230174580193],[107.71137650733392,-6.938792600910441],[107.71583694265752,-6.9366360281832184]]]},"properties":{"h3":"888c144c89fffff","incumbentScore":0.314,"method":"modeled_from_supply_density","realData":false}},{"type":"Feature","geometry":{"type":"Polygon","coordinates":[[[107.71066019329915,-6.907911681567673],[107.71119513641406,-6.903191162234703],[107.70726900439642,-6.900627247821824],[107.70280783191927,-6.902784051869638],[107.70227298300188,-6.907504725981843],[107.70619921235497,-6.910068441275401],[107.71066019329915,-6.907911681567673]]]},"properties":{"h3":"888c144ca3fffff","incumbentScore":0.002,"method":"modeled_from_supply_density","realData":false}},{"type":"Feature","geometry":{"type":"Polygon","coordinates":[[[107.70566433762103,-6.914788707885239],[107.70619921235497,-6.910068441275401],[107.70227298300188,-6.907504725981843],[107.69781178163156,-6.909661476421125],[107.69727700111228,-6.914381897736412],[107.70120332773952,-6.916945413915368],[107.70566433762103,-6.914788707885239]]]},"properties":{"h3":"888c144cbdfffff","incumbentScore":0.159,"method":"modeled_from_supply_density","realData":false}},{"type":"Feature","geometry":{"type":"Polygon","coordinates":[[[107.70245538720238,-6.943105682763379],[107.7029901768001,-6.938386737768802],[107.69906418749132,-6.93582414722169],[107.69460331135598,-6.937980700827253],[107.69406861596941,-6.94269980039925],[107.69799470249792,-6.945262191796683],[107.70245538720238,-6.943105682763379]]]},"properties":{"h3":"888c144cd7fffff","incumbentScore":0.313,"method":"modeled_from_supply_density","realData":false}},{"type":"Feature","geometry":{"type":"Polygon","coordinates":[[[107.67032225286222,-6.891710633513586],[107.67085676719786,-6.886988680923564],[107.66692894297348,-6.884423385387363],[107.66246650751965,-6.886580241415563],[107.66193208756346,-6.891302348430508],[107.66586000867252,-6.893867445000771],[107.67032225286222,-6.891710633513586]]]},"properties":{"h3":"888c16b619fffff","incumbentScore":0.001,"method":"modeled_from_supply_density","realData":false}},{"type":"Feature","geometry":{"type":"Polygon","coordinates":[[[107.62535349153787,-6.953606156577651],[107.62588738939338,-6.948886485450371],[107.62195869541853,-6.946322980436821],[107.61749600724728,-6.948479345481816],[107.616962203925,-6.953199170370252],[107.62089099423159,-6.955762476461001],[107.62535349153787,-6.953606156577651]]]},"properties":{"h3":"888c147821fffff","incumbentScore":0.004,"method":"modeled_from_supply_density","realData":false}},{"type":"Feature","geometry":{"type":"Polygon","coordinates":[[[107.65391749068765,-6.962107521263236],[107.65445169785197,-6.95738872004303],[107.65052416121496,-6.9548260701283375],[107.64606232075133,-6.9569824204689015],[107.6455282079935,-6.961701375711097],[107.6494558412837,-6.964263826599198],[107.65391749068765,-6.962107521263236]]]},"properties":{"h3":"888c147b33fffff","incumbentScore":0.156,"method":"modeled_from_supply_density","realData":false}},{"type":"Feature","geometry":{"type":"Polygon","coordinates":[[[107.71226506522052,-6.893749463591564],[107.71280005091293,-6.889028284381311],[107.70887379889957,-6.8864638078058285],[107.70441246382198,-6.888620709550568],[107.70387757232885,-6.893342043604041],[107.7078039217049,-6.895906321077948],[107.71226506522052,-6.893749463591564]]]},"properties":{"h3":"888c16b64dfffff","incumbentScore":0.001,"method":"modeled_from_supply_density","realData":false}},{"type":"Feature","geometry":{"type":"Polygon","coordinates":[[[107.69585590275375,-6.964135634797822],[107.69639058141064,-6.959417604940578],[107.69246461493073,-6.956855776126077],[107.68800387265358,-6.959012176339429],[107.68746928822323,-6.963730360636256],[107.69139535183433,-6.966291990288583],[107.69585590275375,-6.964135634797822]]]},"properties":{"h3":"888c147b67fffff","incumbentScore":0.468,"method":"modeled_from_supply_density","realData":false}},{"type":"Feature","geometry":{"type":"Polygon","coordinates":[[[107.62996826270556,-6.8754986459099685],[107.63050234734801,-6.870775261967516],[107.62657283377804,-6.8682085873587],[107.6221091391235,-6.870365495512895],[107.62157514904224,-6.875089033524944],[107.62550475904527,-6.877655509321655],[107.62996826270556,-6.8754986459099685]]]},"properties":{"h3":"888c16b681fffff","incumbentScore":0.692,"method":"modeled_from_supply_density","realData":false}},{"type":"Feature","geometry":{"type":"Polygon","coordinates":[[[107.60318600824066,-6.888439507615321],[107.60371976653302,-6.883716321971972],[107.59978943386905,-6.881149718147824],[107.59532524678535,-6.883306498723754],[107.59479158316032,-6.888029838121386],[107.59872201194254,-6.890596243197271],[107.60318600824066,-6.888439507615321]]]},"properties":{"h3":"888c16b69bfffff","incumbentScore":0.469,"method":"modeled_from_supply_density","realData":false}},{"type":"Feature","geometry":{"type":"Polygon","coordinates":[[[107.73581861116725,-6.909131508819629],[107.73635383665857,-6.904411454325539],[107.73242864943634,-6.901848032039969],[107.72796813909177,-6.9040048634573905],[107.72743300768988,-6.908725072981281],[107.73135829253397,-6.911288296066336],[107.73581861116725,-6.909131508819629]]]},"properties":{"h3":"888c144ddbfffff","incumbentScore":0.002,"method":"modeled_from_supply_density","realData":false}},{"type":"Feature","geometry":{"type":"Polygon","coordinates":[[[107.61978124692328,-6.853626163155921],[107.62031525356021,-6.848901558744447],[107.61638508899156,-6.846333797887361],[107.61192082144693,-6.848490840194422],[107.61138690942792,-6.85321559864493],[107.61531717032653,-6.855783160757809],[107.61978124692328,-6.853626163155921]]]},"properties":{"h3":"888c16b6b5fffff","incumbentScore":0.002,"method":"modeled_from_supply_density","realData":false}},{"type":"Feature","geometry":{"type":"Polygon","coordinates":[[[107.64873309728331,-6.933384333905803],[107.64926729514158,-6.928664054871407],[107.64533920412603,-6.926100116936584],[107.6408768186313,-6.928256657009229],[107.64034271521906,-6.932977090109711],[107.64427090284644,-6.935540829079919],[107.64873309728331,-6.933384333905803]]]},"properties":{"h3":"888c14790bfffff","incumbentScore":0.534,"method":"modeled_from_supply_density","realData":false}},{"type":"Feature","geometry":{"type":"Polygon","coordinates":[[[107.66532556280652,-6.898589144755569],[107.66586000867252,-6.893867445000771],[107.66193208756346,-6.891302348430508],[107.657469623756,-6.893459150584773],[107.65693527228653,-6.898181004690748],[107.66086329021884,-6.900745902299729],[107.66532556280652,-6.898589144755569]]]},"properties":{"h3":"888c147925fffff","incumbentScore":0.002,"method":"modeled_from_supply_density","realData":false}},{"type":"Feature","geometry":{"type":"Polygon","coordinates":[[[107.65052416121496,-6.9548260701283375],[107.65105834245449,-6.950106860786537],[107.64713058881415,-6.94754384776472],[107.64266855730622,-6.949700243097506],[107.64213447049204,-6.95441960645143],[107.64606232075133,-6.9569824204689015],[107.65052416121496,-6.9548260701283375]]]},"properties":{"h3":"888c147959fffff","incumbentScore":0.311,"method":"modeled_from_supply_density","realData":false}},{"type":"Feature","geometry":{"type":"Polygon","coordinates":[[[107.60337993156597,-6.92406057144526],[107.60391363079864,-6.919339115240395],[107.59998375635944,-6.916773995830574],[107.59552008658004,-6.918930531440285],[107.59498648199212,-6.92365214128243],[107.59891645252975,-6.926217061886056],[107.60337993156597,-6.92406057144526]]]},"properties":{"h3":"888c14798dfffff","incumbentScore":0.315,"method":"modeled_from_supply_density","realData":false}},{"type":"Feature","geometry":{"type":"Polygon","coordinates":[[[107.55980778527416,-6.93618203010863],[107.56034096838829,-6.931460468672391],[107.5564096519212,-6.92889509243697],[107.55194505673937,-6.931051476333634],[107.55141196844782,-6.93577319092414],[107.55534338050644,-6.938338368472224],[107.55980778527416,-6.93618203010863]]]},"properties":{"h3":"888c146a4dfffff","incumbentScore":0.002,"method":"modeled_from_supply_density","realData":false}},{"type":"Feature","geometry":{"type":"Polygon","coordinates":[[[107.59818832225655,-6.895319175415398],[107.59872201194254,-6.890596243197271],[107.59479158316032,-6.888029838121386],[107.59032736862623,-6.890186564015647],[107.5897937736246,-6.8949096499143305],[107.59372429846358,-6.8974758562466745],[107.59818832225655,-6.895319175415398]]]},"properties":{"h3":"888c1479a7fffff","incumbentScore":0.161,"method":"modeled_from_supply_density","realData":false}},{"type":"Feature","geometry":{"type":"Polygon","coordinates":[[[107.61017155343451,-6.938631411995006],[107.61070530472968,-6.933910771245873],[107.60677586392362,-6.931346376896864],[107.60231257564608,-6.933502822156436],[107.60177891895792,-6.9382236165630085],[107.60570845593118,-6.940787812061048],[107.61017155343451,-6.938631411995006]]]},"properties":{"h3":"888c1479c1fffff","incumbentScore":0.313,"method":"modeled_from_supply_density","realData":false}},{"type":"Feature","geometry":{"type":"Polygon","coordinates":[[[107.58339173978975,-6.951569483616241],[107.58392516461952,-6.946849044520511],[107.57999490615563,-6.944284720306274],[107.57553112700047,-6.946441033982922],[107.57499779688366,-6.951161626420999],[107.57892815119996,-6.953725751848586],[107.58339173978975,-6.951569483616241]]]},"properties":{"h3":"888c1479dbfffff","incumbentScore":0.157,"method":"modeled_from_supply_density","realData":false}},{"type":"Feature","geometry":{"type":"Polygon","coordinates":[[[107.59459663930518,-6.852393952309503],[107.59513036198038,-6.847668886032926],[107.59119925797698,-6.845100635748958],[107.58673433524712,-6.847257650412433],[107.58620070729778,-6.8519828704759895],[107.5901319073433,-6.854550922097572],[107.59459663930518,-6.852393952309503]]]},"properties":{"h3":"888c16b4dbfffff","incumbentScore":0.155,"method":"modeled_from_supply_density","realData":false}},{"type":"Feature","geometry":{"type":"Polygon","coordinates":[[[107.70405979856058,-6.928948186647979],[107.70459463072429,-6.924228580621409],[107.7006685213936,-6.921665427636869],[107.69620748264315,-6.923822079819517],[107.69567274469236,-6.928541840487542],[107.69959895126998,-6.931104794339891],[107.70405979856058,-6.928948186647979]]]},"properties":{"h3":"888c144c83fffff","incumbentScore":0.378,"method":"modeled_from_supply_density","realData":false}},{"type":"Feature","geometry":{"type":"Polygon","coordinates":[[[107.69906418749132,-6.93582414722169],[107.69959895126998,-6.931104794339891],[107.69567274469236,-6.928541840487542],[107.69121167714142,-6.930698438652833],[107.69067700759281,-6.9354179461023175],[107.69460331135598,-6.937980700827253],[107.69906418749132,-6.93582414722169]]]},"properties":{"h3":"888c144c9dfffff","incumbentScore":0.158,"method":"modeled_from_supply_density","realData":false}},{"type":"Feature","geometry":{"type":"Polygon","coordinates":[[[107.69388523771423,-6.907097597136337],[107.69441999239808,-6.902376768328463],[107.69049323119714,-6.8998125260265395],[107.68603161815886,-6.901969311606023],[107.68549695774465,-6.906690295025964],[107.68942381608996,-6.909254338262774],[107.69388523771423,-6.907097597136337]]]},"properties":{"h3":"888c144cb7fffff","incumbentScore":0.157,"method":"modeled_from_supply_density","realData":false}},{"type":"Feature","geometry":{"type":"Polygon","coordinates":[[[107.56460694374746,-6.893680034184548],[107.56514025448023,-6.888956487748],[107.56120857514748,-6.8863894293687675],[107.55674348940012,-6.888546116068967],[107.55621027349551,-6.893269815850134],[107.56014204850102,-6.895836675595],[107.56460694374746,-6.893680034184548]]]},"properties":{"h3":"888c146b51fffff","incumbentScore":0.157,"method":"modeled_from_supply_density","realData":false}},{"type":"Feature","geometry":{"type":"Polygon","coordinates":[[[107.70584634382797,-6.9503864469233045],[107.70638115923593,-6.945667909916865],[107.70245538720238,-6.943105682763379],[107.69799470249792,-6.945262191796683],[107.69745998128226,-6.949980883390249],[107.70138585056966,-6.952542911371805],[107.70584634382797,-6.9503864469233045]]]},"properties":{"h3":"888c144cd1fffff","incumbentScore":0.004,"method":"modeled_from_supply_density","realData":false}},{"type":"Feature","geometry":{"type":"Polygon","coordinates":[[[107.58799737631983,-6.873448855867226],[107.5885309877964,-6.868724702416069],[107.58459990857122,-6.86615721128984],[107.58013512190693,-6.868314072299057],[107.57960160517143,-6.873038379400028],[107.58353278035005,-6.8756056718504555],[107.58799737631983,-6.873448855867226]]]},"properties":{"h3":"888c146b6bfffff","incumbentScore":0.004,"method":"modeled_from_supply_density","realData":false}},{"type":"Feature","geometry":{"type":"Polygon","coordinates":[[[107.69246461493073,-6.956855776126077],[107.69299926775726,-6.952137338098455],[107.6890730840704,-6.949575145845863],[107.68461215045086,-6.9517315907693025],[107.68407759186972,-6.956450183226819],[107.68800387265358,-6.959012176339429],[107.69246461493073,-6.956855776126077]]]},"properties":{"h3":"888c147b2dfffff","incumbentScore":0.003,"method":"modeled_from_supply_density","realData":false}},{"type":"Feature","geometry":{"type":"Polygon","coordinates":[[[107.60857038463415,-6.952792009975577],[107.60910409338724,-6.948072031409684],[107.60517477320614,-6.94550819859787],[107.60071164812278,-6.947664543228825],[107.60017803397487,-6.952384675388434],[107.60410745029604,-6.954948309331858],[107.60857038463415,-6.952792009975577]]]},"properties":{"h3":"888c147835fffff","incumbentScore":0.005,"method":"modeled_from_supply_density","realData":false}},{"type":"Feature","geometry":{"type":"Polygon","coordinates":[[[107.69924694754182,-6.971414721672127],[107.69978165202026,-6.966697100085981],[107.69585590275375,-6.964135634797822],[107.69139535183433,-6.966291990288583],[107.69086074156353,-6.9710097663239745],[107.69478658799541,-6.973571032427795],[107.69924694754182,-6.971414721672127]]]},"properties":{"h3":"888c147b61fffff","incumbentScore":0.156,"method":"modeled_from_supply_density","realData":false}},{"type":"Feature","geometry":{"type":"Polygon","coordinates":[[[107.61318150326225,-6.874679248332864],[107.61371539874627,-6.869955556335118],[107.60978525850342,-6.867388555000391],[107.60532112652612,-6.869545444429488],[107.60478732567529,-6.874269290329006],[107.60871756215944,-6.876836092906112],[107.61318150326225,-6.874679248332864]]]},"properties":{"h3":"888c16b695fffff","incumbentScore":0.692,"method":"modeled_from_supply_density","realData":false}},{"type":"Feature","geometry":{"type":"Polygon","coordinates":[[[107.64854444841983,-6.897772691463606],[107.64907870545676,-6.8930506830901965],[107.64515015660926,-6.890485259156765],[107.64068725408387,-6.892642042512092],[107.64015309151547,-6.897364205069175],[107.64408173699479,-6.899929430095687],[107.64854444841983,-6.897772691463606]]]},"properties":{"h3":"888c16b6c9fffff","incumbentScore":0.159,"method":"modeled_from_supply_density","realData":false}},{"type":"Feature","geometry":{"type":"Polygon","coordinates":[[[107.65872586578772,-6.919630367996258],[107.65926020061441,-6.914909581952217],[107.65533230300676,-6.91234524607374],[107.65086997382862,-6.914501895221967],[107.65033573341377,-6.9192228354796095],[107.65426372775609,-6.921786972383869],[107.65872586578772,-6.919630367996258]]]},"properties":{"h3":"888c147905fffff","incumbentScore":0.157,"method":"modeled_from_supply_density","realData":false}},{"type":"Feature","geometry":{"type":"Polygon","coordinates":[[[107.64194506800958,-6.918815129421425],[107.64247921397661,-6.9140940350338855],[107.63855068893172,-6.911529371550469],[107.63408792136751,-6.913686001382915],[107.63355386988431,-6.918407249816629],[107.6374824914724,-6.920971714380175],[107.64194506800958,-6.918815129421425]]]},"properties":{"h3":"888c147939fffff","incumbentScore":0.005,"method":"modeled_from_supply_density","realData":false}},{"type":"Feature","geometry":{"type":"Polygon","coordinates":[[[107.63874049008443,-6.947137066039232],[107.63927455094611,-6.9424172946745495],[107.6353462667684,-6.939853754664112],[107.63088382523094,-6.942010184981728],[107.63034985884948,-6.946730110264998],[107.63427823951612,-6.949293451320531],[107.63874049008443,-6.947137066039232]]]},"properties":{"h3":"888c147953fffff","incumbentScore":0.161,"method":"modeled_from_supply_density","realData":false}},{"type":"Feature","geometry":{"type":"Polygon","coordinates":[[[107.68389306163884,-6.920851924348368],[107.6844276794851,-6.916131601447057],[107.68050072405677,-6.9135677572706395],[107.67603905375145,-6.915724435059614],[107.67550453020905,-6.920444912425472],[107.67943158265898,-6.923008557546238],[107.68389306163884,-6.920851924348368]]]},"properties":{"h3":"888c14796dfffff","incumbentScore":0.313,"method":"modeled_from_supply_density","realData":false}},{"type":"Feature","geometry":{"type":"Polygon","coordinates":[[[107.5915898992702,-6.9163652484174705],[107.5921234777947,-6.911643231009662],[107.58819307371937,-6.909077585656848],[107.5837289951423,-6.911234156476816],[107.5831955113174,-6.915956327427895],[107.58712601136085,-6.918521774024222],[107.5915898992702,-6.9163652484174705]]]},"properties":{"h3":"888c147987fffff","incumbentScore":0.315,"method":"modeled_from_supply_density","realData":false}},{"type":"Feature","geometry":{"type":"Polygon","coordinates":[[[107.60158481847294,-6.902607743232477],[107.6021185342111,-6.897885218295567],[107.59818832225655,-6.895319175415398],[107.59372429846358,-6.8974758562466745],[107.59319067739094,-6.902198534874316],[107.59712098543665,-6.904764378988422],[107.60158481847294,-6.902607743232477]]]},"properties":{"h3":"888c1479a1fffff","incumbentScore":0.004,"method":"modeled_from_supply_density","realData":false}},{"type":"Feature","geometry":{"type":"Polygon","coordinates":[[[107.57480059281107,-6.915547232856982],[107.57533398190043,-6.910824908446553],[107.57140295257715,-6.9082589361198705],[107.56693843837925,-6.910415486914061],[107.56640514406138,-6.915137964699916],[107.57033626916082,-6.917703738324665],[107.57480059281107,-6.915547232856982]]]},"properties":{"h3":"888c1479bbfffff","incumbentScore":0.158,"method":"modeled_from_supply_density","realData":false}},{"type":"Feature","geometry":{"type":"Polygon","coordinates":[[[107.5933857533147,-6.9378156471847205],[107.59391931535993,-6.933094699204514],[107.58998924878539,-6.930529977402231],[107.58552552418107,-6.932686402385107],[107.58499205681471,-6.937407503855111],[107.5889222193647,-6.939972026860926],[107.5933857533147,-6.9378156471847205]]]},"properties":{"h3":"888c1479d5fffff","incumbentScore":0.159,"method":"modeled_from_supply_density","realData":false}},{"type":"Feature","geometry":{"type":"Polygon","coordinates":[[[107.68728515615007,-6.928135320688844],[107.68781979985192,-6.9234154054628885],[107.68389306163884,-6.920851924348368],[107.67943158265898,-6.923008557546238],[107.67889703324207,-6.927728627246555],[107.68282386851098,-6.930291909283068],[107.68728515615007,-6.928135320688844]]]},"properties":{"h3":"888c144c97fffff","incumbentScore":0.157,"method":"modeled_from_supply_density","realData":false}},{"type":"Feature","geometry":{"type":"Polygon","coordinates":[[[107.69727700111228,-6.914381897736412],[107.69781178163156,-6.909661476421125],[107.69388523771423,-6.907097597136337],[107.68942381608996,-6.909254338262774],[107.68888912982138,-6.91397491419996],[107.69281577091726,-6.91653859439723],[107.69727700111228,-6.914381897736412]]]},"properties":{"h3":"888c144cb1fffff","incumbentScore":0.378,"method":"modeled_from_supply_density","realData":false}},{"type":"Feature","geometry":{"type":"Polygon","coordinates":[[[107.58139869412234,-6.894499951211978],[107.58193219440363,-6.889776711716691],[107.57800114007185,-6.8872099799098185],[107.57353648958488,-6.889366686295696],[107.57300308405986,-6.89409007930362],[107.57693423425644,-6.896656612421513],[107.58139869412234,-6.894499951211978]]]},"properties":{"h3":"888c146b4bfffff","incumbentScore":0.313,"method":"modeled_from_supply_density","realData":false}},{"type":"Feature","geometry":{"type":"Polygon","coordinates":[[[107.59799377769619,-6.859686500387534],[107.59852752643877,-6.85496184080126],[107.59459663930518,-6.852393952309503],[107.5901319073433,-6.854550922097572],[107.58959825330766,-6.859275735481127],[107.59352923651784,-6.861843425287809],[107.59799377769619,-6.859686500387534]]]},"properties":{"h3":"888c146b65fffff","incumbentScore":0.158,"method":"modeled_from_supply_density","realData":false}},{"type":"Feature","geometry":{"type":"Polygon","coordinates":[[[107.68068565250069,-6.949169234284709],[107.68122018522376,-6.944450233767342],[107.67729347011378,-6.941887513999151],[107.67283212530434,-6.944043993847394],[107.67229768688156,-6.948763148701379],[107.6762244989588,-6.9513256693789325],[107.68068565250069,-6.949169234284709]]]},"properties":{"h3":"888c147b27fffff","incumbentScore":0.381,"method":"modeled_from_supply_density","realData":false}},{"type":"Feature","geometry":{"type":"Polygon","coordinates":[[[107.67710814340154,-6.906282819645537],[107.67764270951014,-6.901561681697154],[107.67371531967079,-6.898997111663109],[107.66925326676055,-6.9011538785967455],[107.66871879499357,-6.905875170989924],[107.67264628178611,-6.908439542013104],[107.67710814340154,-6.906282819645537]]]},"properties":{"h3":"888c16b65bfffff","incumbentScore":0.003,"method":"modeled_from_supply_density","realData":false}},{"type":"Feature","geometry":{"type":"Polygon","coordinates":[[[107.63675839157202,-6.890076454956177],[107.63729252817394,-6.885353885168957],[107.63336344863613,-6.882787935172813],[107.62890013598556,-6.884944753829549],[107.62836609390706,-6.889667477706589],[107.6322952699466,-6.892233228845523],[107.63675839157202,-6.890076454956177]]]},"properties":{"h3":"888c16b6c3fffff","incumbentScore":0.311,"method":"modeled_from_supply_density","realData":false}},{"type":"Feature","geometry":{"type":"Polygon","coordinates":[[[107.63176120188271,-6.8969555455024985],[107.6322952699466,-6.892233228845523],[107.62836609390706,-6.889667477706589],[107.62390275335427,-6.891824242085599],[107.62336877983088,-6.896546712758644],[107.62729805231066,-6.899112265045068],[107.63176120188271,-6.8969555455024985]]]},"properties":{"h3":"888c16b6ddfffff","incumbentScore":0.16,"method":"modeled_from_supply_density","realData":false}},{"type":"Feature","geometry":{"type":"Polygon","coordinates":[[[107.58678833067238,-6.958853476308896],[107.587321781578,-6.9541334452551276],[107.58339173978975,-6.951569483616241],[107.57892815119996,-6.953725751848586],[107.57839479498841,-6.958445936254795],[107.58232493266347,-6.961009699084718],[107.58678833067238,-6.958853476308896]]]},"properties":{"h3":"888c1478e5fffff","incumbentScore":0.002,"method":"modeled_from_supply_density","realData":false}},{"type":"Feature","geometry":{"type":"Polygon","coordinates":[[[107.6353462667684,-6.939853754664112],[107.63588030166875,-6.935133575389764],[107.63195180054167,-6.932569672515896],[107.6274891680505,-6.934726147857445],[107.62695522764925,-6.939446481040456],[107.63088382523094,-6.942010184981728],[107.6353462667684,-6.939853754664112]]]},"properties":{"h3":"888c147919fffff","incumbentScore":0.158,"method":"modeled_from_supply_density","realData":false}},{"type":"Feature","geometry":{"type":"Polygon","coordinates":[[[107.63015908280892,-6.911121174156033],[107.63069310831435,-6.90639951820772],[107.62676405279187,-6.903834328406524],[107.62230087534172,-6.905990993432346],[107.62176694437501,-6.910712803333051],[107.62569609631059,-6.913277794264006],[107.63015908280892,-6.911121174156033]]]},"properties":{"h3":"888c147933fffff","incumbentScore":0.466,"method":"modeled_from_supply_density","realData":false}},{"type":"Feature","geometry":{"type":"Polygon","coordinates":[[[107.67729347011378,-6.941887513999151],[107.67782797696994,-6.937168105522852],[107.67390104470664,-6.934605022559529],[107.66943950864498,-6.936761547149314],[107.66890509610799,-6.941481109952446],[107.67283212530434,-6.944043993847394],[107.67729347011378,-6.941887513999151]]]},"properties":{"h3":"888c14794dfffff","incumbentScore":0.378,"method":"modeled_from_supply_density","realData":false}},{"type":"Feature","geometry":{"type":"Polygon","coordinates":[[[107.672111784127,-6.913160426943273],[107.67264628178611,-6.908439542013104],[107.66871879499357,-6.905875170989924],[107.6642567136411,-6.9080318839114785],[107.66372231034072,-6.9127529232126825],[107.66764989402499,-6.91531709522972],[107.672111784127,-6.913160426943273]]]},"properties":{"h3":"888c147967fffff","incumbentScore":0.311,"method":"modeled_from_supply_density","realData":false}},{"type":"Feature","geometry":{"type":"Polygon","coordinates":[[[107.59498648199212,-6.92365214128243],[107.59552008658004,-6.918930531440285],[107.5915898992702,-6.9163652484174705],[107.58712601136085,-6.918521774024222],[107.58659250145367,-6.923243537419773],[107.59052278476601,-6.92580862166366],[107.59498648199212,-6.92365214128243]]]},"properties":{"h3":"888c147981fffff","incumbentScore":0.16,"method":"modeled_from_supply_density","realData":false}},{"type":"Feature","geometry":{"type":"Polygon","coordinates":[[[107.56820307248431,-6.936590695322025],[107.56873635038511,-6.931869287123965],[107.5648053461854,-6.929304074437578],[107.56034096838829,-6.931460468672391],[107.55980778527416,-6.93618203010863],[107.56373888516137,-6.938747044080378],[107.56820307248431,-6.936590695322025]]]},"properties":{"h3":"888c14799bfffff","incumbentScore":0.157,"method":"modeled_from_supply_density","realData":false}},{"type":"Feature","geometry":{"type":"Polygon","coordinates":[[[107.58479600533745,-6.9017891531913715],[107.58532953170867,-6.897066320956908],[107.58139869412234,-6.894499951211978],[107.57693423425644,-6.896656612421513],[107.57640080262264,-6.901379598178857],[107.58033173610822,-6.903945769212265],[107.58479600533745,-6.9017891531913715]]]},"properties":{"h3":"888c1479b5fffff","incumbentScore":0.315,"method":"modeled_from_supply_density","realData":false}},{"type":"Feature","geometry":{"type":"Polygon","coordinates":[[[107.62016523658056,-6.924876910691314],[107.62069912499487,-6.920155762012453],[107.61676987670765,-6.917590969946967],[107.61230664370683,-6.919747525429465],[107.61177284986536,-6.924468827913229],[107.61570219444273,-6.927033421118051],[107.62016523658056,-6.924876910691314]]]},"properties":{"h3":"888c1479e9fffff","incumbentScore":0.468,"method":"modeled_from_supply_density","realData":false}},{"type":"Feature","geometry":{"type":"Polygon","coordinates":[[[107.69067700759281,-6.9354179461023175],[107.69121167714142,-6.930698438652833],[107.68728515615007,-6.928135320688844],[107.68282386851098,-6.930291909283068],[107.68228929322842,-6.935011571216705],[107.68621591130979,-6.937574490080382],[107.69067700759281,-6.9354179461023175]]]},"properties":{"h3":"888c144c91fffff","incumbentScore":0.622,"method":"modeled_from_supply_density","realData":false}},{"type":"Feature","geometry":{"type":"Polygon","coordinates":[[[107.71405113903934,-6.915195344651679],[107.71458610795196,-6.910475232830854],[107.71066019329915,-6.907911681567673],[107.70619921235497,-6.910068441275401],[107.70566433762103,-6.914788707885239],[107.70959034964346,-6.917352060006726],[107.71405113903934,-6.915195344651679]]]},"properties":{"h3":"888c144cabfffff","incumbentScore":0.313,"method":"modeled_from_supply_density","realData":false}},{"type":"Feature","geometry":{"type":"Polygon","coordinates":[[[107.59139460118215,-6.880739731541559],[107.59192823873737,-6.876015985066223],[107.58799737631983,-6.873448855867226],[107.58353278035005,-6.8756056718504555],[107.58299923751701,-6.8803295719858895],[107.58693019592245,-6.8828965024864734],[107.59139460118215,-6.880739731541559]]]},"properties":{"h3":"888c146b45fffff","incumbentScore":0.159,"method":"modeled_from_supply_density","realData":false}},{"type":"Feature","geometry":{"type":"Polygon","coordinates":[[[107.68407759186972,-6.956450183226819],[107.68461215045086,-6.9517315907693025],[107.68068565250069,-6.949169234284709],[107.6762244989588,-6.9513256693789325],[107.67569003465908,-6.956044416182831],[107.67961662961069,-6.958606573554546],[107.68407759186972,-6.956450183226819]]]},"properties":{"h3":"888c147b21fffff","incumbentScore":0.157,"method":"modeled_from_supply_density","realData":false}},{"type":"Feature","geometry":{"type":"Polygon","coordinates":[[[107.62874804479502,-6.960888561718491],[107.629281968632,-6.9561692986831725],[107.62535349153787,-6.953606156577651],[107.62089099423159,-6.955762476461001],[107.62035716490898,-6.960481893267426],[107.62428573836915,-6.963044836427869],[107.62874804479502,-6.960888561718491]]]},"properties":{"h3":"888c147829fffff","incumbentScore":0.002,"method":"modeled_from_supply_density","realData":false}},{"type":"Feature","geometry":{"type":"Polygon","coordinates":[[[107.63336344863613,-6.882787935172813],[107.63389755926275,-6.878064958257112],[107.62996826270556,-6.8754986459099685],[107.62550475904527,-6.877655509321655],[107.62497074296098,-6.88237864031709],[107.62890013598556,-6.884944753829549],[107.63336344863613,-6.882787935172813]]]},"properties":{"h3":"888c16b689fffff","incumbentScore":0.003,"method":"modeled_from_supply_density","realData":false}},{"type":"Feature","geometry":{"type":"Polygon","coordinates":[[[107.62317716185137,-6.860917759710217],[107.62371119449895,-6.856193562019796],[107.61978124692328,-6.853626163155921],[107.61531717032653,-6.855783160757809],[107.61478323227796,-6.860507512497483],[107.61871327621799,-6.863074712594484],[107.62317716185137,-6.860917759710217]]]},"properties":{"h3":"888c16b6bdfffff","incumbentScore":0.158,"method":"modeled_from_supply_density","realData":false}},{"type":"Feature","geometry":{"type":"Polygon","coordinates":[[[107.61997326392378,-6.889258327403131],[107.62050721144287,-6.884535449520116],[107.6165775050683,-6.881969172530853],[107.61211375485547,-6.884125972235845],[107.61157990193175,-6.888849004040976],[107.61550970461637,-6.891415082227468],[107.61997326392378,-6.889258327403131]]]},"properties":{"h3":"888c16b6d7fffff","incumbentScore":0.159,"method":"modeled_from_supply_density","realData":false}},{"type":"Feature","geometry":{"type":"Polygon","coordinates":[[[107.62356035356036,-6.932162081119211],[107.62409426797257,-6.927441340137646],[107.62016523658056,-6.924876910691314],[107.61570219444273,-6.927033421118051],[107.61516837458448,-6.9317543159145565],[107.61909750230099,-6.934318546477849],[107.62356035356036,-6.932162081119211]]]},"properties":{"h3":"888c147913fffff","incumbentScore":0.159,"method":"modeled_from_supply_density","realData":false}},{"type":"Feature","geometry":{"type":"Polygon","coordinates":[[[107.66871879499357,-6.905875170989924],[107.66925326676055,-6.9011538785967455],[107.66532556280652,-6.898589144755569],[107.66086329021884,-6.900745902299729],[107.66032891282953,-6.905467349054027],[107.6642567136411,-6.9080318839114785],[107.66871879499357,-6.905875170989924]]]},"properties":{"h3":"888c14792dfffff","incumbentScore":0.001,"method":"modeled_from_supply_density","realData":false}},{"type":"Feature","geometry":{"type":"Polygon","coordinates":[[[107.66551226233602,-6.934198300125491],[107.66604664897841,-6.929478329474248],[107.66211918556336,-6.926914719410166],[107.65765723869362,-6.929071279024691],[107.65712294642529,-6.933791403909333],[107.66105050664352,-6.936354814954488],[107.66551226233602,-6.934198300125491]]]},"properties":{"h3":"888c147947fffff","incumbentScore":0.157,"method":"modeled_from_supply_density","realData":false}},{"type":"Feature","geometry":{"type":"Polygon","coordinates":[[[107.67550453020905,-6.920444912425472],[107.67603905375145,-6.915724435059614],[107.672111784127,-6.913160426943273],[107.66764989402499,-6.91531709522972],[107.66711546482242,-6.920037726976492],[107.6710428313729,-6.922601536064333],[107.67550453020905,-6.920444912425472]]]},"properties":{"h3":"888c147961fffff","incumbentScore":0.157,"method":"modeled_from_supply_density","realData":false}},{"type":"Feature","geometry":{"type":"Polygon","coordinates":[[[107.71262752783223,-6.964945660341486],[107.71316239483419,-6.960227939613698],[107.70923705737046,-6.957666439512327],[107.70477675557356,-6.959822859363498],[107.70424198272615,-6.964540734697721],[107.70816741751199,-6.967102035582761],[107.71262752783223,-6.964945660341486]]]},"properties":{"h3":"888c144eb3fffff","incumbentScore":0.378,"method":"modeled_from_supply_density","realData":false}},{"type":"Feature","geometry":{"type":"Polygon","coordinates":[[[107.57819799026055,-6.922834759852396],[107.57873140545108,-6.9181128429872984],[107.57480059281107,-6.915547232856982],[107.57033626916082,-6.917703738324665],[107.56980294872288,-6.922425808575402],[107.57373385717348,-6.924991219981321],[107.57819799026055,-6.922834759852396]]]},"properties":{"h3":"888c147995fffff","incumbentScore":0.005,"method":"modeled_from_supply_density","realData":false}},{"type":"Feature","geometry":{"type":"Polygon","coordinates":[[[107.61356700010093,-6.945915676549491],[107.61410077741405,-6.941195443680125],[107.61017155343451,-6.938631411995006],[107.60570845593118,-6.940787812061048],[107.60517477320614,-6.94550819859787],[107.60910409338724,-6.948072031409684],[107.61356700010093,-6.945915676549491]]]},"properties":{"h3":"888c1479c9fffff","incumbentScore":0.16,"method":"modeled_from_supply_density","realData":false}},{"type":"Feature","geometry":{"type":"Polygon","coordinates":[[[107.60837708227517,-6.917182569672098],[107.60891085009105,-6.912460859602461],[107.60498107181178,-6.909895541381632],[107.6005174295476,-6.912052132049921],[107.59998375635944,-6.916773995830574],[107.60391363079864,-6.919339115240395],[107.60837708227517,-6.917182569672098]]]},"properties":{"h3":"888c1479e3fffff","incumbentScore":0.469,"method":"modeled_from_supply_density","realData":false}},{"type":"Feature","geometry":{"type":"Polygon","coordinates":[[[107.70745083261562,-6.936230174580193],[107.7079856905883,-6.931510976349585],[107.70405979856058,-6.928948186647979],[107.69959895126998,-6.931104794339891],[107.69906418749132,-6.93582414722169],[107.7029901768001,-6.938386737768802],[107.70745083261562,-6.936230174580193]]]},"properties":{"h3":"888c144c8bfffff","incumbentScore":0.537,"method":"modeled_from_supply_density","realData":false}},{"type":"Feature","geometry":{"type":"Polygon","coordinates":[[[107.56800506955665,-6.900969869832019],[107.56853840641712,-6.89624673063578],[107.56460694374746,-6.893680034184548],[107.56014204850102,-6.895836675595],[107.55960880644982,-6.900559968146152],[107.5635403648267,-6.903126465940462],[107.56800506955665,-6.900969869832019]]]},"properties":{"h3":"888c146b59fffff","incumbentScore":0.002,"method":"modeled_from_supply_density","realData":false}},{"type":"Feature","geometry":{"type":"Polygon","coordinates":[[[107.70923705737046,-6.957666439512327],[107.7097718985798,-6.952948310594849],[107.70584634382797,-6.9503864469233045],[107.70138585056966,-6.952542911371805],[107.7008511035337,-6.957261194886087],[107.70477675557356,-6.959822859363498],[107.70923705737046,-6.957666439512327]]]},"properties":{"h3":"888c144cd9fffff","incumbentScore":0.003,"method":"modeled_from_supply_density","realData":false}},{"type":"Feature","geometry":{"type":"Polygon","coordinates":[[[107.616962203925,-6.953199170370252],[107.61749600724728,-6.948479345481816],[107.61356700010093,-6.945915676549491],[107.60910409338724,-6.948072031409684],[107.60857038463415,-6.952792009975577],[107.61249948801645,-6.955355480012296],[107.616962203925,-6.953199170370252]]]},"properties":{"h3":"888c147823fffff","incumbentScore":0.843,"method":"modeled_from_supply_density","realData":false}},{"type":"Feature","geometry":{"type":"Polygon","coordinates":[[[107.6673019436073,-6.955638474988674],[107.66783631358962,-6.950919573921918],[107.66390918752163,-6.948356889090497],[107.65944759465192,-6.950513304392908],[107.658913319023,-6.95523235963897],[107.66284054190128,-6.957794845411754],[107.6673019436073,-6.955638474988674]]]},"properties":{"h3":"888c147b35fffff","incumbentScore":0.311,"method":"modeled_from_supply_density","realData":false}},{"type":"Feature","geometry":{"type":"Polygon","coordinates":[[[107.61196575324418,-6.960075050506138],[107.61249948801645,-6.955355480012296],[107.60857038463415,-6.952792009975577],[107.60410745029604,-6.954948309331858],[107.60357381011005,-6.959668033429417],[107.60750300966677,-6.962231304575472],[107.61196575324418,-6.960075050506138]]]},"properties":{"h3":"888c14783dfffff","incumbentScore":0.47,"method":"modeled_from_supply_density","realData":false}},{"type":"Feature","geometry":{"type":"Polygon","coordinates":[[[107.62157514904224,-6.875089033524944],[107.6221091391235,-6.870365495512895],[107.61817931214864,-6.867798657521314],[107.61371539874627,-6.869955556335118],[107.61318150326225,-6.874679248332864],[107.61711142657428,-6.87724588753958],[107.62157514904224,-6.875089033524944]]]},"properties":{"h3":"888c16b683fffff","incumbentScore":0.159,"method":"modeled_from_supply_density","realData":false}},{"type":"Feature","geometry":{"type":"Polygon","coordinates":[[[107.6165775050683,-6.881969172530853],[107.61711142657428,-6.87724588753958],[107.61318150326225,-6.874679248332864],[107.60871756215944,-6.876836092906112],[107.60818373526774,-6.881559531809348],[107.61211375485547,-6.884125972235845],[107.6165775050683,-6.881969172530853]]]},"properties":{"h3":"888c16b69dfffff","incumbentScore":0.468,"method":"modeled_from_supply_density","realData":false}},{"type":"Feature","geometry":{"type":"Polygon","coordinates":[[[107.57160055604967,-6.943876546046652],[107.57213386006289,-6.9391555456779255],[107.56820307248431,-6.936590695322025],[107.56373888516137,-6.938747044080378],[107.56320567591594,-6.9434681976974675],[107.56713655921652,-6.946032849316346],[107.57160055604967,-6.943876546046652]]]},"properties":{"h3":"888c1478a5fffff","incumbentScore":0.157,"method":"modeled_from_supply_density","realData":false}},{"type":"Feature","geometry":{"type":"Polygon","coordinates":[[[107.62336877983088,-6.896546712758644],[107.62390275335427,-6.891824242085599],[107.61997326392378,-6.889258327403131],[107.61550970461637,-6.891415082227468],[107.61497582566949,-6.8961377068327545],[107.6189054114444,-6.898703422689933],[107.62336877983088,-6.896546712758644]]]},"properties":{"h3":"888c16b6d1fffff","incumbentScore":0.534,"method":"modeled_from_supply_density","realData":false}},{"type":"Feature","geometry":{"type":"Polygon","coordinates":[[[107.66211918556336,-6.926914719410166],[107.66265354630232,-6.922194341011917],[107.65872586578772,-6.919630367996258],[107.65426372775609,-6.921786972383869],[107.65372946141008,-6.926507505005611],[107.65765723869362,-6.929071279024691],[107.66211918556336,-6.926914719410166]]]},"properties":{"h3":"888c14790dfffff","incumbentScore":0.005,"method":"modeled_from_supply_density","realData":false}},{"type":"Feature","geometry":{"type":"Polygon","coordinates":[[[107.65693527228653,-6.898181004690748],[107.657469623756,-6.893459150584773],[107.65354138870947,-6.890893890313222],[107.64907870545676,-6.8930506830901965],[107.64854444841983,-6.897772691463606],[107.65247278019393,-6.90033775280105],[107.65693527228653,-6.898181004690748]]]},"properties":{"h3":"888c147927fffff","incumbentScore":0.002,"method":"modeled_from_supply_density","realData":false}},{"type":"Feature","geometry":{"type":"Polygon","coordinates":[[[107.66890509610799,-6.941481109952446],[107.66943950864498,-6.936761547149314],[107.66551226233602,-6.934198300125491],[107.66105050664352,-6.936354814954488],[107.66051618846171,-6.941074532000861],[107.66444353160809,-6.943637579983442],[107.66890509610799,-6.941481109952446]]]},"properties":{"h3":"888c147941fffff","incumbentScore":0.378,"method":"modeled_from_supply_density","realData":false}},{"type":"Feature","geometry":{"type":"Polygon","coordinates":[[[107.64213447049204,-6.95441960645143],[107.64266855730622,-6.949700243097506],[107.63874049008443,-6.947137066039232],[107.63427823951612,-6.949293451320531],[107.63374424716329,-6.954012968602957],[107.63767241090831,-6.9565759466840555],[107.64213447049204,-6.95441960645143]]]},"properties":{"h3":"888c14795bfffff","incumbentScore":0.005,"method":"modeled_from_supply_density","realData":false}},{"type":"Feature","geometry":{"type":"Polygon","coordinates":[[[107.60498107181178,-6.909895541381632],[107.60551481359322,-6.905173423827589],[107.60158481847294,-6.902607743232477],[107.59712098543665,-6.904764378988422],[107.59658733830182,-6.909486650243347],[107.6005174295476,-6.912052132049921],[107.60498107181178,-6.909895541381632]]]},"properties":{"h3":"888c1479a9fffff","incumbentScore":0.316,"method":"modeled_from_supply_density","realData":false}},{"type":"Feature","geometry":{"type":"Polygon","coordinates":[[[107.60177891895792,-6.9382236165630085],[107.60231257564608,-6.933502822156436],[107.5983828218873,-6.9309382640610835],[107.59391931535993,-6.933094699204514],[107.5933857533147,-6.9378156471847205],[107.5973156031448,-6.940380006456341],[107.60177891895792,-6.9382236165630085]]]},"properties":{"h3":"888c1479c3fffff","incumbentScore":0.758,"method":"modeled_from_supply_density","realData":false}},{"type":"Feature","geometry":{"type":"Polygon","coordinates":[[[107.59678201504383,-6.945100546576856],[107.5973156031448,-6.940380006456341],[107.5933857533147,-6.9378156471847205],[107.5889222193647,-6.939972026860926],[107.58838872592368,-6.944692720481339],[107.5923186717636,-6.947256880934135],[107.59678201504383,-6.945100546576856]]]},"properties":{"h3":"888c1479ddfffff","incumbentScore":0.534,"method":"modeled_from_supply_density","realData":false}},{"type":"Feature","geometry":{"type":"Polygon","coordinates":[[[107.71744184161943,-6.9224782368841105],[107.71797683632089,-6.917758532676587],[107.71405113903934,-6.915195344651679],[107.70959034964346,-6.917352060006726],[107.70905544910177,-6.922071919012997],[107.71298124378707,-6.924634907873872],[107.71744184161943,-6.9224782368841105]]]},"properties":{"h3":"888c144c85fffff","incumbentScore":0.535,"method":"modeled_from_supply_density","realData":false}},{"type":"Feature","geometry":{"type":"Polygon","coordinates":[[[107.7006685213936,-6.921665427636869],[107.70120332773952,-6.916945413915368],[107.69727700111228,-6.914381897736412],[107.69281577091726,-6.91653859439723],[107.69228105880318,-6.921258762750422],[107.69620748264315,-6.923822079819517],[107.7006685213936,-6.921665427636869]]]},"properties":{"h3":"888c144cb9fffff","incumbentScore":0.002,"method":"modeled_from_supply_density","realData":false}},{"type":"Feature","geometry":{"type":"Polygon","coordinates":[[[107.69745998128226,-6.949980883390249],[107.69799470249792,-6.945262191796683],[107.69406861596941,-6.94269980039925],[107.68960771105776,-6.944856299748648],[107.6890730840704,-6.949575145845863],[107.69299926775726,-6.952137338098455],[107.69745998128226,-6.949980883390249]]]},"properties":{"h3":"888c144cd3fffff","incumbentScore":0.315,"method":"modeled_from_supply_density","realData":false}},{"type":"Feature","geometry":{"type":"Polygon","coordinates":[[[107.60139067315214,-6.8669782797912395],[107.6019244479533,-6.862254026997354],[107.59799377769619,-6.859686500387534],[107.59352923651784,-6.861843425287809],[107.59299555640476,-6.866567831889264],[107.59692632277284,-6.869135159791353],[107.60139067315214,-6.8669782797912395]]]},"properties":{"h3":"888c146b6dfffff","incumbentScore":0.158,"method":"modeled_from_supply_density","realData":false}},{"type":"Feature","geometry":{"type":"Polygon","coordinates":[[[107.60017803397487,-6.952384675388434],[107.60071164812278,-6.947664543228825],[107.59678201504383,-6.945100546576856],[107.5923186717636,-6.947256880934135],[107.59178515225679,-6.9519771666036965],[107.59571488137998,-6.954540964414511],[107.60017803397487,-6.952384675388434]]]},"properties":{"h3":"888c147837fffff","incumbentScore":0.468,"method":"modeled_from_supply_density","realData":false}},{"type":"Feature","geometry":{"type":"Polygon","coordinates":[[[107.69086074156353,-6.9710097663239745],[107.69139535183433,-6.966291990288583],[107.68746928822323,-6.963730360636256],[107.68300851726238,-6.965886706185016],[107.68247400123522,-6.9706046365862235],[107.68640016191618,-6.973166067081288],[107.69086074156353,-6.9710097663239745]]]},"properties":{"h3":"888c147b63fffff","incumbentScore":0.002,"method":"modeled_from_supply_density","realData":false}},{"type":"Feature","geometry":{"type":"Polygon","coordinates":[[[107.60478732567529,-6.874269290329006],[107.60532112652612,-6.869545444429488],[107.60139067315214,-6.8669782797912395],[107.59692632277284,-6.869135159791353],[107.59639261659113,-6.873859159508675],[107.6003231661105,-6.8764261254165575],[107.60478732567529,-6.874269290329006]]]},"properties":{"h3":"888c16b697fffff","incumbentScore":0.623,"method":"modeled_from_supply_density","realData":false}},{"type":"Feature","geometry":{"type":"Polygon","coordinates":[[[107.61478323227796,-6.860507512497483],[107.61531717032653,-6.855783160757809],[107.61138690942792,-6.85321559864493],[107.60692261420319,-6.85537258701982],[107.60638877078961,-6.860097092724795],[107.61031912795664,-6.86266445609804],[107.61478323227796,-6.860507512497483]]]},"properties":{"h3":"888c16b6b1fffff","incumbentScore":0.534,"method":"modeled_from_supply_density","realData":false}},{"type":"Feature","geometry":{"type":"Polygon","coordinates":[[[107.64015309151547,-6.897364205069175],[107.64068725408387,-6.892642042512092],[107.63675839157202,-6.890076454956177],[107.6322952699466,-6.892233228845523],[107.63176120188271,-6.8969555455024985],[107.63569016093061,-6.899520934178691],[107.64015309151547,-6.897364205069175]]]},"properties":{"h3":"888c16b6cbfffff","incumbentScore":0.469,"method":"modeled_from_supply_density","realData":false}},{"type":"Feature","geometry":{"type":"Polygon","coordinates":[[[107.65033573341377,-6.9192228354796095],[107.65086997382862,-6.914501895221967],[107.64694176243408,-6.911937395521359],[107.64247921397661,-6.9140940350338855],[107.64194506800958,-6.918815129421425],[107.6458733760431,-6.921379430174984],[107.65033573341377,-6.9192228354796095]]]},"properties":{"h3":"888c147907fffff","incumbentScore":0.157,"method":"modeled_from_supply_density","realData":false}},{"type":"Feature","geometry":{"type":"Polygon","coordinates":[[[107.66032891282953,-6.905467349054027],[107.66086329021884,-6.900745902299729],[107.65693527228653,-6.898181004690748],[107.65247278019393,-6.90033775280105],[107.65193849721823,-6.905059353832751],[107.65586661191239,-6.907624052485187],[107.66032891282953,-6.905467349054027]]]},"properties":{"h3":"888c147921fffff","incumbentScore":0.003,"method":"modeled_from_supply_density","realData":false}},{"type":"Feature","geometry":{"type":"Polygon","coordinates":[[[107.63355386988431,-6.918407249816629],[107.63408792136751,-6.913686001382915],[107.63015908280892,-6.911121174156033],[107.62569609631059,-6.913277794264006],[107.6251621393472,-6.917999196660143],[107.62909107435323,-6.920563824994352],[107.63355386988431,-6.918407249816629]]]},"properties":{"h3":"888c14793bfffff","incumbentScore":0.317,"method":"modeled_from_supply_density","realData":false}},{"type":"Feature","geometry":{"type":"Polygon","coordinates":[[[107.6521267474837,-6.940667780139111],[107.65266097127437,-6.935947908933098],[107.64873309728331,-6.933384333905803],[107.64427090284644,-6.935540829079919],[107.64373677348293,-6.940260854361935],[107.64766474412008,-6.942824230402287],[107.6521267474837,-6.940667780139111]]]},"properties":{"h3":"888c147955fffff","incumbentScore":0.313,"method":"modeled_from_supply_density","realData":false}},{"type":"Feature","geometry":{"type":"Polygon","coordinates":[[[107.5983828218873,-6.9309382640610835],[107.59891645252975,-6.926217061886056],[107.59498648199212,-6.92365214128243],[107.59052278476601,-6.92580862166366],[107.58998924878539,-6.930529977402231],[107.59391931535993,-6.933094699204514],[107.5983828218873,-6.9309382640610835]]]},"properties":{"h3":"888c147989fffff","incumbentScore":0.005,"method":"modeled_from_supply_density","realData":false}},{"type":"Feature","geometry":{"type":"Polygon","coordinates":[[[107.59319067739094,-6.902198534874316],[107.59372429846358,-6.8974758562466745],[107.5897937736246,-6.8949096499143305],[107.58532953170867,-6.897066320956908],[107.58479600533745,-6.9017891531913715],[107.58872662617165,-6.904355160784922],[107.59319067739094,-6.902198534874316]]]},"properties":{"h3":"888c1479a3fffff","incumbentScore":0.316,"method":"modeled_from_supply_density","realData":false}},{"type":"Feature","geometry":{"type":"Polygon","coordinates":[[[107.58819307371937,-6.909077585656848],[107.58872662617165,-6.904355160784922],[107.58479600533745,-6.9017891531913715],[107.58033173610822,-6.903945769212265],[107.57979827837444,-6.908668347617295],[107.5837289951423,-6.911234156476816],[107.58819307371937,-6.909077585656848]]]},"properties":{"h3":"888c1479bdfffff","incumbentScore":0.312,"method":"modeled_from_supply_density","realData":false}},{"type":"Feature","geometry":{"type":"Polygon","coordinates":[[[107.58499205681471,-6.937407503855111],[107.58552552418107,-6.932686402385107],[107.58159514492772,-6.930121516915315],[107.57713120241942,-6.932277931693242],[107.57659782976786,-6.936999186569198],[107.58052830490071,-6.93956387326979],[107.58499205681471,-6.937407503855111]]]},"properties":{"h3":"888c1479d7fffff","incumbentScore":0.003,"method":"modeled_from_supply_density","realData":false}},{"type":"Feature","geometry":{"type":"Polygon","coordinates":[[[107.69406861596941,-6.94269980039925],[107.69460331135598,-6.937980700827253],[107.69067700759281,-6.9354179461023175],[107.68621591130979,-6.937574490080382],[107.68568131017042,-6.9422937441463],[107.68960771105776,-6.944856299748648],[107.69406861596941,-6.94269980039925]]]},"properties":{"h3":"888c144c99fffff","incumbentScore":0.378,"method":"modeled_from_supply_density","realData":false}},{"type":"Feature","geometry":{"type":"Polygon","coordinates":[[[107.68888912982138,-6.91397491419996],[107.68942381608996,-6.909254338262774],[107.68549695774465,-6.906690295025964],[107.68103531603862,-6.908847026795157],[107.68050072405677,-6.9135677572706395],[107.6844276794851,-6.916131601447057],[107.68888912982138,-6.91397491419996]]]},"properties":{"h3":"888c144cb3fffff","incumbentScore":0.156,"method":"modeled_from_supply_density","realData":false}},{"type":"Feature","geometry":{"type":"Polygon","coordinates":[[[107.59479158316032,-6.888029838121386],[107.59532524678535,-6.883306498723754],[107.59139460118215,-6.880739731541559],[107.58693019592245,-6.8828965024864734],[107.58639662700068,-6.887619995554457],[107.59032736862623,-6.890186564015647],[107.59479158316032,-6.888029838121386]]]},"properties":{"h3":"888c146b4dfffff","incumbentScore":0.38,"method":"modeled_from_supply_density","realData":false}},{"type":"Feature","geometry":{"type":"Polygon","coordinates":[[[107.73082313537218,-6.9160080980586285],[107.73135829253397,-6.911288296066336],[107.72743300768988,-6.908725072981281],[107.72297246811428,-6.9108818510927295],[107.72243740505907,-6.9156018080410355],[107.72636278746371,-6.9181648319302695],[107.73082313537218,-6.9160080980586285]]]},"properties":{"h3":"888c144ce7fffff","incumbentScore":0.003,"method":"modeled_from_supply_density","realData":false}},{"type":"Feature","geometry":{"type":"Polygon","coordinates":[[[107.68746928822323,-6.963730360636256],[107.68800387265358,-6.959012176339429],[107.68407759186972,-6.956450183226819],[107.67961662961069,-6.958606573554546],[107.67908213944285,-6.963324912207491],[107.68300851726238,-6.965886706185016],[107.68746928822323,-6.963730360636256]]]},"properties":{"h3":"888c147b29fffff","incumbentScore":0.158,"method":"modeled_from_supply_density","realData":false}},{"type":"Feature","geometry":{"type":"Polygon","coordinates":[[[107.60357381011005,-6.959668033429417],[107.60410745029604,-6.954948309331858],[107.60017803397487,-6.952384675388434],[107.59571488137998,-6.954540964414511],[107.5951813358162,-6.95926084203206],[107.59911084821597,-6.961824277112034],[107.60357381011005,-6.959668033429417]]]},"properties":{"h3":"888c147831fffff","incumbentScore":0.004,"method":"modeled_from_supply_density","realData":false}},{"type":"Feature","geometry":{"type":"Polygon","coordinates":[[[107.69049323119714,-6.8998125260265395],[107.69102796003668,-6.895091289827383],[107.68710098155857,-6.892526684597079],[107.68263917712163,-6.894683514617037],[107.68210454257058,-6.899404905418401],[107.68603161815886,-6.901969311606023],[107.69049323119714,-6.8998125260265395]]]},"properties":{"h3":"888c16b65dfffff","incumbentScore":0.155,"method":"modeled_from_supply_density","realData":false}},{"type":"Feature","geometry":{"type":"Polygon","coordinates":[[[107.6455282079935,-6.961701375711097],[107.64606232075133,-6.9569824204689015],[107.64213447049204,-6.95441960645143],[107.63767241090831,-6.9565759466840555],[107.63713839259292,-6.961295055864621],[107.6410663394097,-6.9638576708826605],[107.6455282079935,-6.961701375711097]]]},"properties":{"h3":"888c147865fffff","incumbentScore":0.312,"method":"modeled_from_supply_density","realData":false}},{"type":"Feature","geometry":{"type":"Polygon","coordinates":[[[107.60818373526774,-6.881559531809348],[107.60871756215944,-6.876836092906112],[107.60478732567529,-6.874269290329006],[107.6003231661105,-6.8764261254165575],[107.59978943386905,-6.881149718147824],[107.60371976653302,-6.883716321971972],[107.60818373526774,-6.881559531809348]]]},"properties":{"h3":"888c16b691fffff","incumbentScore":0.314,"method":"modeled_from_supply_density","realData":false}},{"type":"Feature","geometry":{"type":"Polygon","coordinates":[[[107.57839479498841,-6.958445936254795],[107.57892815119996,-6.953725751848586],[107.57499779688366,-6.951161626420999],[107.57053399055584,-6.953317884189826],[107.57000072907432,-6.958038221864652],[107.57393117918149,-6.960602148510546],[107.57839479498841,-6.958445936254795]]]},"properties":{"h3":"888c1478e7fffff","incumbentScore":0.156,"method":"modeled_from_supply_density","realData":false}},{"type":"Feature","geometry":{"type":"Polygon","coordinates":[[[107.65372946141008,-6.926507505005611],[107.65426372775609,-6.921786972383869],[107.65033573341377,-6.9192228354796095],[107.6458733760431,-6.921379430174984],[107.64533920412603,-6.926100116936584],[107.64926729514158,-6.928664054871407],[107.65372946141008,-6.926507505005611]]]},"properties":{"h3":"888c147901fffff","incumbentScore":0.689,"method":"modeled_from_supply_density","realData":false}},{"type":"Feature","geometry":{"type":"Polygon","coordinates":[[[107.62695522764925,-6.939446481040456],[107.6274891680505,-6.934726147857445],[107.62356035356036,-6.932162081119211],[107.61909750230099,-6.934318546477849],[107.6185636564348,-6.9390390334857965],[107.62249256728381,-6.941602901318638],[107.62695522764925,-6.939446481040456]]]},"properties":{"h3":"888c14791bfffff","incumbentScore":0.315,"method":"modeled_from_supply_density","realData":false}},{"type":"Feature","geometry":{"type":"Polygon","coordinates":[[[107.64354754846873,-6.904651185321085],[107.64408173699479,-6.899929430095687],[107.64015309151547,-6.897364205069175],[107.63569016093061,-6.899520934178691],[107.63515606689019,-6.904242843514002],[107.63908480893987,-6.906807869638325],[107.64354754846873,-6.904651185321085]]]},"properties":{"h3":"888c147935fffff","incumbentScore":0.383,"method":"modeled_from_supply_density","realData":false}},{"type":"Feature","geometry":{"type":"Polygon","coordinates":[[[107.67889703324207,-6.927728627246555],[107.67943158265898,-6.923008557546238],[107.67550453020905,-6.920444912425472],[107.6710428313729,-6.922601536064333],[107.67050837627697,-6.927321760155405],[107.6744355256871,-6.929885206225302],[107.67889703324207,-6.927728627246555]]]},"properties":{"h3":"888c147969fffff","incumbentScore":0.157,"method":"modeled_from_supply_density","realData":false}},{"type":"Feature","geometry":{"type":"Polygon","coordinates":[[[107.58659250145367,-6.923243537419773],[107.58712601136085,-6.918521774024222],[107.5831955113174,-6.915956327427895],[107.57873140545108,-6.9181128429872984],[107.57819799026055,-6.922834759852396],[107.58212858621059,-6.925400007697051],[107.58659250145367,-6.923243537419773]]]},"properties":{"h3":"888c147983fffff","incumbentScore":0.378,"method":"modeled_from_supply_density","realData":false}},{"type":"Feature","geometry":{"type":"Polygon","coordinates":[[[107.58159514492772,-6.930121516915315],[107.58212858621059,-6.925400007697051],[107.57819799026055,-6.922834759852396],[107.57373385717348,-6.924991219981321],[107.57320051062433,-6.929712882595401],[107.57713120241942,-6.932277931693242],[107.58159514492772,-6.930121516915315]]]},"properties":{"h3":"888c14799dfffff","incumbentScore":0.911,"method":"modeled_from_supply_density","realData":false}},{"type":"Feature","geometry":{"type":"Polygon","coordinates":[[[107.57640080262264,-6.901379598178857],[107.57693423425644,-6.896656612421513],[107.57300308405986,-6.89409007930362],[107.56853840641712,-6.89624673063578],[107.56800506955665,-6.900969869832019],[107.57193631555647,-6.903536204265698],[107.57640080262264,-6.901379598178857]]]},"properties":{"h3":"888c1479b7fffff","incumbentScore":0.157,"method":"modeled_from_supply_density","realData":false}},{"type":"Feature","geometry":{"type":"Polygon","coordinates":[[[107.58838872592368,-6.944692720481339],[107.5889222193647,-6.939972026860926],[107.58499205681471,-6.937407503855111],[107.58052830490071,-6.93956387326979],[107.57999490615563,-6.944284720306274],[107.58392516461952,-6.946849044520511],[107.58838872592368,-6.944692720481339]]]},"properties":{"h3":"888c1479d1fffff","incumbentScore":0.159,"method":"modeled_from_supply_density","realData":false}},{"type":"Feature","geometry":{"type":"Polygon","coordinates":[[[107.59959506648819,-6.845511862110661],[107.60012885779595,-6.840786543106652],[107.59619784989624,-6.838218094155724],[107.59173295457593,-6.8403751628842375],[107.59119925797698,-6.845100635748958],[107.59513036198038,-6.847668886032926],[107.59959506648819,-6.845511862110661]]]},"properties":{"h3":"888c16b4d1fffff","incumbentScore":0.376,"method":"modeled_from_supply_density","realData":false}},{"type":"Feature","geometry":{"type":"Polygon","coordinates":[[[107.61177284986536,-6.924468827913229],[107.61230664370683,-6.919747525429465],[107.60837708227517,-6.917182569672098],[107.60391363079864,-6.919339115240395],[107.60337993156597,-6.92406057144526],[107.60730958919193,-6.926625328369195],[107.61177284986536,-6.924468827913229]]]},"properties":{"h3":"888c1479ebfffff","incumbentScore":0.381,"method":"modeled_from_supply_density","realData":false}},{"type":"Feature","geometry":{"type":"Polygon","coordinates":[[[107.68228929322842,-6.935011571216705],[107.68282386851098,-6.930291909283068],[107.67889703324207,-6.927728627246555],[107.6744355256871,-6.929885206225302],[107.67390104470664,-6.934605022559529],[107.67782797696994,-6.937168105522852],[107.68228929322842,-6.935011571216705]]]},"properties":{"h3":"888c144c93fffff","incumbentScore":0.003,"method":"modeled_from_supply_density","realData":false}},{"type":"Feature","geometry":{"type":"Polygon","coordinates":[[[107.72743300768988,-6.908725072981281],[107.72796813909177,-6.9040048634573905],[107.72404263680177,-6.901441277090261],[107.71958190557429,-6.903598099428874],[107.71904686829784,-6.9083184638990565],[107.72297246811428,-6.9108818510927295],[107.72743300768988,-6.908725072981281]]]},"properties":{"h3":"888c144cadfffff","incumbentScore":0.156,"method":"modeled_from_supply_density","realData":false}},{"type":"Feature","geometry":{"type":"Polygon","coordinates":[[[107.58299923751701,-6.8803295719858895],[107.58353278035005,-6.8756056718504555],[107.57960160517143,-6.873038379400028],[107.57513679125873,-6.875195185764644],[107.57460334318384,-6.8799192394761715],[107.57853461425435,-6.882486333255479],[107.58299923751701,-6.8803295719858895]]]},"properties":{"h3":"888c146b47fffff","incumbentScore":0.379,"method":"modeled_from_supply_density","realData":false}},{"type":"Feature","geometry":{"type":"Polygon","coordinates":[[[107.72422251730896,-6.937041708036205],[107.72475756356164,-6.93232281935839],[107.72083230104184,-6.92976035807542],[107.71637189478822,-6.931916984687295],[107.71583694265752,-6.9366360281832184],[107.71976230264933,-6.939198290257577],[107.72422251730896,-6.937041708036205]]]},"properties":{"h3":"888c144cc7fffff","incumbentScore":0.158,"method":"modeled_from_supply_density","realData":false}},{"type":"Feature","geometry":{"type":"Polygon","coordinates":[[[107.59299555640476,-6.866567831889264],[107.59352923651784,-6.861843425287809],[107.58959825330766,-6.859275735481127],[107.5851334939603,-6.8614326509648365],[107.58459990857122,-6.86615721128984],[107.5885309877964,-6.868724702416069],[107.59299555640476,-6.866567831889264]]]},"properties":{"h3":"888c146b61fffff","incumbentScore":0.003,"method":"modeled_from_supply_density","realData":false}},{"type":"Feature","geometry":{"type":"Polygon","coordinates":[[[107.67569003465908,-6.956044416182831],[107.6762244989588,-6.9513256693789325],[107.67229768688156,-6.948763148701379],[107.66783631358962,-6.950919573921918],[107.6673019436073,-6.955638474988674],[107.67122885259042,-6.958200796580464],[107.67569003465908,-6.956044416182831]]]},"properties":{"h3":"888c147b23fffff","incumbentScore":0.313,"method":"modeled_from_supply_density","realData":false}},{"type":"Feature","geometry":{"type":"Polygon","coordinates":[[[107.62035716490898,-6.960481893267426],[107.62089099423159,-6.955762476461001],[107.616962203925,-6.953199170370252],[107.61249948801645,-6.955355480012296],[107.61196575324418,-6.960075050506138],[107.61589463982101,-6.962638157679003],[107.62035716490898,-6.960481893267426]]]},"properties":{"h3":"888c14782bfffff","incumbentScore":0.003,"method":"modeled_from_supply_density","realData":false}},{"type":"Feature","geometry":{"type":"Polygon","coordinates":[[[107.6706944567211,-6.962919289506026],[107.67122885259042,-6.958200796580464],[107.6673019436073,-6.955638474988674],[107.66284054190128,-6.957794845411754],[107.66230624036646,-6.962513492526425],[107.66623324619407,-6.965075615037348],[107.6706944567211,-6.962919289506026]]]},"properties":{"h3":"888c147b3dfffff","incumbentScore":0.311,"method":"modeled_from_supply_density","realData":false}},{"type":"Feature","geometry":{"type":"Polygon","coordinates":[[[107.62497074296098,-6.88237864031709],[107.62550475904527,-6.877655509321655],[107.62157514904224,-6.875089033524944],[107.61711142657428,-6.87724588753958],[107.6165775050683,-6.881969172530853],[107.62050721144287,-6.884535449520116],[107.62497074296098,-6.88237864031709]]]},"properties":{"h3":"888c16b68bfffff","incumbentScore":0.158,"method":"modeled_from_supply_density","realData":false}},{"type":"Feature","geometry":{"type":"Polygon","coordinates":[[[107.57499779688366,-6.951161626420999],[107.57553112700047,-6.946441033982922],[107.57160055604967,-6.943876546046652],[107.56713655921652,-6.946032849316346],[107.56660332384861,-6.950753595012937],[107.57053399055584,-6.953317884189826],[107.57499779688366,-6.951161626420999]]]},"properties":{"h3":"888c1478adfffff","incumbentScore":0.378,"method":"modeled_from_supply_density","realData":false}},{"type":"Feature","geometry":{"type":"Polygon","coordinates":[[[107.62676405279187,-6.903834328406524],[107.62729805231066,-6.899112265045068],[107.62336877983088,-6.896546712758644],[107.6189054114444,-6.898703422689933],[107.61837150648316,-6.903425639993713],[107.62230087534172,-6.905990993432346],[107.62676405279187,-6.903834328406524]]]},"properties":{"h3":"888c16b6d9fffff","incumbentScore":0.383,"method":"modeled_from_supply_density","realData":false}},{"type":"Feature","geometry":{"type":"Polygon","coordinates":[[[107.63694841402028,-6.925692555197925],[107.6374824914724,-6.920971714380175],[107.63355386988431,-6.918407249816629],[107.62909107435323,-6.920563824994352],[107.62855709140202,-6.925284819784536],[107.63248580947187,-6.927849085433009],[107.63694841402028,-6.925692555197925]]]},"properties":{"h3":"888c147915fffff","incumbentScore":0.005,"method":"modeled_from_supply_density","realData":false}},{"type":"Feature","geometry":{"type":"Polygon","coordinates":[[[107.67229768688156,-6.948763148701379],[107.67283212530434,-6.944043993847394],[107.66890509610799,-6.941481109952446],[107.66444353160809,-6.943637579983442],[107.66390918752163,-6.948356889090497],[107.66783631358962,-6.950919573921918],[107.67229768688156,-6.948763148701379]]]},"properties":{"h3":"888c147949fffff","incumbentScore":0.315,"method":"modeled_from_supply_density","realData":false}},{"type":"Feature","geometry":{"type":"Polygon","coordinates":[[[107.66711546482242,-6.920037726976492],[107.66764989402499,-6.91531709522972],[107.66372231034072,-6.9127529232126825],[107.65926020061441,-6.914909581952217],[107.65872586578772,-6.919630367996258],[107.66265354630232,-6.922194341011917],[107.66711546482242,-6.920037726976492]]]},"properties":{"h3":"888c147963fffff","incumbentScore":0.002,"method":"modeled_from_supply_density","realData":false}},{"type":"Feature","geometry":{"type":"Polygon","coordinates":[[[107.56980294872288,-6.922425808575402],[107.57033626916082,-6.917703738324665],[107.56640514406138,-6.915137964699916],[107.5619406028003,-6.917294460031497],[107.5614073771509,-6.922016683583939],[107.56533859796492,-6.924582258511587],[107.56980294872288,-6.922425808575402]]]},"properties":{"h3":"888c147997fffff","incumbentScore":0.001,"method":"modeled_from_supply_density","realData":false}},{"type":"Feature","geometry":{"type":"Polygon","coordinates":[[[107.57979827837444,-6.908668347617295],[107.58033173610822,-6.903945769212265],[107.57640080262264,-6.901379598178857],[107.57193631555647,-6.903536204265698],[107.57140295257715,-6.9082589361198705],[107.57533398190043,-6.910824908446553],[107.57979827837444,-6.908668347617295]]]},"properties":{"h3":"888c1479b1fffff","incumbentScore":0.467,"method":"modeled_from_supply_density","realData":false}},{"type":"Feature","geometry":{"type":"Polygon","coordinates":[[[107.60517477320614,-6.94550819859787],[107.60570845593118,-6.940787812061048],[107.60177891895792,-6.9382236165630085],[107.5973156031448,-6.940380006456341],[107.59678201504383,-6.945100546576856],[107.60071164812278,-6.947664543228825],[107.60517477320614,-6.94550819859787]]]},"properties":{"h3":"888c1479cbfffff","incumbentScore":0.469,"method":"modeled_from_supply_density","realData":false}},{"type":"Feature","geometry":{"type":"Polygon","coordinates":[[[107.62176694437501,-6.910712803333051],[107.62230087534172,-6.905990993432346],[107.61837150648316,-6.903425639993713],[107.61390811033148,-6.905582295307275],[107.61337427393941,-6.910304259076563],[107.61730373911526,-6.912869413672177],[107.62176694437501,-6.910712803333051]]]},"properties":{"h3":"888c1479e5fffff","incumbentScore":0.316,"method":"modeled_from_supply_density","realData":false}},{"type":"Feature","geometry":{"type":"Polygon","coordinates":[[[107.72083230104184,-6.92976035807542],[107.72136732152332,-6.925041061582262],[107.71744184161943,-6.9224782368841105],[107.71298124378707,-6.924634907873872],[107.71244631744646,-6.929354359175482],[107.71637189478822,-6.931916984687295],[107.72083230104184,-6.92976035807542]]]},"properties":{"h3":"888c144c8dfffff","incumbentScore":0.315,"method":"modeled_from_supply_density","realData":false}},{"type":"Feature","geometry":{"type":"Polygon","coordinates":[[[107.71565608835246,-6.901034349019303],[107.7161910998413,-6.896313577128439],[107.71226506522052,-6.893749463591564],[107.7078039217049,-6.895906321077948],[107.70726900439642,-6.900627247821824],[107.71119513641406,-6.903191162234703],[107.71565608835246,-6.901034349019303]]]},"properties":{"h3":"888c144ca7fffff","incumbentScore":0.311,"method":"modeled_from_supply_density","realData":false}},{"type":"Feature","geometry":{"type":"Polygon","coordinates":[[[107.58639662700068,-6.887619995554457],[107.58693019592245,-6.8828965024864734],[107.58299923751701,-6.8803295719858895],[107.57853461425435,-6.882486333255479],[107.57800114007185,-6.8872099799098185],[107.58193219440363,-6.889776711716691],[107.58639662700068,-6.887619995554457]]]},"properties":{"h3":"888c146b41fffff","incumbentScore":0.313,"method":"modeled_from_supply_density","realData":false}},{"type":"Feature","geometry":{"type":"Polygon","coordinates":[[[107.7008511035337,-6.957261194886087],[107.70138585056966,-6.952542911371805],[107.69745998128226,-6.949980883390249],[107.69299926775726,-6.952137338098455],[107.69246461493073,-6.956855776126077],[107.69639058141064,-6.959417604940578],[107.7008511035337,-6.957261194886087]]]},"properties":{"h3":"888c144cdbfffff","incumbentScore":0.002,"method":"modeled_from_supply_density","realData":false}},{"type":"Feature","geometry":{"type":"Polygon","coordinates":[[[107.63034985884948,-6.946730110264998],[107.63088382523094,-6.942010184981728],[107.62695522764925,-6.939446481040456],[107.62249256728381,-6.941602901318638],[107.62195869541853,-6.946322980436821],[107.62588738939338,-6.948886485450371],[107.63034985884948,-6.946730110264998]]]},"properties":{"h3":"888c147825fffff","incumbentScore":0.003,"method":"modeled_from_supply_density","realData":false}},{"type":"Feature","geometry":{"type":"Polygon","coordinates":[[[107.658913319023,-6.95523235963897],[107.65944759465192,-6.950513304392908],[107.65552015472953,-6.947950455446709],[107.65105834245449,-6.950106860786537],[107.65052416121496,-6.9548260701283375],[107.65445169785197,-6.95738872004303],[107.658913319023,-6.95523235963897]]]},"properties":{"h3":"888c147b37fffff","incumbentScore":0.001,"method":"modeled_from_supply_density","realData":false}},{"type":"Feature","geometry":{"type":"Polygon","coordinates":[[[107.68210454257058,-6.899404905418401],[107.68263917712163,-6.894683514617037],[107.67871188429686,-6.892118745567425],[107.67424985989734,-6.894275566343183],[107.67371531967079,-6.898997111663109],[107.67764270951014,-6.901561681697154],[107.68210454257058,-6.899404905418401]]]},"properties":{"h3":"888c16b651fffff","incumbentScore":0.001,"method":"modeled_from_supply_density","realData":false}},{"type":"Feature","geometry":{"type":"Polygon","coordinates":[[[107.55780996375456,-6.879098055576123],[107.55834322220538,-6.874373694964541],[107.55441110956663,-6.871805912998238],[107.54994564286427,-6.873962690241177],[107.54941247927944,-6.878687204176668],[107.55334468752191,-6.881254787553816],[107.55780996375456,-6.879098055576123]]]},"properties":{"h3":"888c146b1dfffff","incumbentScore":0.535,"method":"modeled_from_supply_density","realData":false}},{"type":"Feature","geometry":{"type":"Polygon","coordinates":[[[107.55940978165648,-6.864924313261437],[107.55994308265774,-6.860199292270105],[107.556010849007,-6.857630950073723],[107.55154521871503,-6.859787827448352],[107.5510120125816,-6.864513001826913],[107.55494434186316,-6.867081145452115],[107.55940978165648,-6.864924313261437]]]},"properties":{"h3":"888c146b39fffff","incumbentScore":0.158,"method":"modeled_from_supply_density","realData":false}},{"type":"Feature","geometry":{"type":"Polygon","coordinates":[[[107.55301127585493,-6.921607384873178],[107.5535444066799,-6.916885008103007],[107.5496126570733,-6.914318907608138],[107.54514768111011,-6.9164753825344185],[107.54461464514551,-6.92119791243834],[107.54854649027462,-6.92376381429075],[107.55301127585493,-6.921607384873178]]]},"properties":{"h3":"888c146a6bfffff","incumbentScore":0.157,"method":"modeled_from_supply_density","realData":false}},{"type":"Feature","geometry":{"type":"Polygon","coordinates":[[[107.52761708972614,-6.884746251150913],[107.52814999471852,-6.880021684743365],[107.52421685054061,-6.8774536121265095],[107.51975070610759,-6.879610304428061],[107.51921789610596,-6.884335023833384],[107.52315113553752,-6.886902897947899],[107.52761708972614,-6.884746251150913]]]},"properties":{"h3":"888c146841fffff","incumbentScore":0.158,"method":"modeled_from_supply_density","realData":false}},{"type":"Feature","geometry":{"type":"Polygon","coordinates":[[[107.53781635107119,-6.9066195554566],[107.53834933467346,-6.901896210645754],[107.53441683998938,-6.899329223007657],[107.52995126633661,-6.901485778759034],[107.5294183776684,-6.906209276598927],[107.53335096770982,-6.9087760656669195],[107.53781635107119,-6.9066195554566]]]},"properties":{"h3":"888c146a2bfffff","incumbentScore":0.314,"method":"modeled_from_supply_density","realData":false}},{"type":"Feature","geometry":{"type":"Polygon","coordinates":[[[107.5492122552349,-6.843041919029433],[107.54974547775046,-6.83831567812279],[107.54581259410816,-6.835746251557455],[107.54134639241396,-6.837903264410242],[107.54081326482297,-6.842629658672764],[107.54474624399252,-6.845198886735114],[107.5492122552349,-6.843041919029433]]]},"properties":{"h3":"888c14695dfffff","incumbentScore":0.155,"method":"modeled_from_supply_density","realData":false}},{"type":"Feature","geometry":{"type":"Polygon","coordinates":[[[107.52441995752785,-6.913089019955379],[107.52495277744947,-6.908365776552395],[107.52101987567667,-6.905798824255237],[107.51655405877364,-6.907955313907514],[107.516021333839,-6.912678710181749],[107.51995433081134,-6.915245463940994],[107.52441995752785,-6.913089019955379]]]},"properties":{"h3":"888c146a39fffff","incumbentScore":0.001,"method":"modeled_from_supply_density","realData":false}},{"type":"Feature","geometry":{"type":"Polygon","coordinates":[[[107.569605122684,-6.886799791182796],[107.57013850209131,-6.882075991026099],[107.56620691849288,-6.879508734007772],[107.56174185974368,-6.881665475793736],[107.56120857514748,-6.8863894293687675],[107.56514025448023,-6.888956487748],[107.569605122684,-6.886799791182796]]]},"properties":{"h3":"888c146b55fffff","incumbentScore":0.313,"method":"modeled_from_supply_density","realData":false}},{"type":"Feature","geometry":{"type":"Polygon","coordinates":[[[107.55441110956663,-6.871805912998238],[107.55494434186316,-6.867081145452115],[107.5510120125816,-6.864513001826913],[107.54654635542516,-6.866669824322846],[107.54601321801347,-6.87139474518249],[107.54994564286427,-6.873962690241177],[107.55441110956663,-6.871805912998238]]]},"properties":{"h3":"888c146b15fffff","incumbentScore":0.313,"method":"modeled_from_supply_density","realData":false}},{"type":"Feature","geometry":{"type":"Polygon","coordinates":[[[107.53281805283714,-6.91349915611456],[107.53335096770982,-6.9087760656669195],[107.5294183776684,-6.906209276598927],[107.52495277744947,-6.908365776552395],[107.52441995752785,-6.913089019955379],[107.528352642865,-6.915655610458094],[107.53281805283714,-6.91349915611456]]]},"properties":{"h3":"888c146a07fffff","incumbentScore":0.311,"method":"modeled_from_supply_density","realData":false}},{"type":"Feature","geometry":{"type":"Polygon","coordinates":[[[107.556010849007,-6.857630950073723],[107.5565441238552,-6.8529055223416995],[107.55261167353383,-6.850336818598989],[107.54814585275885,-6.852493741145275],[107.54761267279736,-6.857219322254111],[107.55154521871503,-6.859787827448352],[107.556010849007,-6.857630950073723]]]},"properties":{"h3":"888c146b31fffff","incumbentScore":0.379,"method":"modeled_from_supply_density","realData":false}},{"type":"Feature","geometry":{"type":"Polygon","coordinates":[[[107.5496126570733,-6.914318907608138],[107.5501457617404,-6.909596123323346],[107.54621379557419,-6.907029660832875],[107.54174862924374,-6.909186181255694],[107.5412156194559,-6.913909118663925],[107.54514768111011,-6.9164753825344185],[107.5496126570733,-6.914318907608138]]]},"properties":{"h3":"888c146a63fffff","incumbentScore":0.313,"method":"modeled_from_supply_density","realData":false}},{"type":"Feature","geometry":{"type":"Polygon","coordinates":[[[107.53441683998938,-6.899329223007657],[107.5349497973972,-6.894605470896012],[107.53101708620837,-6.892038121508554],[107.52655132227983,-6.894194722788828],[107.52601845982498,-6.898918627919132],[107.52995126633661,-6.901485778759034],[107.53441683998938,-6.899329223007657]]]},"properties":{"h3":"888c146a23fffff","incumbentScore":0.378,"method":"modeled_from_supply_density","realData":false}},{"type":"Feature","geometry":{"type":"Polygon","coordinates":[[[107.54581259410816,-6.835746251557455],[107.54634579044406,-6.8310196042170555],[107.54241269015147,-6.828449816375588],[107.53794629802114,-6.830606874363216],[107.53741319662866,-6.835333675048963],[107.54134639241396,-6.837903264410242],[107.54581259410816,-6.835746251557455]]]},"properties":{"h3":"888c146955fffff","incumbentScore":0.377,"method":"modeled_from_supply_density","realData":false}},{"type":"Feature","geometry":{"type":"Polygon","coordinates":[[[107.52101987567667,-6.905798824255237],[107.5215526693749,-6.90107517347039],[107.5176195511733,-6.898507859468467],[107.51315354409941,-6.900664394775283],[107.51262084540706,-6.905388198420961],[107.51655405877364,-6.907955313907514],[107.52101987567667,-6.905798824255237]]]},"properties":{"h3":"888c146a31fffff","incumbentScore":0.003,"method":"modeled_from_supply_density","realData":false}},{"type":"Feature","geometry":{"type":"Polygon","coordinates":[[[107.55960880644982,-6.900559968146152],[107.56014204850102,-6.895836675595],[107.55621027349551,-6.893269815850134],[107.55174516081858,-6.895426447294526],[107.55121201361258,-6.900149893116563],[107.55514388422921,-6.9027165542318425],[107.55960880644982,-6.900559968146152]]]},"properties":{"h3":"888c146b5bfffff","incumbentScore":0.379,"method":"modeled_from_supply_density","realData":false}},{"type":"Feature","geometry":{"type":"Polygon","coordinates":[[[107.54441389087046,-6.885568186461283],[107.54494698573662,-6.880843926301779],[107.54101446537817,-6.878276179804901],[107.53654875469852,-6.880432892033119],[107.5360157547513,-6.8851573053587165],[107.53994837055572,-6.887724853298509],[107.54441389087046,-6.885568186461283]]]},"properties":{"h3":"888c146b1bfffff","incumbentScore":0.844,"method":"modeled_from_supply_density","realData":false}},{"type":"Feature","geometry":{"type":"Polygon","coordinates":[[[107.54461464514551,-6.92119791243834],[107.54514768111011,-6.9164753825344185],[107.5412156194559,-6.913909118663925],[107.53675042640157,-6.9160655833210125],[107.53621748533325,-6.920788266274683],[107.54014964241388,-6.923354331530042],[107.54461464514551,-6.92119791243834]]]},"properties":{"h3":"888c146a0dfffff","incumbentScore":0.377,"method":"modeled_from_supply_density","realData":false}},{"type":"Feature","geometry":{"type":"Polygon","coordinates":[[[107.55261167353383,-6.850336818598989],[107.55314492222013,-6.845610984228494],[107.5492122552349,-6.843041919029433],[107.54474624399252,-6.845198886735114],[107.54421309021185,-6.849924874471963],[107.54814585275885,-6.852493741145275],[107.55261167353383,-6.850336818598989]]]},"properties":{"h3":"888c146b37fffff","incumbentScore":0.38,"method":"modeled_from_supply_density","realData":false}},{"type":"Feature","geometry":{"type":"Polygon","coordinates":[[[107.5614073771509,-6.922016683583939],[107.5619406028003,-6.917294460031497],[107.55800916537864,-6.914728522951888],[107.5535444066799,-6.916885008103007],[107.55301127585493,-6.921607384873178],[107.55694280889516,-6.924173123283005],[107.5614073771509,-6.922016683583939]]]},"properties":{"h3":"888c146a69fffff","incumbentScore":0.003,"method":"modeled_from_supply_density","realData":false}},{"type":"Feature","geometry":{"type":"Polygon","coordinates":[[[107.54621379557419,-6.907029660832875],[107.54674687407461,-6.902306469135159],[107.54281469135552,-6.89973964473861],[107.53834933467346,-6.901896210645754],[107.53781635107119,-6.9066195554566],[107.54174862924374,-6.909186181255694],[107.54621379557419,-6.907029660832875]]]},"properties":{"h3":"888c146a29fffff","incumbentScore":0.159,"method":"modeled_from_supply_density","realData":false}},{"type":"Feature","geometry":{"type":"Polygon","coordinates":[[[107.5360157547513,-6.8851573053587165],[107.53654875469852,-6.880432892033119],[107.5326159223616,-6.877864982456336],[107.52814999471852,-6.880021684743365],[107.52761708972614,-6.884746251150913],[107.5315500174129,-6.887313962197978],[107.5360157547513,-6.8851573053587165]]]},"properties":{"h3":"888c14684dfffff","incumbentScore":0.316,"method":"modeled_from_supply_density","realData":false}},{"type":"Feature","geometry":{"type":"Polygon","coordinates":[[[107.5176195511733,-6.898507859468467],[107.5181523186393,-6.893783801403629],[107.51421898401571,-6.891216125786691],[107.50975278678666,-6.893372706735935],[107.50922011434542,-6.898096917651144],[107.51315354409941,-6.900664394775283],[107.5176195511733,-6.898507859468467]]]},"properties":{"h3":"888c146a37fffff","incumbentScore":0.003,"method":"modeled_from_supply_density","realData":false}},{"type":"Feature","geometry":{"type":"Polygon","coordinates":[[[107.55621027349551,-6.893269815850134],[107.55674348940012,-6.888546116068967],[107.55281149777277,-6.885978894463121],[107.54834619465507,-6.888135571253987],[107.54781307361458,-6.892859424295711],[107.55174516081858,-6.895426447294526],[107.55621027349551,-6.893269815850134]]]},"properties":{"h3":"888c146b53fffff","incumbentScore":0.16,"method":"modeled_from_supply_density","realData":false}},{"type":"Feature","geometry":{"type":"Polygon","coordinates":[[[107.54101446537817,-6.878276179804901],[107.54154753406112,-6.873551512629612],[107.53761479713566,-6.87098340451836],[107.53314889610672,-6.873140162125377],[107.5326159223616,-6.877864982456336],[107.53654875469852,-6.880432892033119],[107.54101446537817,-6.878276179804901]]]},"properties":{"h3":"888c146b13fffff","incumbentScore":0.004,"method":"modeled_from_supply_density","realData":false}},{"type":"Feature","geometry":{"type":"Polygon","coordinates":[[[107.5564096519212,-6.92889509243697],[107.55694280889516,-6.924173123283005],[107.55301127585493,-6.921607384873178],[107.54854649027462,-6.92376381429075],[107.54801342814213,-6.9284859365887295],[107.55194505673937,-6.931051476333634],[107.5564096519212,-6.92889509243697]]]},"properties":{"h3":"888c146a45fffff","incumbentScore":0.002,"method":"modeled_from_supply_density","realData":false}},{"type":"Feature","geometry":{"type":"Polygon","coordinates":[[[107.5412156194559,-6.913909118663925],[107.54174862924374,-6.909186181255694],[107.53781635107119,-6.9066195554566],[107.53335096770982,-6.9087760656669195],[107.53281805283714,-6.91349915611456],[107.53675042640157,-6.9160655833210125],[107.5412156194559,-6.913909118663925]]]},"properties":{"h3":"888c146a05fffff","incumbentScore":0.004,"method":"modeled_from_supply_density","realData":false}},{"type":"Feature","geometry":{"type":"Polygon","coordinates":[[[107.53761479713566,-6.87098340451836],[107.53814783962656,-6.866258330429341],[107.53421488614086,-6.863689860793618],[107.52974879477827,-6.865846663767209],[107.5292158472441,-6.870571891001431],[107.53314889610672,-6.873140162125377],[107.53761479713566,-6.87098340451836]]]},"properties":{"h3":"888c146869fffff","incumbentScore":0.313,"method":"modeled_from_supply_density","realData":false}},{"type":"Feature","geometry":{"type":"Polygon","coordinates":[[[107.55800916537864,-6.914728522951888],[107.55854236488909,-6.91000589187457],[107.55461071086657,-6.907439592732389],[107.5501457617404,-6.909596123323346],[107.5496126570733,-6.914318907608138],[107.5535444066799,-6.916885008103007],[107.55800916537864,-6.914728522951888]]]},"properties":{"h3":"888c146a61fffff","incumbentScore":0.004,"method":"modeled_from_supply_density","realData":false}},{"type":"Feature","geometry":{"type":"Polygon","coordinates":[[[107.54281469135552,-6.89973964473861],[107.54334774368039,-6.895016045729717],[107.53941534441526,-6.892448859516712],[107.5349497973972,-6.894605470896012],[107.53441683998938,-6.899329223007657],[107.53834933467346,-6.901896210645754],[107.54281469135552,-6.89973964473861]]]},"properties":{"h3":"888c146a21fffff","incumbentScore":0.315,"method":"modeled_from_supply_density","realData":false}},{"type":"Feature","geometry":{"type":"Polygon","coordinates":[[[107.56440849547339,-6.858042405301803],[107.56494186517239,-6.8533171310307415],[107.56100972721406,-6.8507485902585215],[107.5565441238552,-6.8529055223416995],[107.556010849007,-6.857630950073723],[107.55994308265774,-6.860199292270105],[107.56440849547339,-6.858042405301803]]]},"properties":{"h3":"888c146b3dfffff","incumbentScore":0.001,"method":"modeled_from_supply_density","realData":false}},{"type":"Feature","geometry":{"type":"Polygon","coordinates":[[[107.5326159223616,-6.877864982456336],[107.53314889610672,-6.873140162125377],[107.5292158472441,-6.870571891001431],[107.52474972931199,-6.872728638724057],[107.52421685054061,-6.8774536121265095],[107.52814999471852,-6.880021684743365],[107.5326159223616,-6.877864982456336]]]},"properties":{"h3":"888c146845fffff","incumbentScore":0.381,"method":"modeled_from_supply_density","realData":false}},{"type":"Feature","geometry":{"type":"Polygon","coordinates":[[[107.56620691849288,-6.879508734007772],[107.5667402717737,-6.874784526804187],[107.56280847148442,-6.872216907970085],[107.55834322220538,-6.874373694964541],[107.55780996375456,-6.879098055576123],[107.56174185974368,-6.881665475793736],[107.56620691849288,-6.879508734007772]]]},"properties":{"h3":"888c146b0bfffff","incumbentScore":0.159,"method":"modeled_from_supply_density","realData":false}},{"type":"Feature","geometry":{"type":"Polygon","coordinates":[[[107.5294183776684,-6.906209276598927],[107.52995126633661,-6.901485778759034],[107.52601845982498,-6.898918627919132],[107.5215526693749,-6.90107517347039],[107.52101987567667,-6.905798824255237],[107.52495277744947,-6.908365776552395],[107.5294183776684,-6.906209276598927]]]},"properties":{"h3":"888c146a3dfffff","incumbentScore":0.38,"method":"modeled_from_supply_density","realData":false}},{"type":"Feature","geometry":{"type":"Polygon","coordinates":[[[107.55281149777277,-6.885978894463121],[107.55334468752191,-6.881254787553816],[107.54941247927944,-6.878687204176668],[107.54494698573662,-6.880843926301779],[107.54441389087046,-6.885568186461283],[107.54834619465507,-6.888135571253987],[107.55281149777277,-6.885978894463121]]]},"properties":{"h3":"888c146b19fffff","incumbentScore":0.314,"method":"modeled_from_supply_density","realData":false}},{"type":"Feature","geometry":{"type":"Polygon","coordinates":[[[107.55761071610658,-6.843454007042748],[107.55814403351073,-6.838727919576186],[107.5542114621489,-6.836158655846782],[107.54974547775046,-6.83831567812279],[107.5492122552349,-6.843041919029433],[107.55314492222013,-6.845610984228494],[107.55761071610658,-6.843454007042748]]]},"properties":{"h3":"888c14694bfffff","incumbentScore":0.156,"method":"modeled_from_supply_density","realData":false}},{"type":"Feature","geometry":{"type":"Polygon","coordinates":[[[107.55461071086657,-6.907439592732389],[107.55514388422921,-6.9027165542318425],[107.55121201361258,-6.900149893116563],[107.54674687407461,-6.902306469135159],[107.54621379557419,-6.907029660832875],[107.5501457617404,-6.909596123323346],[107.55461071086657,-6.907439592732389]]]},"properties":{"h3":"888c146a67fffff","incumbentScore":0.158,"method":"modeled_from_supply_density","realData":false}},{"type":"Feature","geometry":{"type":"Polygon","coordinates":[[[107.53941534441526,-6.892448859516712],[107.53994837055572,-6.887724853298509],[107.5360157547513,-6.8851573053587165],[107.5315500174129,-6.887313962197978],[107.53101708620837,-6.892038121508554],[107.5349497973972,-6.894605470896012],[107.53941534441526,-6.892448859516712]]]},"properties":{"h3":"888c146a27fffff","incumbentScore":0.161,"method":"modeled_from_supply_density","realData":false}},{"type":"Feature","geometry":{"type":"Polygon","coordinates":[[[107.54421309021185,-6.849924874471963],[107.54474624399252,-6.845198886735114],[107.54081326482297,-6.842629658672764],[107.53634703639806,-6.844786616854138],[107.53581397755894,-6.8495127578731445],[107.53974705219412,-6.8520817874371245],[107.54421309021185,-6.849924874471963]]]},"properties":{"h3":"888c146959fffff","incumbentScore":0.159,"method":"modeled_from_supply_density","realData":false}},{"type":"Feature","geometry":{"type":"Polygon","coordinates":[[[107.52261829930485,-6.89162721026672],[107.52315113553752,-6.886902897947899],[107.51921789610596,-6.884335023833384],[107.51475172524063,-6.886491660543796],[107.51421898401571,-6.891216125786691],[107.5181523186393,-6.893783801403629],[107.52261829930485,-6.89162721026672]]]},"properties":{"h3":"888c14684bfffff","incumbentScore":0.157,"method":"modeled_from_supply_density","realData":false}},{"type":"Feature","geometry":{"type":"Polygon","coordinates":[[[107.56280847148442,-6.872216907970085],[107.56334179862988,-6.86749229382159],[107.55940978165648,-6.864924313261437],[107.55494434186316,-6.867081145452115],[107.55441110956663,-6.871805912998238],[107.55834322220538,-6.874373694964541],[107.56280847148442,-6.872216907970085]]]},"properties":{"h3":"888c146b03fffff","incumbentScore":0.313,"method":"modeled_from_supply_density","realData":false}},{"type":"Feature","geometry":{"type":"Polygon","coordinates":[[[107.52601845982498,-6.898918627919132],[107.52655132227983,-6.894194722788828],[107.52261829930485,-6.89162721026672],[107.5181523186393,-6.893783801403629],[107.5176195511733,-6.898507859468467],[107.5215526693749,-6.90107517347039],[107.52601845982498,-6.898918627919132]]]},"properties":{"h3":"888c146a35fffff","incumbentScore":0.312,"method":"modeled_from_supply_density","realData":false}},{"type":"Feature","geometry":{"type":"Polygon","coordinates":[[[107.54941247927944,-6.878687204176668],[107.54994564286427,-6.873962690241177],[107.54601321801347,-6.87139474518249],[107.54154753406112,-6.873551512629612],[107.54101446537817,-6.878276179804901],[107.54494698573662,-6.880843926301779],[107.54941247927944,-6.878687204176668]]]},"properties":{"h3":"888c146b11fffff","incumbentScore":0.16,"method":"modeled_from_supply_density","realData":false}},{"type":"Feature","geometry":{"type":"Polygon","coordinates":[[[107.52781979672889,-6.9203784463774625],[107.528352642865,-6.915655610458094],[107.52441995752785,-6.913089019955379],[107.51995433081134,-6.915245463940994],[107.51942157964329,-6.919968452741996],[107.52335436021458,-6.922534844684279],[107.52781979672889,-6.9203784463774625]]]},"properties":{"h3":"888c146a03fffff","incumbentScore":0.156,"method":"modeled_from_supply_density","realData":false}},{"type":"Feature","geometry":{"type":"Polygon","coordinates":[[[107.5648053461854,-6.929304074437578],[107.56533859796492,-6.924582258511587],[107.5614073771509,-6.922016683583939],[107.55694280889516,-6.924173123283005],[107.5564096519212,-6.92889509243697],[107.56034096838829,-6.931460468672391],[107.5648053461854,-6.929304074437578]]]},"properties":{"h3":"888c147993fffff","incumbentScore":0.002,"method":"modeled_from_supply_density","realData":false}},{"type":"Feature","geometry":{"type":"Polygon","coordinates":[[[107.5510120125816,-6.864513001826913],[107.55154521871503,-6.859787827448352],[107.54761267279736,-6.857219322254111],[107.54314682520246,-6.859376189990786],[107.54261371397278,-6.864101517672442],[107.54654635542516,-6.866669824322846],[107.5510120125816,-6.864513001826913]]]},"properties":{"h3":"888c146b3bfffff","incumbentScore":0.378,"method":"modeled_from_supply_density","realData":false}},{"type":"Feature","geometry":{"type":"Polygon","coordinates":[[[107.56640514406138,-6.915137964699916],[107.56693843837925,-6.910415486914061],[107.56300709663773,-6.907849351159823],[107.55854236488909,-6.91000589187457],[107.55800916537864,-6.914728522951888],[107.5619406028003,-6.917294460031497],[107.56640514406138,-6.915137964699916]]]},"properties":{"h3":"888c146a6dfffff","incumbentScore":0.532,"method":"modeled_from_supply_density","realData":false}},{"type":"Feature","geometry":{"type":"Polygon","coordinates":[[[107.55121201361258,-6.900149893116563],[107.55174516081858,-6.895426447294526],[107.54781307361458,-6.892859424295711],[107.54334774368039,-6.895016045729717],[107.54281469135552,-6.89973964473861],[107.54674687407461,-6.902306469135159],[107.55121201361258,-6.900149893116563]]]},"properties":{"h3":"888c146a2dfffff","incumbentScore":0.623,"method":"modeled_from_supply_density","realData":false}},{"type":"Feature","geometry":{"type":"Polygon","coordinates":[[[107.56120857514748,-6.8863894293687675],[107.56174185974368,-6.881665475793736],[107.55780996375456,-6.879098055576123],[107.55334468752191,-6.881254787553816],[107.55281149777277,-6.885978894463121],[107.55674348940012,-6.888546116068967],[107.56120857514748,-6.8863894293687675]]]},"properties":{"h3":"888c146b57fffff","incumbentScore":0.314,"method":"modeled_from_supply_density","realData":false}},{"type":"Feature","geometry":{"type":"Polygon","coordinates":[[[107.54601321801347,-6.87139474518249],[107.54654635542516,-6.866669824322846],[107.54261371397278,-6.864101517672442],[107.53814783962656,-6.866258330429341],[107.53761479713566,-6.87098340451836],[107.54154753406112,-6.873551512629612],[107.54601321801347,-6.87139474518249]]]},"properties":{"h3":"888c146b17fffff","incumbentScore":0.007,"method":"modeled_from_supply_density","realData":false}},{"type":"Feature","geometry":{"type":"Polygon","coordinates":[[[107.54261371397278,-6.864101517672442],[107.54314682520246,-6.859376189990786],[107.53921396715529,-6.8568075218386015],[107.53474790243084,-6.858964379893044],[107.53421488614086,-6.863689860793618],[107.53814783962656,-6.866258330429341],[107.54261371397278,-6.864101517672442]]]},"properties":{"h3":"888c14686dfffff","incumbentScore":0.536,"method":"modeled_from_supply_density","realData":false}},{"type":"Feature","geometry":{"type":"Polygon","coordinates":[[[107.54761267279736,-6.857219322254111],[107.54814585275885,-6.852493741145275],[107.54421309021185,-6.849924874471963],[107.53974705219412,-6.8520817874371245],[107.53921396715529,-6.8568075218386015],[107.54314682520246,-6.859376189990786],[107.54761267279736,-6.857219322254111]]]},"properties":{"h3":"888c146b33fffff","incumbentScore":0.468,"method":"modeled_from_supply_density","realData":false}},{"type":"Feature","geometry":{"type":"Polygon","coordinates":[[[107.56300709663773,-6.907849351159823],[107.5635403648267,-6.903126465940462],[107.55960880644982,-6.900559968146152],[107.55514388422921,-6.9027165542318425],[107.55461071086657,-6.907439592732389],[107.55854236488909,-6.91000589187457],[107.56300709663773,-6.907849351159823]]]},"properties":{"h3":"888c146a65fffff","incumbentScore":0.003,"method":"modeled_from_supply_density","realData":false}},{"type":"Feature","geometry":{"type":"Polygon","coordinates":[[[107.54781307361458,-6.892859424295711],[107.54834619465507,-6.888135571253987],[107.54441389087046,-6.885568186461283],[107.53994837055572,-6.887724853298509],[107.53941534441526,-6.892448859516712],[107.54334774368039,-6.895016045729717],[107.54781307361458,-6.892859424295711]]]},"properties":{"h3":"888c146a25fffff","incumbentScore":0.003,"method":"modeled_from_supply_density","realData":false}},{"type":"Feature","geometry":{"type":"Polygon","coordinates":[[[107.53101708620837,-6.892038121508554],[107.5315500174129,-6.887313962197978],[107.52761708972614,-6.884746251150913],[107.52315113553752,-6.886902897947899],[107.52261829930485,-6.89162721026672],[107.52655132227983,-6.894194722788828],[107.53101708620837,-6.892038121508554]]]},"properties":{"h3":"888c146849fffff","incumbentScore":0.621,"method":"modeled_from_supply_density","realData":false}},{"type":"Feature","geometry":{"type":"Polygon","coordinates":[[[107.35383104799584,-7.040069708017464],[107.35436170134184,-7.035349970007482],[107.35042421842499,-7.0327853171050885],[107.3459559889938,-7.034940600414575],[107.34542543127878,-7.039660489138383],[107.34936300735494,-7.042224943847561],[107.35383104799584,-7.040069708017464]]]},"properties":{"h3":"888c146737fffff","incumbentScore":0,"method":"modeled_from_supply_density","realData":false}},{"type":"Feature","geometry":{"type":"Polygon","coordinates":[[[107.44158018866085,-6.82348374595859],[107.44211221688951,-6.818754857838492],[107.43817516432732,-6.816182759531516],[107.43370598922594,-6.81833974748094],[107.43317405639047,-6.823068787922559],[107.4371112032541,-6.825640688101805],[107.44158018866085,-6.82348374595859]]]},"properties":{"h3":"888c10d247fffff","incumbentScore":0,"method":"modeled_from_supply_density","realData":false}},{"type":"Feature","geometry":{"type":"Polygon","coordinates":[[[107.60459353478112,-6.838629465220374],[107.60512739471443,-6.833903893654573],[107.60119648297996,-6.831335246032138],[107.59673161513781,-6.833492368655473],[107.59619784989624,-6.838218094155724],[107.60012885779595,-6.840786543106652],[107.60459353478112,-6.838629465220374]]]},"properties":{"h3":"888c16b4d5fffff","incumbentScore":0.156,"method":"modeled_from_supply_density","realData":false}},{"type":"Feature","geometry":{"type":"Polygon","coordinates":[[[107.49999642074815,-6.755027233975928],[107.50052923337209,-6.750295969418822],[107.49659343872976,-6.747722051529994],[107.49212473643877,-6.749879596406636],[107.49159201900224,-6.754611014106758],[107.49552790866018,-6.757184733795737],[107.49999642074815,-6.755027233975928]]]},"properties":{"h3":"888c16a6b3fffff","incumbentScore":0,"method":"modeled_from_supply_density","realData":false}},{"type":"Feature","geometry":{"type":"Polygon","coordinates":[[[107.47519945865993,-6.825141856714533],[107.47573186810263,-6.820413578726146],[107.4717960585411,-6.817842129534703],[107.46732774484029,-6.819999156578016],[107.46679543064725,-6.824727587226106],[107.47073133489629,-6.8272988381797335],[107.47519945865993,-6.825141856714533]]]},"properties":{"h3":"888c14699dfffff","incumbentScore":0.001,"method":"modeled_from_supply_density","realData":false}},{"type":"Feature","geometry":{"type":"Polygon","coordinates":[[[107.70351299360856,-6.822089051502055],[107.70404800379991,-6.817364269420923],[107.70012052195771,-6.814796657207691],[107.6956579326074,-6.816954026041007],[107.69512301669623,-6.821678963117204],[107.69905059584605,-6.824246376373403],[107.70351299360856,-6.822089051502055]]]},"properties":{"h3":"888c16b73bfffff","incumbentScore":0,"method":"modeled_from_supply_density","realData":false}},{"type":"Feature","geometry":{"type":"Polygon","coordinates":[[[107.26087334907449,-6.96430098314265],[107.2614030646961,-6.959576107084809],[107.25746127443311,-6.957006705087239],[107.25298967640879,-6.959162376932131],[107.25246005685685,-6.9638874030030555],[107.25640193925054,-6.966456607224744],[107.26087334907449,-6.96430098314265]]]},"properties":{"h3":"888c109b0bfffff","incumbentScore":0,"method":"modeled_from_supply_density","realData":false}},{"type":"Feature","geometry":{"type":"Polygon","coordinates":[[[107.30657022126816,-7.009284569512372],[107.30710038518589,-7.004562593874004],[107.30316080818,-7.001995843317642],[107.29869097461508,-7.004151266402048],[107.29816090654668,-7.008873392373577],[107.30210057618481,-7.011439944936249],[107.30657022126816,-7.009284569512372]]]},"properties":{"h3":"888c1465ebfffff","incumbentScore":0,"method":"modeled_from_supply_density","realData":false}},{"type":"Feature","geometry":{"type":"Polygon","coordinates":[[[107.59080843615284,-6.77378178679115],[107.59134225087838,-6.769052869211889],[107.58741001279324,-6.766481294847173],[107.58294386392616,-6.7686388365903625],[107.58241014399054,-6.773367908178503],[107.58634247812299,-6.775939284023042],[107.59080843615284,-6.77378178679115]]]},"properties":{"h3":"888c16a60dfffff","incumbentScore":0.001,"method":"modeled_from_supply_density","realData":false}},{"type":"Feature","geometry":{"type":"Polygon","coordinates":[[[107.35134673678253,-6.911732088068143],[107.35187758105904,-6.907006059329018],[107.34793838037143,-6.904436048826602],[107.3434682421906,-6.906592265054747],[107.3429374936347,-6.911318444904029],[107.34687678752996,-6.913888257423666],[107.35134673678253,-6.911732088068143]]]},"properties":{"h3":"888c146c03fffff","incumbentScore":0,"method":"modeled_from_supply_density","realData":false}},{"type":"Feature","geometry":{"type":"Polygon","coordinates":[[[107.25769535248362,-6.9926455759875115],[107.25822498321082,-6.987922032607782],[107.25428343867763,-6.985353746815145],[107.24981217133107,-6.987509202221346],[107.24928263666938,-6.9922328954892405],[107.2532242732797,-6.994800983471519],[107.25769535248362,-6.9926455759875115]]]},"properties":{"h3":"888c109a65fffff","incumbentScore":0,"method":"modeled_from_supply_density","realData":false}},{"type":"Feature","geometry":{"type":"Polygon","coordinates":[[[107.36882719172364,-7.019443652045123],[107.36935805214033,-7.014723139846152],[107.36542084907205,-7.012157892331894],[107.36095269223344,-7.014313355234584],[107.36042192739713,-7.019034018368264],[107.36435922381006,-7.021599067673223],[107.36882719172364,-7.019443652045123]]]},"properties":{"h3":"888c146545fffff","incumbentScore":0,"method":"modeled_from_supply_density","realData":false}},{"type":"Feature","geometry":{"type":"Polygon","coordinates":[[[107.40432874610062,-6.778832476454973],[107.40486042460154,-6.77410084885699],[107.40092145515011,-6.771526266723832],[107.39645071328965,-6.773683510131484],[107.39591913036713,-6.778415289815308],[107.3998581937176,-6.780989674014224],[107.40432874610062,-6.778832476454973]]]},"properties":{"h3":"888c10d055fffff","incumbentScore":0,"method":"modeled_from_supply_density","realData":false}},{"type":"Feature","geometry":{"type":"Polygon","coordinates":[[[107.50581914065216,-6.890804868064026],[107.50635178683339,-6.886080249981239],[107.5024179243252,-6.883512049851458],[107.49795132062715,-6.885668666255803],[107.49741876952547,-6.890393437094283],[107.5013527270332,-6.8929614387812705],[107.50581914065216,-6.890804868064026]]]},"properties":{"h3":"888c146851fffff","incumbentScore":0.002,"method":"modeled_from_supply_density","realData":false}},{"type":"Feature","geometry":{"type":"Polygon","coordinates":[[[107.48659064208293,-6.761499670531196],[107.48712329062991,-6.75676850504184],[107.48318708956064,-6.754194623382221],[107.47871814507786,-6.7563521053884985],[107.47818559177128,-6.761083423862561],[107.48212188769796,-6.763657107354164],[107.48659064208293,-6.761499670531196]]]},"properties":{"h3":"888c10d361fffff","incumbentScore":0,"method":"modeled_from_supply_density","realData":false}},{"type":"Feature","geometry":{"type":"Polygon","coordinates":[[[107.41222366635856,-6.971715524293977],[107.41275510512588,-6.966993362937812],[107.40881886682149,-6.964426890929113],[107.4043510958672,-6.9665827785586085],[107.40381975252623,-6.971305091449288],[107.40775608470415,-6.973871365184574],[107.41222366635856,-6.971715524293977]]]},"properties":{"h3":"888c146193fffff","incumbentScore":0,"method":"modeled_from_supply_density","realData":false}},{"type":"Feature","geometry":{"type":"Polygon","coordinates":[[[107.35067686806836,-6.804717401406663],[107.35120788751632,-6.799986182007101],[107.34726730571873,-6.797411744635964],[107.34279561119996,-6.799568724478466],[107.34226468754139,-6.804300095329758],[107.34620536260313,-6.806874334895443],[107.35067686806836,-6.804717401406663]]]},"properties":{"h3":"888c10d2bbfffff","incumbentScore":0,"method":"modeled_from_supply_density","realData":false}},{"type":"Feature","geometry":{"type":"Polygon","coordinates":[[[107.43764539411795,-7.00855582510722],[107.43817706037228,-7.003835857535511],[107.43424221106065,-7.001271357210049],[107.42977560134179,-7.003427022877398],[107.42924403038367,-7.008147142120534],[107.43317897383915,-7.01071144403352],[107.43764539411795,-7.00855582510722]]]},"properties":{"h3":"888c1460edfffff","incumbentScore":0,"method":"modeled_from_supply_density","realData":false}},{"type":"Feature","geometry":{"type":"Polygon","coordinates":[[[107.40881886682149,-6.964426890929113],[107.40935027912408,-6.959704321454629],[107.40541382503618,-6.957137488077146],[107.40094586479795,-6.959293422433786],[107.40041454794061,-6.964016143432141],[107.4043510958672,-6.9665827785586085],[107.40881886682149,-6.964426890929113]]]},"properties":{"h3":"888c146e69fffff","incumbentScore":0,"method":"modeled_from_supply_density","realData":false}},{"type":"Feature","geometry":{"type":"Polygon","coordinates":[[[107.71850524891336,-6.8014416643679905],[107.7190404643621,-6.796716129301485],[107.71511327481139,-6.794147920190922],[107.71065077231091,-6.796305445125349],[107.71011565109089,-6.801031135408257],[107.7140429381335,-6.803599145548699],[107.71850524891336,-6.8014416643679905]]]},"properties":{"h3":"888c16b549fffff","incumbentScore":0,"method":"modeled_from_supply_density","realData":false}},{"type":"Feature","geometry":{"type":"Polygon","coordinates":[[[107.45881241911667,-6.8956276257983715],[107.45934452065569,-6.890902499549634],[107.45540900835014,-6.888333683386461],[107.45094130004048,-6.890490191781304],[107.45040929377734,-6.895215470290591],[107.4543449005389,-6.897784088153053],[107.45881241911667,-6.8956276257983715]]]},"properties":{"h3":"888c146ab7fffff","incumbentScore":0.001,"method":"modeled_from_supply_density","realData":false}},{"type":"Feature","geometry":{"type":"Polygon","coordinates":[[[107.47804799259863,-7.024752901620767],[107.47858009230518,-7.020034359232726],[107.47464691632771,-7.017471237850985],[107.47018154603605,-7.019626857432421],[107.46964954144468,-7.024345551848738],[107.47358281202071,-7.026908474663933],[107.47804799259863,-7.024752901620767]]]},"properties":{"h3":"888c146047fffff","incumbentScore":0,"method":"modeled_from_supply_density","realData":false}},{"type":"Feature","geometry":{"type":"Polygon","coordinates":[[[107.37745203223186,-7.055452829444745],[107.37798292979802,-7.0507342114895994],[107.37404649530743,-7.048170609000032],[107.36957906981925,-7.050325822766878],[107.36904826777489,-7.0550445916254745],[107.37298479568784,-7.057607995822452],[107.37745203223186,-7.055452829444745]]]},"properties":{"h3":"888c146705fffff","incumbentScore":0,"method":"modeled_from_supply_density","realData":false}},{"type":"Feature","geometry":{"type":"Polygon","coordinates":[[[107.41295397489422,-6.8149364258575265],[107.41348569035473,-6.810206674959811],[107.40954749098238,-6.807633730162124],[107.40507748216373,-6.809790734292783],[107.40454586222292,-6.814520637247094],[107.40848415557197,-6.817093384022731],[107.41295397489422,-6.8149364258575265]]]},"properties":{"h3":"888c10d215fffff","incumbentScore":0,"method":"modeled_from_supply_density","realData":false}},{"type":"Feature","geometry":{"type":"Polygon","coordinates":[[[107.51442324409028,-6.926847574623796],[107.51495592649779,-6.922124840589828],[107.51102283438752,-6.919558285363632],[107.50655696478431,-6.921714662708104],[107.50602437739778,-6.926437549465902],[107.50995756458437,-6.92900390616394],[107.51442324409028,-6.926847574623796]]]},"properties":{"h3":"888c146a11fffff","incumbentScore":0,"method":"modeled_from_supply_density","realData":false}},{"type":"Feature","geometry":{"type":"Polygon","coordinates":[[[107.60439969911383,-6.8029760858932145],[107.60493361814262,-6.798248791347761],[107.60100224794083,-6.79567866180505],[107.596536862516,-6.797836025428238],[107.59600303820149,-6.802563474024502],[107.59993450458838,-6.805133404955222],[107.60439969911383,-6.8029760858932145]]]},"properties":{"h3":"888c16b4a3fffff","incumbentScore":0,"method":"modeled_from_supply_density","realData":false}},{"type":"Feature","geometry":{"type":"Polygon","coordinates":[[[107.38135202443713,-6.870433846231868],[107.38188328316522,-6.865706283516835],[107.37794464302247,-6.863135085014719],[107.37347465056385,-6.8652916472483385],[107.372943487455,-6.870019361515377],[107.37688222117649,-6.8725903620054085],[107.38135202443713,-6.870433846231868]]]},"properties":{"h3":"888c146d1dfffff","incumbentScore":0,"method":"modeled_from_supply_density","realData":false}},{"type":"Feature","geometry":{"type":"Polygon","coordinates":[[[107.44625833847647,-7.044559494138438],[107.44679004140393,-7.039841419536318],[107.4428559613214,-7.037278566141127],[107.43839008408129,-7.039433985852473],[107.43785847639147,-7.04415221209391],[107.44179265069506,-7.046714866993315],[107.44625833847647,-7.044559494138438]]]},"properties":{"h3":"888c1462adfffff","incumbentScore":0,"method":"modeled_from_supply_density","realData":false}},{"type":"Feature","geometry":{"type":"Polygon","coordinates":[[[107.56421000134732,-6.822391207604608],[107.56474343002554,-6.817664208182552],[107.56081083333471,-6.815094186080936],[107.55634471224445,-6.817251361926482],[107.55581137843963,-6.82197851492556],[107.55974407084257,-6.824548338510549],[107.56421000134732,-6.822391207604608]]]},"properties":{"h3":"888c14696bfffff","incumbentScore":0,"method":"modeled_from_supply_density","realData":false}},{"type":"Feature","geometry":{"type":"Polygon","coordinates":[[[107.52360724792621,-6.770465967785949],[107.52414030332471,-6.765735820497284],[107.52020556535216,-6.763162947401148],[107.51573767669436,-6.765320419903231],[107.5152047163736,-6.770050720525704],[107.51913954962382,-6.772623395320797],[107.52360724792621,-6.770465967785949]]]},"properties":{"h3":"888c16a681fffff","incumbentScore":0,"method":"modeled_from_supply_density","realData":false}},{"type":"Feature","geometry":{"type":"Polygon","coordinates":[[[107.27793009490723,-7.000760845623407],[107.27845994441859,-6.996038010705737],[107.27451922938548,-6.993470410808127],[107.27004857252561,-6.995625843725164],[107.26951881898954,-7.000348828711357],[107.273459626329,-7.0029162307207145],[107.27793009490723,-7.000760845623407]]]},"properties":{"h3":"888c1465b9fffff","incumbentScore":0,"method":"modeled_from_supply_density","realData":false}},{"type":"Feature","geometry":{"type":"Polygon","coordinates":[[[107.36568450494347,-6.784051841694604],[107.36621573179497,-6.7793198600217],[107.3622754301613,-6.776744829206855],[107.35780380821716,-6.778901977892647],[107.35727267710436,-6.7836341112382055],[107.36121307218792,-6.7862089442339455],[107.36568450494347,-6.784051841694604]]]},"properties":{"h3":"888c10d0c9fffff","incumbentScore":0,"method":"modeled_from_supply_density","realData":false}},{"type":"Feature","geometry":{"type":"Polygon","coordinates":[[[107.47381133215116,-6.874981757296066],[107.47434364032617,-6.870255867233579],[107.47040841175895,-6.867686456139449],[107.4659407803665,-6.869843133431468],[107.46540856741653,-6.8745691759755605],[107.4693438906249,-6.877138388754595],[107.47381133215116,-6.874981757296066]]]},"properties":{"h3":"888c1468c5fffff","incumbentScore":0.156,"method":"modeled_from_supply_density","realData":false}},{"type":"Feature","geometry":{"type":"Polygon","coordinates":[[[107.20721129656478,-6.990166861954943],[107.20774035036413,-6.985442420517287],[107.20379696586538,-6.982873159810715],[107.19932443606413,-6.985028538194204],[107.1987954785442,-6.989753129011402],[107.20273895453705,-6.992322192074344],[107.20721129656478,-6.990166861954943]]]},"properties":{"h3":"888c109a33fffff","incumbentScore":0,"method":"modeled_from_supply_density","realData":false}},{"type":"Feature","geometry":{"type":"Polygon","coordinates":[[[107.40411157977593,-6.743130776298145],[107.40464331684976,-6.738397426760264],[107.40070388715888,-6.735821370363967],[107.39623262646697,-6.7379788613875],[107.3957009849944,-6.742712363124911],[107.39964050860338,-6.745288221647846],[107.40411157977593,-6.743130776298145]]]},"properties":{"h3":"888c10d023fffff","incumbentScore":0,"method":"modeled_from_supply_density","realData":false}},{"type":"Feature","geometry":{"type":"Polygon","coordinates":[[[107.31838778350415,-7.0169832141121455],[107.31891806990244,-7.012261797569984],[107.31497901607277,-7.009695571029663],[107.31050958307165,-7.011850959083876],[107.30997939246811,-7.016572526054533],[107.31391853906192,-7.0191385545511915],[107.31838778350415,-7.0169832141121455]]]},"properties":{"h3":"888c146513fffff","incumbentScore":0,"method":"modeled_from_supply_density","realData":false}},{"type":"Feature","geometry":{"type":"Polygon","coordinates":[[[107.32656963599051,-6.981773016319335],[107.32710007641847,-6.977050009029095],[107.32316087056013,-6.974482466445079],[107.31869113138511,-6.976638129174781],[107.31816078673911,-6.981361287092635],[107.32210008547715,-6.983928631661857],[107.32656963599051,-6.981773016319335]]]},"properties":{"h3":"888c146eddfffff","incumbentScore":0,"method":"modeled_from_supply_density","realData":false}},{"type":"Feature","geometry":{"type":"Polygon","coordinates":[[[107.57280561188598,-6.858453687942755],[107.5733390763998,-6.853728567216774],[107.56940725094182,-6.85116018945494],[107.56494186517239,-6.8533171310307415],[107.56440849547339,-6.858042405301803],[107.56834041671989,-6.8606105844604794],[107.57280561188598,-6.858453687942755]]]},"properties":{"h3":"888c146b2bfffff","incumbentScore":0.001,"method":"modeled_from_supply_density","realData":false}},{"type":"Feature","geometry":{"type":"Polygon","coordinates":[[[107.34383384303554,-7.053818820088782],[107.34436435830013,-7.049099599024999],[107.34042668912643,-7.046535342503607],[107.33595841164335,-7.048690505237038],[107.33542799204348,-7.053409876867397],[107.33936575425292,-7.055973935206437],[107.34383384303554,-7.053818820088782]]]},"properties":{"h3":"888c14646dfffff","incumbentScore":0,"method":"modeled_from_supply_density","realData":false}},{"type":"Feature","geometry":{"type":"Polygon","coordinates":[[[107.37431644009139,-6.8201592613643225],[107.37484770417059,-6.815429157042579],[107.37090817225285,-6.812855762447004],[107.366437282719,-6.815012670088712],[107.36590611431973,-6.819742926054347],[107.36984573976531,-6.822316122743002],[107.37431644009139,-6.8201592613643225]]]},"properties":{"h3":"888c10d289fffff","incumbentScore":0,"method":"modeled_from_supply_density","realData":false}},{"type":"Feature","geometry":{"type":"Polygon","coordinates":[[[107.36497774076393,-6.940908564828304],[107.36550869139674,-6.936184166148599],[107.36157035301464,-6.933615598054532],[107.35710097064323,-6.935771626722066],[107.35657011565549,-6.940496176555666],[107.36050854738504,-6.943064546576489],[107.36497774076393,-6.940908564828304]]]},"properties":{"h3":"888c146e37fffff","incumbentScore":0,"method":"modeled_from_supply_density","realData":false}},{"type":"Feature","geometry":{"type":"Polygon","coordinates":[[[107.38722935029851,-7.00610109567112],[107.38776044423885,-7.001380219333288],[107.38382373718439,-6.99881473863999],[107.37935584261578,-7.000970332540615],[107.37882484418633,-7.0056913600447],[107.38276164480556,-7.008256642490563],[107.38722935029851,-7.00610109567112]]]},"properties":{"h3":"888c1460bbfffff","incumbentScore":0,"method":"modeled_from_supply_density","realData":false}},{"type":"Feature","geometry":{"type":"Polygon","coordinates":[[[107.48242156151149,-6.911035734851144],[107.48295390613931,-6.906311727933413],[107.47901944777475,-6.90374396008752],[107.47455255005507,-6.905900397568778],[107.47402030059364,-6.9106245569368765],[107.47795485367642,-6.913192126381905],[107.48242156151149,-6.911035734851144]]]},"properties":{"h3":"888c146a85fffff","incumbentScore":0.531,"method":"modeled_from_supply_density","realData":false}},{"type":"Feature","geometry":{"type":"Polygon","coordinates":[[[107.39548278917415,-6.706995916570468],[107.39601448920963,-6.702260695490963],[107.39207428916083,-6.699683004755066],[107.38760229522713,-6.70184073289141],[107.38707069085167,-6.706576106198815],[107.3910109847408,-6.709153599150547],[107.39548278917415,-6.706995916570468]]]},"properties":{"h3":"888c10d1e3fffff","incumbentScore":0,"method":"modeled_from_supply_density","realData":false}},{"type":"Feature","geometry":{"type":"Polygon","coordinates":[[[107.44944876843562,-7.016247714491177],[107.44998055632414,-7.0115283074221235],[107.44604623302942,-7.008964332670765],[107.44158002756213,-7.0111199634591905],[107.4410483349151,-7.015839522294173],[107.44498275248478,-7.018403298583404],[107.44944876843562,-7.016247714491177]]]},"properties":{"h3":"888c146015fffff","incumbentScore":0,"method":"modeled_from_supply_density","realData":false}},{"type":"Feature","geometry":{"type":"Polygon","coordinates":[[[107.22221555861115,-6.969526404491334],[107.22274482041789,-6.964801187184242],[107.21880171077346,-6.962231333515],[107.2143292476332,-6.964386894821114],[107.21380008205557,-6.969112261728463],[107.2177432833801,-6.971681917738196],[107.22221555861115,-6.969526404491334]]]},"properties":{"h3":"888c109841fffff","incumbentScore":0,"method":"modeled_from_supply_density","realData":false}},{"type":"Feature","geometry":{"type":"Polygon","coordinates":[[[107.35246215303793,-7.089817267716732],[107.35299270561771,-7.0850999435221995],[107.34905580463266,-7.082537332440802],[107.34458825794508,-7.084692243827707],[107.34405780097143,-7.089409718557561],[107.34799479507015,-7.091972131373894],[107.35246215303793,-7.089817267716732]]]},"properties":{"h3":"888c14662dfffff","incumbentScore":0,"method":"modeled_from_supply_density","realData":false}},{"type":"Feature","geometry":{"type":"Polygon","coordinates":[[[107.31770663579249,-6.9100764723970425],[107.31823709697206,-6.905349839725278],[107.31429666219447,-6.902779179803196],[107.30982567340808,-6.904935350433637],[107.30929530809213,-6.90966213387681],[107.31323583568987,-6.912232595926802],[107.31770663579249,-6.9100764723970425]]]},"properties":{"h3":"888c146cebfffff","incumbentScore":0,"method":"modeled_from_supply_density","realData":false}},{"type":"Feature","geometry":{"type":"Polygon","coordinates":[[[107.28952073691329,-6.972833245847265],[107.29005076726881,-6.9681092283944865],[107.2861101143602,-6.965540674266797],[107.28163933863003,-6.967696335482209],[107.2811094042182,-6.972420503213296],[107.28505014958381,-6.974988859459373],[107.28952073691329,-6.972833245847265]]]},"properties":{"h3":"888c109b4dfffff","incumbentScore":0,"method":"modeled_from_supply_density","realData":false}},{"type":"Feature","geometry":{"type":"Polygon","coordinates":[[[107.53561215374008,-6.813854643653231],[107.536145271484,-6.809126777626783],[107.53221152128123,-6.806555906498672],[107.52774455793639,-6.808713099817119],[107.52721153519262,-6.813441119157171],[107.5311453807844,-6.8160117918736765],[107.53561215374008,-6.813854643653231]]]},"properties":{"h3":"888c146939fffff","incumbentScore":0,"method":"modeled_from_supply_density","realData":false}},{"type":"Feature","geometry":{"type":"Polygon","coordinates":[[[107.32180125040823,-6.760452803295653],[107.32233201403336,-6.755718999372637],[107.31838982944377,-6.753142245651753],[107.31391678826309,-6.755299493501023],[107.31338612057661,-6.760033448722421],[107.3173283981231,-6.7626100048048094],[107.32180125040823,-6.760452803295653]]]},"properties":{"h3":"888c10d097fffff","incumbentScore":0,"method":"modeled_from_supply_density","realData":false}},{"type":"Feature","geometry":{"type":"Polygon","coordinates":[[[107.28634085195449,-7.001172687025621],[107.28687079740543,-6.996450002261084],[107.28293038984367,-6.99388256513881],[107.27845994441859,-6.996038010705737],[107.27793009490723,-7.000760845623407],[107.28187059487233,-7.003328084829722],[107.28634085195449,-7.001172687025621]]]},"properties":{"h3":"888c146587fffff","incumbentScore":0,"method":"modeled_from_supply_density","realData":false}},{"type":"Feature","geometry":{"type":"Polygon","coordinates":[[[107.37997823363469,-6.920266304452137],[107.38050939140403,-6.915541136945412],[107.3765713334352,-6.912971974601432],[107.37210202415504,-6.915128177861112],[107.37157096198007,-6.919853496742664],[107.37550911348181,-6.9224224609983445],[107.37997823363469,-6.920266304452137]]]},"properties":{"h3":"888c146c45fffff","incumbentScore":0,"method":"modeled_from_supply_density","realData":false}},{"type":"Feature","geometry":{"type":"Polygon","coordinates":[[[107.44083560407701,-6.9802326927479115],[107.44136735530792,-6.975511394752393],[107.43743226261614,-6.972945773996675],[107.43296532448666,-6.97510164962338],[107.43243366855584,-6.979823099416695],[107.43636885544535,-6.98238852179413],[107.44083560407701,-6.9802326927479115]]]},"properties":{"h3":"888c1461d5fffff","incumbentScore":0,"method":"modeled_from_supply_density","realData":false}},{"type":"Feature","geometry":{"type":"Polygon","coordinates":[[[107.42338685530383,-6.872503674054926],[107.42391859159086,-6.867776870369004],[107.41998150008797,-6.865206483721073],[107.41551257822682,-6.8673630989176635],[107.41498093737994,-6.872090054578523],[107.41891812294496,-6.874660243076443],[107.42338685530383,-6.872503674054926]]]},"properties":{"h3":"888c146893fffff","incumbentScore":0,"method":"modeled_from_supply_density","realData":false}},{"type":"Feature","geometry":{"type":"Polygon","coordinates":[[[107.41200755309512,-6.936088152607237],[107.41253905038428,-6.931364254891717],[107.40860235247393,-6.928796302619146],[107.40413406337281,-6.930952446286878],[107.40360266153286,-6.935676495652186],[107.40753945333576,-6.938244249708591],[107.41200755309512,-6.936088152607237]]]},"properties":{"h3":"888c146f51fffff","incumbentScore":0,"method":"modeled_from_supply_density","realData":false}},{"type":"Feature","geometry":{"type":"Polygon","coordinates":[[[107.27657246885047,-7.05054233590158],[107.27710221779792,-7.045821912666621],[107.27316208592644,-7.043256349991721],[107.26869211283744,-7.04541140852176],[107.26816245984023,-7.050131981648292],[107.27210268397276,-7.052697346361968],[107.27657246885047,-7.05054233590158]]]},"properties":{"h3":"888c1464e1fffff","incumbentScore":0,"method":"modeled_from_supply_density","realData":false}},{"type":"Feature","geometry":{"type":"Polygon","coordinates":[[[107.23086770948761,-7.005577652369897],[107.2313970094768,-7.000854326777839],[107.22745466735874,-6.998286111356701],[107.22298293348346,-7.0004414192805475],[107.22245372966464,-7.005164894444189],[107.22639616354171,-7.007732912121157],[107.23086770948761,-7.005577652369897]]]},"properties":{"h3":"888c109a01fffff","incumbentScore":0,"method":"modeled_from_supply_density","realData":false}},{"type":"Feature","geometry":{"type":"Polygon","coordinates":[[[107.32634356553649,-6.946138646625376],[107.32687406424782,-6.941413900737173],[107.32293439814046,-6.938844880098611],[107.31846414041436,-6.941000803314545],[107.31793373750797,-6.945725699944758],[107.32187349651367,-6.948294522625704],[107.32634356553649,-6.946138646625376]]]},"properties":{"h3":"888c146eabfffff","incumbentScore":0,"method":"modeled_from_supply_density","realData":false}},{"type":"Feature","geometry":{"type":"Polygon","coordinates":[[[107.63618806082147,-6.783146754545932],[107.63672237495122,-6.77841901393094],[107.632791920924,-6.775848613986017],[107.62832705619626,-6.778006153344158],[107.62779283665749,-6.782734048399472],[107.63172338724638,-6.785304249664746],[107.63618806082147,-6.783146754545932]]]},"properties":{"h3":"888c16b58bfffff","incumbentScore":0.377,"method":"modeled_from_supply_density","realData":false}},{"type":"Feature","geometry":{"type":"Polygon","coordinates":[[[107.29339093059743,-7.051362515227209],[107.29392087133827,-7.046642392028759],[107.28998135430635,-7.0440771556528805],[107.28551180406961,-7.046232240500771],[107.28498195920766,-7.050952513759693],[107.28892156869449,-7.053517552118988],[107.29339093059743,-7.051362515227209]]]},"properties":{"h3":"888c14643bfffff","incumbentScore":0,"method":"modeled_from_supply_density","realData":false}},{"type":"Feature","geometry":{"type":"Polygon","coordinates":[[[107.38426238002907,-7.070014956347116],[107.38479333062514,-7.065297157169626],[107.38085732713849,-7.062734278623743],[107.37639027955463,-7.0648893976007505],[107.37585942444262,-7.069607347702704],[107.37979552142133,-7.072170027911853],[107.38426238002907,-7.070014956347116]]]},"properties":{"h3":"888c146747fffff","incumbentScore":0,"method":"modeled_from_supply_density","realData":false}},{"type":"Feature","geometry":{"type":"Polygon","coordinates":[[[107.41084567387314,-7.021489184814729],[107.41137701165547,-7.016769428552947],[107.40744135470275,-7.014204997989096],[107.40297426613108,-7.016360522042631],[107.40244302375037,-7.021080429660247],[107.40637877453062,-7.023644661877138],[107.41084567387314,-7.021489184814729]]]},"properties":{"h3":"888c146089fffff","incumbentScore":0,"method":"modeled_from_supply_density","realData":false}},{"type":"Feature","geometry":{"type":"Polygon","coordinates":[[[107.41976621524014,-6.829539518618154],[107.42029798365373,-6.824810579957249],[107.41636021631285,-6.82223835540757],[107.41189058650296,-6.824395267595378],[107.41135891357126,-6.829124358334892],[107.41529677495852,-6.83169638481658],[107.41976621524014,-6.829539518618154]]]},"properties":{"h3":"888c10d257fffff","incumbentScore":0,"method":"modeled_from_supply_density","realData":false}},{"type":"Feature","geometry":{"type":"Polygon","coordinates":[[[107.38860385374308,-6.956315189370525],[107.38913504860798,-6.951591908937328],[107.38519775980542,-6.949024388355342],[107.38072918251825,-6.951180346388674],[107.38019808318907,-6.955903778166315],[107.38413546560227,-6.958471100574828],[107.38860385374308,-6.956315189370525]]]},"properties":{"h3":"888c146e05fffff","incumbentScore":0,"method":"modeled_from_supply_density","realData":false}},{"type":"Feature","geometry":{"type":"Polygon","coordinates":[[[107.52122333569456,-6.9414238444359375],[107.52175607056243,-6.936701925836024],[107.51782341119196,-6.934136094378265],[107.51335792179903,-6.936292380102016],[107.51282528191436,-6.941014451446505],[107.5167580364303,-6.943580084331205],[107.52122333569456,-6.9414238444359375]]]},"properties":{"h3":"888c146a53fffff","incumbentScore":0,"method":"modeled_from_supply_density","realData":false}},{"type":"Feature","geometry":{"type":"Polygon","coordinates":[[[107.30155823991986,-6.75230274049296],[107.30208878489066,-6.74756822893275],[107.29814576782817,-6.744990794230186],[107.29367211305828,-6.7471480686561005],[107.29314166411663,-6.751882731332807],[107.29708477390668,-6.7544599684757625],[107.30155823991986,-6.75230274049296]]]},"properties":{"h3":"888c10d563fffff","incumbentScore":0,"method":"modeled_from_supply_density","realData":false}},{"type":"Feature","geometry":{"type":"Polygon","coordinates":[[[107.63298247417123,-6.81150859741148],[107.63351670312385,-6.806782171569494],[107.62958649024935,-6.8042128921549905],[107.62512195190577,-6.806370237307596],[107.62458781754052,-6.811096817463065],[107.62851812692234,-6.81366589816089],[107.63298247417123,-6.81150859741148]]]},"properties":{"h3":"888c16b4e5fffff","incumbentScore":0.001,"method":"modeled_from_supply_density","realData":false}},{"type":"Feature","geometry":{"type":"Polygon","coordinates":[[[107.53040988446372,-6.785069710217516],[107.53094299233422,-6.780340374070307],[107.5270086876294,-6.7777682221227336],[107.5225411796981,-6.779925604678035],[107.52200816686748,-6.7846550941805575],[107.52594256691921,-6.787227047780972],[107.53040988446372,-6.785069710217516]]]},"properties":{"h3":"888c16a6c3fffff","incumbentScore":0,"method":"modeled_from_supply_density","realData":false}},{"type":"Feature","geometry":{"type":"Polygon","coordinates":[[[107.50360476299707,-6.798013419307952],[107.50413754308028,-6.793284281714036],[107.5002024243673,-6.790712201795735],[107.49573443053121,-6.792869457763267],[107.49520174559382,-6.797598748396169],[107.49913695933762,-6.80017063003107],[107.50360476299707,-6.798013419307952]]]},"properties":{"h3":"888c1469adfffff","incumbentScore":0.001,"method":"modeled_from_supply_density","realData":false}},{"type":"Feature","geometry":{"type":"Polygon","coordinates":[[[107.43593896227661,-6.723294479310973],[107.43647109751014,-6.718560677301685],[107.43253257082843,-6.715984350069897],[107.42806181460686,-6.718142022797493],[107.42752977485196,-6.722875977397134],[107.43146839583089,-6.7254521066873965],[107.43593896227661,-6.723294479310973]]]},"properties":{"h3":"888c10d10bfffff","incumbentScore":0,"method":"modeled_from_supply_density","realData":false}},{"type":"Feature","geometry":{"type":"Polygon","coordinates":[[[107.23904496076803,-6.9703541649312175],[107.23957441492601,-6.965629247079139],[107.23563191862739,-6.963059718052754],[107.23115987628728,-6.965215304602289],[107.2306305182871,-6.969940372224295],[107.23457310646023,-6.972509703535579],[107.23904496076803,-6.9703541649312175]]]},"properties":{"h3":"888c109b1bfffff","incumbentScore":0,"method":"modeled_from_supply_density","realData":false}},{"type":"Feature","geometry":{"type":"Polygon","coordinates":[[[107.5690113702843,-6.779840312351441],[107.56954492667786,-6.775111338570981],[107.56561196694106,-6.772539637747383],[107.56114535500812,-6.7746971091738475],[107.56061189349357,-6.77942623672086],[107.56454494902383,-6.781997739083328],[107.5690113702843,-6.779840312351441]]]},"properties":{"h3":"888c16a61dfffff","incumbentScore":0,"method":"modeled_from_supply_density","realData":false}},{"type":"Feature","geometry":{"type":"Polygon","coordinates":[[[107.5440122431536,-6.814267996303151],[107.54454545586177,-6.809540283674644],[107.54061201777414,-6.806969575112712],[107.536145271484,-6.809126777626783],[107.53561215374008,-6.813854643653231],[107.53954568731292,-6.816425153776166],[107.5440122431536,-6.814267996303151]]]},"properties":{"h3":"888c146907fffff","incumbentScore":0,"method":"modeled_from_supply_density","realData":false}},{"type":"Feature","geometry":{"type":"Polygon","coordinates":[[[107.64156613180093,-6.847565409253592],[107.64210039611284,-6.842840860813344],[107.63817095510183,-6.840273227636204],[107.63370715318659,-6.842430341710993],[107.63317298340351,-6.8471550444319345],[107.63710252099774,-6.84972247880583],[107.64156613180093,-6.847565409253592]]]},"properties":{"h3":"888c16b6a5fffff","incumbentScore":0.001,"method":"modeled_from_supply_density","realData":false}},{"type":"Feature","geometry":{"type":"Polygon","coordinates":[[[107.31020241208238,-6.7884325638946645],[107.31073299473564,-6.783699927827547],[107.30679074698119,-6.781124125967646],[107.30231782375839,-6.7832811578317065],[107.30178733707551,-6.788013944987789],[107.30572967763598,-6.790589549199496],[107.31020241208238,-6.7884325638946645]]]},"properties":{"h3":"888c10d723fffff","incumbentScore":0,"method":"modeled_from_supply_density","realData":false}},{"type":"Feature","geometry":{"type":"Polygon","coordinates":[[[107.329526770184,-6.9177868489250836],[107.3300573538505,-6.913060774437992],[107.32611744282575,-6.910490637072404],[107.32164685517334,-6.912646772125043],[107.32111636731581,-6.917372997479344],[107.32505637129266,-6.919942936922469],[107.329526770184,-6.9177868489250836]]]},"properties":{"h3":"888c146c13fffff","incumbentScore":0,"method":"modeled_from_supply_density","realData":false}},{"type":"Feature","geometry":{"type":"Polygon","coordinates":[[[107.43274644878574,-6.751692690876781],[107.43327849890439,-6.746960203546232],[107.42934021606925,-6.744384991249669],[107.42486978886315,-6.746542464271705],[107.4243378342192,-6.751275104067594],[107.42827621129751,-6.753850118384656],[107.43274644878574,-6.751692690876781]]]},"properties":{"h3":"888c10d065fffff","incumbentScore":0,"method":"modeled_from_supply_density","realData":false}},{"type":"Feature","geometry":{"type":"Polygon","coordinates":[[[107.34701714687758,-7.025500155653677],[107.34754774704729,-7.020779599715732],[107.34360983335185,-7.018214223853994],[107.3391412263882,-7.02036960208769],[107.3386107218872,-7.025090308718094],[107.34254872867211,-7.0276554864310325],[107.34701714687758,-7.025500155653677]]]},"properties":{"h3":"888c146555fffff","incumbentScore":0,"method":"modeled_from_supply_density","realData":false}},{"type":"Feature","geometry":{"type":"Polygon","coordinates":[[[107.53421488614086,-6.863689860793618],[107.53474790243084,-6.858964379893044],[107.53081473239169,-6.856395548822808],[107.52634845071114,-6.8585523971507705],[107.52581552939678,-6.863278031186072],[107.52974879477827,-6.865846663767209],[107.53421488614086,-6.863689860793618]]]},"properties":{"h3":"888c146861fffff","incumbentScore":0.157,"method":"modeled_from_supply_density","realData":false}},{"type":"Feature","geometry":{"type":"Polygon","coordinates":[[[107.44062282408778,-6.944612215022035],[107.44115463391543,-6.939889180526757],[107.43721908186893,-6.9373220784211265],[107.4327516257688,-6.939478209140576],[107.43221991126401,-6.944201395549312],[107.43615555752743,-6.946768299333724],[107.44062282408778,-6.944612215022035]]]},"properties":{"h3":"888c1461a3fffff","incumbentScore":0,"method":"modeled_from_supply_density","realData":false}},{"type":"Feature","geometry":{"type":"Polygon","coordinates":[[[107.32999005223992,-6.725154102841402],[107.33052097014426,-6.7204187284493875],[107.32657863335835,-6.717840664424938],[107.32210528558633,-6.719998172406096],[107.32157446360786,-6.7247336982943375],[107.32551689346646,-6.727311564713826],[107.32999005223992,-6.725154102841402]]]},"properties":{"h3":"888c10c243fffff","incumbentScore":0,"method":"modeled_from_supply_density","realData":false}},{"type":"Feature","geometry":{"type":"Polygon","coordinates":[[[107.49319021387964,-6.740416103776701],[107.49372297388497,-6.735684028948027],[107.48978674619585,-6.733109390910859],[107.48531766354604,-6.735267025864341],[107.484784998766,-6.739999253814181],[107.48872132140136,-6.7425736936979],[107.49319021387964,-6.740416103776701]]]},"properties":{"h3":"888c16a4d1fffff","incumbentScore":0,"method":"modeled_from_supply_density","realData":false}},{"type":"Feature","geometry":{"type":"Polygon","coordinates":[[[107.38113224864233,-6.834763961174774],[107.38166356584588,-6.830034669185418],[107.37772446555397,-6.82746199433836],[107.37325395445168,-6.829618809442165],[107.37272273289025,-6.8343482530976765],[107.37666192677987,-6.836920729991831],[107.38113224864233,-6.834763961174774]]]},"properties":{"h3":"888c10d2cbfffff","incumbentScore":0,"method":"modeled_from_supply_density","realData":false}},{"type":"Feature","geometry":{"type":"Polygon","coordinates":[[[107.69672780702653,-6.8075034944254895],[107.69726276553543,-6.802777899986725],[107.69333484881258,-6.800209563347178],[107.68887187633248,-6.8023670200663116],[107.6883370121416,-6.8070927694800325],[107.69226502610367,-6.809660907208063],[107.69672780702653,-6.8075034944254895]]]},"properties":{"h3":"888c16b559fffff","incumbentScore":0,"method":"modeled_from_supply_density","realData":false}},{"type":"Feature","geometry":{"type":"Polygon","coordinates":[[[107.31702412821224,-7.066749142374385],[107.31755431393552,-7.062030138158054],[107.31361584263028,-7.059465951107986],[107.3091470928741,-7.061620966399121],[107.3086170029206,-7.066340120866205],[107.31255556694447,-7.068904109800116],[107.31702412821224,-7.066749142374385]]]},"properties":{"h3":"888c146409fffff","incumbentScore":0,"method":"modeled_from_supply_density","realData":false}},{"type":"Feature","geometry":{"type":"Polygon","coordinates":[[[107.48922506137522,-6.925616977517511],[107.48975745861216,-6.920893785564407],[107.485823432711,-6.918326740725038],[107.4813569147763,-6.920483086293287],[107.48082461266796,-6.925206430717807],[107.48475873335664,-6.927773277111234],[107.48922506137522,-6.925616977517511]]]},"properties":{"h3":"888c146ac7fffff","incumbentScore":0.155,"method":"modeled_from_supply_density","realData":false}},{"type":"Feature","geometry":{"type":"Polygon","coordinates":[[[107.45625311240651,-7.030812165008413],[107.45678495301614,-7.026093575736485],[107.45285106156068,-7.02353032533373],[107.44838523514217,-7.0256858627179675],[107.4478534897363,-7.030404603776549],[107.45178747553611,-7.032967655672856],[107.45625311240651,-7.030812165008413]]]},"properties":{"h3":"888c146057fffff","incumbentScore":0,"method":"modeled_from_supply_density","realData":false}},{"type":"Feature","geometry":{"type":"Polygon","coordinates":[[[107.35564568073274,-7.06150997940586],[107.3561763182023,-7.056791318299735],[107.35223917286362,-7.054227586952367],[107.347771296879,-7.056382714951838],[107.34724075501956,-7.061101526719404],[107.35117799352557,-7.063665059834742],[107.35564568073274,-7.06150997940586]]]},"properties":{"h3":"888c146715fffff","incumbentScore":0,"method":"modeled_from_supply_density","realData":false}},{"type":"Feature","geometry":{"type":"Polygon","coordinates":[[[107.44136738785113,-6.787803696878419],[107.44189947473778,-6.783073084077653],[107.43796196236273,-6.78049950906487],[107.43349226877133,-6.782656744929146],[107.43296027730068,-6.787387510165891],[107.43689788399638,-6.789960887110941],[107.44136738785113,-6.787803696878419]]]},"properties":{"h3":"888c10d225fffff","incumbentScore":0,"method":"modeled_from_supply_density","realData":false}},{"type":"Feature","geometry":{"type":"Polygon","coordinates":[[[107.5826065538693,-6.8090353425000405],[107.58314021475769,-6.804307992038618],[107.57920812243698,-6.80173773558948],[107.57474227328734,-6.803895028163157],[107.57420870720229,-6.808622532433273],[107.57814089545444,-6.811192590329488],[107.5826065538693,-6.8090353425000405]]]},"properties":{"h3":"888c16b4b3fffff","incumbentScore":0.001,"method":"modeled_from_supply_density","realData":false}},{"type":"Feature","geometry":{"type":"Polygon","coordinates":[[[107.40976397982618,-6.8433103094324075],[107.41029561023335,-6.838581879303664],[107.4063576548615,-6.836010050885316],[107.4018879751506,-6.838166850662976],[107.40135644025919,-6.842895432722989],[107.40529448955382,-6.845467063082678],[107.40976397982618,-6.8433103094324075]]]},"properties":{"h3":"888c146d2dfffff","incumbentScore":0,"method":"modeled_from_supply_density","realData":false}},{"type":"Feature","geometry":{"type":"Polygon","coordinates":[[[107.42446052892413,-7.050618222408878],[107.42499197245522,-7.045900102340469],[107.42105717840234,-7.043337119846779],[107.41659084684267,-7.04549245586565],[107.4160594986377,-7.0502107273316845],[107.41999438665718,-7.052773511389862],[107.42446052892413,-7.050618222408878]]]},"properties":{"h3":"888c1462bdfffff","incumbentScore":0,"method":"modeled_from_supply_density","realData":false}},{"type":"Feature","geometry":{"type":"Polygon","coordinates":[[[107.67334374090821,-6.827740565821536],[107.67387839966622,-6.8230155705549285],[107.6699498770614,-6.8204476673651895],[107.6654865987303,-6.822604958321602],[107.66495203437776,-6.827330108257982],[107.66888065394177,-6.829897812576598],[107.67334374090821,-6.827740565821536]]]},"properties":{"h3":"888c16b40dfffff","incumbentScore":0,"method":"modeled_from_supply_density","realData":false}},{"type":"Feature","geometry":{"type":"Polygon","coordinates":[[[107.50180072830841,-6.77652291338647],[107.5023335246631,-6.771792711836699],[107.49839806801016,-6.769219712707124],[107.4939297199702,-6.771377113377587],[107.49339701878212,-6.776107468018425],[107.4973325704583,-6.77868026890625],[107.50180072830841,-6.77652291338647]]]},"properties":{"h3":"888c16a691fffff","incumbentScore":0,"method":"modeled_from_supply_density","realData":false}},{"type":"Feature","geometry":{"type":"Polygon","coordinates":[[[107.19720869083746,-7.003925566667615],[107.19773760593132,-6.999201643297841],[107.19379403850633,-6.996632777873179],[107.18932146460834,-6.998788033459997],[107.18879264582736,-7.00351210606221],[107.19273630462247,-7.006080773853961],[107.19720869083746,-7.003925566667615]]]},"properties":{"h3":"888c109ae9fffff","incumbentScore":0,"method":"modeled_from_supply_density","realData":false}},{"type":"Feature","geometry":{"type":"Polygon","coordinates":[[[107.34385750103446,-6.790105322665586],[107.34438846721133,-6.785373291804833],[107.34044745401387,-6.782798135690717],[107.33597538143634,-6.784955208205163],[107.33544451108669,-6.789687390495035],[107.33938561747826,-6.792262348849975],[107.34385750103446,-6.790105322665586]]]},"properties":{"h3":"888c10d0d9fffff","incumbentScore":0,"method":"modeled_from_supply_density","realData":false}},{"type":"Feature","geometry":{"type":"Polygon","coordinates":[[[107.30838890555388,-7.030735892518035],[107.3089190537097,-7.026014992821227],[107.30497981441363,-7.023449162362876],[107.30051033431222,-7.025604429642958],[107.29998028198482,-7.030325479621055],[107.30391961392138,-7.032891112046495],[107.30838890555388,-7.030735892518035]]]},"properties":{"h3":"888c1465c9fffff","incumbentScore":0,"method":"modeled_from_supply_density","realData":false}},{"type":"Feature","geometry":{"type":"Polygon","coordinates":[[[107.45200535508611,-6.8810389728172625],[107.45253740386957,-6.876313032462632],[107.44860145932265,-6.873743494283306],[107.44413337159666,-6.875900094722534],[107.4436014181269,-6.880626187316313],[107.44753745706035,-6.883195527240289],[107.45200535508611,-6.8810389728172625]]]},"properties":{"h3":"888c1468d5fffff","incumbentScore":0,"method":"modeled_from_supply_density","realData":false}},{"type":"Feature","geometry":{"type":"Polygon","coordinates":[[[107.23769306871914,-7.020158427376777],[107.23822242241073,-7.01543591902383],[107.2342805099406,-7.012868424440627],[107.2298091519404,-7.015023636008076],[107.22927989438143,-7.019746293954876],[107.233221898681,-7.022313590749138],[107.23769306871914,-7.020158427376777]]]},"properties":{"h3":"888c109a43fffff","incumbentScore":0,"method":"modeled_from_supply_density","realData":false}},{"type":"Feature","geometry":{"type":"Polygon","coordinates":[[[107.3822868897173,-6.7491846067159615],[107.38281836644953,-6.744451205866318],[107.37887822328618,-6.741875024475412],[107.37440650971891,-6.744032441756428],[107.37387512867662,-6.748765994562041],[107.37781536550257,-6.751341978139266],[107.3822868897173,-6.7491846067159615]]]},"properties":{"h3":"888c10d033fffff","incumbentScore":0,"method":"modeled_from_supply_density","realData":false}},{"type":"Feature","geometry":{"type":"Polygon","coordinates":[[[107.34679348706437,-6.989885102721878],[107.34732414555715,-6.9851628052669525],[107.34338577190246,-6.982595949459575],[107.33891664663768,-6.984751589208259],[107.33838608383655,-6.9894740374705995],[107.3423245505995,-6.992040695185509],[107.34679348706437,-6.989885102721878]]]},"properties":{"h3":"888c146523fffff","incumbentScore":0,"method":"modeled_from_supply_density","realData":false}},{"type":"Feature","geometry":{"type":"Polygon","coordinates":[[[107.39788017146594,-7.099129948891832],[107.39841122801555,-7.09441378847665],[107.39447608662202,-7.091852358886796],[107.3900097950385,-7.094007288145397],[107.38947883389753,-7.0987235995266875],[107.39341406892238,-7.101284830691929],[107.39788017146594,-7.099129948891832]]]},"properties":{"h3":"888c1475abfffff","incumbentScore":0,"method":"modeled_from_supply_density","realData":false}},{"type":"Feature","geometry":{"type":"Polygon","coordinates":[[[107.3549776356539,-6.95466849709775],[107.35550844816129,-6.949944611793383],[107.35156992314612,-6.947376439840751],[107.34710049239068,-6.949532351264241],[107.34656977556209,-6.954256387575237],[107.35050839380108,-6.956824361464774],[107.3549776356539,-6.95466849709775]]]},"properties":{"h3":"888c146eedfffff","incumbentScore":0,"method":"modeled_from_supply_density","realData":false}},{"type":"Feature","geometry":{"type":"Polygon","coordinates":[[[107.66476520544866,-6.791680266757548],[107.66529982906408,-6.786953395758024],[107.66137053423327,-6.78438384600107],[107.65690651889433,-6.786541366036329],[107.65637198974287,-6.791268391738651],[107.66030138145724,-6.793837742711333],[107.66476520544866,-6.791680266757548]]]},"properties":{"h3":"888c16b5cdfffff","incumbentScore":0,"method":"modeled_from_supply_density","realData":false}},{"type":"Feature","geometry":{"type":"Polygon","coordinates":[[[107.41765358572114,-7.036055245933753],[107.41818497639558,-7.031336307566905],[107.41424975087867,-7.0287726008597],[107.4097830407812,-7.030928030919285],[107.40925174547063,-7.035647120662917],[107.41318706488462,-7.038210628978823],[107.41765358572114,-7.036055245933753]]]},"properties":{"h3":"888c1460cbfffff","incumbentScore":0,"method":"modeled_from_supply_density","realData":false}},{"type":"Feature","geometry":{"type":"Polygon","coordinates":[[[107.35249313490526,-6.826213412232742],[107.35302413846055,-6.82148325931492],[107.34908389475748,-6.818909738904837],[107.34461255421783,-6.821066569268131],[107.34408164643102,-6.825796873586534],[107.3480219834063,-6.828370196149697],[107.35249313490526,-6.826213412232742]]]},"properties":{"h3":"888c10d299fffff","incumbentScore":0,"method":"modeled_from_supply_density","realData":false}},{"type":"Feature","geometry":{"type":"Polygon","coordinates":[[[107.3954153150083,-6.970894483791769],[107.39594656288708,-6.9661720194508705],[107.39200970547678,-6.963605221246555],[107.3875415064983,-6.965761085610124],[107.38701035411746,-6.970483701316896],[107.3909473052081,-6.973050301302862],[107.3954153150083,-6.970894483791769]]]},"properties":{"h3":"888c146e47fffff","incumbentScore":0,"method":"modeled_from_supply_density","realData":false}},{"type":"Feature","geometry":{"type":"Polygon","coordinates":[[[107.4606192887115,-6.917093632235815],[107.46115137409822,-6.912369575619461],[107.45721619953645,-6.909801680179213],[107.45274884511514,-6.911958039704967],[107.45221685498349,-6.916682248529476],[107.45615212400901,-6.919249945628669],[107.4606192887115,-6.917093632235815]]]},"properties":{"h3":"888c146a95fffff","incumbentScore":0.001,"method":"modeled_from_supply_density","realData":false}},{"type":"Feature","geometry":{"type":"Polygon","coordinates":[[[107.47783956918285,-6.9891542036265175],[107.47837172757076,-6.984433922058169],[107.4744380926652,-6.981869316936625],[107.46997220474476,-6.984025191902358],[107.46944014149479,-6.988745625615389],[107.47337387101823,-6.9913100322265835],[107.47783956918285,-6.9891542036265175]]]},"properties":{"h3":"888c146025fffff","incumbentScore":0,"method":"modeled_from_supply_density","realData":false}},{"type":"Feature","geometry":{"type":"Polygon","coordinates":[[[107.34248900808868,-6.839986464419921],[107.3430198733669,-6.835256821212725],[107.33907944318129,-6.832683696491797],[107.33460805456,-6.834840412824248],[107.33407728508398,-6.83957020728476],[107.338017808418,-6.842143134168159],[107.34248900808868,-6.839986464419921]]]},"properties":{"h3":"888c146da1fffff","incumbentScore":0,"method":"modeled_from_supply_density","realData":false}},{"type":"Feature","geometry":{"type":"Polygon","coordinates":[[[107.20038239353346,-6.975578689460617],[107.20091139348378,-6.970853431643793],[107.19696757956761,-6.968283451097624],[107.19249467426853,-6.970438925975612],[107.19196577063535,-6.97516433314936],[107.19590967597509,-6.977734116096963],[107.20038239353346,-6.975578689460617]]]},"properties":{"h3":"888c109851fffff","incumbentScore":0,"method":"modeled_from_supply_density","realData":false}},{"type":"Feature","geometry":{"type":"Polygon","coordinates":[[[107.60619515715256,-6.824452091714135],[107.60672905965832,-6.819725861439959],[107.60279802718425,-6.8171566535073875],[107.5983329960029,-6.819313874510701],[107.59779918819068,-6.824040258782723],[107.60173031685714,-6.826609268062046],[107.60619515715256,-6.824452091714135]]]},"properties":{"h3":"888c16b481fffff","incumbentScore":0.531,"method":"modeled_from_supply_density","realData":false}},{"type":"Feature","geometry":{"type":"Polygon","coordinates":[[[107.33065485227084,-7.095874195306438],[107.33118514455117,-7.09115682951595],[107.3272475339933,-7.088594089273602],[107.32277953828756,-7.090748913034781],[107.32224934170159,-7.095466429118643],[107.32618704511798,-7.098028971156664],[107.33065485227084,-7.095874195306438]]]},"properties":{"h3":"888c14663dfffff","incumbentScore":0,"method":"modeled_from_supply_density","realData":false}},{"type":"Feature","geometry":{"type":"Polygon","coordinates":[[[107.4645682990499,-6.731857384796748],[107.46510074689219,-6.7271244459112545],[107.46116336895574,-6.7245489628426816],[107.45669344854598,-6.726706616715748],[107.4561610960557,-6.73143970845723],[107.46009856861407,-6.734014993478209],[107.4645682990499,-6.731857384796748]]]},"properties":{"h3":"888c10d14dfffff","incumbentScore":0,"method":"modeled_from_supply_density","realData":false}},{"type":"Feature","geometry":{"type":"Polygon","coordinates":[[[107.26769677287783,-6.978887234271697],[107.26822654208198,-6.9741631743642385],[107.26428518188888,-6.9715944929350275],[107.25981396028158,-6.973750069242928],[107.25928428710932,-6.978474279185734],[107.26322573950343,-6.981042762794034],[107.26769677287783,-6.978887234271697]]]},"properties":{"h3":"888c109b5dfffff","incumbentScore":0,"method":"modeled_from_supply_density","realData":false}},{"type":"Feature","geometry":{"type":"Polygon","coordinates":[[[107.56600864712723,-6.843865922717013],[107.56654205938402,-6.839139988774699],[107.56260980044007,-6.836570887921192],[107.55814403351073,-6.838727919576186],[107.55761071610658,-6.843454007042748],[107.56154307077004,-6.846022909338567],[107.56600864712723,-6.843865922717013]]]},"properties":{"h3":"888c146949fffff","incumbentScore":0.001,"method":"modeled_from_supply_density","realData":false}},{"type":"Feature","geometry":{"type":"Polygon","coordinates":[[[107.3502300307271,-6.733306449894252],[107.35076116702004,-6.728571783539933],[107.34681966394493,-6.725994400332746],[107.34234693126602,-6.728151881172387],[107.34181589080839,-6.732886699204758],[107.3457574871853,-6.735463884728055],[107.3502300307271,-6.733306449894252]]]},"properties":{"h3":"888c10d0a7fffff","incumbentScore":0,"method":"modeled_from_supply_density","realData":false}},{"type":"Feature","geometry":{"type":"Polygon","coordinates":[[[107.3388547204697,-6.796994125472313],[107.33938561747826,-6.792262348849975],[107.33544451108669,-6.789687390495035],[107.3309724145453,-6.791844406525673],[107.33044161338081,-6.796576334503481],[107.33438281290458,-6.799151095103823],[107.3388547204697,-6.796994125472313]]]},"properties":{"h3":"888c10d765fffff","incumbentScore":0,"method":"modeled_from_supply_density","realData":false}},{"type":"Feature","geometry":{"type":"Polygon","coordinates":[[[107.35816272310244,-6.926321862874873],[107.35869362057484,-6.921596648961124],[107.35475485102563,-6.91902735948185],[107.3502850907174,-6.921183481953057],[107.34975428892781,-6.925908846998893],[107.35369315175458,-6.928477938450089],[107.35816272310244,-6.926321862874873]]]},"properties":{"h3":"888c146c55fffff","incumbentScore":0,"method":"modeled_from_supply_density","realData":false}},{"type":"Feature","geometry":{"type":"Polygon","coordinates":[[[107.26451845477614,-7.0072269275162045],[107.26504813909034,-7.002504201057456],[107.26110702451597,-6.999936636285259],[107.25663613347095,-7.002091995835721],[107.25610654518454,-7.006814872204792],[107.26004775190634,-7.009382239121803],[107.26451845477614,-7.0072269275162045]]]},"properties":{"h3":"888c146597fffff","incumbentScore":0,"method":"modeled_from_supply_density","realData":false}},{"type":"Feature","geometry":{"type":"Polygon","coordinates":[[[107.4692306931688,-6.953132049160419],[107.46976281509032,-6.948409878809031],[107.46582841040905,-6.945843627723755],[107.46136178925633,-6.947999745424524],[107.46082976253128,-6.952722067952578],[107.4647642617534,-6.95528812061178],[107.4692306931688,-6.953132049160419]]]},"properties":{"h3":"888c1461e5fffff","incumbentScore":0,"method":"modeled_from_supply_density","realData":false}},{"type":"Feature","geometry":{"type":"Polygon","coordinates":[[[107.44040999493038,-6.908978108820189],[107.44094186336764,-6.904253340493418],[107.43700585185928,-6.901684758096653],[107.43253787766851,-6.903841142298732],[107.43200610457689,-6.908566062654328],[107.43594221032133,-6.911134446787613],[107.44040999493038,-6.908978108820189]]]},"properties":{"h3":"888c146f61fffff","incumbentScore":0,"method":"modeled_from_supply_density","realData":false}},{"type":"Feature","geometry":{"type":"Polygon","coordinates":[[[107.451793806308,-6.84538210500726],[107.45232591375616,-6.840654435803813],[107.4483895096493,-6.838083418890075],[107.44392090367947,-6.840240269384804],[107.4433888915678,-6.844968090942414],[107.44732539008038,-6.847538909659695],[107.451793806308,-6.84538210500726]]]},"properties":{"h3":"888c1468a3fffff","incumbentScore":0.376,"method":"modeled_from_supply_density","realData":false}},{"type":"Feature","geometry":{"type":"Polygon","coordinates":[[[107.2090382283567,-7.0116305599295705],[107.20956726664011,-7.006907194412217],[107.2056242200241,-7.004338851597089],[107.20115204361305,-7.0064940719912725],[107.20062310158804,-7.011217586837116],[107.20456623970668,-7.013785731969067],[107.2090382283567,-7.0116305599295705]]]},"properties":{"h3":"888c109a11fffff","incumbentScore":0,"method":"modeled_from_supply_density","realData":false}},{"type":"Feature","geometry":{"type":"Polygon","coordinates":[[[107.40592382414323,-6.764636934895667],[107.40645554518497,-6.759904648633311],[107.40251645364789,-6.7573295089860945],[107.39804554713396,-6.759486853525299],[107.39751392167258,-6.764219291935985],[107.4014531071357,-6.766794233667714],[107.40592382414323,-6.764636934895667]]]},"properties":{"h3":"888c10d001fffff","incumbentScore":0,"method":"modeled_from_supply_density","realData":false}},{"type":"Feature","geometry":{"type":"Polygon","coordinates":[[[107.47318413699624,-6.767971917678924],[107.47371662138937,-6.763240851655518],[107.46978001428593,-6.76066700620631],[107.46531082808114,-6.762824424925168],[107.46477843898131,-6.76755564377495],[107.46871514078389,-6.770129291088035],[107.47318413699624,-6.767971917678924]]]},"properties":{"h3":"888c10d30dfffff","incumbentScore":0,"method":"modeled_from_supply_density","realData":false}},{"type":"Feature","geometry":{"type":"Polygon","coordinates":[[[107.30452265736469,-6.952193221025184],[107.3050528952631,-6.947468430949371],[107.30111252009677,-6.9448992831457375],[107.29664181438025,-6.947055123323759],[107.29611167237502,-6.9517800638986955],[107.30005214018404,-6.954349013805192],[107.30452265736469,-6.952193221025184]]]},"properties":{"h3":"888c146ebbfffff","incumbentScore":0,"method":"modeled_from_supply_density","realData":false}},{"type":"Feature","geometry":{"type":"Polygon","coordinates":[[[107.57460334318384,-6.8799192394761715],[107.57513679125873,-6.875195185764644],[107.57120530345618,-6.872627730102497],[107.5667402717737,-6.874784526804187],[107.56620691849288,-6.879508734007772],[107.57013850209131,-6.882075991026099],[107.57460334318384,-6.8799192394761715]]]},"properties":{"h3":"888c146b09fffff","incumbentScore":0.001,"method":"modeled_from_supply_density","realData":false}},{"type":"Feature","geometry":{"type":"Polygon","coordinates":[[[107.32383997389212,-7.081313211647347],[107.32437021291163,-7.076595026442502],[107.32043217196563,-7.074031562617581],[107.31596379920244,-7.076186482166525],[107.31543365591499,-7.080904817643496],[107.3193717896496,-7.083468083308107],[107.32383997389212,-7.081313211647347]]]},"properties":{"h3":"888c14644bfffff","incumbentScore":0,"method":"modeled_from_supply_density","realData":false}},{"type":"Feature","geometry":{"type":"Polygon","coordinates":[[[107.61439791200364,-6.789206447324463],[107.61493196829477,-6.784478649368929],[107.61100079064786,-6.781908122589069],[107.6065354603925,-6.784065592393945],[107.60600149878148,-6.7887935445477705],[107.60993277273661,-6.791363872706873],[107.61439791200364,-6.789206447324463]]]},"properties":{"h3":"888c16b59bfffff","incumbentScore":0.001,"method":"modeled_from_supply_density","realData":false}},{"type":"Feature","geometry":{"type":"Polygon","coordinates":[[[107.36245797063279,-7.076072450455023],[107.36298866122773,-7.071354608264913],[107.35905194665521,-7.068791600636747],[107.3545844482416,-7.0709466334835325],[107.35405385321907,-7.075664626356214],[107.35799066102871,-7.078227435708228],[107.36245797063279,-7.076072450455023]]]},"properties":{"h3":"888c146757fffff","incumbentScore":0,"method":"modeled_from_supply_density","realData":false}},{"type":"Feature","geometry":{"type":"Polygon","coordinates":[[[107.38904144489028,-7.027546752644315],[107.3895725228676,-7.022826951432989],[107.38563615341869,-7.020262392261685],[107.38116861241068,-7.022417832596978],[107.38063762992337,-7.027137784922112],[107.38457409294502,-7.029702145806805],[107.38904144489028,-7.027546752644315]]]},"properties":{"h3":"888c146099fffff","incumbentScore":0,"method":"modeled_from_supply_density","realData":false}},{"type":"Feature","geometry":{"type":"Polygon","coordinates":[[[107.448177510984,-6.802409775020222],[107.4487096507056,-6.797679973741154],[107.44477257072427,-6.7951071189283345],[107.44030325662204,-6.797264263517013],[107.43977121227863,-6.801994217254027],[107.4437083866502,-6.804566873952986],[107.448177510984,-6.802409775020222]]]},"properties":{"h3":"888c10d267fffff","incumbentScore":0,"method":"modeled_from_supply_density","realData":false}},{"type":"Feature","geometry":{"type":"Polygon","coordinates":[[[107.36679203971644,-6.962371406513665],[107.36732297443488,-6.957648080263427],[107.36338497383127,-6.955080432034248],[107.35891594514464,-6.957236308177166],[107.35838510605035,-6.961959785529351],[107.36232320000946,-6.964527235645343],[107.36679203971644,-6.962371406513665]]]},"properties":{"h3":"888c146e15fffff","incumbentScore":0,"method":"modeled_from_supply_density","realData":false}},{"type":"Feature","geometry":{"type":"Polygon","coordinates":[[[107.39729595195973,-6.728511200190983],[107.3978276359809,-6.72377704083312],[107.39388777417668,-6.721200265975066],[107.38941613449393,-6.72335784831015],[107.38888454611191,-6.728092159844966],[107.39282450176442,-6.730668736876307],[107.39729595195973,-6.728511200190983]]]},"properties":{"h3":"888c10d1c1fffff","incumbentScore":0,"method":"modeled_from_supply_density","realData":false}},{"type":"Feature","geometry":{"type":"Polygon","coordinates":[[[107.21769153168147,-7.047666151579299],[107.21822060822876,-7.042944680878594],[107.21427832881267,-7.040377977418446],[107.20980688125867,-7.042532942434837],[107.20927790091108,-7.047254562435122],[107.21322027190877,-7.0498210681282085],[107.21769153168147,-7.047666151579299]]]},"properties":{"h3":"888c109161fffff","incumbentScore":0,"method":"modeled_from_supply_density","realData":false}},{"type":"Feature","geometry":{"type":"Polygon","coordinates":[[[107.50860532050349,-6.7911270165323465],[107.50913816942595,-6.786397626265705],[107.50520314580552,-6.783825348059549],[107.50073517816101,-6.785982658416416],[107.5002024243673,-6.790712201795735],[107.50413754308028,-6.793284281714036],[107.50860532050349,-6.7911270165323465]]]},"properties":{"h3":"888c16a6d3fffff","incumbentScore":0.156,"method":"modeled_from_supply_density","realData":false}},{"type":"Feature","geometry":{"type":"Polygon","coordinates":[[[107.48179744354626,-6.804070288521375],[107.4823299644217,-6.799341097920053],[107.47839412804628,-6.796768891730916],[107.47392567601003,-6.798926074375574],[107.4733932503692,-6.803655417773175],[107.47732918152093,-6.806227425738373],[107.48179744354626,-6.804070288521375]]]},"properties":{"h3":"888c1469bdfffff","incumbentScore":0,"method":"modeled_from_supply_density","realData":false}},{"type":"Feature","geometry":{"type":"Polygon","coordinates":[[[107.26746384865785,-6.943244355684246],[107.26799367598456,-6.938518556380052],[107.2640518550747,-6.935948398712282],[107.25958011460968,-6.938104238121051],[107.25905038333794,-6.942830187574312],[107.26299229646723,-6.945400147478469],[107.26746384865785,-6.943244355684246]]]},"properties":{"h3":"888c109b2bfffff","incumbentScore":0,"method":"modeled_from_supply_density","realData":false}},{"type":"Feature","geometry":{"type":"Polygon","coordinates":[[[107.31952498869963,-6.9315503453675325],[107.32005543407944,-6.926824784150557],[107.31611533721237,-6.924255042624897],[107.31164470212812,-6.926411060237319],[107.31111435259099,-6.931136772174272],[107.31505454228638,-6.933706315787508],[107.31952498869963,-6.9315503453675325]]]},"properties":{"h3":"888c146cc9fffff","incumbentScore":0,"method":"modeled_from_supply_density","realData":false}},{"type":"Feature","geometry":{"type":"Polygon","coordinates":[[[107.4141171905604,-6.7293487693507],[107.41464906575217,-6.724614914601627],[107.4107098240832,-6.722038462445623],[107.40623861317145,-6.724196062929265],[107.40570683354706,-6.728930070025198],[107.40964616925793,-6.731506324299205],[107.4141171905604,-6.7293487693507]]]},"properties":{"h3":"888c10d11bfffff","incumbentScore":0,"method":"modeled_from_supply_density","realData":false}},{"type":"Feature","geometry":{"type":"Polygon","coordinates":[[[107.59740987428192,-6.752707155348708],[107.59794380027249,-6.747977329782132],[107.59401153744375,-6.7454049974309],[107.58954525247924,-6.747562689160374],[107.58901142126338,-6.752292668872756],[107.59294378022818,-6.7548648027182985],[107.59740987428192,-6.752707155348708]]]},"properties":{"h3":"888c16a62dfffff","incumbentScore":0.001,"method":"modeled_from_supply_density","realData":false}},{"type":"Feature","geometry":{"type":"Polygon","coordinates":[[[107.52221159134386,-6.820326024545383],[107.52274454529554,-6.81559825808087],[107.51881038782247,-6.813027422810935],[107.51434318115759,-6.8151845523937],[107.51381032225905,-6.819912472013755],[107.51774457496317,-6.822483108904022],[107.52221159134386,-6.820326024545383]]]},"properties":{"h3":"888c146917fffff","incumbentScore":0.002,"method":"modeled_from_supply_density","realData":false}},{"type":"Feature","geometry":{"type":"Polygon","coordinates":[[[107.35794028875168,-6.890670314281575],[107.358471244615,-6.88594336648024],[107.35453201489997,-6.88337259966731],[107.35006173601614,-6.8855289786342775],[107.34953087585856,-6.890256077682025],[107.35347019887004,-6.892826646525048],[107.35794028875168,-6.890670314281575]]]},"properties":{"h3":"888c146c23fffff","incumbentScore":0,"method":"modeled_from_supply_density","realData":false}},{"type":"Feature","geometry":{"type":"Polygon","coordinates":[[[107.37541882642203,-6.99840468859186],[107.37594979831779,-6.993683252526003],[107.3720125665567,-6.991117247164063],[107.36754426945754,-6.993272876074232],[107.3670133931273,-6.9979944632114055],[107.37095071832167,-7.000560270375751],[107.37541882642203,-6.99840468859186]]]},"properties":{"h3":"888c146565fffff","incumbentScore":0,"method":"modeled_from_supply_density","realData":false}},{"type":"Feature","geometry":{"type":"Polygon","coordinates":[[[107.41881722743504,-6.950669545761544],[107.4193487776402,-6.945946463613394],[107.41541251141491,-6.943379233718649],[107.4109446010132,-6.945535284241828],[107.41041314621947,-6.950258518061157],[107.41434950640694,-6.95282554969474],[107.41881722743504,-6.950669545761544]]]},"properties":{"h3":"888c1461b3fffff","incumbentScore":0,"method":"modeled_from_supply_density","realData":false}},{"type":"Feature","geometry":{"type":"Polygon","coordinates":[[[107.30815411261666,-6.731205989831539],[107.30868476937495,-6.726470565938519],[107.30474172235763,-6.723892377583486],[107.3002679257565,-6.726049810675161],[107.29973736501255,-6.730785385820338],[107.30368050484633,-6.733363376630329],[107.30815411261666,-6.731205989831539]]]},"properties":{"h3":"888c10c253fffff","incumbentScore":0,"method":"modeled_from_supply_density","realData":false}},{"type":"Feature","geometry":{"type":"Polygon","coordinates":[[[107.50962974022968,-6.969342236848444],[107.51016229508149,-6.964621492228715],[107.50622956673583,-6.962056618560803],[107.50176418853405,-6.964212688101607],[107.50123172869755,-6.9689335852551295],[107.50516455203845,-6.971498260342613],[107.50962974022968,-6.969342236848444]]]},"properties":{"h3":"888c14610dfffff","incumbentScore":0,"method":"modeled_from_supply_density","realData":false}},{"type":"Feature","geometry":{"type":"Polygon","coordinates":[[[107.35931088828872,-6.840818460996233],[107.35984194506406,-6.836089120550154],[107.35590213274844,-6.833516319661363],[107.35143117030623,-6.8356730571201805],[107.35090020926155,-6.84040254898923],[107.35484011491936,-6.842975151985129],[107.35931088828872,-6.840818460996233]]]},"properties":{"h3":"888c10d2dbfffff","incumbentScore":0,"method":"modeled_from_supply_density","realData":false}},{"type":"Feature","geometry":{"type":"Polygon","coordinates":[[[107.32816099973917,-6.967603328734708],[107.32869148263289,-6.9628796558301325],[107.32475215434583,-6.960311554443446],[107.3202822502495,-6.962467323967573],[107.31975186313981,-6.967191147562464],[107.32369128433338,-6.969759050951612],[107.32816099973917,-6.967603328734708]]]},"properties":{"h3":"888c146e89fffff","incumbentScore":0,"method":"modeled_from_supply_density","realData":false}},{"type":"Feature","geometry":{"type":"Polygon","coordinates":[[[107.29521044762363,-7.072804908966211],[107.29574037263966,-7.06808586367378],[107.29180119324378,-7.065521547955842],[107.28733199635965,-7.067676475594428],[107.28680216720159,-7.072395670895345],[107.29074143906064,-7.074959788557926],[107.29521044762363,-7.072804908966211]]]},"properties":{"h3":"888c146419fffff","incumbentScore":0,"method":"modeled_from_supply_density","realData":false}},{"type":"Feature","geometry":{"type":"Polygon","coordinates":[[[107.46742473966208,-6.931675229613861],[107.46795687775354,-6.926951988102607],[107.46402213541941,-6.924384815444617],[107.45955516045156,-6.92654108269261],[107.45902311757739,-6.931264476433179],[107.46295795444469,-6.933831450705027],[107.46742473966208,-6.931675229613861]]]},"properties":{"h3":"888c146ad7fffff","incumbentScore":0.156,"method":"modeled_from_supply_density","realData":false}},{"type":"Feature","geometry":{"type":"Polygon","coordinates":[[[107.3493074111411,-6.854589701694637],[107.34983832967947,-6.849860871326697],[107.34589833074136,-6.847288466218953],[107.34142732003744,-6.849445089371227],[107.34089649726351,-6.8541740710148495],[107.34483658942001,-6.856746278239175],[107.3493074111411,-6.854589701694637]]]},"properties":{"h3":"888c146de3fffff","incumbentScore":0,"method":"modeled_from_supply_density","realData":false}},{"type":"Feature","geometry":{"type":"Polygon","coordinates":[[[107.38404308394063,-7.034421689176027],[107.38457409294502,-7.029702145806805],[107.38063762992337,-7.027137784922112],[107.37617006437729,-7.0292931656965685],[107.3756391508798,-7.034012860105974],[107.37957570741244,-7.036577022709398],[107.38404308394063,-7.034421689176027]]]},"properties":{"h3":"888c146725fffff","incumbentScore":0,"method":"modeled_from_supply_density","realData":false}},{"type":"Feature","geometry":{"type":"Polygon","coordinates":[[[107.41955088062377,-6.793858987172377],[107.4200827076334,-6.789128322993975],[107.41614448032513,-6.786554622197351],[107.41167433193262,-6.788711783595816],[107.41114260042771,-6.793442599967092],[107.4150809218015,-6.7960161027556145],[107.41955088062377,-6.793858987172377]]]},"properties":{"h3":"888c10d235fffff","incumbentScore":0,"method":"modeled_from_supply_density","realData":false}},{"type":"Feature","geometry":{"type":"Polygon","coordinates":[[[107.612988688054,-6.839040664096254],[107.61352264264305,-6.8343152465489565],[107.60959204410841,-6.831746761974488],[107.60512739471443,-6.833903893654573],[107.60459353478112,-6.838629465220374],[107.60852422957696,-6.841197751096049],[107.612988688054,-6.839040664096254]]]},"properties":{"h3":"888c16b4c3fffff","incumbentScore":0.001,"method":"modeled_from_supply_density","realData":false}},{"type":"Feature","geometry":{"type":"Polygon","coordinates":[[[107.30337883963561,-6.7738149235520035],[107.3039093688309,-6.769081476529353],[107.29996669004406,-6.766504956843598],[107.29549338931704,-6.768662081790886],[107.29496295612995,-6.773395679879523],[107.29890572765261,-6.775972001963549],[107.30337883963561,-6.7738149235520035]]]},"properties":{"h3":"888c10d541fffff","incumbentScore":0,"method":"modeled_from_supply_density","realData":false}},{"type":"Feature","geometry":{"type":"Polygon","coordinates":[[[107.38794708770334,-6.849365595658062],[107.38847845799576,-6.844637116413162],[107.38453978935819,-6.842065161679346],[107.38006965675157,-6.844221884197819],[107.37953838206349,-6.848950515131018],[107.38347714436857,-6.851522271866083],[107.38794708770334,-6.849365595658062]]]},"properties":{"h3":"888c146d3dfffff","incumbentScore":0,"method":"modeled_from_supply_density","realData":false}},{"type":"Feature","geometry":{"type":"Polygon","coordinates":[[[107.6515618662402,-6.833801760868648],[107.65209626762524,-6.829076708207987],[107.64816701996511,-6.8265086774108115],[107.64370327420464,-6.828665898094992],[107.64316896731422,-6.833391105183851],[107.64709831168054,-6.835958937168758],[107.6515618662402,-6.833801760868648]]]},"properties":{"h3":"888c16b41dfffff","incumbentScore":0.001,"method":"modeled_from_supply_density","realData":false}},{"type":"Feature","geometry":{"type":"Polygon","coordinates":[[[107.48360295982759,-6.825555954075728],[107.48413546448408,-6.820827828831532],[107.48019996601813,-6.818256542019819],[107.47573186810263,-6.820413578726146],[107.47519945865993,-6.825141856714533],[107.47913505190984,-6.827712945260946],[107.48360295982759,-6.825555954075728]]]},"properties":{"h3":"888c14698bfffff","incumbentScore":0.002,"method":"modeled_from_supply_density","realData":false}},{"type":"Feature","geometry":{"type":"Polygon","coordinates":[[[107.7336767102055,-6.816436567717785],[107.73421207139569,-6.811712000184801],[107.73028563217754,-6.809144679137013],[107.72582373410431,-6.8113021246733405],[107.7252884670689,-6.816026847526487],[107.72921500394281,-6.8185939695315065],[107.7336767102055,-6.816436567717785]]]},"properties":{"h3":"888c16b729fffff","incumbentScore":0,"method":"modeled_from_supply_density","realData":false}},{"type":"Feature","geometry":{"type":"Polygon","coordinates":[[[107.28657153622879,-7.036791025783843],[107.28710142352693,-7.03207008442492],[107.2831614763632,-7.0295041258111555],[107.27869154950747,-7.031659306537209],[107.27816175812593,-7.036380397934884],[107.28210179767447,-7.038946158576487],[107.28657153622879,-7.036791025783843]]]},"properties":{"h3":"888c1465d9fffff","incumbentScore":0,"method":"modeled_from_supply_density","realData":false}},{"type":"Feature","geometry":{"type":"Polygon","coordinates":[[[107.37228107062502,-6.76296533616136],[107.37281240913013,-6.758232441815057],[107.36887207870355,-6.755656656047117],[107.36440031622399,-6.757813962438921],[107.36386907344261,-6.762547008593883],[107.36780949740798,-6.765122596556977],[107.37228107062502,-6.76296533616136]]]},"properties":{"h3":"888c10d0e9fffff","incumbentScore":0,"method":"modeled_from_supply_density","realData":false}},{"type":"Feature","geometry":{"type":"Polygon","coordinates":[[[107.48040822968426,-6.853920085883167],[107.48094064925867,-6.8491932807923455],[107.47700539386116,-6.846623112114302],[107.47253762415033,-6.848779946837402],[107.47200529978588,-6.8535069045465145],[107.47594064991324,-6.8560768749228],[107.48040822968426,-6.853920085883167]]]},"properties":{"h3":"888c1468e5fffff","incumbentScore":0.376,"method":"modeled_from_supply_density","realData":false}},{"type":"Feature","geometry":{"type":"Polygon","coordinates":[[[107.21586552021424,-7.026211669711802],[107.21639461229549,-7.021489121570048],[107.21245199508628,-7.01892149936522],[107.20798019421366,-7.021076623038845],[107.2074511983531,-7.0257993205314815],[107.21139390713542,-7.02836674500838],[107.21586552021424,-7.026211669711802]]]},"properties":{"h3":"888c109a53fffff","incumbentScore":0,"method":"modeled_from_supply_density","realData":false}},{"type":"Feature","geometry":{"type":"Polygon","coordinates":[[[107.41273783748002,-6.7792494916963415],[107.41326961152348,-6.774518016269026],[107.40933095208666,-6.7719435958641245],[107.40486042460154,-6.77410084885699],[107.40432874610062,-6.778832476454973],[107.40826749953322,-6.781406698898008],[107.41273783748002,-6.7792494916963415]]]},"properties":{"h3":"888c10d043fffff","incumbentScore":0,"method":"modeled_from_supply_density","realData":false}},{"type":"Feature","geometry":{"type":"Polygon","coordinates":[[[107.3249783996306,-6.995940706165223],[107.32550879759707,-6.991218364937122],[107.32156971416649,-6.988651381285659],[107.3171001399076,-6.990806936902922],[107.31656983772108,-6.995529428695895],[107.32050901400444,-6.998096214315418],[107.3249783996306,-6.995940706165223]]]},"properties":{"h3":"888c146533fffff","incumbentScore":0,"method":"modeled_from_supply_density","realData":false}},{"type":"Feature","geometry":{"type":"Polygon","coordinates":[[[107.44243090026347,-6.966068134121129],[107.44296269398907,-6.961346171584919],[107.43902747960604,-6.95877999080765],[107.43456037726364,-6.960935970936235],[107.43402867884008,-6.965658085333384],[107.4379639874478,-6.968224067749618],[107.44243090026347,-6.966068134121129]]]},"properties":{"h3":"888c146181fffff","incumbentScore":0,"method":"modeled_from_supply_density","realData":false}},{"type":"Feature","geometry":{"type":"Polygon","coordinates":[[[107.26316287994281,-7.057007292571349],[107.26369246373764,-7.052286978826227],[107.25975193249133,-7.049721450995336],[107.25528172533897,-7.051876434846315],[107.2547522375468,-7.056596898324924],[107.25869286089531,-7.059162228227793],[107.26316287994281,-7.057007292571349]]]},"properties":{"h3":"888c14648dfffff","incumbentScore":0,"method":"modeled_from_supply_density","realData":false}},{"type":"Feature","geometry":{"type":"Polygon","coordinates":[[[107.64297961114363,-6.797740733704983],[107.64351397723584,-6.793013804710902],[107.63958395756059,-6.790444127849839],[107.63511947515362,-6.792601578716738],[107.63458520361456,-6.797328662171796],[107.63851531992022,-6.7998981403074],[107.64297961114363,-6.797740733704983]]]},"properties":{"h3":"888c16b5ddfffff","incumbentScore":0.156,"method":"modeled_from_supply_density","realData":false}},{"type":"Feature","geometry":{"type":"Polygon","coordinates":[[[107.39585130155308,-7.0421131610052905],[107.39638243251801,-7.037394177827881],[107.39244649426782,-7.034830342288961],[107.38797933140127,-7.036985688267029],[107.38744829588865,-7.0417048225793275],[107.39138432778121,-7.044268459787316],[107.39585130155308,-7.0421131610052905]]]},"properties":{"h3":"888c1460dbfffff","incumbentScore":0,"method":"modeled_from_supply_density","realData":false}},{"type":"Feature","geometry":{"type":"Polygon","coordinates":[[[107.3809124220358,-6.799080503304761],[107.3814437977277,-6.7943494847337185],[107.37750423717918,-6.791775334619347],[107.37303320731303,-6.793932400977679],[107.37250192728615,-6.79866357132877],[107.37644158145133,-6.801237523550082],[107.3809124220358,-6.799080503304761]]]},"properties":{"h3":"888c10d2a9fffff","incumbentScore":0,"method":"modeled_from_supply_density","realData":false}},{"type":"Feature","geometry":{"type":"Polygon","coordinates":[[[107.37360544509005,-6.976951047993129],[107.37413643291794,-6.972228537974153],[107.37019886346883,-6.969661611897219],[107.36573021275747,-6.97181739400599],[107.365199320516,-6.976540055148479],[107.36913698339039,-6.9791067830673486],[107.37360544509005,-6.976951047993129]]]},"properties":{"h3":"888c146e57fffff","incumbentScore":0,"method":"modeled_from_supply_density","realData":false}},{"type":"Feature","geometry":{"type":"Polygon","coordinates":[[[107.48901787094711,-6.88998183287305],[107.48955032693335,-6.88525690936313],[107.48561584189954,-6.882688383377803],[107.48114880606354,-6.884844979298872],[107.48061644522865,-6.889570055395973],[107.48455102506934,-6.892138382993384],[107.48901787094711,-6.88998183287305]]]},"properties":{"h3":"888c146aa5fffff","incumbentScore":0.156,"method":"modeled_from_supply_density","realData":false}},{"type":"Feature","geometry":{"type":"Polygon","coordinates":[[[107.45604215951298,-6.995213007478001],[107.45657405874229,-6.990492678192429],[107.45263970820386,-6.987927944505043],[107.44817336406348,-6.990083738562189],[107.44764156006067,-6.994804219750628],[107.45157600496266,-6.997368754987673],[107.45604215951298,-6.995213007478001]]]},"properties":{"h3":"888c146035fffff","incumbentScore":0,"method":"modeled_from_supply_density","realData":false}},{"type":"Feature","geometry":{"type":"Polygon","coordinates":[[[107.42136156301066,-6.8153520424393035],[107.42189337395502,-6.810622443682875],[107.41795548466828,-6.808049660914023],[107.41348569035473,-6.810206674959811],[107.41295397489422,-6.8149364258575265],[107.41689195825434,-6.81750901057675],[107.42136156301066,-6.8153520424393035]]]},"properties":{"h3":"888c10d203fffff","incumbentScore":0,"method":"modeled_from_supply_density","realData":false}},{"type":"Feature","geometry":{"type":"Polygon","coordinates":[[[107.228805109077,-6.948468520414349],[107.22933448265121,-6.943742378896987],[107.22539134166433,-6.941171770040728],[107.22091873532533,-6.943327500357903],[107.22038945796552,-6.948053791611359],[107.22433269072127,-6.950624202820295],[107.228805109077,-6.948468520414349]]]},"properties":{"h3":"888c109861fffff","incumbentScore":0,"method":"modeled_from_supply_density","realData":false}},{"type":"Feature","geometry":{"type":"Polygon","coordinates":[[[107.5844037665003,-6.830511697948381],[107.58493741092026,-6.825785412214172],[107.58100565634753,-6.823216077092774],[107.57654016140692,-6.825373226308172],[107.57600661176956,-6.830099665798234],[107.57993846228108,-6.832668802325517],[107.5844037665003,-6.830511697948381]]]},"properties":{"h3":"888c16b491fffff","incumbentScore":0.001,"method":"modeled_from_supply_density","realData":false}},{"type":"Feature","geometry":{"type":"Polygon","coordinates":[[[107.29611167237502,-6.9517800638986955],[107.29664181438025,-6.947055123323759],[107.29270113134247,-6.944485813019263],[107.28823021374471,-6.946641641167833],[107.28770016766842,-6.951366732157201],[107.29164094325189,-6.953935844592275],[107.29611167237502,-6.9517800638986955]]]},"properties":{"h3":"888c109b6dfffff","incumbentScore":0,"method":"modeled_from_supply_density","realData":false}},{"type":"Feature","geometry":{"type":"Polygon","coordinates":[[[107.44275101707254,-6.7379124448596475],[107.44328320518726,-6.733179452574685],[107.439345111024,-6.730603844306104],[107.43487473437006,-6.732761426319202],[107.43434264169608,-6.737494571216864],[107.4382808302262,-6.740069981497273],[107.44275101707254,-6.7379124448596475]]]},"properties":{"h3":"888c10d15dfffff","incumbentScore":0,"method":"modeled_from_supply_density","realData":false}},{"type":"Feature","geometry":{"type":"Polygon","coordinates":[[[107.3897600382339,-6.870848157892547],[107.3902913925454,-6.866120746814164],[107.38635306185334,-6.8635497106021575],[107.38188328316522,-6.865706283516835],[107.38135202443713,-6.870433846231868],[107.38529044880468,-6.873004684404188],[107.3897600382339,-6.870848157892547]]]},"properties":{"h3":"888c146d0bfffff","incumbentScore":0,"method":"modeled_from_supply_density","realData":false}},{"type":"Feature","geometry":{"type":"Polygon","coordinates":[[[107.40447072465213,-7.078108920183821],[107.40500189257307,-7.073391832668159],[107.40106672302373,-7.0708296438839815],[107.39660029182451,-7.072984741037851],[107.3960692192973,-7.077701979656528],[107.40000448256653,-7.080263970026986],[107.40447072465213,-7.078108920183821]]]},"properties":{"h3":"888c14629bfffff","incumbentScore":0,"method":"modeled_from_supply_density","realData":false}},{"type":"Feature","geometry":{"type":"Polygon","coordinates":[[[107.32839738359293,-6.739358909882033],[107.32892825896474,-6.734624193608387],[107.32498604478687,-6.732046685846883],[107.32051286218234,-6.734204091991669],[107.31998208273436,-6.738938959699454],[107.32392438995801,-6.741516269836947],[107.32839738359293,-6.739358909882033]]]},"properties":{"h3":"888c10d0b7fffff","incumbentScore":0,"method":"modeled_from_supply_density","realData":false}},{"type":"Feature","geometry":{"type":"Polygon","coordinates":[[[107.38657220991242,-6.899207989022724],[107.38710347921271,-6.8944819025776845],[107.38316539273343,-6.891911983417634],[107.37869594332317,-6.894068348786754],[107.37816476960232,-6.898794586743015],[107.38210294970324,-6.901364307827557],[107.38657220991242,-6.899207989022724]]]},"properties":{"h3":"888c146c65fffff","incumbentScore":0,"method":"modeled_from_supply_density","realData":false}},{"type":"Feature","geometry":{"type":"Polygon","coordinates":[[[107.29293111757025,-6.980125048734756],[107.29346117465599,-6.97540143944136],[107.28952073691329,-6.972833245847265],[107.28505014958381,-6.974988859459373],[107.2845201884229,-6.979712619042095],[107.2884607186576,-6.9822806147321],[107.29293111757025,-6.980125048734756]]]},"properties":{"h3":"888c1465a7fffff","incumbentScore":0,"method":"modeled_from_supply_density","realData":false}},{"type":"Feature","geometry":{"type":"Polygon","coordinates":[[[107.42998275709205,-6.851438408274423],[107.43051460486865,-6.846710688740593],[107.4265774856279,-6.844139545245281],[107.42210842445061,-6.846296319429061],[107.42157667209918,-6.851024191074299],[107.4255138854908,-6.853595136432929],[107.42998275709205,-6.851438408274423]]]},"properties":{"h3":"888c1468b3fffff","incumbentScore":0,"method":"modeled_from_supply_density","realData":false}},{"type":"Feature","geometry":{"type":"Polygon","coordinates":[[[107.2374566831791,-6.984527585596676],[107.23798609489506,-6.979803334239772],[107.23404372159771,-6.977234363076047],[107.22957184472763,-6.97938984101033],[107.22904252916737,-6.9841142420747895],[107.23298499431245,-6.986683015506155],[107.2374566831791,-6.984527585596676]]]},"properties":{"h3":"888c109a21fffff","incumbentScore":0,"method":"modeled_from_supply_density","realData":false}},{"type":"Feature","geometry":{"type":"Polygon","coordinates":[[[107.38410088883687,-6.770691094621747],[107.38463234959197,-6.765958757501175],[107.38069254459994,-6.763383492572061],[107.37622118517318,-6.765540762627896],[107.3756898200871,-6.770273251653351],[107.3796297187497,-6.772848318726704],[107.38410088883687,-6.770691094621747]]]},"properties":{"h3":"888c10d011fffff","incumbentScore":0,"method":"modeled_from_supply_density","realData":false}},{"type":"Feature","geometry":{"type":"Polygon","coordinates":[[[107.34860898984475,-7.011337820972798],[107.34913963247345,-7.0066165982670565],[107.3452015965158,-7.004050662928313],[107.34073282480412,-7.006206148435858],[107.34020227784616,-7.010927521896957],[107.34414040692012,-7.013493259103836],[107.34860898984475,-7.011337820972798]]]},"properties":{"h3":"888c146501fffff","incumbentScore":0,"method":"modeled_from_supply_density","realData":false}},{"type":"Feature","geometry":{"type":"Polygon","coordinates":[[[107.52081636864978,-6.870160204627317],[107.52134922119131,-6.865434824332081],[107.51741564405161,-6.862866028845459],[107.51294911917682,-6.865022812119612],[107.51241636166387,-6.869748345391639],[107.51635003398803,-6.87231694242126],[107.52081636864978,-6.870160204627317]]]},"properties":{"h3":"888c14680dfffff","incumbentScore":0.156,"method":"modeled_from_supply_density","realData":false}},{"type":"Feature","geometry":{"type":"Polygon","coordinates":[[[107.45137056204183,-6.774027672592768],[107.45190278685808,-6.769296553765465],[107.44796546330971,-6.766722582603819],[107.4434958204918,-6.768879928354682],[107.44296369105763,-6.773611199765341],[107.44690110905023,-6.77618497285034],[107.45137056204183,-6.774027672592768]]]},"properties":{"h3":"888c10d31dfffff","incumbentScore":0,"method":"modeled_from_supply_density","realData":false}},{"type":"Feature","geometry":{"type":"Polygon","coordinates":[[[107.33497796448289,-6.982184570440201],[107.33550850065708,-6.977461713862079],[107.33156960311764,-6.974894334130962],[107.32710007641847,-6.977050009029095],[107.32656963599051,-6.981773016319335],[107.33050862650646,-6.984340198008011],[107.33497796448289,-6.982184570440201]]]},"properties":{"h3":"888c146ecbfffff","incumbentScore":0,"method":"modeled_from_supply_density","realData":false}},{"type":"Feature","geometry":{"type":"Polygon","coordinates":[[[107.39085326576918,-7.048987184941775],[107.39138432778121,-7.044268459787316],[107.38744829588865,-7.0417048225793275],[107.38298110839433,-7.043860108860008],[107.38245014185148,-7.04857898507572],[107.38638626732472,-7.051142423958156],[107.39085326576918,-7.048987184941775]]]},"properties":{"h3":"888c146767fffff","incumbentScore":0,"method":"modeled_from_supply_density","realData":false}},{"type":"Feature","geometry":{"type":"Polygon","coordinates":[[[107.41743814865225,-7.0004531856018115],[107.41796959783909,-6.995732506156689],[107.4140339129496,-6.99316731713328],[107.40956668494812,-6.995323005898875],[107.40903533114795,-7.00004383683661],[107.41297110995357,-7.002608827524772],[107.41743814865225,-7.0004531856018115]]]},"properties":{"h3":"888c1460a9fffff","incumbentScore":0,"method":"modeled_from_supply_density","realData":false}},{"type":"Feature","geometry":{"type":"Polygon","coordinates":[[[107.39519724617283,-6.935264664514678],[107.39572855252777,-6.930540463583989],[107.39179123537662,-6.927972185631172],[107.3873225181621,-6.930128306778746],[107.38679130732795,-6.934852659190414],[107.39072871817845,-6.9374207389821745],[107.39519724617283,-6.935264664514678]]]},"properties":{"h3":"888c146e25fffff","incumbentScore":0,"method":"modeled_from_supply_density","realData":false}},{"type":"Feature","geometry":{"type":"Polygon","coordinates":[[[107.45784867671905,-7.0166557311463205],[107.4583805598133,-7.0119364759272464],[107.45444654680604,-7.0093726648160635],[107.44998055632414,-7.0115283074221235],[107.44944876843562,-7.016247714491177],[107.4533828758142,-7.018811327112791],[107.45784867671905,-7.0166557311463205]]]},"properties":{"h3":"888c146003fffff","incumbentScore":0,"method":"modeled_from_supply_density","realData":false}},{"type":"Feature","geometry":{"type":"Polygon","coordinates":[[[107.37546931434403,-6.73456467803992],[107.3760007379278,-6.729830467230241],[107.37206016288913,-6.727253567605439],[107.36758807066502,-6.729411076565935],[107.367056742809,-6.734145439308883],[107.37099741144031,-6.736722141166662],[107.37546931434403,-6.73456467803992]]]},"properties":{"h3":"888c10d1d1fffff","incumbentScore":0,"method":"modeled_from_supply_density","realData":false}},{"type":"Feature","geometry":{"type":"Polygon","coordinates":[[[107.51221183066839,-6.834094912166581],[107.51274464701494,-6.829367651950466],[107.5088102991414,-6.826797213435328],[107.50434303980455,-6.828954233515391],[107.50381031854518,-6.833681646739639],[107.5077447615264,-6.836251886884221],[107.51221183066839,-6.834094912166581]]]},"properties":{"h3":"888c1469cdfffff","incumbentScore":0.002,"method":"modeled_from_supply_density","realData":false}},{"type":"Feature","geometry":{"type":"Polygon","coordinates":[[[107.24563485939117,-6.949297454085691],[107.24616442528725,-6.944571612295151],[107.24222189794965,-6.9420013278338795],[107.23774971274366,-6.944157082874821],[107.23722024299065,-6.9488830745711985],[107.24116286229152,-6.951453161329542],[107.24563485939117,-6.949297454085691]]]},"properties":{"h3":"888c109b3bfffff","incumbentScore":0,"method":"modeled_from_supply_density","realData":false}},{"type":"Feature","geometry":{"type":"Polygon","coordinates":[[[107.29770214085592,-6.937604577106355],[107.29823232532729,-6.932878971563684],[107.29429151964057,-6.930309103099874],[107.28982043690085,-6.9324650380393935],[107.28929034836045,-6.937190794059025],[107.29323124661971,-6.939760464670888],[107.29770214085592,-6.937604577106355]]]},"properties":{"h3":"888c146cd9fffff","incumbentScore":0,"method":"modeled_from_supply_density","realData":false}},{"type":"Feature","geometry":{"type":"Polygon","coordinates":[[[107.57561223872779,-6.758765524905671],[107.57614590642082,-6.754035642439188],[107.57221292154956,-6.7514631838591015],[107.56774617309401,-6.753620806200679],[107.56721260026477,-6.758350842570545],[107.57114568101821,-6.760923102703916],[107.57561223872779,-6.758765524905671]]]},"properties":{"h3":"888c16a63dfffff","incumbentScore":0.002,"method":"modeled_from_supply_density","realData":false}},{"type":"Feature","geometry":{"type":"Polygon","coordinates":[[[107.55061187186848,-6.793198518090082],[107.55114519589578,-6.788469894653358],[107.54721173222993,-6.785898428263637],[107.54274484895372,-6.7880557837441104],[107.5422116198755,-6.792784560715596],[107.54614517911531,-6.795355828680344],[107.55061187186848,-6.793198518090082]]]},"properties":{"h3":"888c146927fffff","incumbentScore":0,"method":"modeled_from_supply_density","realData":false}},{"type":"Feature","geometry":{"type":"Polygon","coordinates":[[[107.3361197297627,-6.896724971813846],[107.33665042504943,-6.891997977570587],[107.33271048460543,-6.889427084128365],[107.32823975582485,-6.8915833828477595],[107.32770915633226,-6.896310528094421],[107.33164918981707,-6.89888122362695],[107.3361197297627,-6.896724971813846]]]},"properties":{"h3":"888c146c33fffff","incumbentScore":0,"method":"modeled_from_supply_density","realData":false}},{"type":"Feature","geometry":{"type":"Polygon","coordinates":[[[107.35204675135071,-6.754819203404926],[107.35257787174477,-6.750085600331913],[107.34863670692016,-6.747509132676789],[107.34416432838252,-6.749666465829478],[107.3436333038028,-6.754400220529779],[107.34757456193731,-6.756976490458723],[107.35204675135071,-6.754819203404926]]]},"properties":{"h3":"888c10d085fffff","incumbentScore":0,"method":"modeled_from_supply_density","realData":false}},{"type":"Feature","geometry":{"type":"Polygon","coordinates":[[[107.44923701456051,-6.980642111160759],[107.4497688610557,-6.975920965047199],[107.44583407858102,-6.973355507635841],[107.44136735530792,-6.975511394752393],[107.44083560407701,-6.9802326927479115],[107.44477048084585,-6.982797951753524],[107.44923701456051,-6.980642111160759]]]},"properties":{"h3":"888c1461c3fffff","incumbentScore":0,"method":"modeled_from_supply_density","realData":false}},{"type":"Feature","geometry":{"type":"Polygon","coordinates":[[[107.4536015439601,-6.866860490258606],[107.45413363526816,-6.862133888509432],[107.45019756902455,-6.859563791220195],[107.44572931705028,-6.8617204939260485],[107.44519732105788,-6.866447247977286],[107.44913348171501,-6.869017147029167],[107.4536015439601,-6.866860490258606]]]},"properties":{"h3":"888c146881fffff","incumbentScore":0.002,"method":"modeled_from_supply_density","realData":false}},{"type":"Feature","geometry":{"type":"Polygon","coordinates":[[[107.48783527345601,-6.975401554079863],[107.48836756944915,-6.97068076032363],[107.48443412396426,-6.968115758166013],[107.47996828773601,-6.970271748293797],[107.47943608684686,-6.974992694342098],[107.4833696270729,-6.9775574979791175],[107.48783527345601,-6.975401554079863]]]},"properties":{"h3":"888c14611dfffff","incumbentScore":0,"method":"modeled_from_supply_density","realData":false}},{"type":"Feature","geometry":{"type":"Polygon","coordinates":[[[107.38772806446823,-6.813688543925819],[107.38825949326215,-6.8089583371125295],[107.3843203644649,-6.806384906471829],[107.37984971317813,-6.808541880592221],[107.3793183800114,-6.813272239207871],[107.38325760249518,-6.815845471909386],[107.38772806446823,-6.813688543925819]]]},"properties":{"h3":"888c10d2ebfffff","incumbentScore":0,"method":"modeled_from_supply_density","realData":false}},{"type":"Feature","geometry":{"type":"Polygon","coordinates":[[[107.30634184379193,-6.973658206125461],[107.30687206592773,-6.968934489483156],[107.30293202859816,-6.966366260644295],[107.29846167647284,-6.96852194639343],[107.29793155020931,-6.973245813483278],[107.30187168018975,-6.975813844385138],[107.30634184379193,-6.973658206125461]]]},"properties":{"h3":"888c146e99fffff","incumbentScore":0,"method":"modeled_from_supply_density","realData":false}},{"type":"Feature","geometry":{"type":"Polygon","coordinates":[[[107.4958212012789,-6.9045664262624795],[107.49635370985182,-6.899842317147635],[107.49241965740623,-6.897274513898616],[107.48795300150245,-6.8994310182061565],[107.48742058804307,-6.904155279929281],[107.49135473536484,-6.906722884745144],[107.4958212012789,-6.9045664262624795]]]},"properties":{"h3":"888c146ae7fffff","incumbentScore":0.156,"method":"modeled_from_supply_density","realData":false}},{"type":"Feature","geometry":{"type":"Polygon","coordinates":[[[107.32361365841783,-7.0457166518718966],[107.32414395567585,-7.040996720585329],[107.32020545475466,-7.038431775852413],[107.3157365637591,-7.04058696051976],[107.31520636225608,-7.0453070421935795],[107.31914495598456,-7.047871788821511],[107.32361365841783,-7.0457166518718966]]]},"properties":{"h3":"888c146429fffff","incumbentScore":0,"method":"modeled_from_supply_density","realData":false}},{"type":"Feature","geometry":{"type":"Polygon","coordinates":[[[107.36223614312846,-7.040478750796317],[107.36276689206973,-7.035759163584417],[107.35882971780894,-7.033194674075272],[107.35436170134184,-7.035349970007482],[107.35383104799584,-7.040069708017464],[107.35776831551262,-7.042633999305831],[107.36223614312846,-7.040478750796317]]]},"properties":{"h3":"888c146735fffff","incumbentScore":0,"method":"modeled_from_supply_density","realData":false}},{"type":"Feature","geometry":{"type":"Polygon","coordinates":[[[107.44998579533544,-6.823898531851986],[107.45051791892142,-6.819169796138009],[107.44658117690203,-6.81659786004934],[107.44211221688951,-6.818754857838492],[107.44158018866085,-6.82348374595859],[107.44551702507826,-6.826055483891975],[107.44998579533544,-6.823898531851986]]]},"properties":{"h3":"888c10d245fffff","incumbentScore":0,"method":"modeled_from_supply_density","realData":false}},{"type":"Feature","geometry":{"type":"Polygon","coordinates":[[[107.59119925797698,-6.845100635748958],[107.59173295457593,-6.8403751628842375],[107.5878016337094,-6.837806550897871],[107.58333652022709,-6.839963610424373],[107.58280291837289,-6.844689237065739],[107.58673433524712,-6.847257650412433],[107.59119925797698,-6.845100635748958]]]},"properties":{"h3":"888c16b4d3fffff","incumbentScore":0.001,"method":"modeled_from_supply_density","realData":false}},{"type":"Feature","geometry":{"type":"Polygon","coordinates":[[[107.41838645563138,-6.879386791880987],[107.41891812294496,-6.874660243076443],[107.41498093737994,-6.872090054578523],[107.41051199049191,-6.874246613038951],[107.4099804186354,-6.878973313744772],[107.41391769820078,-6.881543304097476],[107.41838645563138,-6.879386791880987]]]},"properties":{"h3":"888c146d4dfffff","incumbentScore":0,"method":"modeled_from_supply_density","realData":false}},{"type":"Feature","geometry":{"type":"Polygon","coordinates":[[[107.6799456824351,-6.806681873018339],[107.68048045227192,-6.8019559687135525],[107.67655190641418,-6.799387305733551],[107.67208849366261,-6.801544745923918],[107.67155381821588,-6.806270805035865],[107.67548246112149,-6.808839269158697],[107.6799456824351,-6.806681873018339]]]},"properties":{"h3":"888c16b42dfffff","incumbentScore":0,"method":"modeled_from_supply_density","realData":false}},{"type":"Feature","geometry":{"type":"Polygon","coordinates":[[[107.5084002944864,-6.755443282993295],[107.50893320226186,-6.750712171663814],[107.50499771926526,-6.748138415758656],[107.50052923337209,-6.750295969418822],[107.49999642074815,-6.755027233975928],[107.50393199885676,-6.757600791653753],[107.5084002944864,-6.755443282993295]]]},"properties":{"h3":"888c16a6b1fffff","incumbentScore":0,"method":"modeled_from_supply_density","realData":false}},{"type":"Feature","geometry":{"type":"Polygon","coordinates":[[[107.4617948459267,-6.831612735925949],[107.4623270912117,-6.826884558927095],[107.45839087610169,-6.824313145606548],[107.45392232116828,-6.826470107499132],[107.45339017118582,-6.831198436999498],[107.45732648082513,-6.83376965211434],[107.4617948459267,-6.831612735925949]]]},"properties":{"h3":"888c14699bfffff","incumbentScore":0.001,"method":"modeled_from_supply_density","realData":false}},{"type":"Feature","geometry":{"type":"Polygon","coordinates":[[[107.71190243519013,-6.822498968128439],[107.7124375396256,-6.817774341126175],[107.70851037263668,-6.815206892276151],[107.70404800379991,-6.817364269420923],[107.70351299360856,-6.822089051502055],[107.70744025800072,-6.824656301367917],[107.71190243519013,-6.822498968128439]]]},"properties":{"h3":"888c16b739fffff","incumbentScore":0,"method":"modeled_from_supply_density","realData":false}},{"type":"Feature","geometry":{"type":"Polygon","coordinates":[[[107.26928612294078,-6.964714388397143],[107.26981593459634,-6.959989662437119],[107.26587445159244,-6.957420422874776],[107.2614030646961,-6.959576107084809],[107.26087334907449,-6.96430098314265],[107.26481492430621,-6.966870024901373],[107.26928612294078,-6.964714388397143]]]},"properties":{"h3":"888c109b09fffff","incumbentScore":0,"method":"modeled_from_supply_density","realData":false}},{"type":"Feature","geometry":{"type":"Polygon","coordinates":[[[107.31497901607277,-7.009695571029663],[107.31550927580415,-7.004973745808954],[107.31157000672978,-7.002407158216086],[107.30710038518589,-7.004562593874004],[107.30657022126816,-7.009284569512372],[107.31050958307165,-7.011850959083876],[107.31497901607277,-7.009695571029663]]]},"properties":{"h3":"888c1465e9fffff","incumbentScore":0,"method":"modeled_from_supply_density","realData":false}},{"type":"Feature","geometry":{"type":"Polygon","coordinates":[[[107.47145477335111,-7.045780284017227],[107.47198676177666,-7.0410626648368],[107.46805361264228,-7.038500303046555],[107.46358838056331,-7.040655759023348],[107.46305648726798,-7.045373530094943],[107.46698973091235,-7.047935693307176],[107.47145477335111,-7.045780284017227]]]},"properties":{"h3":"888c146237fffff","incumbentScore":0,"method":"modeled_from_supply_density","realData":false}},{"type":"Feature","geometry":{"type":"Polygon","coordinates":[[[107.57741031658314,-6.780254216782332],[107.57794396781972,-6.775525396852732],[107.57401132081644,-6.77295385849858],[107.56954492667786,-6.775111338570981],[107.5690113702843,-6.779840312351441],[107.57294411317717,-6.7824116522171005],[107.57741031658314,-6.780254216782332]]]},"properties":{"h3":"888c16a60bfffff","incumbentScore":0.001,"method":"modeled_from_supply_density","realData":false}},{"type":"Feature","geometry":{"type":"Polygon","coordinates":[[[107.35975545800763,-6.912145557403071],[107.36028639796895,-6.907419679858726],[107.35634750615144,-6.9048498318121565],[107.35187758105904,-6.907006059329018],[107.35134673678253,-6.911732088068143],[107.35528572190455,-6.914301738104286],[107.35975545800763,-6.912145557403071]]]},"properties":{"h3":"888c146c01fffff","incumbentScore":0,"method":"modeled_from_supply_density","realData":false}},{"type":"Feature","geometry":{"type":"Polygon","coordinates":[[[107.24428188116009,-6.99911172487409],[107.2448113465563,-6.99438829019013],[107.24086940303273,-6.991820039593519],[107.23639790218581,-6.993975421466888],[107.23586853290757,-6.998699005880732],[107.23981056834924,-7.0012670587000585],[107.24428188116009,-6.99911172487409]]]},"properties":{"h3":"888c109a63fffff","incumbentScore":0,"method":"modeled_from_supply_density","realData":false}},{"type":"Feature","geometry":{"type":"Polygon","coordinates":[[[107.35542305048962,-7.025909826737196],[107.35595374629233,-7.021189421576031],[107.35201614116879,-7.018624208972765],[107.34754774704729,-7.020779599715732],[107.34701714687758,-7.025500155653677],[107.3509548451873,-7.028065170080559],[107.35542305048962,-7.025909826737196]]]},"properties":{"h3":"888c146543fffff","incumbentScore":0,"method":"modeled_from_supply_density","realData":false}},{"type":"Feature","geometry":{"type":"Polygon","coordinates":[[[107.39091684987,-6.785304003833557],[107.39144836372253,-6.7805724776880405],[107.38750899059296,-6.777997931773974],[107.38303800986137,-6.780155109916111],[107.38250659164001,-6.7848867879889605],[107.38644605850999,-6.787461136000923],[107.39091684987,-6.785304003833557]]]},"properties":{"h3":"888c10d053fffff","incumbentScore":0,"method":"modeled_from_supply_density","realData":false}},{"type":"Feature","geometry":{"type":"Polygon","coordinates":[[[107.42062705619261,-6.97212578233038],[107.42115859035053,-6.967403772593005],[107.41722266180673,-6.96483746374195],[107.41275510512588,-6.966993362937812],[107.41222366635856,-6.971715524293977],[107.4161596888724,-6.974281634844099],[107.42062705619261,-6.97212578233038]]]},"properties":{"h3":"888c146191fffff","incumbentScore":0,"method":"modeled_from_supply_density","realData":false}},{"type":"Feature","geometry":{"type":"Polygon","coordinates":[[[107.4270064009837,-6.915447054719143],[107.42753810513506,-6.910722389776101],[107.42360168927289,-6.908153842825202],[107.41913347517246,-6.910310159057005],[107.41860186641952,-6.915034975870822],[107.42253837635951,-6.917603324590665],[107.4270064009837,-6.915447054719143]]]},"properties":{"h3":"888c146f0dfffff","incumbentScore":0,"method":"modeled_from_supply_density","realData":false}},{"type":"Feature","geometry":{"type":"Polygon","coordinates":[[[107.42424589341068,-7.015022611254824],[107.42477739546727,-7.0103027491402266],[107.42084214213868,-7.007738283705855],[107.41637529275872,-7.009893878774453],[107.41584388605102,-7.01461389240269],[107.41977923336533,-7.017178159457322],[107.42424589341068,-7.015022611254824]]]},"properties":{"h3":"888c1460ebfffff","incumbentScore":0,"method":"modeled_from_supply_density","realData":false}},{"type":"Feature","geometry":{"type":"Polygon","coordinates":[[[107.35908852633808,-6.80513453555594],[107.35961964153962,-6.800403467693016],[107.3556793688138,-6.79782919199772],[107.35120788751632,-6.799986182007101],[107.35067686806836,-6.804717401406663],[107.35461723415523,-6.807291479268823],[107.35908852633808,-6.80513453555594]]]},"properties":{"h3":"888c10d2b9fffff","incumbentScore":0,"method":"modeled_from_supply_density","realData":false}},{"type":"Feature","geometry":{"type":"Polygon","coordinates":[[[107.40200854100081,-6.949847315929601],[107.40253990034735,-6.94512393052343],[107.39860301471366,-6.94255637467817],[107.39413467595536,-6.944712402453802],[107.39360341209186,-6.949435939362462],[107.3975403914946,-6.952003297001628],[107.40200854100081,-6.949847315929601]]]},"properties":{"h3":"888c146e67fffff","incumbentScore":0,"method":"modeled_from_supply_density","realData":false}},{"type":"Feature","geometry":{"type":"Polygon","coordinates":[[[107.46721501846116,-6.896039607908751],[107.46774721524024,-6.891314634004909],[107.46381201361827,-6.888745980656966],[107.45934452065569,-6.890902499549634],[107.45881241911667,-6.8956276257983715],[107.46274771529104,-6.898196080818116],[107.46721501846116,-6.896039607908751]]]},"properties":{"h3":"888c146ab5fffff","incumbentScore":0.001,"method":"modeled_from_supply_density","realData":false}},{"type":"Feature","geometry":{"type":"Polygon","coordinates":[[[107.35112349882698,-6.8760741178399],[107.35165440148118,-6.871346356193489],[107.34771474053103,-6.86877486899287],[107.34324408369112,-6.870931341371643],[107.34271327678046,-6.875659254242351],[107.34665303095709,-6.878230543518637],[107.35112349882698,-6.8760741178399]]]},"properties":{"h3":"888c146dc1fffff","incumbentScore":0,"method":"modeled_from_supply_density","realData":false}},{"type":"Feature","geometry":{"type":"Polygon","coordinates":[[[107.36405008486565,-7.061918255615453],[107.36458081790961,-7.057199745254982],[107.36064398121447,-7.054636177462981],[107.3561763182023,-7.056791318299735],[107.35564568073274,-7.06150997940586],[107.3595826106919,-7.06407334893826],[107.36405008486565,-7.061918255615453]]]},"properties":{"h3":"888c146703fffff","incumbentScore":0,"method":"modeled_from_supply_density","realData":false}},{"type":"Feature","geometry":{"type":"Polygon","coordinates":[[[107.39954427760512,-6.8214072342772685],[107.40007582850919,-6.816677585395909],[107.39613722530984,-6.814104676604389],[107.39166697737919,-6.816261614692658],[107.39113552204755,-6.820991415472225],[107.39507421906505,-6.823564126273931],[107.39954427760512,-6.8214072342772685]]]},"properties":{"h3":"888c10d213fffff","incumbentScore":0,"method":"modeled_from_supply_density","realData":false}},{"type":"Feature","geometry":{"type":"Polygon","coordinates":[[[107.61279582829927,-6.803388526201696],[107.61332984200635,-6.798661385791197],[107.60939878507314,-6.79609141904037],[107.60493361814262,-6.798248791347761],[107.60439969911383,-6.8029760858932145],[107.60833085232814,-6.805545854004766],[107.61279582829927,-6.803388526201696]]]},"properties":{"h3":"888c16b4a1fffff","incumbentScore":0.31,"method":"modeled_from_supply_density","realData":false}},{"type":"Feature","geometry":{"type":"Polygon","coordinates":[[[107.36794237650365,-6.876903325450308],[107.36847347053752,-6.872175866506595],[107.3645344276009,-6.8696047037392445],[107.36006419720123,-6.871761197903874],[107.35953319883927,-6.876488808241286],[107.36347233519604,-6.879059773029008],[107.36794237650365,-6.876903325450308]]]},"properties":{"h3":"888c146d1bfffff","incumbentScore":0,"method":"modeled_from_supply_density","realData":false}},{"type":"Feature","geometry":{"type":"Polygon","coordinates":[[[107.20427752011263,-7.054130825494041],[107.20480643114043,-7.0494094653901795],[107.20086375400668,-7.046842796860544],[107.19639207441365,-7.048997686177277],[107.19586325963789,-7.053719195422474],[107.19980602819409,-7.056285666218383],[107.20427752011263,-7.054130825494041]]]},"properties":{"h3":"888c10910dfffff","incumbentScore":0,"method":"modeled_from_supply_density","realData":false}},{"type":"Feature","geometry":{"type":"Polygon","coordinates":[[[107.43286103502193,-7.051025541301428],[107.43339257384339,-7.046307572714661],[107.42945808959608,-7.043744753998383],[107.42499197245522,-7.045900102340469],[107.42446052892413,-7.050618222408878],[107.42839510723446,-7.053180842662186],[107.43286103502193,-7.051025541301428]]]},"properties":{"h3":"888c1462abfffff","incumbentScore":0,"method":"modeled_from_supply_density","realData":false}},{"type":"Feature","geometry":{"type":"Polygon","coordinates":[[[107.57260809408682,-6.822803728325594],[107.5731416176025,-6.818076882564793],[107.56920933348056,-6.815507023217054],[107.56474343002554,-6.817664208182552],[107.56421000134732,-6.822391207604608],[107.56814238127753,-6.824960868408382],[107.57260809408682,-6.822803728325594]]]},"properties":{"h3":"888c146969fffff","incumbentScore":0.156,"method":"modeled_from_supply_density","realData":false}},{"type":"Feature","geometry":{"type":"Polygon","coordinates":[[[107.72029134113248,-6.822908713001095],[107.72082653977601,-6.818184241161467],[107.71689968777655,-6.815616955714181],[107.7124375396256,-6.817774341126175],[107.71190243519013,-6.822498968128439],[107.71582938468842,-6.825066054564445],[107.72029134113248,-6.822908713001095]]]},"properties":{"h3":"888c16b707fffff","incumbentScore":0,"method":"modeled_from_supply_density","realData":false}},{"type":"Feature","geometry":{"type":"Polygon","coordinates":[[[107.35886611296957,-6.769437051865672],[107.35939728661015,-6.764704259285237],[107.35545655336661,-6.762128509866483],[107.35098455309355,-6.764285750809502],[107.35045347522951,-6.769018695039972],[107.35439430185295,-6.771594246686012],[107.35886611296957,-6.769437051865672]]]},"properties":{"h3":"888c10d0c7fffff","incumbentScore":0,"method":"modeled_from_supply_density","realData":false}},{"type":"Feature","geometry":{"type":"Polygon","coordinates":[[[107.27110812204285,-6.986179206960185],[107.27163791802496,-6.981455555280836],[107.26769677287783,-6.978887234271697],[107.26322573950343,-6.981042762794034],[107.26269603953433,-6.9857665645198],[107.26663727691759,-6.988334687685544],[107.27110812204285,-6.986179206960185]]]},"properties":{"h3":"888c1465b7fffff","incumbentScore":0,"method":"modeled_from_supply_density","realData":false}},{"type":"Feature","geometry":{"type":"Polygon","coordinates":[[[107.46040876625509,-6.881451585169694],[107.46094091031635,-6.8767257971385956],[107.45700527636964,-6.874156421639354],[107.45253740386957,-6.876313032462632],[107.45200535508611,-6.8810389728172625],[107.45594108351582,-6.883608150033659],[107.46040876625509,-6.881451585169694]]]},"properties":{"h3":"888c1468c3fffff","incumbentScore":0.002,"method":"modeled_from_supply_density","realData":false}},{"type":"Feature","geometry":{"type":"Polygon","coordinates":[[[107.21562659833943,-6.990580419480955],[107.21615574838252,-6.985856127507685],[107.21221267019509,-6.9832870291857425],[107.20774035036413,-6.985442420517287],[107.20721129656478,-6.990166861954943],[107.21115446634359,-6.992735762605432],[107.21562659833943,-6.990580419480955]]]},"properties":{"h3":"888c109a31fffff","incumbentScore":0,"method":"modeled_from_supply_density","realData":false}},{"type":"Feature","geometry":{"type":"Polygon","coordinates":[[[107.41252165009108,-6.7435490187078795],[107.41305348273033,-6.738815821454441],[107.40911436312167,-6.736239926525844],[107.40464331684976,-6.738397426760264],[107.40411157977593,-6.743130776298145],[107.4080507933995,-6.745706473325743],[107.41252165009108,-6.7435490187078795]]]},"properties":{"h3":"888c10d021fffff","incumbentScore":0,"method":"modeled_from_supply_density","realData":false}},{"type":"Feature","geometry":{"type":"Polygon","coordinates":[[[107.32679565420594,-7.017393726428246],[107.32732603636329,-7.012672460399018],[107.32338729064652,-7.0101063969298885],[107.31891806990244,-7.012261797569984],[107.31838778350415,-7.0169832141121455],[107.32232662208185,-7.019549079509971],[107.32679565420594,-7.017393726428246]]]},"properties":{"h3":"888c146511fffff","incumbentScore":0,"method":"modeled_from_supply_density","realData":false}},{"type":"Feature","geometry":{"type":"Polygon","coordinates":[[[107.47978329425395,-6.746888810889135],[107.48031589012436,-6.742156834964913],[107.47637925616093,-6.739582233246729],[107.47190993152998,-6.741739805582934],[107.4713774309378,-6.746471934469944],[107.4753141596892,-6.749046338066482],[107.47978329425395,-6.746888810889135]]]},"properties":{"h3":"888c10d32dfffff","incumbentScore":0,"method":"modeled_from_supply_density","realData":false}},{"type":"Feature","geometry":{"type":"Polygon","coordinates":[[[107.4990164653626,-6.876218463205496],[107.4995490589973,-6.871493031093802],[107.49561476376236,-6.868924108318324],[107.49114777995335,-6.8710808160605295],[107.49061528143598,-6.875806400906792],[107.4945496716012,-6.87837512528482],[107.4990164653626,-6.876218463205496]]]},"properties":{"h3":"888c14681dfffff","incumbentScore":0.002,"method":"modeled_from_supply_density","realData":false}},{"type":"Feature","geometry":{"type":"Polygon","coordinates":[[[107.31316074835176,-6.988239790343261],[107.31369102386358,-6.983516890165469],[107.30975141704258,-6.9809493827558],[107.30528144197974,-6.983104973514543],[107.30475126230245,-6.987828024161798],[107.3086909618444,-6.990395333589564],[107.31316074835176,-6.988239790343261]]]},"properties":{"h3":"888c146edbfffff","incumbentScore":0,"method":"modeled_from_supply_density","realData":false}},{"type":"Feature","geometry":{"type":"Polygon","coordinates":[[[107.58120219793418,-6.85886479800104],[107.58173575722688,-6.854139830904237],[107.57780424440654,-6.851571616192621],[107.5733390763998,-6.853728567216774],[107.57280561188598,-6.858453687942755],[107.57673722059087,-6.8610217040238926],[107.58120219793418,-6.85886479800104]]]},"properties":{"h3":"888c146b29fffff","incumbentScore":0,"method":"modeled_from_supply_density","realData":false}},{"type":"Feature","geometry":{"type":"Polygon","coordinates":[[[107.62099949715527,-6.768136365913492],[107.62153366465834,-6.763407659668927],[107.61760246269414,-6.760836374385418],[107.61313699682077,-6.762993993961325],[107.61260292398256,-6.76772285454122],[107.61653422234373,-6.7702939412183065],[107.62099949715527,-6.768136365913492]]]},"properties":{"h3":"888c16b5bbfffff","incumbentScore":0.001,"method":"modeled_from_supply_density","realData":false}},{"type":"Feature","geometry":{"type":"Polygon","coordinates":[[[107.33042934010535,-7.060284091896455],[107.33095969063741,-7.055564979058715],[107.32702162020084,-7.05300075728344],[107.32255310634596,-7.0551558465038795],[107.32202285153114,-7.059875109750298],[107.32596101484496,-7.0624391333762935],[107.33042934010535,-7.060284091896455]]]},"properties":{"h3":"888c14646bfffff","incumbentScore":0,"method":"modeled_from_supply_density","realData":false}},{"type":"Feature","geometry":{"type":"Polygon","coordinates":[[[107.3674996620366,-6.805551497780956],[107.36803087295588,-6.800820581539551],[107.36409090944089,-6.798246467560872],[107.35961964153962,-6.800403467693016],[107.35908852633808,-6.80513453555594],[107.363028583311,-6.807708451673817],[107.3674996620366,-6.805551497780956]]]},"properties":{"h3":"888c10d287fffff","incumbentScore":0,"method":"modeled_from_supply_density","realData":false}},{"type":"Feature","geometry":{"type":"Polygon","coordinates":[[[107.39563333346257,-7.006510655845732],[107.39616452287801,-7.001789930758424],[107.39222812510135,-6.999224613360393],[107.38776044423885,-7.001380219333288],[107.38722935029851,-7.00610109567112],[107.39116584173654,-7.0086662147941725],[107.39563333346257,-7.006510655845732]]]},"properties":{"h3":"888c1460b9fffff","incumbentScore":0,"method":"modeled_from_supply_density","realData":false}},{"type":"Feature","geometry":{"type":"Polygon","coordinates":[[[107.37338484353724,-6.941320778772632],[107.37391588977928,-6.9365965313313245],[107.36997786043567,-6.93402812596456],[107.36550869139674,-6.936184166148599],[107.36497774076393,-6.940908564828304],[107.36891586355176,-6.9434767720942165],[107.37338484353724,-6.941320778772632]]]},"properties":{"h3":"888c146e35fffff","incumbentScore":0,"method":"modeled_from_supply_density","realData":false}},{"type":"Feature","geometry":{"type":"Polygon","coordinates":[[[107.46902119645002,-6.917504842167558],[107.46955337705595,-6.912780937843635],[107.46561851316467,-6.910213205381031],[107.46115137409822,-6.912369575619461],[107.4606192887115,-6.917093632235815],[107.46455424716294,-6.919661166329888],[107.46902119645002,-6.917504842167558]]]},"properties":{"h3":"888c146a83fffff","incumbentScore":0,"method":"modeled_from_supply_density","realData":false}},{"type":"Feature","geometry":{"type":"Polygon","coordinates":[[[107.40389436323146,-6.70741555681133],[107.4044261588911,-6.702680488044769],[107.4004862688533,-6.700102958474383],[107.39601448920963,-6.702260695490963],[107.39548278917415,-6.706995916570468],[107.39942277314911,-6.709573248329015],[107.40389436323146,-6.70741555681133]]]},"properties":{"h3":"888c10d1e1fffff","incumbentScore":0,"method":"modeled_from_supply_density","realData":false}},{"type":"Feature","geometry":{"type":"Polygon","coordinates":[[[107.43605048031975,-7.022714396157159],[107.43658210409217,-7.017995094467657],[107.43264737646943,-7.015431154550358],[107.42818093094833,-7.017586714760594],[107.42764940247014,-7.022306168058299],[107.43158422420979,-7.024869909546187],[107.43605048031975,-7.022714396157159]]]},"properties":{"h3":"888c146013fffff","incumbentScore":0,"method":"modeled_from_supply_density","realData":false}},{"type":"Feature","geometry":{"type":"Polygon","coordinates":[[[107.49040821942626,-6.84015247708543],[107.49094077671555,-6.83542516445755],[107.48700571096296,-6.832854599162029],[107.48253799305873,-6.8350115448139865],[107.4820055309454,-6.839739010207547],[107.48594069155128,-6.84230937719201],[107.49040821942626,-6.84015247708543]]]},"properties":{"h3":"888c1469ddfffff","incumbentScore":0.532,"method":"modeled_from_supply_density","realData":false}},{"type":"Feature","geometry":{"type":"Polygon","coordinates":[[[107.33905984231086,-7.096281784373599],[107.33959023024983,-7.0915645689606475],[107.33565292785212,-7.089001992411518],[107.33118514455117,-7.09115682951595],[107.33065485227084,-7.095874195306438],[107.33459224762377,-7.098436573623663],[107.33905984231086,-7.096281784373599]]]},"properties":{"h3":"888c14662bfffff","incumbentScore":0,"method":"modeled_from_supply_density","realData":false}},{"type":"Feature","geometry":{"type":"Polygon","coordinates":[[[107.42071593729654,-6.708254326912442],[107.42124792409686,-6.703519563026765],[107.41730865449748,-6.7009423559105485],[107.41283730395797,-6.703100110555715],[107.41230541271005,-6.707835026924327],[107.41624477644018,-6.710412036173404],[107.42071593729654,-6.708254326912442]]]},"properties":{"h3":"888c10d13bfffff","incumbentScore":0,"method":"modeled_from_supply_density","realData":false}},{"type":"Feature","geometry":{"type":"Polygon","coordinates":[[[107.32611744282575,-6.910490637072404],[107.32664799983317,-6.905764155256773],[107.3227078733694,-6.903193657628988],[107.31823709697206,-6.905349839725278],[107.31770663579249,-6.9100764723970425],[107.32164685517334,-6.912646772125043],[107.32611744282575,-6.910490637072404]]]},"properties":{"h3":"888c146ce9fffff","incumbentScore":0,"method":"modeled_from_supply_density","realData":false}},{"type":"Feature","geometry":{"type":"Polygon","coordinates":[[[107.27610874008724,-6.979300014222462],[107.27663860528762,-6.97457610443503],[107.27269755243853,-6.972007585577233],[107.26822654208198,-6.9741631743642385],[107.26769677287783,-6.978887234271697],[107.27163791802496,-6.981455555280836],[107.27610874008724,-6.979300014222462]]]},"properties":{"h3":"888c109b4bfffff","incumbentScore":0,"method":"modeled_from_supply_density","realData":false}},{"type":"Feature","geometry":{"type":"Polygon","coordinates":[[[107.60600149878148,-6.7887935445477705],[107.6065354603925,-6.784065592393945],[107.6026039694221,-6.781494902916794],[107.59813842061932,-6.783652364195373],[107.59760455372445,-6.788380470463312],[107.60153614090709,-6.790950961347008],[107.60600149878148,-6.7887935445477705]]]},"properties":{"h3":"888c16a64dfffff","incumbentScore":0.377,"method":"modeled_from_supply_density","realData":false}},{"type":"Feature","geometry":{"type":"Polygon","coordinates":[[[107.52881064598421,-6.799256402406083],[107.5293437112892,-6.7945277244358],[107.52540952784696,-6.791956131568867],[107.52094218377083,-6.794113415046443],[107.52040921350384,-6.798842246309032],[107.52434349226587,-6.801413640810251],[107.52881064598421,-6.799256402406083]]]},"properties":{"h3":"888c146937fffff","incumbentScore":0.001,"method":"modeled_from_supply_density","realData":false}},{"type":"Feature","geometry":{"type":"Polygon","coordinates":[[[107.33021585891747,-6.76087198669367],[107.3307467184455,-6.756138334154137],[107.32680484253493,-6.753561741656174],[107.32233201403336,-6.755718999372637],[107.32180125040823,-6.760452803295653],[107.32574321937273,-6.763029198127359],[107.33021585891747,-6.76087198669367]]]},"properties":{"h3":"888c10d095fffff","incumbentScore":0,"method":"modeled_from_supply_density","realData":false}},{"type":"Feature","geometry":{"type":"Polygon","coordinates":[[[107.36657063514802,-6.926734704671959],[107.36710162826746,-6.922009641974859],[107.36316316767258,-6.919440515087263],[107.35869362057484,-6.921596648961124],[107.35816272310244,-6.926321862874873],[107.36210127707166,-6.9288907917067615],[107.36657063514802,-6.926734704671959]]]},"properties":{"h3":"888c146c43fffff","incumbentScore":0,"method":"modeled_from_supply_density","realData":false}},{"type":"Feature","geometry":{"type":"Polygon","coordinates":[[[107.29475108981684,-7.001584352922263],[107.29528113117169,-6.996861818395439],[107.29134103122064,-6.994294544088662],[107.28687079740543,-6.996450002261084],[107.28634085195449,-7.001172687025621],[107.29028104440582,-7.003739763388733],[107.29475108981684,-7.001584352922263]]]},"properties":{"h3":"888c146585fffff","incumbentScore":0,"method":"modeled_from_supply_density","realData":false}},{"type":"Feature","geometry":{"type":"Polygon","coordinates":[[[107.42743511815807,-6.986700110046971],[107.42796670518115,-6.981978916871926],[107.42403120830915,-6.97941333116242],[107.41956403036542,-6.9815691369822135],[107.41903253869519,-6.986290481797202],[107.42296812960676,-6.988855869161063],[107.42743511815807,-6.986700110046971]]]},"properties":{"h3":"888c1461d3fffff","incumbentScore":0,"method":"modeled_from_supply_density","realData":false}},{"type":"Feature","geometry":{"type":"Polygon","coordinates":[[[107.43179224847731,-6.8729171204951705],[107.43232408016863,-6.868190468868699],[107.4283872988093,-6.865620244712545],[107.42391859159086,-6.867776870369004],[107.42338685530383,-6.872503674054926],[107.4273237308219,-6.875073700033522],[107.43179224847731,-6.8729171204951705]]]},"properties":{"h3":"888c146891fffff","incumbentScore":0,"method":"modeled_from_supply_density","realData":false}},{"type":"Feature","geometry":{"type":"Polygon","coordinates":[[[107.51622537030983,-6.948301747816691],[107.5167580364303,-6.943580084331205],[107.51282528191436,-6.941014451446505],[107.50835976618497,-6.9431706806239415],[107.50782719506469,-6.947892496780308],[107.51176004466451,-6.950457931096918],[107.51622537030983,-6.948301747816691]]]},"properties":{"h3":"888c14612dfffff","incumbentScore":0,"method":"modeled_from_supply_density","realData":false}},{"type":"Feature","geometry":{"type":"Polygon","coordinates":[[[107.33475287269492,-6.946551418832154],[107.33528346717542,-6.941826823770575],[107.33134410945401,-6.939257965726109],[107.32687406424782,-6.941413900737173],[107.32634356553649,-6.946138646625376],[107.33028301625313,-6.948707306684565],[107.33475287269492,-6.946551418832154]]]},"properties":{"h3":"888c146ea9fffff","incumbentScore":0,"method":"modeled_from_supply_density","realData":false}},{"type":"Feature","geometry":{"type":"Polygon","coordinates":[[[107.64458275201181,-6.783559289525527],[107.64511716069651,-6.77883170343495],[107.64118702049956,-6.776261466279997],[107.63672237495122,-6.77841901393094],[107.63618806082147,-6.783146754545932],[107.640118297676,-6.785716792993979],[107.64458275201181,-6.783559289525527]]]},"properties":{"h3":"888c16b589fffff","incumbentScore":0.001,"method":"modeled_from_supply_density","realData":false}},{"type":"Feature","geometry":{"type":"Polygon","coordinates":[[[107.30179938270561,-7.051772340308698],[107.30232941928963,-7.047052367255144],[107.2983902098864,-7.044487294088684],[107.29392087133827,-7.046642392028759],[107.29339093059743,-7.051362515227209],[107.29733023255248,-7.0539273903494175],[107.30179938270561,-7.051772340308698]]]},"properties":{"h3":"888c146439fffff","incumbentScore":0,"method":"modeled_from_supply_density","realData":false}},{"type":"Feature","geometry":{"type":"Polygon","coordinates":[[[107.39266481299364,-7.070422388405854],[107.39319585903806,-7.065704740236922],[107.38926016465263,-7.063142025432354],[107.38479333062514,-7.065297157169626],[107.38426238002907,-7.070014956347116],[107.3881981680031,-7.072577472787452],[107.39266481299364,-7.070422388405854]]]},"properties":{"h3":"888c146745fffff","incumbentScore":0,"method":"modeled_from_supply_density","realData":false}},{"type":"Feature","geometry":{"type":"Polygon","coordinates":[[[107.40403679336568,-7.006920040573229],[107.40456807822045,-7.002199466820678],[107.40063198986012,-6.999634312757711],[107.39616452287801,-7.001789930758424],[107.39563333346257,-7.006510655845732],[107.39956951558084,-7.009075611606195],[107.40403679336568,-7.006920040573229]]]},"properties":{"h3":"888c146087fffff","incumbentScore":0,"method":"modeled_from_supply_density","realData":false}},{"type":"Feature","geometry":{"type":"Polygon","coordinates":[[[107.42817299214877,-6.829954506622473],[107.42870485600835,-6.825225720124817],[107.42476739883688,-6.8226536577401315],[107.42029798365373,-6.824810579957249],[107.41976621524014,-6.829539518618154],[107.42370376655465,-6.832111382907278],[107.42817299214877,-6.829954506622473]]]},"properties":{"h3":"888c10d255fffff","incumbentScore":0,"method":"modeled_from_supply_density","realData":false}},{"type":"Feature","geometry":{"type":"Polygon","coordinates":[[[107.37519845105169,-6.962782852791728],[107.37572948135853,-6.958059677727868],[107.37179178978074,-6.955492192389],[107.36732297443488,-6.957648080263427],[107.36679203971644,-6.962371406513665],[107.3707298247464,-6.96493869371176],[107.37519845105169,-6.962782852791728]]]},"properties":{"h3":"888c146e03fffff","incumbentScore":0,"method":"modeled_from_supply_density","realData":false}},{"type":"Feature","geometry":{"type":"Polygon","coordinates":[[[107.52962086131053,-6.941833063306569],[107.53015369112573,-6.9371112975352744],[107.52622134337703,-6.934545629495519],[107.52175607056243,-6.936701925836024],[107.52122333569456,-6.9414238444359375],[107.52515577868488,-6.943989313875267],[107.52962086131053,-6.941833063306569]]]},"properties":{"h3":"888c146a51fffff","incumbentScore":0,"method":"modeled_from_supply_density","realData":false}},{"type":"Feature","geometry":{"type":"Polygon","coordinates":[[[107.30997429513384,-6.752722578598317],[107.31050493609803,-6.747988218239804],[107.30656222739331,-6.745410944608987],[107.30208878489066,-6.74756822893275],[107.30155823991986,-6.75230274049296],[107.30550104144926,-6.754879816536366],[107.30997429513384,-6.752722578598317]]]},"properties":{"h3":"888c10d561fffff","incumbentScore":0,"method":"modeled_from_supply_density","realData":false}},{"type":"Feature","geometry":{"type":"Polygon","coordinates":[[[107.6195891855637,-6.817980437759787],[107.6201232513315,-6.8132541095030055],[107.61619262846204,-6.810684865839017],[107.61172784346579,-6.81284214912526],[107.61119387233846,-6.817568631537727],[107.61512459155779,-6.820137676516719],[107.6195891855637,-6.817980437759787]]]},"properties":{"h3":"888c16b4e3fffff","incumbentScore":0.001,"method":"modeled_from_supply_density","realData":false}},{"type":"Feature","geometry":{"type":"Polygon","coordinates":[[[107.39657326397506,-6.885442750615799],[107.39710467132444,-6.880716153287217],[107.39316677227389,-6.878145837961527],[107.38869737211958,-6.880302318058288],[107.38816606031583,-6.88502906704541],[107.39210405311165,-6.887599184285844],[107.39657326397506,-6.885442750615799]]]},"properties":{"h3":"888c146d5dfffff","incumbentScore":0,"method":"modeled_from_supply_density","realData":false}},{"type":"Feature","geometry":{"type":"Polygon","coordinates":[[[107.53881107302162,-6.785484154910582],[107.53934427589607,-6.780754972203091],[107.5354102832785,-6.778182982591412],[107.53094299233422,-6.780340374070307],[107.53040988446372,-6.785069710217516],[107.53434397252447,-6.787641501454613],[107.53881107302162,-6.785484154910582]]]},"properties":{"h3":"888c16a6c1fffff","incumbentScore":0,"method":"modeled_from_supply_density","realData":false}},{"type":"Feature","geometry":{"type":"Polygon","coordinates":[[[107.65816324628007,-6.812742907246806],[107.6586977587787,-6.808016944849382],[107.65476848747556,-6.805448154490567],[107.65030460686982,-6.807605525335986],[107.64977018885052,-6.812331642298918],[107.65369955694851,-6.814900233859352],[107.65816324628007,-6.812742907246806]]]},"properties":{"h3":"888c16b43dfffff","incumbentScore":0.155,"method":"modeled_from_supply_density","realData":false}},{"type":"Feature","geometry":{"type":"Polygon","coordinates":[[[107.4902011095607,-6.8044849875244875],[107.49073372563487,-6.799755949803957],[107.48679820050624,-6.797183905871756],[107.4823299644217,-6.799341097920053],[107.48179744354626,-6.804070288521375],[107.48573306354756,-6.806642134202149],[107.4902011095607,-6.8044849875244875]]]},"properties":{"h3":"888c1469abfffff","incumbentScore":0.377,"method":"modeled_from_supply_density","realData":false}},{"type":"Feature","geometry":{"type":"Polygon","coordinates":[[[107.44434762397734,-6.723712810854393],[107.4448798546536,-6.718979161520317],[107.4409416386215,-6.716402995755133],[107.43647109751014,-6.718560677301685],[107.43593896227661,-6.723294479310973],[107.4398772727026,-6.7258704471070425],[107.44434762397734,-6.723712810854393]]]},"properties":{"h3":"888c10d109fffff","incumbentScore":0,"method":"modeled_from_supply_density","realData":false}},{"type":"Feature","geometry":{"type":"Polygon","coordinates":[[[107.24745888573872,-6.9707677826160035],[107.2479884360188,-6.966043014618643],[107.24404624660279,-6.963473647974396],[107.23957441492601,-6.965629247079139],[107.23904496076803,-6.9703541649312175],[107.2429872421557,-6.972923333832576],[107.24745888573872,-6.9707677826160035]]]},"properties":{"h3":"888c109b19fffff","incumbentScore":0,"method":"modeled_from_supply_density","realData":false}},{"type":"Feature","geometry":{"type":"Polygon","coordinates":[[[107.55561186177748,-6.786312530280591],[107.55614525455192,-6.781583654705695],[107.55221188652169,-6.779011989886603],[107.54774503007232,-6.781169399080264],[107.54721173222993,-6.785898428263637],[107.55114519589578,-6.788469894653358],[107.55561186177748,-6.786312530280591]]]},"properties":{"h3":"888c16a61bfffff","incumbentScore":0,"method":"modeled_from_supply_density","realData":false}},{"type":"Feature","geometry":{"type":"Polygon","coordinates":[[[107.55241180312213,-6.814681177111015],[107.5529451107586,-6.80995361796474],[107.54901198492367,-6.807383072009117],[107.54454545586177,-6.809540283674644],[107.5440122431536,-6.814267996303151],[107.54794546456995,-6.8168383437923925],[107.55241180312213,-6.814681177111015]]]},"properties":{"h3":"888c146905fffff","incumbentScore":0,"method":"modeled_from_supply_density","realData":false}},{"type":"Feature","geometry":{"type":"Polygon","coordinates":[[[107.62817505229484,-6.8540365552351945],[107.62870915351368,-6.849312104946715],[107.62477930236386,-6.846744507311383],[107.62031525356021,-6.848901558744447],[107.61978124692328,-6.853626163155921],[107.62371119449895,-6.856193562019796],[107.62817505229484,-6.8540365552351945]]]},"properties":{"h3":"888c16b6a3fffff","incumbentScore":0.001,"method":"modeled_from_supply_density","realData":false}},{"type":"Feature","geometry":{"type":"Polygon","coordinates":[[[107.31861696629625,-6.788851011112738],[107.3191476448841,-6.784118526219669],[107.31520570555988,-6.781542885734768],[107.31073299473564,-6.783699927827547],[107.31020241208238,-6.7884325638946645],[107.31414444430969,-6.791008006703599],[107.31861696629625,-6.788851011112738]]]},"properties":{"h3":"888c10d721fffff","incumbentScore":0,"method":"modeled_from_supply_density","realData":false}},{"type":"Feature","geometry":{"type":"Polygon","coordinates":[[[107.33793665196764,-6.918200526404773],[107.33846733140736,-6.913474602869548],[107.3345277288778,-6.910904627906757],[107.3300573538505,-6.913060774437992],[107.329526770184,-6.9177868489250836],[107.33346646576253,-6.920356625937729],[107.33793665196764,-6.918200526404773]]]},"properties":{"h3":"888c146c11fffff","incumbentScore":0,"method":"modeled_from_supply_density","realData":false}},{"type":"Feature","geometry":{"type":"Polygon","coordinates":[[[107.33361165552631,-7.031966075231452],[107.33414209095316,-7.027245626884936],[107.33020377583199,-7.024680285925789],[107.32573493234402,-7.02683559143767],[107.32520459263847,-7.031556190318668],[107.32914300069056,-7.034121333161991],[107.33361165552631,-7.031966075231452]]]},"properties":{"h3":"888c146553fffff","incumbentScore":0,"method":"modeled_from_supply_density","realData":false}},{"type":"Feature","geometry":{"type":"Polygon","coordinates":[[[107.41933549622163,-6.758164909333801],[107.4198673818402,-6.753432522338183],[107.41592869445715,-6.750857346375688],[107.4114580273618,-6.753014755364927],[107.4109262372708,-6.757747294667397],[107.41486501873851,-6.7603222726823615],[107.41933549622163,-6.758164909333801]]]},"properties":{"h3":"888c10d063fffff","incumbentScore":0,"method":"modeled_from_supply_density","realData":false}},{"type":"Feature","geometry":{"type":"Polygon","coordinates":[[[107.4490252117613,-6.945022860205666],[107.44955711687598,-6.940299977708109],[107.44562187511427,-6.937733038690006],[107.44115463391543,-6.939889180526757],[107.44062282408778,-6.944612215022035],[107.44455816016286,-6.947178955691437],[107.4490252117613,-6.945022860205666]]]},"properties":{"h3":"888c1461a1fffff","incumbentScore":0,"method":"modeled_from_supply_density","realData":false}},{"type":"Feature","geometry":{"type":"Polygon","coordinates":[[[107.40519690954949,-6.92150368394642],[107.40572835388717,-6.916778971071118],[107.40179122432001,-6.91421029678123],[107.39732255658318,-6.9163665335462685],[107.39679120773249,-6.921091398049839],[107.40072843112254,-6.923659874168712],[107.40519690954949,-6.92150368394642]]]},"properties":{"h3":"888c146f1dfffff","incumbentScore":0,"method":"modeled_from_supply_density","realData":false}},{"type":"Feature","geometry":{"type":"Polygon","coordinates":[[[107.33840511912378,-6.725574336853277],[107.33893613291816,-6.720839114042663],[107.33499410501783,-6.718261211020047],[107.33052097014426,-6.7204187284493875],[107.32999005223992,-6.725154102841402],[107.33393217331002,-6.7277318082313],[107.33840511912378,-6.725574336853277]]]},"properties":{"h3":"888c10c241fffff","incumbentScore":0,"method":"modeled_from_supply_density","realData":false}},{"type":"Feature","geometry":{"type":"Polygon","coordinates":[[[107.26975146126297,-7.035969593944203],[107.27028115669225,-7.031248352592271],[107.26634059485858,-7.02868206795026],[107.26187024539574,-7.03083722258569],[107.2613406459544,-7.035558613807348],[107.26528129997894,-7.03812470053259],[107.26975146126297,-7.035969593944203]]]},"properties":{"h3":"888c1464adfffff","incumbentScore":0,"method":"modeled_from_supply_density","realData":false}},{"type":"Feature","geometry":{"type":"Polygon","coordinates":[[[107.38954124109712,-6.835179496829303],[107.390072653907,-6.830450356590849],[107.38613386313317,-6.827877843774337],[107.38166356584588,-6.830034669185418],[107.38113224864233,-6.834763961174774],[107.38507113311064,-6.837336276010752],[107.38954124109712,-6.835179496829303]]]},"properties":{"h3":"888c10d2c9fffff","incumbentScore":0,"method":"modeled_from_supply_density","realData":false}},{"type":"Feature","geometry":{"type":"Polygon","coordinates":[[[107.49762498305564,-6.92602735043202],[107.49815747538533,-6.9213043110345],[107.49422376061003,-6.918737429359726],[107.48975745861216,-6.920893785564407],[107.48922506137522,-6.925616977517511],[107.49315887103434,-6.9281836607189184],[107.49762498305564,-6.92602735043202]]]},"properties":{"h3":"888c146ac5fffff","incumbentScore":0.156,"method":"modeled_from_supply_density","realData":false}},{"type":"Feature","geometry":{"type":"Polygon","coordinates":[[[107.31020731521818,-7.0521819890087905],[107.31073744760972,-7.047462166184517],[107.30679854597429,-7.0448972562673875],[107.30232941928963,-7.047052367255144],[107.30179938270561,-7.051772340308698],[107.3057383769897,-7.054337052153935],[107.31020731521818,-7.0521819890087905]]]},"properties":{"h3":"888c146407fffff","incumbentScore":0,"method":"modeled_from_supply_density","realData":false}},{"type":"Feature","geometry":{"type":"Polygon","coordinates":[[[107.46465220963526,-7.031219550451415],[107.46518414541288,-7.02650111305011],[107.46125056432818,-7.023938026421413],[107.45678495301614,-7.026093575736485],[107.45625311240651,-7.030812165008413],[107.46018678793186,-7.03337505310325],[107.46465220963526,-7.031219550451415]]]},"properties":{"h3":"888c146055fffff","incumbentScore":0,"method":"modeled_from_supply_density","realData":false}},{"type":"Feature","geometry":{"type":"Polygon","coordinates":[[[107.34224238213501,-7.067975147168132],[107.34277285495345,-7.063256594209809],[107.33883530803931,-7.060692897551216],[107.33436719528879,-7.062847952058614],[107.33383681813302,-7.067566655520532],[107.33777445805607,-7.070130153980156],[107.34224238213501,-7.067975147168132]]]},"properties":{"h3":"888c146713fffff","incumbentScore":0,"method":"modeled_from_supply_density","realData":false}},{"type":"Feature","geometry":{"type":"Polygon","coordinates":[[[107.42795863594718,-6.79427520273198],[107.42849055842564,-6.789544690831174],[107.4245526413544,-6.786971151940046],[107.4200827076334,-6.789128322993975],[107.41955088062377,-6.793858987172377],[107.42348889185722,-6.796432328027829],[107.42795863594718,-6.79427520273198]]]},"properties":{"h3":"888c10d223fffff","incumbentScore":0,"method":"modeled_from_supply_density","realData":false}},{"type":"Feature","geometry":{"type":"Polygon","coordinates":[[[107.59100386963908,-6.8094479808697574],[107.59153762529482,-6.804720784301249],[107.58760584587245,-6.802150690591318],[107.58314021475769,-6.804307992038618],[107.5826065538693,-6.8090353425000405],[107.5865384293192,-6.811605237629712],[107.59100386963908,-6.8094479808697574]]]},"properties":{"h3":"888c16b4b1fffff","incumbentScore":0.377,"method":"modeled_from_supply_density","realData":false}},{"type":"Feature","geometry":{"type":"Polygon","coordinates":[[[107.39635526983999,-6.8497805035121395],[107.3968867357009,-6.845052176040198],[107.39294837666549,-6.842480383473215],[107.38847845799576,-6.844637116413162],[107.38794708770334,-6.849365595658062],[107.39188554050304,-6.851937190198678],[107.39635526983999,-6.8497805035121395]]]},"properties":{"h3":"888c146d2bfffff","incumbentScore":0,"method":"modeled_from_supply_density","realData":false}},{"type":"Feature","geometry":{"type":"Polygon","coordinates":[[[107.4110618627694,-7.057084017388367],[107.41159314206527,-7.052366003888326],[107.40765794447482,-7.049803056064784],[107.40319137377092,-7.0519583201525595],[107.40266018985386,-7.056676484892505],[107.40659548125281,-7.059239234313428],[107.4110618627694,-7.057084017388367]]]},"properties":{"h3":"888c1462bbfffff","incumbentScore":0,"method":"modeled_from_supply_density","realData":false}},{"type":"Feature","geometry":{"type":"Polygon","coordinates":[[[107.65995423179704,-6.834212244515539],[107.6604887276407,-6.8294873463669905],[107.65655979396033,-6.826919478789268],[107.65209626762524,-6.829076708207987],[107.6515618662402,-6.833801760868648],[107.65549089672253,-6.836369429606906],[107.65995423179704,-6.834212244515539]]]},"properties":{"h3":"888c16b40bfffff","incumbentScore":0.156,"method":"modeled_from_supply_density","realData":false}},{"type":"Feature","geometry":{"type":"Polygon","coordinates":[[[107.69851565408796,-6.828970907127593],[107.69905059584605,-6.824246376373403],[107.69512301669623,-6.821678963117204],[107.69066039853296,-6.823836279576195],[107.69012555107217,-6.828560965251678],[107.69405322746822,-6.831128179555267],[107.69851565408796,-6.828970907127593]]]},"properties":{"h3":"888c16b717fffff","incumbentScore":0,"method":"modeled_from_supply_density","realData":false}},{"type":"Feature","geometry":{"type":"Polygon","coordinates":[[[107.19037914459327,-6.989339220646437],[107.1909080057982,-6.984614480534556],[107.18696400909691,-6.982044895180209],[107.18249105988212,-6.984200247534487],[107.18196229502786,-6.988925136856159],[107.18590638302868,-6.991494524622565],[107.19037914459327,-6.989339220646437]]]},"properties":{"h3":"888c109ae7fffff","incumbentScore":0,"method":"modeled_from_supply_density","realData":false}},{"type":"Feature","geometry":{"type":"Polygon","coordinates":[[[107.33703716465529,-6.775490183906725],[107.33756807752552,-6.7707573419990865],[107.33362663295705,-6.7681814675091365],[107.32915418238524,-6.770338632648243],[107.32862336538005,-6.775071625962247],[107.33256490307255,-6.77764730273941],[107.33703716465529,-6.775490183906725]]]},"properties":{"h3":"888c10d0d7fffff","incumbentScore":0,"method":"modeled_from_supply_density","realData":false}},{"type":"Feature","geometry":{"type":"Polygon","coordinates":[[[107.30157048141174,-7.0161616622509495],[107.30210057618481,-7.011439944936249],[107.29816090654668,-7.008873392373577],[107.29369104955603,-7.011028755122674],[107.29316105064909,-7.015750622696931],[107.29710081285765,-7.018316977271249],[107.30157048141174,-7.0161616622509495]]]},"properties":{"h3":"888c1465c7fffff","incumbentScore":0,"method":"modeled_from_supply_density","realData":false}},{"type":"Feature","geometry":{"type":"Polygon","coordinates":[[[107.43860142044848,-6.887508569022246],[107.4391333049887,-6.882782731254119],[107.43519695568976,-6.880213228662687],[107.43072862761322,-6.882369762071001],[107.43019683843947,-6.887095751920172],[107.43413328196672,-6.889665056288579],[107.43860142044848,-6.887508569022246]]]},"properties":{"h3":"888c1468d3fffff","incumbentScore":0,"method":"modeled_from_supply_density","realData":false}},{"type":"Feature","geometry":{"type":"Polygon","coordinates":[[[107.24610572576339,-7.02057038488899],[107.24663517555199,-7.015848026214557],[107.24269356984342,-7.013280694369252],[107.23822242241073,-7.01543591902383],[107.23769306871914,-7.020158427376777],[107.24163476635422,-7.022725561405388],[107.24610572576339,-7.02057038488899]]]},"properties":{"h3":"888c109a41fffff","incumbentScore":0,"method":"modeled_from_supply_density","realData":false}},{"type":"Feature","geometry":{"type":"Polygon","coordinates":[[[107.39069812712928,-6.749603047971129],[107.39122969951559,-6.744869799162422],[107.38728986605996,-6.7422937791850455],[107.38281836644953,-6.744451205866318],[107.3822868897173,-6.7491846067159615],[107.38622681693236,-6.751760428851987],[107.39069812712928,-6.749603047971129]]]},"properties":{"h3":"888c10d031fffff","incumbentScore":0,"method":"modeled_from_supply_density","realData":false}},{"type":"Feature","geometry":{"type":"Polygon","coordinates":[[[107.35520036880261,-6.990295992751571],[107.35573112295128,-6.985573846188494],[107.35179305793558,-6.983007153381814],[107.34732414555715,-6.9851628052669525],[107.34679348706437,-6.989885102721878],[107.35073164528508,-6.992451597408481],[107.35520036880261,-6.990295992751571]]]},"properties":{"h3":"888c146521fffff","incumbentScore":0,"method":"modeled_from_supply_density","realData":false}},{"type":"Feature","geometry":{"type":"Polygon","coordinates":[[[107.52741433588612,-6.849100468798214],[107.5279472997477,-6.844374174581291],[107.5240136966221,-6.841804620912298],[107.5195470343526,-6.843961559912347],[107.51901416550444,-6.848688007242934],[107.52294786390327,-6.851257362468328],[107.52741433588612,-6.849100468798214]]]},"properties":{"h3":"888c14682dfffff","incumbentScore":0.156,"method":"modeled_from_supply_density","realData":false}},{"type":"Feature","geometry":{"type":"Polygon","coordinates":[[[107.45796913818282,-6.752944426041258],[107.4585014745103,-6.748212396615455],[107.45456412371036,-6.745637669416835],[107.45009434204074,-6.747795169714782],[107.4495621010803,-6.752527351860258],[107.45349954641334,-6.755101880996643],[107.45796913818282,-6.752944426041258]]]},"properties":{"h3":"888c10d33dfffff","incumbentScore":0,"method":"modeled_from_supply_density","realData":false}},{"type":"Feature","geometry":{"type":"Polygon","coordinates":[[[107.34156967297898,-6.961136019424666],[107.34210032071769,-6.9564122401220025],[107.33816139386937,-6.953844103462464],[107.33369172620807,-6.955999944144598],[107.33316117420078,-6.960723874295742],[107.33710019411429,-6.963291812924944],[107.34156967297898,-6.961136019424666]]]},"properties":{"h3":"888c146eebfffff","incumbentScore":0,"method":"modeled_from_supply_density","realData":false}},{"type":"Feature","geometry":{"type":"Polygon","coordinates":[[[107.65137348549753,-6.7981526338233715],[107.65190794610689,-6.793425859374333],[107.64797824034372,-6.790856345437531],[107.64351397723584,-6.793013804710902],[107.64297961114363,-6.797740733704983],[107.64690941363304,-6.800310048889068],[107.65137348549753,-6.7981526338233715]]]},"properties":{"h3":"888c16b5cbfffff","incumbentScore":0.001,"method":"modeled_from_supply_density","realData":false}},{"type":"Feature","geometry":{"type":"Polygon","coordinates":[[[107.42605490198791,-7.036463195267067],[107.4265863879904,-7.031744408361094],[107.42265147219553,-7.029180865297308],[107.41818497639558,-7.031336307566905],[107.41765358572114,-7.036055245933753],[107.42158859550953,-7.038618590578757],[107.42605490198791,-7.036463195267067]]]},"properties":{"h3":"888c1460c9fffff","incumbentScore":0,"method":"modeled_from_supply_density","realData":false}},{"type":"Feature","geometry":{"type":"Polygon","coordinates":[[[107.34567441230341,-6.811605299872242],[107.34620536260313,-6.806874334895443],[107.34226468754139,-6.804300095329758],[107.33779296896866,-6.806457018550333],[107.33726211447524,-6.8111881349052075],[107.34120288273918,-6.813762176670071],[107.34567441230341,-6.811605299872242]]]},"properties":{"h3":"888c10d297fffff","incumbentScore":0,"method":"modeled_from_supply_density","realData":false}},{"type":"Feature","geometry":{"type":"Polygon","coordinates":[[[107.40381975252623,-6.971305091449288],[107.4043510958672,-6.9665827785586085],[107.40041454794061,-6.964016143432141],[107.39594656288708,-6.9661720194508705],[107.3954153150083,-6.970894483791769],[107.39935195671181,-6.973460920672342],[107.40381975252623,-6.971305091449288]]]},"properties":{"h3":"888c146e45fffff","incumbentScore":0,"method":"modeled_from_supply_density","realData":false}},{"type":"Feature","geometry":{"type":"Polygon","coordinates":[[[107.44721755380424,-6.923562504576454],[107.44774947503954,-6.918838551108502],[107.44381389557807,-6.916270691044157],[107.4393463005666,-6.918426982765018],[107.43881447463917,-6.923151088283149],[107.44275014840625,-6.925718750038833],[107.44721755380424,-6.923562504576454]]]},"properties":{"h3":"888c146a93fffff","incumbentScore":0,"method":"modeled_from_supply_density","realData":false}},{"type":"Feature","geometry":{"type":"Polygon","coordinates":[[[107.4644422334111,-6.995621620044238],[107.46497422783112,-6.990901442745603],[107.46104018773121,-6.988336872576517],[107.45657405874229,-6.990492678192429],[107.45604215951298,-6.995213007478001],[107.4599762940728,-6.99777737916932],[107.4644422334111,-6.995621620044238]]]},"properties":{"h3":"888c146023fffff","incumbentScore":0,"method":"modeled_from_supply_density","realData":false}},{"type":"Feature","geometry":{"type":"Polygon","coordinates":[[[107.51881038782247,-6.813027422810935],[107.51934331553014,-6.80829925024162],[107.51540894150995,-6.805728054101665],[107.51094154457655,-6.807885228896312],[107.51040871194095,-6.812613554610509],[107.51434318115759,-6.8151845523937],[107.51881038782247,-6.813027422810935]]]},"properties":{"h3":"888c1469edfffff","incumbentScore":0.377,"method":"modeled_from_supply_density","realData":false}},{"type":"Feature","geometry":{"type":"Polygon","coordinates":[[[107.45115886651988,-6.738330147880714],[107.45169115003952,-6.733597308293259],[107.4477533666095,-6.731021861628102],[107.44328320518726,-6.733179452574685],[107.44275101707254,-6.7379124448596475],[107.44668889496602,-6.740487693509059],[107.45115886651988,-6.738330147880714]]]},"properties":{"h3":"888c10d14bfffff","incumbentScore":0,"method":"modeled_from_supply_density","realData":false}},{"type":"Feature","geometry":{"type":"Polygon","coordinates":[[[107.25428343867763,-6.985353746815145],[107.254813042598,-6.980629795127607],[107.25087128309649,-6.978061148960483],[107.24639982762356,-6.980216652277535],[107.24587031978756,-6.984940753842128],[107.24981217133107,-6.987509202221346],[107.25428343867763,-6.985353746815145]]]},"properties":{"h3":"888c109b5bfffff","incumbentScore":0,"method":"modeled_from_supply_density","realData":false}},{"type":"Feature","geometry":{"type":"Polygon","coordinates":[[[107.55921071087825,-6.829275085259855],[107.55974407084257,-6.824548338510549],[107.55581137843963,-6.82197851492556],[107.55134523041278,-6.824135636610465],[107.5508119653389,-6.828862536863077],[107.55474475339233,-6.8314321619359655],[107.55921071087825,-6.829275085259855]]]},"properties":{"h3":"888c146947fffff","incumbentScore":0.156,"method":"modeled_from_supply_density","realData":false}},{"type":"Feature","geometry":{"type":"Polygon","coordinates":[[[107.584207579109,-6.794852633021924],[107.58474128257286,-6.790124624567324],[107.58080906934661,-6.787553808354549],[107.57634305668883,-6.7897111991392585],[107.57580944803016,-6.794439361465798],[107.57974175721496,-6.797009979144149],[107.584207579109,-6.794852633021924]]]},"properties":{"h3":"888c16a65dfffff","incumbentScore":0,"method":"modeled_from_supply_density","realData":false}},{"type":"Feature","geometry":{"type":"Polygon","coordinates":[[[107.32543876097198,-6.803464967379804],[107.32596949294438,-6.79873329387989],[107.3220279847664,-6.796158371726227],[107.3175556516337,-6.798315320803417],[107.31702501555806,-6.803047145500185],[107.32096661670927,-6.805621869931561],[107.32543876097198,-6.803464967379804]]]},"properties":{"h3":"888c10d763fffff","incumbentScore":0,"method":"modeled_from_supply_density","realData":false}},{"type":"Feature","geometry":{"type":"Polygon","coordinates":[[[107.35864364816537,-6.733726029927989],[107.35917488025773,-6.7289915153368085],[107.355233686389,-6.7264142932826765],[107.35076116702004,-6.728571783539933],[107.3502300307271,-6.733306449894252],[107.35417131799463,-6.735883474236779],[107.35864364816537,-6.733726029927989]]]},"properties":{"h3":"888c10d0a5fffff","incumbentScore":0,"method":"modeled_from_supply_density","realData":false}},{"type":"Feature","geometry":{"type":"Polygon","coordinates":[[[107.34475377178968,-6.932790019619416],[107.34528450448312,-6.92806491107019],[107.3413453329377,-6.925495657039938],[107.3368753355709,-6.927651709562993],[107.33634469861293,-6.932376969086086],[107.34028396327724,-6.934946025120922],[107.34475377178968,-6.932790019619416]]]},"properties":{"h3":"888c146c53fffff","incumbentScore":0,"method":"modeled_from_supply_density","realData":false}},{"type":"Feature","geometry":{"type":"Polygon","coordinates":[[[107.27292984602273,-7.007638807184522],[107.273459626329,-7.0029162307207145],[107.26951881898954,-7.000348828711357],[107.26504813909034,-7.002504201057456],[107.26451845477614,-7.0072269275162045],[107.26845935436006,-7.009794131642651],[107.27292984602273,-7.007638807184522]]]},"properties":{"h3":"888c146595fffff","incumbentScore":0,"method":"modeled_from_supply_density","realData":false}},{"type":"Feature","geometry":{"type":"Polygon","coordinates":[[[107.45583115788365,-6.959600194903824],[107.45636311574555,-6.954878128261909],[107.45242830601713,-6.952311912340724],[107.44796144403493,-6.954467961463626],[107.4474295814223,-6.95919018012435],[107.45136448553353,-6.961756197651967],[107.45583115788365,-6.959600194903824]]]},"properties":{"h3":"888c1461e3fffff","incumbentScore":0,"method":"modeled_from_supply_density","realData":false}},{"type":"Feature","geometry":{"type":"Polygon","coordinates":[[[107.46019819514513,-6.845795946554883],[107.46073039789388,-6.841068429790081],[107.45679430445507,-6.8384975752982875],[107.45232591375616,-6.840654435803813],[107.451793806308,-6.84538210500726],[107.45572999424907,-6.847952761275101],[107.46019819514513,-6.845795946554883]]]},"properties":{"h3":"888c1468a1fffff","incumbentScore":0.002,"method":"modeled_from_supply_density","realData":false}},{"type":"Feature","geometry":{"type":"Polygon","coordinates":[[[107.49443032670426,-6.954360946406499],[107.49496273400011,-6.949639233089936],[107.49102926195434,-6.947073471946778],[107.48656328777383,-6.949229622637072],[107.48603097556692,-6.953951488382687],[107.48996454244248,-6.956517051017521],[107.49443032670426,-6.954360946406499]]]},"properties":{"h3":"888c14613dfffff","incumbentScore":0,"method":"modeled_from_supply_density","realData":false}},{"type":"Feature","geometry":{"type":"Polygon","coordinates":[[[107.31293312232306,-6.952606203540707],[107.313463456079,-6.947881564048665],[107.30952338892334,-6.945312578786237],[107.3050528952631,-6.947468430949371],[107.30452265736469,-6.952193221025184],[107.30846281725991,-6.954762008362786],[107.31293312232306,-6.952606203540707]]]},"properties":{"h3":"888c146eb9fffff","incumbentScore":0,"method":"modeled_from_supply_density","realData":false}},{"type":"Feature","geometry":{"type":"Polygon","coordinates":[[[107.45977690689718,-6.774443974168031],[107.4603092270596,-6.769713008008741],[107.45637221431501,-6.767139198751084],[107.45190278685808,-6.769296553765465],[107.45137056204183,-6.774027672592768],[107.45530766932725,-6.77660128374623],[107.45977690689718,-6.774443974168031]]]},"properties":{"h3":"888c10d30bfffff","incumbentScore":0,"method":"modeled_from_supply_density","realData":false}},{"type":"Feature","geometry":{"type":"Polygon","coordinates":[[[107.56780702088673,-6.865335451980447],[107.56834041671989,-6.8606105844604794],[107.56440849547339,-6.858042405301803],[107.55994308265774,-6.860199292270105],[107.55940978165648,-6.864924313261437],[107.56334179862988,-6.86749229382159],[107.56780702088673,-6.865335451980447]]]},"properties":{"h3":"888c146b07fffff","incumbentScore":0.002,"method":"modeled_from_supply_density","realData":false}},{"type":"Feature","geometry":{"type":"Polygon","coordinates":[[[107.33224577154641,-7.081721428778237],[107.33277610626232,-7.077003393929759],[107.32883837339213,-7.074440093663593],[107.32437021291163,-7.076595026442502],[107.32383997389212,-7.081313211647347],[107.32777779964765,-7.083876313725619],[107.33224577154641,-7.081721428778237]]]},"properties":{"h3":"888c146449fffff","incumbentScore":0,"method":"modeled_from_supply_density","realData":false}},{"type":"Feature","geometry":{"type":"Polygon","coordinates":[[[107.6227937930808,-6.789619178797561],[107.62332794401604,-6.784891535124471],[107.61939707982967,-6.782321171081912],[107.61493196829477,-6.784478649368929],[107.61439791200364,-6.789206447324463],[107.6183288725942,-6.791776612718977],[107.6227937930808,-6.789619178797561]]]},"properties":{"h3":"888c16b599fffff","incumbentScore":0.156,"method":"modeled_from_supply_density","realData":false}},{"type":"Feature","geometry":{"type":"Polygon","coordinates":[[[107.37086156626034,-7.076480097829421],[107.37139235239196,-7.071762406406022],[107.36745594654704,-7.069199562467575],[107.36298866122773,-7.071354608264913],[107.36245797063279,-7.076072450455023],[107.36639446981147,-7.078635096089772],[107.37086156626034,-7.076480097829421]]]},"properties":{"h3":"888c146755fffff","incumbentScore":0,"method":"modeled_from_supply_density","realData":false}},{"type":"Feature","geometry":{"type":"Polygon","coordinates":[[[107.38223061985128,-7.0129772613315895],[107.38276164480556,-7.008256642490563],[107.37882484418633,-7.0056913600447],[107.37435692510073,-7.007846894690695],[107.37382599567424,-7.012567664624351],[107.3777628897965,-7.01513274882805],[107.38223061985128,-7.0129772613315895]]]},"properties":{"h3":"888c146097fffff","incumbentScore":0,"method":"modeled_from_supply_density","realData":false}},{"type":"Feature","geometry":{"type":"Polygon","coordinates":[[[107.45658328377583,-6.802825161026343],[107.45711551883973,-6.798095512289848],[107.45317874955252,-6.795522819572271],[107.4487096507056,-6.797679973741154],[107.448177510984,-6.802409775020222],[107.45211437475797,-6.804982269596402],[107.45658328377583,-6.802825161026343]]]},"properties":{"h3":"888c10d265fffff","incumbentScore":0,"method":"modeled_from_supply_density","realData":false}},{"type":"Feature","geometry":{"type":"Polygon","coordinates":[[[107.35338528308488,-6.968838823154788],[107.3539160531162,-6.964115602828271],[107.34997765036668,-6.961547989834447],[107.34550838437994,-6.963703795256243],[107.34497771002543,-6.9684271665266015],[107.34891620597183,-6.970994581439993],[107.35338528308488,-6.968838823154788]]]},"properties":{"h3":"888c146e13fffff","incumbentScore":0,"method":"modeled_from_supply_density","realData":false}},{"type":"Feature","geometry":{"type":"Polygon","coordinates":[[[107.42498210668387,-6.858322601507858],[107.4255138854908,-6.853595136432929],[107.42157667209918,-6.851024191074299],[107.41710758580244,-6.85318090893115],[107.41657590243759,-6.857908526043813],[107.42051320991833,-6.860479273270482],[107.42498210668387,-6.858322601507858]]]},"properties":{"h3":"888c146d6dfffff","incumbentScore":0,"method":"modeled_from_supply_density","realData":false}},{"type":"Feature","geometry":{"type":"Polygon","coordinates":[[[107.5170076884339,-6.791541659788771],[107.51754063244923,-6.786812422719282],[107.51360592054424,-6.784240306795842],[107.50913816942595,-6.786397626265705],[107.50860532050349,-6.7911270165323465],[107.51254012759736,-6.793698934140484],[107.5170076884339,-6.791541659788771]]]},"properties":{"h3":"888c16a6d1fffff","incumbentScore":0,"method":"modeled_from_supply_density","realData":false}},{"type":"Feature","geometry":{"type":"Polygon","coordinates":[[[107.468392415769,-6.81054163565732],[107.46892477250564,-6.805812545485348],[107.46498853034167,-6.803240375276086],[107.46051983681392,-6.8053974934392825],[107.45998757536478,-6.810126736249289],[107.46392391214681,-6.812698708266625],[107.468392415769,-6.81054163565732]]]},"properties":{"h3":"888c1469bbfffff","incumbentScore":0.001,"method":"modeled_from_supply_density","realData":false}},{"type":"Feature","geometry":{"type":"Polygon","coordinates":[[[107.31270544367709,-6.916958972063626],[107.31323583568987,-6.912232595926802],[107.30929530809213,-6.90966213387681],[107.30482429571431,-6.911818245839415],[107.30429399958199,-6.916544772674034],[107.30823461993798,-6.91911503685693],[107.31270544367709,-6.916958972063626]]]},"properties":{"h3":"888c146cc7fffff","incumbentScore":0,"method":"modeled_from_supply_density","realData":false}},{"type":"Feature","geometry":{"type":"Polygon","coordinates":[[[107.27587679530843,-6.943658349292455],[107.27640671865434,-6.938932700222115],[107.27246520515519,-6.936362704865874],[107.26799367598456,-6.938518556380052],[107.26746384865785,-6.943244355684246],[107.27140545447355,-6.945814153249119],[107.27587679530843,-6.943658349292455]]]},"properties":{"h3":"888c109b29fffff","incumbentScore":0,"method":"modeled_from_supply_density","realData":false}},{"type":"Feature","geometry":{"type":"Polygon","coordinates":[[[107.42252702268645,-6.729767298170589],[107.42305899340974,-6.725033595853304],[107.41912006201646,-6.722457305109724],[107.41464906575217,-6.724614914601627],[107.4141171905604,-6.7293487693507],[107.41805621609232,-6.731924862184644],[107.42252702268645,-6.729767298170589]]]},"properties":{"h3":"888c10d119fffff","incumbentScore":0,"method":"modeled_from_supply_density","realData":false}},{"type":"Feature","geometry":{"type":"Polygon","coordinates":[[[107.5840113463816,-6.759180036422526],[107.58454510890242,-6.754450307943774],[107.58061243691574,-6.751878011710837],[107.57614590642082,-6.754035642439188],[107.57561223872779,-6.758765524905671],[107.57954500669283,-6.761337622664529],[107.5840113463816,-6.759180036422526]]]},"properties":{"h3":"888c16a62bfffff","incumbentScore":0,"method":"modeled_from_supply_density","realData":false}},{"type":"Feature","geometry":{"type":"Polygon","coordinates":[[[107.53061233181555,-6.8207394050982915],[107.5311453807844,-6.8160117918736765],[107.52721153519262,-6.813441119157171],[107.52274454529554,-6.81559825808087],[107.52221159134386,-6.820326024545383],[107.52614553226299,-6.8228964988548],[107.53061233181555,-6.8207394050982915]]]},"properties":{"h3":"888c146915fffff","incumbentScore":0.001,"method":"modeled_from_supply_density","realData":false}},{"type":"Feature","geometry":{"type":"Polygon","coordinates":[[[107.36634917940424,-6.891084377434753],[107.36688023093747,-6.886357580964485],[107.362941310244,-6.883786976484133],[107.358471244615,-6.88594336648024],[107.35794028875168,-6.890670314281575],[107.36187930283839,-6.893240720764379],[107.36634917940424,-6.891084377434753]]]},"properties":{"h3":"888c146c21fffff","incumbentScore":0,"method":"modeled_from_supply_density","realData":false}},{"type":"Feature","geometry":{"type":"Polygon","coordinates":[[[107.36201426436915,-7.0048713624178705],[107.36254507166956,-7.000150032834116],[107.35860743761326,-6.997584062494033],[107.35413890297265,-6.999739619911124],[107.35360819129038,-7.004461100408215],[107.35754591862151,-7.007026872583551],[107.36201426436915,-7.0048713624178705]]]},"properties":{"h3":"888c146563fffff","incumbentScore":0,"method":"modeled_from_supply_density","realData":false}},{"type":"Feature","geometry":{"type":"Polygon","coordinates":[[[107.42722078433499,-6.9510803990351935],[107.42775242991576,-6.946357468642547],[107.42381647360226,-6.943790401782998],[107.4193487776402,-6.945946463613394],[107.41881722743504,-6.950669545761544],[107.42275327780726,-6.953236414332405],[107.42722078433499,-6.9510803990351935]]]},"properties":{"h3":"888c1461b1fffff","incumbentScore":0,"method":"modeled_from_supply_density","realData":false}},{"type":"Feature","geometry":{"type":"Polygon","coordinates":[[[107.43360146636293,-6.8943906390658345],[107.43413328196672,-6.889665056288579],[107.43019683843947,-6.887095751920172],[107.42572848513286,-6.889252228555806],[107.42519676491254,-6.893977963340428],[107.42913330260629,-6.896547069490647],[107.43360146636293,-6.8943906390658345]]]},"properties":{"h3":"888c146f2dfffff","incumbentScore":0,"method":"modeled_from_supply_density","realData":false}},{"type":"Feature","geometry":{"type":"Polygon","coordinates":[[[107.24792929502284,-7.042023819458618],[107.24845872920143,-7.0373025377261405],[107.2445174612588,-7.0347361250775045],[107.24004666719364,-7.036891192025952],[107.23951732909109,-7.041612623385445],[107.24345868896863,-7.044178838178234],[107.24792929502284,-7.042023819458618]]]},"properties":{"h3":"888c1464bdfffff","incumbentScore":0,"method":"modeled_from_supply_density","realData":false}},{"type":"Feature","geometry":{"type":"Polygon","coordinates":[[[107.31657033931303,-6.731626423172805],[107.31710109204987,-6.726891150617154],[107.31315835354216,-6.724313123209276],[107.30868476937495,-6.726470565938519],[107.30815411261666,-6.731205989831539],[107.31209694403796,-6.73378381966659],[107.31657033931303,-6.731626423172805]]]},"properties":{"h3":"888c10c251fffff","incumbentScore":0,"method":"modeled_from_supply_density","realData":false}},{"type":"Feature","geometry":{"type":"Polygon","coordinates":[[[107.49623393325913,-6.97581023905176],[107.4967663243204,-6.971089597671608],[107.49283318983866,-6.968524759029273],[107.48836756944915,-6.97068076032363],[107.48783527345601,-6.975401554079863],[107.49176850277517,-6.977966194174219],[107.49623393325913,-6.97581023905176]]]},"properties":{"h3":"888c14610bfffff","incumbentScore":0,"method":"modeled_from_supply_density","realData":false}},{"type":"Feature","geometry":{"type":"Polygon","coordinates":[[[107.36772104485631,-6.841234200444517],[107.3682521973265,-6.83650501150617],[107.3643126941544,-6.833932372594395],[107.35984194506406,-6.836089120550154],[107.35931088828872,-6.840818460996233],[107.36325048489982,-6.843390901987465],[107.36772104485631,-6.841234200444517]]]},"properties":{"h3":"888c10d2d9fffff","incumbentScore":0,"method":"modeled_from_supply_density","realData":false}},{"type":"Feature","geometry":{"type":"Polygon","coordinates":[[[107.32134306693598,-6.953019011449352],[107.32187349651367,-6.948294522625704],[107.31793373750797,-6.945725699944758],[107.313463456079,-6.947881564048665],[107.31293312232306,-6.952606203540707],[107.31687297416528,-6.95517482826914],[107.32134306693598,-6.953019011449352]]]},"properties":{"h3":"888c146e87fffff","incumbentScore":0,"method":"modeled_from_supply_density","realData":false}},{"type":"Feature","geometry":{"type":"Polygon","coordinates":[[[107.28839169710562,-7.0582374161567865],[107.28892156869449,-7.053517552118988],[107.28498195920766,-7.050952513759693],[107.28051238572985,-7.053107537458028],[107.27998261003667,-7.057827551482712],[107.28392231191658,-7.060392391830908],[107.28839169710562,-7.0582374161567865]]]},"properties":{"h3":"888c146417fffff","incumbentScore":0,"method":"modeled_from_supply_density","realData":false}},{"type":"Feature","geometry":{"type":"Polygon","coordinates":[[[107.47582583555293,-6.9320858087717045],[107.47635806882583,-6.9273627195739715],[107.47242363724546,-6.924795710028342],[107.46795687775354,-6.926951988102607],[107.46742473966208,-6.931675229613861],[107.471359265872,-6.9342420407459135],[107.47582583555293,-6.9320858087717045]]]},"properties":{"h3":"888c146ad5fffff","incumbentScore":0.002,"method":"modeled_from_supply_density","realData":false}},{"type":"Feature","geometry":{"type":"Polygon","coordinates":[[[107.35771780298033,-6.855005159557756],[107.35824881724731,-6.850276480550271],[107.35430912725906,-6.847704237474887],[107.34983832967947,-6.849860871326697],[107.3493074111411,-6.854589701694637],[107.35324719444462,-6.857161746858953],[107.35771780298033,-6.855005159557756]]]},"properties":{"h3":"888c146de1fffff","incumbentScore":0,"method":"modeled_from_supply_density","realData":false}},{"type":"Feature","geometry":{"type":"Polygon","coordinates":[[[107.3706407163635,-7.0408876174797],[107.37117156086428,-7.03616818115013],[107.36723469539827,-7.033603855073988],[107.36276689206973,-7.035759163584417],[107.36223614312846,-7.040478750796317],[107.36617310194713,-7.043042878624121],[107.3706407163635,-7.0408876174797]]]},"properties":{"h3":"888c146723fffff","incumbentScore":0,"method":"modeled_from_supply_density","realData":false}},{"type":"Feature","geometry":{"type":"Polygon","coordinates":[[[107.40614076457557,-6.800330268515667],[107.40667242704752,-6.795599705793584],[107.40273379567195,-6.793026041112607],[107.39826340790839,-6.795183137138238],[107.39773184099393,-6.799913851894767],[107.40167056627648,-6.802487318599802],[107.40614076457557,-6.800330268515667]]]},"properties":{"h3":"888c10d233fffff","incumbentScore":0,"method":"modeled_from_supply_density","realData":false}},{"type":"Feature","geometry":{"type":"Polygon","coordinates":[[[107.62138330940495,-6.8394516907878495],[107.62191735861373,-6.834726427343081],[107.61798707341589,-6.832158105856378],[107.61352264264305,-6.8343152465489565],[107.612988688054,-6.839040664096254],[107.61691906960897,-6.841608786856898],[107.62138330940495,-6.8394516907878495]]]},"properties":{"h3":"888c16b4c1fffff","incumbentScore":0.001,"method":"modeled_from_supply_density","realData":false}},{"type":"Feature","geometry":{"type":"Polygon","coordinates":[[[107.39047935380792,-6.713888567912274],[107.3910109847408,-6.709153599150547],[107.38707069085167,-6.706576106198815],[107.38259867224211,-6.708733779797303],[107.3820671369862,-6.713468900713275],[107.38600752465375,-6.716046195885085],[107.39047935380792,-6.713888567912274]]]},"properties":{"h3":"888c10d18dfffff","incumbentScore":0,"method":"modeled_from_supply_density","realData":false}},{"type":"Feature","geometry":{"type":"Polygon","coordinates":[[[107.37453701928862,-6.85583555684862],[107.3750682249055,-6.851107180816287],[107.37112915323381,-6.848535261927265],[107.36665878242724,-6.850691917045582],[107.3661276724674,-6.855420444607854],[107.370066837648,-6.857992165530493],[107.37453701928862,-6.85583555684862]]]},"properties":{"h3":"888c146d3bfffff","incumbentScore":0,"method":"modeled_from_supply_density","realData":false}},{"type":"Feature","geometry":{"type":"Polygon","coordinates":[[[107.63817095510183,-6.840273227636204],[107.63870519344209,-6.835548272648451],[107.63477553532849,-6.832980277456564],[107.63031154231663,-6.835137436041407],[107.62977739852411,-6.839862545299647],[107.63370715318659,-6.842430341710993],[107.63817095510183,-6.840273227636204]]]},"properties":{"h3":"888c16b41bfffff","incumbentScore":0.001,"method":"modeled_from_supply_density","realData":false}},{"type":"Feature","geometry":{"type":"Polygon","coordinates":[[[107.21086488437038,-7.033089033671897],[107.21139390713542,-7.02836674500838],[107.2074511983531,-7.0257993205314815],[107.20297937528555,-7.027954382449349],[107.20245044875793,-7.032676820390193],[107.2063932490514,-7.03524404714462],[107.21086488437038,-7.033089033671897]]]},"properties":{"h3":"888c10912dfffff","incumbentScore":0,"method":"modeled_from_supply_density","realData":false}},{"type":"Feature","geometry":{"type":"Polygon","coordinates":[[[107.49200593383827,-6.825969879313612],[107.49253853367266,-6.821241906898055],[107.48860334644029,-6.818670782506354],[107.48413546448408,-6.820827828831532],[107.48360295982759,-6.825555954075728],[107.48753824194031,-6.828126880174646],[107.49200593383827,-6.825969879313612]]]},"properties":{"h3":"888c146989fffff","incumbentScore":0.157,"method":"modeled_from_supply_density","realData":false}},{"type":"Feature","geometry":{"type":"Polygon","coordinates":[[[107.27975117470804,-7.022216455926086],[107.280281008528,-7.017494696811816],[107.27634063126173,-7.014928016320013],[107.27187032785181,-7.017083292878799],[107.27134058998621,-7.021805202009975],[107.2752810595671,-7.02437168457418],[107.27975117470804,-7.022216455926086]]]},"properties":{"h3":"888c1465d7fffff","incumbentScore":0,"method":"modeled_from_supply_density","realData":false}},{"type":"Feature","geometry":{"type":"Polygon","coordinates":[[[107.36546284432092,-6.7483472115062435],[107.36599412963744,-6.743613506829656],[107.36205336747543,-6.74103700273455],[107.357581226519,-6.7431944010829525],[107.3570500369641,-6.7479282575455155],[107.3609908925949,-6.750504563882325],[107.36546284432092,-6.7483472115062435]]]},"properties":{"h3":"888c10d0e7fffff","incumbentScore":0,"method":"modeled_from_supply_density","realData":false}},{"type":"Feature","geometry":{"type":"Polygon","coordinates":[[[107.46700524879513,-6.860390387168498],[107.46753750427474,-6.855663683549886],[107.46360184325783,-6.853093550575986],[107.4591338321805,-6.855250319498853],[107.45860167196372,-6.8599771755776535],[107.46253742755235,-6.86254711028196],[107.46700524879513,-6.860390387168498]]]},"properties":{"h3":"888c1468e3fffff","incumbentScore":0.753,"method":"modeled_from_supply_density","realData":false}},{"type":"Feature","geometry":{"type":"Polygon","coordinates":[[[107.22427932562339,-7.026623842844922],[107.22480851388971,-7.021901444138763],[107.22086620306541,-7.019333984619071],[107.21639461229549,-7.021489121570048],[107.21586552021424,-7.026211669711802],[107.21980792270882,-7.028778931475761],[107.22427932562339,-7.026623842844922]]]},"properties":{"h3":"888c109a51fffff","incumbentScore":0,"method":"modeled_from_supply_density","realData":false}},{"type":"Feature","geometry":{"type":"Polygon","coordinates":[[[107.42114640419223,-6.779666335542825],[107.42167827374234,-6.774935012370952],[107.41773992445877,-6.772360753735031],[107.41326961152348,-6.774518016269026],[107.41273783748002,-6.7792494916963415],[107.4166762808561,-6.781823552342798],[107.42114640419223,-6.779666335542825]]]},"properties":{"h3":"888c10d041fffff","incumbentScore":0,"method":"modeled_from_supply_density","realData":false}},{"type":"Feature","geometry":{"type":"Polygon","coordinates":[[[107.33338644088825,-6.9963518082752785],[107.33391693459896,-6.991629617696531],[107.32997815943268,-6.989062796993319],[107.32550879759707,-6.991218364937122],[107.3249783996306,-6.995940706165223],[107.32891726774648,-6.998507328808845],[107.33338644088825,-6.9963518082752785]]]},"properties":{"h3":"888c146531fffff","incumbentScore":0,"method":"modeled_from_supply_density","realData":false}},{"type":"Feature","geometry":{"type":"Polygon","coordinates":[[[107.50561385648253,-6.8551585941308835],[107.50614656147141,-6.850432247401133],[107.50221223985965,-6.847862566674409],[107.49774511823095,-6.850019431070095],[107.4972125083443,-6.854745930671219],[107.50114692497505,-6.857315413013814],[107.50561385648253,-6.8551585941308835]]]},"properties":{"h3":"888c14683dfffff","incumbentScore":0.001,"method":"modeled_from_supply_density","realData":false}},{"type":"Feature","geometry":{"type":"Polygon","coordinates":[[[107.48839601232835,-6.7829949165171435],[107.48892864464007,-6.778264814438117],[107.48499278156582,-6.775691851416205],[107.48052419130575,-6.7778491886917],[107.47999165421359,-6.7825794437035345],[107.4839276121529,-6.785152208515604],[107.48839601232835,-6.7829949165171435]]]},"properties":{"h3":"888c10d34dfffff","incumbentScore":0,"method":"modeled_from_supply_density","realData":false}},{"type":"Feature","geometry":{"type":"Polygon","coordinates":[[[107.62958649024935,-6.8042128921549905],[107.630120693205,-6.799486060266742],[107.62619026321994,-6.796916419219497],[107.62172553379715,-6.79907380876277],[107.62119142544773,-6.8038007949541885],[107.62512195190577,-6.806370237307596],[107.62958649024935,-6.8042128921549905]]]},"properties":{"h3":"888c16b5dbfffff","incumbentScore":0.156,"method":"modeled_from_supply_density","realData":false}},{"type":"Feature","geometry":{"type":"Polygon","coordinates":[[[107.4042537840685,-7.042521323355229],[107.40478501044996,-7.037802491396854],[107.40084938154868,-7.035238819449632],[107.39638243251801,-7.037394177827881],[107.39585130155308,-7.0421131610052905],[107.39978702419326,-7.044676634594063],[107.4042537840685,-7.042521323355229]]]},"properties":{"h3":"888c1460d9fffff","incumbentScore":0,"method":"modeled_from_supply_density","realData":false}},{"type":"Feature","geometry":{"type":"Polygon","coordinates":[[[107.37409580989329,-6.784469400610418],[107.37462713244761,-6.779737570695098],[107.37068714017639,-6.777162701473039],[107.36621573179497,-6.7793198600217],[107.36568450494347,-6.784051841694604],[107.36962459076149,-6.786626513069869],[107.37409580989329,-6.784469400610418]]]},"properties":{"h3":"888c10d2a7fffff","incumbentScore":0,"method":"modeled_from_supply_density","realData":false}},{"type":"Feature","geometry":{"type":"Polygon","coordinates":[[[107.38201104712732,-6.977361865882725],[107.38254213050583,-6.972639507071628],[107.37860487016664,-6.9700727440201975],[107.37413643291794,-6.972228537974153],[107.37360544509005,-6.976951047993129],[107.3775427989512,-6.979517612858924],[107.38201104712732,-6.977361865882725]]]},"properties":{"h3":"888c146e55fffff","incumbentScore":0,"method":"modeled_from_supply_density","realData":false}},{"type":"Feature","geometry":{"type":"Polygon","coordinates":[[[107.4756170914988,-6.896451416626031],[107.47614938348208,-6.891726595151392],[107.47221449268176,-6.889158104658715],[107.46774721524024,-6.891314634004909],[107.46721501846116,-6.896039607908751],[107.47115000391031,-6.89860790004577],[107.4756170914988,-6.896451416626031]]]},"properties":{"h3":"888c146aa3fffff","incumbentScore":0.001,"method":"modeled_from_supply_density","realData":false}},{"type":"Feature","geometry":{"type":"Polygon","coordinates":[[[107.44264345534022,-7.001680180062683],[107.44317519047223,-6.996959955600411],[107.43924043536612,-6.994395256857268],[107.4347738509134,-6.9965509810027],[107.43424221106065,-7.001271357210049],[107.43817706037228,-7.003835857535511],[107.44264345534022,-7.001680180062683]]]},"properties":{"h3":"888c146033fffff","incumbentScore":0,"method":"modeled_from_supply_density","realData":false}},{"type":"Feature","geometry":{"type":"Polygon","coordinates":[[[107.42976862625932,-6.815767486996076],[107.43030053265164,-6.811038040465598],[107.42636295358905,-6.8084654197661045],[107.42189337395502,-6.810622443682875],[107.42136156301066,-6.8153520424393035],[107.42529923624329,-6.8179244650615916],[107.42976862625932,-6.815767486996076]]]},"properties":{"h3":"888c10d201fffff","incumbentScore":0,"method":"modeled_from_supply_density","realData":false}},{"type":"Feature","geometry":{"type":"Polygon","coordinates":[[[107.58721413445618,-6.730798383622135],[107.5877479821602,-6.726067342726064],[107.58381506830241,-6.723493928119307],[107.57934821069888,-6.725651752853337],[107.57881445782634,-6.730382947863344],[107.58274746771674,-6.73295616403384],[107.58721413445618,-6.730798383622135]]]},"properties":{"h3":"888c16a713fffff","incumbentScore":0.001,"method":"modeled_from_supply_density","realData":false}},{"type":"Feature","geometry":{"type":"Polygon","coordinates":[[[107.29655429820492,-6.759194226038474],[107.29708477390668,-6.7544599684757625],[107.29314166411663,-6.751882731332807],[107.28866798595024,-6.754039949316349],[107.28813760629454,-6.758774357921938],[107.29208080875011,-6.7613513975097534],[107.29655429820492,-6.759194226038474]]]},"properties":{"h3":"888c10d50dfffff","incumbentScore":0,"method":"modeled_from_supply_density","realData":false}},{"type":"Feature","geometry":{"type":"Polygon","coordinates":[[[107.2826992499094,-6.958247334185747],[107.28322922677788,-6.9535225007200285],[107.27928814355933,-6.950953225796725],[107.27481699107646,-6.953108982184417],[107.27428711018943,-6.957833965906277],[107.27822828579477,-6.960403042993028],[107.2826992499094,-6.958247334185747]]]},"properties":{"h3":"888c109b6bfffff","incumbentScore":0,"method":"modeled_from_supply_density","realData":false}},{"type":"Feature","geometry":{"type":"Polygon","coordinates":[[[107.39816752853203,-6.871262296501289],[107.39869897839115,-6.866535037144153],[107.39476095728847,-6.863964163262646],[107.3902913925454,-6.866120746814164],[107.3897600382339,-6.870848157892547],[107.39369815310877,-6.873418833706771],[107.39816752853203,-6.871262296501289]]]},"properties":{"h3":"888c146d09fffff","incumbentScore":0,"method":"modeled_from_supply_density","realData":false}},{"type":"Feature","geometry":{"type":"Polygon","coordinates":[[[107.42934021606925,-6.744384991249669],[107.42987223973168,-6.739652098819752],[107.42593374070344,-6.737076526949119],[107.42146312379536,-6.739234045473211],[107.4209311956266,-6.743967090357314],[107.42486978886315,-6.746542464271705],[107.42934021606925,-6.744384991249669]]]},"properties":{"h3":"888c10d15bfffff","incumbentScore":0,"method":"modeled_from_supply_density","realData":false}},{"type":"Feature","geometry":{"type":"Polygon","coordinates":[[[107.4128717066574,-7.078515684012134],[107.4134029699363,-7.073798747683498],[107.40946810980684,-7.071236722786587],[107.40500189257307,-7.073391832668159],[107.40447072465213,-7.078108920183821],[107.40840567859794,-7.080670746639527],[107.4128717066574,-7.078515684012134]]]},"properties":{"h3":"888c146299fffff","incumbentScore":0,"method":"modeled_from_supply_density","realData":false}},{"type":"Feature","geometry":{"type":"Polygon","coordinates":[[[107.53741319662866,-6.835333675048963],[107.53794629802114,-6.830606874363216],[107.5340128856269,-6.8280369237932135],[107.52954627643453,-6.8301939723702665],[107.52901327002145,-6.834920926317111],[107.53294677781221,-6.837490678434314],[107.53741319662866,-6.835333675048963]]]},"properties":{"h3":"888c146957fffff","incumbentScore":0.156,"method":"modeled_from_supply_density","realData":false}},{"type":"Feature","geometry":{"type":"Polygon","coordinates":[[[107.61260292398256,-6.76772285454122],[107.61313699682077,-6.762993993961325],[107.60920548138215,-6.76042254610247],[107.60473979679522,-6.762580157411075],[107.60420581865786,-6.767309172242101],[107.60813743039746,-6.769880421521832],[107.61260292398256,-6.76772285454122]]]},"properties":{"h3":"888c16a66dfffff","incumbentScore":0,"method":"modeled_from_supply_density","realData":false}},{"type":"Feature","geometry":{"type":"Polygon","coordinates":[[[107.33681216281073,-6.73977868927393],[107.33734313407055,-6.735044124519556],[107.3334012287235,-6.732466777856588],[107.32892825896474,-6.734624193608387],[107.32839738359293,-6.739358909882033],[107.33233938208281,-6.741936058893242],[107.33681216281073,-6.73977868927393]]]},"properties":{"h3":"888c10d0b5fffff","incumbentScore":0,"method":"modeled_from_supply_density","realData":false}},{"type":"Feature","geometry":{"type":"Polygon","coordinates":[[[107.37316419099811,-6.905676876686426],[107.37369529566716,-6.900950894493273],[107.3697568063217,-6.898381010899889],[107.36528711883506,-6.900537307551277],[107.36475610979817,-6.905263441097433],[107.3686946926067,-6.907833126647831],[107.37316419099811,-6.905676876686426]]]},"properties":{"h3":"888c146c63fffff","incumbentScore":0,"method":"modeled_from_supply_density","realData":false}},{"type":"Feature","geometry":{"type":"Polygon","coordinates":[[[107.3013415272149,-6.98053730330459],[107.30187168018975,-6.975813844385138],[107.29793155020931,-6.973245813483278],[107.29346117465599,-6.97540143944136],[107.29293111757025,-6.980125048734756],[107.29687134013969,-6.982692881704829],[107.3013415272149,-6.98053730330459]]]},"properties":{"h3":"888c1465a5fffff","incumbentScore":0,"method":"modeled_from_supply_density","realData":false}},{"type":"Feature","geometry":{"type":"Polygon","coordinates":[[[107.43838831701687,-6.851852452820715],[107.43892026018277,-6.847124885482845],[107.43498345123693,-6.844553904356385],[107.43051460486865,-6.846710688740593],[107.42998275709205,-6.851438408274423],[107.43391966028537,-6.854009191236658],[107.43838831701687,-6.851852452820715]]]},"properties":{"h3":"888c1468b1fffff","incumbentScore":0.156,"method":"modeled_from_supply_density","realData":false}},{"type":"Feature","geometry":{"type":"Polygon","coordinates":[[[107.50741712172984,-6.876630352505459],[107.50794981044602,-6.8719050732126155],[107.50401582659757,-6.869336313290081],[107.4995490589973,-6.871493031093802],[107.4990164653626,-6.876218463205496],[107.5029505442376,-6.878787024703157],[107.50741712172984,-6.876630352505459]]]},"properties":{"h3":"888c14680bfffff","incumbentScore":0.156,"method":"modeled_from_supply_density","realData":false}},{"type":"Feature","geometry":{"type":"Polygon","coordinates":[[[107.43796196236273,-6.78049950906487],[107.4384940228186,-6.77576849065815],[107.43455629425719,-6.773194555682214],[107.43008641094502,-6.775351837166186],[107.42955444592411,-6.780083007997851],[107.43349226877133,-6.782656744929146],[107.43796196236273,-6.78049950906487]]]},"properties":{"h3":"888c10d31bfffff","incumbentScore":0,"method":"modeled_from_supply_density","realData":false}},{"type":"Feature","geometry":{"type":"Polygon","coordinates":[[[107.34338577190246,-6.982595949459575],[107.34391640378715,-6.9778732436780455],[107.33997781470565,-6.975306026839923],[107.33550850065708,-6.977461713862079],[107.33497796448289,-6.982184570440201],[107.33891664663768,-6.984751589208259],[107.34338577190246,-6.982595949459575]]]},"properties":{"h3":"888c146ec9fffff","incumbentScore":0,"method":"modeled_from_supply_density","realData":false}},{"type":"Feature","geometry":{"type":"Polygon","coordinates":[[[107.31043518531106,-7.087777752002321],[107.31096525950333,-7.0830596759730655],[107.3070268179286,-7.080496246761792],[107.30255820952254,-7.082651091715623],[107.30202823111485,-7.0873693178591255],[107.30596676531958,-7.089932548943287],[107.31043518531106,-7.087777752002321]]]},"properties":{"h3":"888c146459fffff","incumbentScore":0,"method":"modeled_from_supply_density","realData":false}},{"type":"Feature","geometry":{"type":"Polygon","coordinates":[[[107.39925586674784,-7.049395208603138],[107.39978702419326,-7.044676634594063],[107.39585130155308,-7.0421131610052905],[107.39138432778121,-7.044268459787316],[107.39085326576918,-7.048987184941775],[107.39478908208658,-7.051550460177488],[107.39925586674784,-7.049395208603138]]]},"properties":{"h3":"888c146765fffff","incumbentScore":0,"method":"modeled_from_supply_density","realData":false}},{"type":"Feature","geometry":{"type":"Polygon","coordinates":[[[107.41062943502894,-6.98588067849104],[107.41116083131055,-6.981159182120331],[107.40722471488841,-6.97859326986601],[107.40275710832903,-6.980749052281646],[107.40222580747182,-6.985470700123827],[107.40616201774054,-6.988036414087523],[107.41062943502894,-6.98588067849104]]]},"properties":{"h3":"888c1460a7fffff","incumbentScore":0,"method":"modeled_from_supply_density","realData":false}},{"type":"Feature","geometry":{"type":"Polygon","coordinates":[[[107.38179142366204,-6.941732818392871],[107.3823225654776,-6.937008722274438],[107.37838484531117,-6.934440479675123],[107.37391588977928,-6.9365965313313245],[107.37338484353724,-6.941320778772632],[107.37732265724452,-6.9438888232435],[107.38179142366204,-6.941732818392871]]]},"properties":{"h3":"888c146e23fffff","incumbentScore":0,"method":"modeled_from_supply_density","realData":false}},{"type":"Feature","geometry":{"type":"Polygon","coordinates":[[[107.46624805945363,-7.017063572264585],[107.46678003771778,-7.012344468979506],[107.46284633513595,-7.009780821548042],[107.4583805598133,-7.0119364759272464],[107.45784867671905,-7.0166557311463205],[107.46178247376851,-7.019219180060797],[107.46624805945363,-7.017063572264585]]]},"properties":{"h3":"888c146001fffff","incumbentScore":0,"method":"modeled_from_supply_density","realData":false}},{"type":"Feature","geometry":{"type":"Polygon","coordinates":[[[107.49881038054598,-6.840565771590757],[107.49934303297533,-6.835838611812949],[107.4954082785395,-6.833268209072819],[107.49094077671555,-6.83542516445755],[107.49040821942626,-6.84015247708543],[107.49434306881176,-6.842722681487047],[107.49881038054598,-6.840565771590757]]]},"properties":{"h3":"888c1469cbfffff","incumbentScore":0.156,"method":"modeled_from_supply_density","realData":false}},{"type":"Feature","geometry":{"type":"Polygon","coordinates":[[[107.29088065644912,-6.923012861319292],[107.29141078745793,-6.918286440718725],[107.28746955128001,-6.91571585195779],[107.2829980915819,-6.917871881612749],[107.28246805654184,-6.92259845266799],[107.28640938522211,-6.925168843622294],[107.29088065644912,-6.923012861319292]]]},"properties":{"h3":"888c146cd7fffff","incumbentScore":0,"method":"modeled_from_supply_density","realData":false}},{"type":"Feature","geometry":{"type":"Polygon","coordinates":[[[107.25404895796329,-6.949711658961631],[107.25457861996682,-6.944985967161761],[107.2506363996635,-6.942415844958802],[107.24616442528725,-6.944571612295151],[107.24563485939117,-6.949297454085691],[107.24957717175485,-6.951867378557938],[107.25404895796329,-6.949711658961631]]]},"properties":{"h3":"888c109b39fffff","incumbentScore":0,"method":"modeled_from_supply_density","realData":false}},{"type":"Feature","geometry":{"type":"Polygon","coordinates":[[[107.55901159409918,-6.793612304003942],[107.55954501303954,-6.788883834186302],[107.55561186177748,-6.786312530280591],[107.55114519589578,-6.788469894653358],[107.55061187186848,-6.793198518090082],[107.55454511880072,-6.795769623543434],[107.55901159409918,-6.793612304003942]]]},"properties":{"h3":"888c146925fffff","incumbentScore":0,"method":"modeled_from_supply_density","realData":false}},{"type":"Feature","geometry":{"type":"Polygon","coordinates":[[[107.32725710397914,-6.8249632793567905],[107.32778782012167,-6.820232672491856],[107.32384665007561,-6.817658666805013],[107.31937467089654,-6.8198154657555845],[107.31884405062986,-6.824546223766419],[107.3227853136573,-6.8271200316894465],[107.32725710397914,-6.8249632793567905]]]},"properties":{"h3":"888c10d741fffff","incumbentScore":0,"method":"modeled_from_supply_density","realData":false}},{"type":"Feature","geometry":{"type":"Polygon","coordinates":[[[107.34452978179068,-6.897139241950237],[107.34506057283578,-6.892412398795063],[107.34112094103857,-6.8898416676322265],[107.33665042504943,-6.891997977570587],[107.3361197297627,-6.896724971813846],[107.34005945469765,-6.899295505039327],[107.34452978179068,-6.897139241950237]]]},"properties":{"h3":"888c146c31fffff","incumbentScore":0,"method":"modeled_from_supply_density","realData":false}},{"type":"Feature","geometry":{"type":"Polygon","coordinates":[[[107.33862994578986,-6.761290998919455],[107.33916090118493,-6.756557497848505],[107.33521933409277,-6.7539810666145295],[107.3307467184455,-6.756138334154137],[107.33021585891747,-6.76087198669367],[107.33415751916061,-6.7634482202336415],[107.33862994578986,-6.761290998919455]]]},"properties":{"h3":"888c10d083fffff","incumbentScore":0,"method":"modeled_from_supply_density","realData":false}},{"type":"Feature","geometry":{"type":"Polygon","coordinates":[[[107.45763789969429,-6.981051354659982],[107.4581698414179,-6.976330360512524],[107.45423536929843,-6.973765066485234],[107.4497688610557,-6.975920965047199],[107.44923701456051,-6.980642111160759],[107.45317158107054,-6.983207206754851],[107.45763789969429,-6.981051354659982]]]},"properties":{"h3":"888c1461c1fffff","incumbentScore":0,"method":"modeled_from_supply_density","realData":false}},{"type":"Feature","geometry":{"type":"Polygon","coordinates":[[[107.41179138988765,-6.900447154521697],[107.41232294571145,-6.89572152311752],[107.40838578808794,-6.893152091642764],[107.4039169807199,-6.8953084897390235],[107.40338552036813,-6.900034272907987],[107.40732277190327,-6.902603506224511],[107.41179138988765,-6.900447154521697]]]},"properties":{"h3":"888c146f3dfffff","incumbentScore":0,"method":"modeled_from_supply_density","realData":false}},{"type":"Feature","geometry":{"type":"Polygon","coordinates":[[[107.27839336781554,-7.071986256056368],[107.27892310107998,-7.067266910831345],[107.27498330686886,-7.064702268488723],[107.27051368711487,-7.066857169379883],[107.26998404977972,-7.071576664444603],[107.27392393626022,-7.074141108787213],[107.27839336781554,-7.071986256056368]]]},"properties":{"h3":"888c1464cdfffff","incumbentScore":0,"method":"modeled_from_supply_density","realData":false}},{"type":"Feature","geometry":{"type":"Polygon","coordinates":[[[107.34500234624517,-6.7044745022780425],[107.34553347178255,-6.699738369107563],[107.34159141458667,-6.697159712242375],[107.33711813858571,-6.699317386174125],[107.33658710892351,-6.704053671061749],[107.34052925937804,-6.706632130309082],[107.34500234624517,-6.7044745022780425]]]},"properties":{"h3":"888c10c261fffff","incumbentScore":0,"method":"modeled_from_supply_density","realData":false}},{"type":"Feature","geometry":{"type":"Polygon","coordinates":[[[107.4744380926652,-6.981869316936625],[107.47497022473823,-6.977148626973689],[107.47103637374313,-6.9745836598335975],[107.46657029608268,-6.976739581153093],[107.46603825916642,-6.981460423250334],[107.46997220474476,-6.984025191902358],[107.4744380926652,-6.981869316936625]]]},"properties":{"h3":"888c14611bfffff","incumbentScore":0,"method":"modeled_from_supply_density","realData":false}},{"type":"Feature","geometry":{"type":"Polygon","coordinates":[[[107.29952197145974,-6.959073546504573],[107.30005214018404,-6.954349013805192],[107.29611167237502,-6.9517800638986955],[107.29164094325189,-6.953935844592275],[107.29111087043765,-6.9586605277171705],[107.29505143082741,-6.961229279731669],[107.29952197145974,-6.959073546504573]]]},"properties":{"h3":"888c146e97fffff","incumbentScore":0,"method":"modeled_from_supply_density","realData":false}},{"type":"Feature","geometry":{"type":"Polygon","coordinates":[[[107.39613722530984,-6.814104676604389],[107.39666874969514,-6.809374621678207],[107.39272993056746,-6.806801352944571],[107.38825949326215,-6.8089583371125295],[107.38772806446823,-6.813688543925819],[107.39166697737919,-6.816261614692658],[107.39613722530984,-6.814104676604389]]]},"properties":{"h3":"888c10d2e9fffff","incumbentScore":0,"method":"modeled_from_supply_density","realData":false}},{"type":"Feature","geometry":{"type":"Polygon","coordinates":[[[107.5042212871707,-6.9049773990915435],[107.50475389082128,-6.9002534426692],[107.50082014965263,-6.897685802462692],[107.49635370985182,-6.899842317147635],[107.4958212012789,-6.9045664262624795],[107.49975503742003,-6.907133868008414],[107.5042212871707,-6.9049773990915435]]]},"properties":{"h3":"888c146ae5fffff","incumbentScore":0.002,"method":"modeled_from_supply_density","realData":false}},{"type":"Feature","geometry":{"type":"Polygon","coordinates":[[[107.31679700920974,-7.03114612941572],[107.31732725315827,-7.026425380084622],[107.31338832178142,-7.023859712752735],[107.3089190537097,-7.026014992821227],[107.30838890555388,-7.030735892518035],[107.31232792966803,-7.03330136178936],[107.31679700920974,-7.03114612941572]]]},"properties":{"h3":"888c146427fffff","incumbentScore":0,"method":"modeled_from_supply_density","realData":false}},{"type":"Feature","geometry":{"type":"Polygon","coordinates":[[[107.57721328439351,-6.744575220905933],[107.57774699467414,-6.739844681940216],[107.57381388881275,-6.737271664201789],[107.56934697675226,-6.739429383865391],[107.56881336133728,-6.744160076797571],[107.572746563108,-6.746732896108153],[107.57721328439351,-6.744575220905933]]]},"properties":{"h3":"888c16a449fffff","incumbentScore":0.001,"method":"modeled_from_supply_density","realData":false}},{"type":"Feature","geometry":{"type":"Polygon","coordinates":[[[107.3488324230462,-7.0469444234664325],[107.34936300735494,-7.042224943847561],[107.34542543127878,-7.039660489138383],[107.3409571777873,-7.0418157122445475],[107.34042668912643,-7.046535342503607],[107.34436435830013,-7.049099599024999],[107.3488324230462,-7.0469444234664325]]]},"properties":{"h3":"888c146733fffff","incumbentScore":0,"method":"modeled_from_supply_density","realData":false}},{"type":"Feature","geometry":{"type":"Polygon","coordinates":[[[107.43657924398437,-6.830369322351607],[107.4371112032541,-6.825640688101805],[107.43317405639047,-6.823068787922559],[107.42870485600835,-6.825225720124817],[107.42817299214877,-6.829954506622473],[107.43211023325208,-6.832526208678593],[107.43657924398437,-6.830369322351607]]]},"properties":{"h3":"888c10d243fffff","incumbentScore":0.001,"method":"modeled_from_supply_density","realData":false}},{"type":"Feature","geometry":{"type":"Polygon","coordinates":[[[107.36865076891978,-6.719941693368085],[107.36918213931953,-6.715206673014513],[107.36524113243422,-6.712629055524177],[107.36076866161741,-6.7147866561162735],[107.36023738698329,-6.71952182838029],[107.36417848739129,-6.722099248150373],[107.36865076891978,-6.719941693368085]]]},"properties":{"h3":"888c10d19dfffff","incumbentScore":0,"method":"modeled_from_supply_density","realData":false}},{"type":"Feature","geometry":{"type":"Polygon","coordinates":[[[107.40497994392996,-6.885856260884444],[107.40551144678919,-6.8811298152989515],[107.40157385741192,-6.878559662439616],[107.39710467132444,-6.880716153287217],[107.39657326397506,-6.885442750615799],[107.40051094719423,-6.888012705362318],[107.40497994392996,-6.885856260884444]]]},"properties":{"h3":"888c146d4bfffff","incumbentScore":0,"method":"modeled_from_supply_density","realData":false}},{"type":"Feature","geometry":{"type":"Polygon","coordinates":[[[107.66655577002376,-6.813154000536746],[107.66709037696566,-6.808428192788795],[107.66316141979298,-6.805859565528109],[107.6586977587787,-6.808016944849382],[107.65816324628007,-6.812742907246806],[107.66209230034339,-6.815311335681905],[107.66655577002376,-6.813154000536746]]]},"properties":{"h3":"888c16b42bfffff","incumbentScore":0,"method":"modeled_from_supply_density","realData":false}},{"type":"Feature","geometry":{"type":"Polygon","coordinates":[[[107.4701989943446,-6.83202686259257],[107.47073133489629,-6.8272988381797335],[107.46679543064725,-6.824727587226106],[107.4623270912117,-6.826884558927095],[107.4617948459267,-6.831612735925949],[107.46573084480148,-6.834183788646351],[107.4701989943446,-6.83202686259257]]]},"properties":{"h3":"888c146999fffff","incumbentScore":0.155,"method":"modeled_from_supply_density","realData":false}},{"type":"Feature","geometry":{"type":"Polygon","coordinates":[[[107.70511806678114,-6.807914047859288],[107.70565311957198,-6.803188608479324],[107.7017255176211,-6.800620435069521],[107.69726276553543,-6.802777899986725],[107.69672780702653,-6.8075034944254895],[107.70065550631227,-6.810071468896637],[107.70511806678114,-6.807914047859288]]]},"properties":{"h3":"888c16b737fffff","incumbentScore":0,"method":"modeled_from_supply_density","realData":false}},{"type":"Feature","geometry":{"type":"Polygon","coordinates":[[[107.26246253839199,-6.950125689202855],[107.26299229646723,-6.945400147478469],[107.25905038333794,-6.942830187574312],[107.25457861996682,-6.944985967161761],[107.25404895796329,-6.949711658961631],[107.25799096325014,-6.9522814211072985],[107.26246253839199,-6.950125689202855]]]},"properties":{"h3":"888c109b07fffff","incumbentScore":0,"method":"modeled_from_supply_density","realData":false}},{"type":"Feature","geometry":{"type":"Polygon","coordinates":[[[107.30816075547354,-6.995117975862918],[107.3086909618444,-6.990395333589564],[107.30475126230245,-6.987828024161798],[107.3002812637215,-6.989983554992734],[107.29975115320202,-6.994706347661944],[107.30369094540306,-6.997273459113068],[107.30816075547354,-6.995117975862918]]]},"properties":{"h3":"888c1465e7fffff","incumbentScore":0,"method":"modeled_from_supply_density","realData":false}},{"type":"Feature","geometry":{"type":"Polygon","coordinates":[[[107.58580873207937,-6.780667950017495],[107.58634247812299,-6.775939284023042],[107.58241014399054,-6.773367908178503],[107.57794396781972,-6.775525396852732],[107.57741031658314,-6.780254216782332],[107.58134274670125,-6.782825394111016],[107.58580873207937,-6.780667950017495]]]},"properties":{"h3":"888c16a609fffff","incumbentScore":0.001,"method":"modeled_from_supply_density","realData":false}},{"type":"Feature","geometry":{"type":"Polygon","coordinates":[[[107.2526947118012,-6.999524268340881],[107.2532242732797,-6.994800983471519],[107.24928263666938,-6.9922328954892405],[107.2448113465563,-6.99438829019013],[107.24428188116009,-6.99911172487409],[107.24822360978563,-7.001679615051308],[107.2526947118012,-6.999524268340881]]]},"properties":{"h3":"888c109a61fffff","incumbentScore":0,"method":"modeled_from_supply_density","realData":false}},{"type":"Feature","geometry":{"type":"Polygon","coordinates":[[[107.36382843241006,-7.026319321973305],[107.36435922381006,-7.021599067673223],[107.36042192739713,-7.019034018368264],[107.35595374629233,-7.021189421576031],[107.35542305048962,-7.025909826737196],[107.35936044018538,-7.028474677838187],[107.36382843241006,-7.026319321973305]]]},"properties":{"h3":"888c146541fffff","incumbentScore":0,"method":"modeled_from_supply_density","realData":false}},{"type":"Feature","geometry":{"type":"Polygon","coordinates":[[[107.39932658426974,-6.785721048147557],[107.3998581937176,-6.780989674014224],[107.39591913036713,-6.778415289815308],[107.39144836372253,-6.7805724776880405],[107.39091684987,-6.785304003833557],[107.39485600705765,-6.787878190102729],[107.39932658426974,-6.785721048147557]]]},"properties":{"h3":"888c10d051fffff","incumbentScore":0,"method":"modeled_from_supply_density","realData":false}},{"type":"Feature","geometry":{"type":"Polygon","coordinates":[[[107.46658556400071,-6.789051227971793],[107.46711793692008,-6.784321072986949],[107.46318135679178,-6.781747983973084],[107.45871230912469,-6.783905248102984],[107.45818003151368,-6.788635555777773],[107.4621167062523,-6.791208446641266],[107.46658556400071,-6.789051227971793]]]},"properties":{"h3":"888c10d35dfffff","incumbentScore":0,"method":"modeled_from_supply_density","realData":false}},{"type":"Feature","geometry":{"type":"Polygon","coordinates":[[[107.41360208746134,-6.921915795913765],[107.4141336272502,-6.917191234751182],[107.41019680742738,-6.914622723226261],[107.40572835388717,-6.916778971071118],[107.40519690954949,-6.92150368394642],[107.40913382329178,-6.924071997272753],[107.41360208746134,-6.921915795913765]]]},"properties":{"h3":"888c146f0bfffff","incumbentScore":0,"method":"modeled_from_supply_density","realData":false}},{"type":"Feature","geometry":{"type":"Polygon","coordinates":[[[107.65797561979363,-6.777086657756305],[107.6585101915424,-6.772358975279389],[107.65458046212741,-6.769788702215903],[107.6501160641396,-6.77194631037618],[107.64958158689262,-6.776674147535348],[107.65351141312256,-6.779244221860392],[107.65797561979363,-6.777086657756305]]]},"properties":{"h3":"888c16b5ebfffff","incumbentScore":0.001,"method":"modeled_from_supply_density","realData":false}},{"type":"Feature","geometry":{"type":"Polygon","coordinates":[[[107.43264737646943,-7.015431154550358],[107.43317897383915,-7.01071144403352],[107.42924403038367,-7.008147142120534],[107.42477739546727,-7.0103027491402266],[107.42424589341068,-7.015022611254824],[107.42818093094833,-7.017586714760594],[107.43264737646943,-7.015431154550358]]]},"properties":{"h3":"888c1460e9fffff","incumbentScore":0,"method":"modeled_from_supply_density","realData":false}},{"type":"Feature","geometry":{"type":"Polygon","coordinates":[[[107.35226996893161,-6.790523083160028],[107.35280103089988,-6.78579120381335],[107.34886032668983,-6.78321620923799],[107.34438846721133,-6.785373291804833],[107.34385750103446,-6.790105322665586],[107.34779829853558,-6.792680119454059],[107.35226996893161,-6.790523083160028]]]},"properties":{"h3":"888c10d2b7fffff","incumbentScore":0,"method":"modeled_from_supply_density","realData":false}},{"type":"Feature","geometry":{"type":"Polygon","coordinates":[[[107.41041314621947,-6.950258518061157],[107.4109446010132,-6.945535284241828],[107.40700802501448,-6.94296789135183],[107.40253990034735,-6.94512393052343],[107.40200854100081,-6.949847315929601],[107.40594521086517,-6.95241451058597],[107.41041314621947,-6.950258518061157]]]},"properties":{"h3":"888c146e65fffff","incumbentScore":0,"method":"modeled_from_supply_density","realData":false}},{"type":"Feature","geometry":{"type":"Polygon","coordinates":[[[107.45381286789237,-6.902508959466768],[107.4543449005389,-6.897784088153053],[107.45040929377734,-6.895215470290591],[107.44594155996589,-6.897371922046297],[107.44540962261223,-6.902096945546877],[107.44934532376809,-6.904665365113472],[107.45381286789237,-6.902508959466768]]]},"properties":{"h3":"888c146ab3fffff","incumbentScore":0,"method":"modeled_from_supply_density","realData":false}},{"type":"Feature","geometry":{"type":"Polygon","coordinates":[[[107.473050781111,-7.0316267601106315],[107.47358281202071,-7.026908474663933],[107.46964954144468,-7.024345551848738],[107.46518414541288,-7.02650111305011],[107.46465220963526,-7.031219550451415],[107.46858557474827,-7.033782274705344],[107.473050781111,-7.0316267601106315]]]},"properties":{"h3":"888c146043fffff","incumbentScore":0,"method":"modeled_from_supply_density","realData":false}},{"type":"Feature","geometry":{"type":"Polygon","coordinates":[[[107.37245396710523,-7.062326355353102],[107.37298479568784,-7.057607995822452],[107.36904826777489,-7.0550445916254745],[107.36458081790961,-7.057199745254982],[107.36405008486565,-7.061918255615453],[107.36798670613925,-7.064481461525285],[107.37245396710523,-7.062326355353102]]]},"properties":{"h3":"888c146701fffff","incumbentScore":0,"method":"modeled_from_supply_density","realData":false}},{"type":"Feature","geometry":{"type":"Polygon","coordinates":[[[107.40795250913126,-6.821822880921174],[107.40848415557197,-6.817093384022731],[107.40454586222292,-6.814520637247094],[107.40007582850919,-6.816677585395909],[107.39954427760512,-6.8214072342772685],[107.40348266486905,-6.823979783035487],[107.40795250913126,-6.821822880921174]]]},"properties":{"h3":"888c10d211fffff","incumbentScore":0,"method":"modeled_from_supply_density","realData":false}},{"type":"Feature","geometry":{"type":"Polygon","coordinates":[[[107.4577581960922,-6.717239776404084],[107.45829059114908,-6.712506027935215],[107.45435278045738,-6.709929825676515],[107.4498824801474,-6.7120875698961795],[107.44935018048035,-6.716821471198806],[107.4532880857244,-6.719397475456552],[107.4577581960922,-6.717239776404084]]]},"properties":{"h3":"888c10d16bfffff","incumbentScore":0,"method":"modeled_from_supply_density","realData":false}},{"type":"Feature","geometry":{"type":"Polygon","coordinates":[[[107.37635103150647,-6.877317669470773],[107.37688222117649,-6.8725903620054085],[107.372943487455,-6.870019361515377],[107.36847347053752,-6.872175866506595],[107.36794237650365,-6.876903325450308],[107.37188120374205,-6.879474127933082],[107.37635103150647,-6.877317669470773]]]},"properties":{"h3":"888c146d19fffff","incumbentScore":0,"method":"modeled_from_supply_density","realData":false}},{"type":"Feature","geometry":{"type":"Polygon","coordinates":[[[107.19086281257846,-7.0605952715185385],[107.1913915580109,-7.055874022407137],[107.1874484835558,-7.053307388787089],[107.18297657239597,-7.055462201987594],[107.18244792326793,-7.06018360008209],[107.18639108898627,-7.062750036001786],[107.19086281257846,-7.0605952715185385]]]},"properties":{"h3":"888c10910bfffff","incumbentScore":0,"method":"modeled_from_supply_density","realData":false}},{"type":"Feature","geometry":{"type":"Polygon","coordinates":[[[107.56581032994858,-6.808209550665303],[107.56634380119432,-6.803481892670694],[107.56241108348883,-6.800911310863238],[107.55794479878926,-6.80306858555711],[107.55741142241878,-6.807796397191952],[107.5613442358635,-6.810366780501165],[107.56581032994858,-6.808209550665303]]]},"properties":{"h3":"888c146967fffff","incumbentScore":0,"method":"modeled_from_supply_density","realData":false}},{"type":"Feature","geometry":{"type":"Polygon","coordinates":[[[107.72867971112731,-6.823318286124763],[107.72921500394281,-6.8185939695315065],[107.7252884670689,-6.816026847526487],[107.72082653977601,-6.818184241161467],[107.72029134113248,-6.822908713001095],[107.72421797560077,-6.825475635967729],[107.72867971112731,-6.823318286124763]]]},"properties":{"h3":"888c16b705fffff","incumbentScore":0,"method":"modeled_from_supply_density","realData":false}},{"type":"Feature","geometry":{"type":"Polygon","coordinates":[[[107.27951968588845,-6.986591674140396],[107.28004957784788,-6.981868172592155],[107.27610874008724,-6.979300014222462],[107.27163791802496,-6.981455555280836],[107.27110812204285,-6.986179206960185],[107.27504905213667,-6.988747167458756],[107.27951968588845,-6.986591674140396]]]},"properties":{"h3":"888c1465b5fffff","incumbentScore":0,"method":"modeled_from_supply_density","realData":false}},{"type":"Feature","geometry":{"type":"Polygon","coordinates":[[[107.36727822802675,-6.769855237402403],[107.36780949740798,-6.765122596556977],[107.36386907344261,-6.762547008593883],[107.35939728661015,-6.764704259285237],[107.35886611296957,-6.769437051865672],[107.36280663041175,-6.772012442028367],[107.36727822802675,-6.769855237402403]]]},"properties":{"h3":"888c10d0c5fffff","incumbentScore":0,"method":"modeled_from_supply_density","realData":false}},{"type":"Feature","geometry":{"type":"Polygon","coordinates":[[[107.46881165132163,-6.8818640243777764],[107.4693438906249,-6.877138388754595],[107.46540856741653,-6.8745691759755605],[107.46094091031635,-6.8767257971385956],[107.46040876625509,-6.881451585169694],[107.46434418404289,-6.884020599638396],[107.46881165132163,-6.8818640243777764]]]},"properties":{"h3":"888c1468c1fffff","incumbentScore":0.156,"method":"modeled_from_supply_density","realData":false}},{"type":"Feature","geometry":{"type":"Polygon","coordinates":[[[107.46637564883864,-6.7533613293529555],[107.46690808049728,-6.748629452731557],[107.46297104065248,-6.746054887313649],[107.4585014745103,-6.748212396615455],[107.45796913818282,-6.752944426041258],[107.46190627265727,-6.755518793369382],[107.46637564883864,-6.7533613293529555]]]},"properties":{"h3":"888c10d32bfffff","incumbentScore":0,"method":"modeled_from_supply_density","realData":false}},{"type":"Feature","geometry":{"type":"Polygon","coordinates":[[[107.48561584189954,-6.882688383377803],[107.48614827157915,-6.877963052823468],[107.4822135702616,-6.875394165605073],[107.47774634448312,-6.877550807314817],[107.47721400997376,-6.882276290445732],[107.48114880606354,-6.884844979298872],[107.48561584189954,-6.882688383377803]]]},"properties":{"h3":"888c14681bfffff","incumbentScore":0.465,"method":"modeled_from_supply_density","realData":false}},{"type":"Feature","geometry":{"type":"Polygon","coordinates":[[[107.32156971416649,-6.988651381285659],[107.32210008547715,-6.983928631661857],[107.31816078673911,-6.981361287092635],[107.31369102386358,-6.983516890165469],[107.31316074835176,-6.988239790343261],[107.3171001399076,-6.990806936902922],[107.32156971416649,-6.988651381285659]]]},"properties":{"h3":"888c146ed9fffff","incumbentScore":0,"method":"modeled_from_supply_density","realData":false}},{"type":"Feature","geometry":{"type":"Polygon","coordinates":[[[107.57440604798617,-6.844277666056554],[107.57493955505964,-6.83955188572265],[107.57100760867093,-6.836982947784964],[107.56654205938402,-6.839139988774699],[107.56600864712723,-6.843865922717013],[107.56994068933156,-6.846434662069663],[107.57440604798617,-6.844277666056554]]]},"properties":{"h3":"888c146b27fffff","incumbentScore":0,"method":"modeled_from_supply_density","realData":false}},{"type":"Feature","geometry":{"type":"Polygon","coordinates":[[[107.33883530803931,-7.060692897551216],[107.33936575425292,-7.055973935206437],[107.33542799204348,-7.053409876867397],[107.33095969063741,-7.055564979058715],[107.33042934010535,-7.060284091896455],[107.33436719528879,-7.062847952058614],[107.33883530803931,-7.060692897551216]]]},"properties":{"h3":"888c146469fffff","incumbentScore":0,"method":"modeled_from_supply_density","realData":false}},{"type":"Feature","geometry":{"type":"Polygon","coordinates":[[[107.3759102748501,-6.805968288085113],[107.37644158145133,-6.801237523550082],[107.37250192728615,-6.79866357132877],[107.36803087295588,-6.800820581539551],[107.3674996620366,-6.805551497780956],[107.37143940975653,-6.808125252113799],[107.3759102748501,-6.805968288085113]]]},"properties":{"h3":"888c10d285fffff","incumbentScore":0,"method":"modeled_from_supply_density","realData":false}},{"type":"Feature","geometry":{"type":"Polygon","coordinates":[[[107.35997766581151,-6.947788688650881],[107.36050854738504,-6.943064546576489],[107.35657011565549,-6.940496176555666],[107.35210070905772,-6.942652146686094],[107.35156992314612,-6.947376439840751],[107.35550844816129,-6.949944611793383],[107.35997766581151,-6.947788688650881]]]},"properties":{"h3":"888c146e33fffff","incumbentScore":0,"method":"modeled_from_supply_density","realData":false}},{"type":"Feature","geometry":{"type":"Polygon","coordinates":[[[107.38882267459293,-6.991937800744083],[107.38935381100764,-6.987216258592067],[107.38541698193552,-6.984650218187799],[107.38094892284795,-6.986805918174567],[107.3804178819461,-6.991527611555862],[107.3843548046099,-6.994093453729759],[107.38882267459293,-6.991937800744083]]]},"properties":{"h3":"888c1460b7fffff","incumbentScore":0,"method":"modeled_from_supply_density","realData":false}},{"type":"Feature","geometry":{"type":"Polygon","coordinates":[[[107.66976362464551,-6.784795867505632],[107.67029831677891,-6.780068745492659],[107.66636911889312,-6.777498996947114],[107.66190513191981,-6.7796565692115305],[107.66137053423327,-6.78438384600107],[107.66529982906408,-6.786953395758024],[107.66976362464551,-6.784795867505632]]]},"properties":{"h3":"888c16b513fffff","incumbentScore":0,"method":"modeled_from_supply_density","realData":false}},{"type":"Feature","geometry":{"type":"Polygon","coordinates":[[[107.47742257788711,-6.917915878329152],[107.47795485367642,-6.913192126381905],[107.47402030059364,-6.9106245569368765],[107.46955337705595,-6.912780937843635],[107.46902119645002,-6.917504842167558],[107.47295584418931,-6.920072213216614],[107.47742257788711,-6.917915878329152]]]},"properties":{"h3":"888c146a81fffff","incumbentScore":0.001,"method":"modeled_from_supply_density","realData":false}},{"type":"Feature","geometry":{"type":"Polygon","coordinates":[[[107.44445103345392,-7.023122448580649],[107.44498275248478,-7.018403298583404],[107.4410483349151,-7.015839522294173],[107.43658210409217,-7.017995094467657],[107.43605048031975,-7.022714396157159],[107.43998499210275,-7.025277973989537],[107.44445103345392,-7.023122448580649]]]},"properties":{"h3":"888c146011fffff","incumbentScore":0,"method":"modeled_from_supply_density","realData":false}},{"type":"Feature","geometry":{"type":"Polygon","coordinates":[[[107.69512301669623,-6.821678963117204],[107.6956579326074,-6.816954026041007],[107.69173013604822,-6.814386250504137],[107.68726732635672,-6.816543610981759],[107.68673250476175,-6.821268702969217],[107.69066039853296,-6.823836279576195],[107.69512301669623,-6.821678963117204]]]},"properties":{"h3":"888c16b46dfffff","incumbentScore":0,"method":"modeled_from_supply_density","realData":false}},{"type":"Feature","geometry":{"type":"Polygon","coordinates":[[[107.47700539386116,-6.846623112114302],[107.47753778710353,-6.841895900480196],[107.47360231541526,-6.839325370953064],[107.46913435578041,-6.8414822513475455],[107.46860205776689,-6.846209615589224],[107.47253762415033,-6.848779946837402],[107.47700539386116,-6.846623112114302]]]},"properties":{"h3":"888c1469dbfffff","incumbentScore":0.31,"method":"modeled_from_supply_density","realData":false}},{"type":"Feature","geometry":{"type":"Polygon","coordinates":[[[107.34746431150825,-7.096689196325152],[107.34799479507015,-7.091972131373894],[107.34405780097143,-7.089409718557561],[107.33959023024983,-7.0915645689606475],[107.33905984231086,-7.096281784373599],[107.34299692946149,-7.0988439989304615],[107.34746431150825,-7.096689196325152]]]},"properties":{"h3":"888c146629fffff","incumbentScore":0,"method":"modeled_from_supply_density","realData":false}},{"type":"Feature","geometry":{"type":"Polygon","coordinates":[[[107.4291259366776,-6.708673456778667],[107.4296580189944,-6.703938845460872],[107.42571905982233,-6.701361799633254],[107.42124792409686,-6.703519563026765],[107.42071593729654,-6.708254326912442],[107.42465499069613,-6.710831174845285],[107.4291259366776,-6.708673456778667]]]},"properties":{"h3":"888c10d139fffff","incumbentScore":0,"method":"modeled_from_supply_density","realData":false}},{"type":"Feature","geometry":{"type":"Polygon","coordinates":[[[107.2845201884229,-6.979712619042095],[107.28505014958381,-6.974988859459373],[107.2811094042182,-6.972420503213296],[107.27663860528762,-6.97457610443503],[107.27610874008724,-6.979300014222462],[107.28004957784788,-6.981868172592155],[107.2845201884229,-6.979712619042095]]]},"properties":{"h3":"888c109b49fffff","incumbentScore":0,"method":"modeled_from_supply_density","realData":false}},{"type":"Feature","geometry":{"type":"Polygon","coordinates":[[[107.53721154953405,-6.799670386906058],[107.53774470984109,-6.794941862312453],[107.53381083843126,-6.7923704318765],[107.5293437112892,-6.7945277244358],[107.52881064598421,-6.799256402406083],[107.53274461281013,-6.801827634448893],[107.53721154953405,-6.799670386906058]]]},"properties":{"h3":"888c146935fffff","incumbentScore":0,"method":"modeled_from_supply_density","realData":false}},{"type":"Feature","geometry":{"type":"Polygon","coordinates":[[[107.59260517918268,-6.795265733133632],[107.59313897741576,-6.790537878635205],[107.5892070771427,-6.787967225066943],[107.58474128257286,-6.790124624567324],[107.584207579109,-6.794852633021924],[107.58813957543667,-6.797423088028423],[107.59260517918268,-6.795265733133632]]]},"properties":{"h3":"888c16a64bfffff","incumbentScore":0.001,"method":"modeled_from_supply_density","realData":false}},{"type":"Feature","geometry":{"type":"Polygon","coordinates":[[[107.31679770372322,-6.767343554785108],[107.3173283981231,-6.7626100048048094],[107.31338612057661,-6.760033448722421],[107.30891305572631,-6.7621906402629905],[107.308382457282,-6.766924341468041],[107.31232482772337,-6.769500699916415],[107.31679770372322,-6.767343554785108]]]},"properties":{"h3":"888c10d093fffff","incumbentScore":0,"method":"modeled_from_supply_density","realData":false}},{"type":"Feature","geometry":{"type":"Polygon","coordinates":[[[107.28134071860967,-7.0080505112139955],[107.28187059487233,-7.003328084829722],[107.27793009490723,-7.000760845623407],[107.273459626329,-7.0029162307207145],[107.27292984602273,-7.007638807184522],[107.27687043832928,-7.010205848480207],[107.28134071860967,-7.0080505112139955]]]},"properties":{"h3":"888c146583fffff","incumbentScore":0,"method":"modeled_from_supply_density","realData":false}},{"type":"Feature","geometry":{"type":"Polygon","coordinates":[[[107.37497802475112,-6.927147372394266],[107.37550911348181,-6.9224224609983445],[107.37157096198007,-6.919853496742664],[107.36710162826746,-6.922009641974859],[107.36657063514802,-6.926734704671959],[107.37050888012085,-6.929303470844331],[107.37497802475112,-6.927147372394266]]]},"properties":{"h3":"888c146c41fffff","incumbentScore":0,"method":"modeled_from_supply_density","realData":false}},{"type":"Feature","geometry":{"type":"Polygon","coordinates":[[[107.43583717310527,-6.9871095632450375],[107.43636885544535,-6.98238852179413],[107.43243366855584,-6.979823099416695],[107.42796670518115,-6.981978916871926],[107.42743511815807,-6.986700110046971],[107.43137039918363,-6.989265334051276],[107.43583717310527,-6.9871095632450375]]]},"properties":{"h3":"888c1461d1fffff","incumbentScore":0,"method":"modeled_from_supply_density","realData":false}},{"type":"Feature","geometry":{"type":"Polygon","coordinates":[[[107.44221829607419,-6.93044244798527],[107.44275014840625,-6.925718750038833],[107.43881447463917,-6.923151088283149],[107.43434685428711,-6.925307322786196],[107.43381509727989,-6.930031172709133],[107.43775086529082,-6.932598636161114],[107.44221829607419,-6.93044244798527]]]},"properties":{"h3":"888c146f4dfffff","incumbentScore":0,"method":"modeled_from_supply_density","realData":false}},{"type":"Feature","geometry":{"type":"Polygon","coordinates":[[[107.50282915071853,-6.9547702300450736],[107.50336165306743,-6.950048669241634],[107.49942849217578,-6.94748307149193],[107.49496273400011,-6.949639233089936],[107.49443032670426,-6.954360946406499],[107.49836358252193,-6.95692634562048],[107.50282915071853,-6.9547702300450736]]]},"properties":{"h3":"888c14612bfffff","incumbentScore":0,"method":"modeled_from_supply_density","realData":false}},{"type":"Feature","geometry":{"type":"Polygon","coordinates":[[[107.32793510414494,-6.931963744336806],[107.3284656453317,-6.927238333924453],[107.32452585676607,-6.924668754856931],[107.32005543407944,-6.926824784150557],[107.31952498869963,-6.9315503453675325],[107.32346487019045,-6.934119726494948],[107.32793510414494,-6.931963744336806]]]},"properties":{"h3":"888c146ea7fffff","incumbentScore":0,"method":"modeled_from_supply_density","realData":false}},{"type":"Feature","geometry":{"type":"Polygon","coordinates":[[[107.29498079525722,-7.037201477495542],[107.2955107784363,-7.032480686259859],[107.29157113881656,-7.029914890720261],[107.28710142352693,-7.03207008442492],[107.28657153622879,-7.036791025783843],[107.29051126833028,-7.0393566233235925],[107.29498079525722,-7.037201477495542]]]},"properties":{"h3":"888c146437fffff","incumbentScore":0,"method":"modeled_from_supply_density","realData":false}},{"type":"Feature","geometry":{"type":"Polygon","coordinates":[[[107.3792646397888,-7.076887568484441],[107.37979552142133,-7.072170027911853],[107.37585942444262,-7.069607347702704],[107.37139235239196,-7.071762406406022],[107.37086156626034,-7.076480097829421],[107.37479775666942,-7.0790425797073535],[107.3792646397888,-7.076887568484441]]]},"properties":{"h3":"888c146743fffff","incumbentScore":0,"method":"modeled_from_supply_density","realData":false}},{"type":"Feature","geometry":{"type":"Polygon","coordinates":[[[107.41243972969521,-7.007329249858351],[107.41297110995357,-7.002608827524772],[107.40903533114795,-7.00004383683661],[107.40456807822045,-7.002199466820678],[107.40403679336568,-7.006920040573229],[107.40797266602573,-7.009484832931371],[107.41243972969521,-7.007329249858351]]]},"properties":{"h3":"888c146085fffff","incumbentScore":0,"method":"modeled_from_supply_density","realData":false}},{"type":"Feature","geometry":{"type":"Polygon","coordinates":[[[107.4147650755447,-6.836425069294204],[107.41529677495852,-6.83169638481658],[107.41135891357126,-6.829124358334892],[107.4068892587765,-6.831281214402751],[107.4063576548615,-6.836010050885316],[107.41029561023335,-6.838581879303664],[107.4147650755447,-6.836425069294204]]]},"properties":{"h3":"888c10d253fffff","incumbentScore":0,"method":"modeled_from_supply_density","realData":false}},{"type":"Feature","geometry":{"type":"Polygon","coordinates":[[[107.38360433974282,-6.963194124367894],[107.38413546560227,-6.958471100574828],[107.38019808318907,-6.955903778166315],[107.37572948135853,-6.958059677727868],[107.37519845105169,-6.962782852791728],[107.37913592701373,-6.9653499770318845],[107.38360433974282,-6.963194124367894]]]},"properties":{"h3":"888c146e01fffff","incumbentScore":0,"method":"modeled_from_supply_density","realData":false}},{"type":"Feature","geometry":{"type":"Polygon","coordinates":[[[107.62798396655009,-6.818392072177929],[107.62851812692234,-6.81366589816089],[107.62458781754052,-6.811096817463065],[107.6201232513315,-6.8132541095030055],[107.6195891855637,-6.817980437759787],[107.62351959139134,-6.820549319745351],[107.62798396655009,-6.818392072177929]]]},"properties":{"h3":"888c16b4e1fffff","incumbentScore":0.157,"method":"modeled_from_supply_density","realData":false}},{"type":"Feature","geometry":{"type":"Polygon","coordinates":[[[107.38316539273343,-6.891911983417634],[107.38369663549918,-6.887185489863367],[107.3797583332654,-6.884615210169284],[107.37528869467002,-6.886771622090888],[107.37475754750264,-6.891498267145466],[107.37869594332317,-6.894068348786754],[107.38316539273343,-6.891911983417634]]]},"properties":{"h3":"888c146d5bfffff","incumbentScore":0,"method":"modeled_from_supply_density","realData":false}},{"type":"Feature","geometry":{"type":"Polygon","coordinates":[[[107.64477193056729,-6.81921482562014],[107.64530628004044,-6.814488960334645],[107.6413765980444,-6.811920205688631],[107.63691246992855,-6.814077515103298],[107.63637821498783,-6.818803534796571],[107.6403079936214,-6.8213720906758475],[107.64477193056729,-6.81921482562014]]]},"properties":{"h3":"888c16b43bfffff","incumbentScore":0.155,"method":"modeled_from_supply_density","realData":false}},{"type":"Feature","geometry":{"type":"Polygon","coordinates":[[[107.49860424810065,-6.804899514786324],[107.49913695933762,-6.80017063003107],[107.49520174559382,-6.797598748396169],[107.49073372563487,-6.799755949803957],[107.4902011095607,-6.8044849875244875],[107.4941364182736,-6.807056670880474],[107.49860424810065,-6.804899514786324]]]},"properties":{"h3":"888c1469a9fffff","incumbentScore":0.001,"method":"modeled_from_supply_density","realData":false}},{"type":"Feature","geometry":{"type":"Polygon","coordinates":[[[107.43753541054011,-6.709092416526042],[107.4380675883375,-6.704357957861057],[107.43412893973131,-6.701781073363008],[107.4296580189944,-6.703938845460872],[107.4291259366776,-6.708673456778667],[107.43306467960802,-6.711250143354334],[107.43753541054011,-6.709092416526042]]]},"properties":{"h3":"888c10d107fffff","incumbentScore":0,"method":"modeled_from_supply_density","realData":false}},{"type":"Feature","geometry":{"type":"Polygon","coordinates":[[[107.24063336568726,-6.956178745228452],[107.24116286229152,-6.951453161329542],[107.23722024299065,-6.9488830745711985],[107.23274803517522,-6.951038769418263],[107.23221863473087,-6.955764503149439],[107.23616134593301,-6.958334392210031],[107.24063336568726,-6.956178745228452]]]},"properties":{"h3":"888c109b17fffff","incumbentScore":0,"method":"modeled_from_supply_density","realData":false}},{"type":"Feature","geometry":{"type":"Polygon","coordinates":[[[107.56401146135335,-6.786726460965404],[107.56454494902383,-6.781997739083328],[107.56061189349357,-6.77942623672086],[107.55614525455192,-6.781583654705695],[107.55561186177748,-6.786312530280591],[107.55954501303954,-6.788883834186302],[107.56401146135335,-6.786726460965404]]]},"properties":{"h3":"888c16a619fffff","incumbentScore":0,"method":"modeled_from_supply_density","realData":false}},{"type":"Feature","geometry":{"type":"Polygon","coordinates":[[[107.5390125433628,-6.821152613676551],[107.53954568731292,-6.816425153776166],[107.53561215374008,-6.813854643653231],[107.5311453807844,-6.8160117918736765],[107.53061233181555,-6.8207394050982915],[107.53454596081198,-6.823309716786734],[107.5390125433628,-6.821152613676551]]]},"properties":{"h3":"888c146903fffff","incumbentScore":0.156,"method":"modeled_from_supply_density","realData":false}},{"type":"Feature","geometry":{"type":"Polygon","coordinates":[[[107.63656832523294,-6.8544467748873705],[107.63710252099774,-6.84972247880583],[107.63317298340351,-6.8471550444319345],[107.62870915351368,-6.849312104946715],[107.62817505229484,-6.8540365552351945],[107.63210468641074,-6.856603790810397],[107.63656832523294,-6.8544467748873705]]]},"properties":{"h3":"888c16b6a1fffff","incumbentScore":0.001,"method":"modeled_from_supply_density","realData":false}},{"type":"Feature","geometry":{"type":"Polygon","coordinates":[[[107.42774423018729,-6.758582352988618],[107.42827621129751,-6.753850118384656],[107.4243378342192,-6.751275104067594],[107.4198673818402,-6.753432522338183],[107.41933549622163,-6.758164909333801],[107.42327396748132,-6.760739725675739],[107.42774423018729,-6.758582352988618]]]},"properties":{"h3":"888c10d061fffff","incumbentScore":0,"method":"modeled_from_supply_density","realData":false}},{"type":"Feature","geometry":{"type":"Polygon","coordinates":[[[107.34201819755968,-7.032375784158715],[107.34254872867211,-7.0276554864310325],[107.3386107218872,-7.025090308718094],[107.33414209095316,-7.027245626884936],[107.33361165552631,-7.031966075231452],[107.33754975533888,-7.0345310548009765],[107.34201819755968,-7.032375784158715]]]},"properties":{"h3":"888c146551fffff","incumbentScore":0,"method":"modeled_from_supply_density","realData":false}},{"type":"Feature","geometry":{"type":"Polygon","coordinates":[[[107.51421898401571,-6.891216125786691],[107.51475172524063,-6.886491660543796],[107.5108181742019,-6.8839236234017065],[107.50635178683339,-6.886080249981239],[107.50581914065216,-6.890804868064026],[107.50975278678666,-6.893372706735935],[107.51421898401571,-6.891216125786691]]]},"properties":{"h3":"888c14685dfffff","incumbentScore":0.001,"method":"modeled_from_supply_density","realData":false}},{"type":"Feature","geometry":{"type":"Polygon","coordinates":[[[107.49499516490876,-6.761915746215762],[107.49552790866018,-6.757184733795737],[107.49159201900224,-6.754611014106758],[107.48712329062991,-6.75676850504184],[107.48659064208293,-6.761499670531196],[107.49052662669473,-6.764073192024659],[107.49499516490876,-6.761915746215762]]]},"properties":{"h3":"888c10d36dfffff","incumbentScore":0,"method":"modeled_from_supply_density","realData":false}},{"type":"Feature","geometry":{"type":"Polygon","coordinates":[[[107.39179123537662,-6.927972185631172],[107.39232251522249,-6.923247577091099],[107.3883849823232,-6.9206789382198055],[107.38391607590455,-6.922835106035707],[107.38338489159837,-6.927559866045946],[107.3873225181621,-6.930128306778746],[107.39179123537662,-6.927972185631172]]]},"properties":{"h3":"888c146f1bfffff","incumbentScore":0,"method":"modeled_from_supply_density","realData":false}},{"type":"Feature","geometry":{"type":"Polygon","coordinates":[[[107.25634074334916,-7.042434839247779],[107.25687027356814,-7.037713707226895],[107.25292931251477,-7.035147457519909],[107.24845872920143,-7.0373025377261405],[107.24792929502284,-7.042023819458618],[107.25187034810817,-7.044589871282015],[107.25634074334916,-7.042434839247779]]]},"properties":{"h3":"888c1464abfffff","incumbentScore":0,"method":"modeled_from_supply_density","realData":false}},{"type":"Feature","geometry":{"type":"Polygon","coordinates":[[[107.38272624277184,-6.820575424502426],[107.38325760249518,-6.815845471909386],[107.3793183800114,-6.813272239207871],[107.37484770417059,-6.815429157042579],[107.37431644009139,-6.8201592613643225],[107.3782557561998,-6.8227322961312655],[107.38272624277184,-6.820575424502426]]]},"properties":{"h3":"888c10d2c7fffff","incumbentScore":0,"method":"modeled_from_supply_density","realData":false}},{"type":"Feature","geometry":{"type":"Polygon","coordinates":[[[107.31861472782118,-7.052591461332145],[107.31914495598456,-7.047871788821511],[107.31520636225608,-7.0453070421935795],[107.31073744760972,-7.047462166184517],[107.31020731521818,-7.0521819890087905],[107.31414600169214,-7.054746537537193],[107.31861472782118,-7.052591461332145]]]},"properties":{"h3":"888c146405fffff","incumbentScore":0,"method":"modeled_from_supply_density","realData":false}},{"type":"Feature","geometry":{"type":"Polygon","coordinates":[[[107.48422640493816,-6.932496213911234],[107.48475873335664,-6.927773277111234],[107.48082461266796,-6.925206430717807],[107.47635806882583,-6.9273627195739715],[107.47582583555293,-6.9320858087717045],[107.47976005096749,-6.934652456724103],[107.48422640493816,-6.932496213911234]]]},"properties":{"h3":"888c146ac3fffff","incumbentScore":0.157,"method":"modeled_from_supply_density","realData":false}},{"type":"Feature","geometry":{"type":"Polygon","coordinates":[[[107.4512557037641,-7.037685987691943],[107.45178747553611,-7.032967655672856],[107.4478534897363,-7.030404603776549],[107.4433876378727,-7.032560082409069],[107.4428559613214,-7.037278566141127],[107.44679004140393,-7.039841419536318],[107.4512557037641,-7.037685987691943]]]},"properties":{"h3":"888c146053fffff","incumbentScore":0,"method":"modeled_from_supply_density","realData":false}},{"type":"Feature","geometry":{"type":"Polygon","coordinates":[[[107.35064742508017,-7.068383462205239],[107.35117799352557,-7.063665059834742],[107.34724075501956,-7.061101526719404],[107.34277285495345,-7.063256594209809],[107.34224238213501,-7.067975147168132],[107.34617971374665,-7.070538482056924],[107.35064742508017,-7.068383462205239]]]},"properties":{"h3":"888c146711fffff","incumbentScore":0,"method":"modeled_from_supply_density","realData":false}},{"type":"Feature","geometry":{"type":"Polygon","coordinates":[[[107.43636586608493,-6.794691246649441],[107.43689788399638,-6.789960887110941],[107.43296027730068,-6.787387510165891],[107.42849055842564,-6.789544690831174],[107.42795863594718,-6.79427520273198],[107.43189633690167,-6.796848381613766],[107.43636586608493,-6.794691246649441]]]},"properties":{"h3":"888c10d221fffff","incumbentScore":0,"method":"modeled_from_supply_density","realData":false}},{"type":"Feature","geometry":{"type":"Polygon","coordinates":[[[107.52282158282198,-6.927257425910319],[107.52335436021458,-6.922534844684279],[107.51942157964329,-6.919968452741996],[107.51495592649779,-6.922124840589828],[107.51442324409028,-6.926847574623796],[107.51835611983408,-6.929413768010536],[107.52282158282198,-6.927257425910319]]]},"properties":{"h3":"888c146a1dfffff","incumbentScore":0.001,"method":"modeled_from_supply_density","realData":false}},{"type":"Feature","geometry":{"type":"Polygon","coordinates":[[[107.30314991735342,-6.738098546950819],[107.30368050484633,-6.733363376630329],[107.29973736501255,-6.730785385820338],[107.29526354492232,-6.7329427628801275],[107.29473305346062,-6.737678084379147],[107.29867628604887,-6.740255877648487],[107.30314991735342,-6.738098546950819]]]},"properties":{"h3":"888c10d52dfffff","incumbentScore":0,"method":"modeled_from_supply_density","realData":false}},{"type":"Feature","geometry":{"type":"Polygon","coordinates":[[[107.40476292816024,-6.850195238697002],[107.40529448955382,-6.845467063082678],[107.40135644025919,-6.842895432722989],[107.3968867357009,-6.845052176040198],[107.39635526983999,-6.8497805035121395],[107.40029341299558,-6.852351935817862],[107.40476292816024,-6.850195238697002]]]},"properties":{"h3":"888c146d29fffff","incumbentScore":0,"method":"modeled_from_supply_density","realData":false}},{"type":"Feature","geometry":{"type":"Polygon","coordinates":[[[107.4194630120183,-7.057491373565931],[107.41999438665718,-7.052773511389862],[107.4160594986377,-7.0502107273316845],[107.41159314206527,-7.052366003888326],[107.4110618627694,-7.057084017388367],[107.41499684469386,-7.059646603016438],[107.4194630120183,-7.057491373565931]]]},"properties":{"h3":"888c1462b9fffff","incumbentScore":0,"method":"modeled_from_supply_density","realData":false}},{"type":"Feature","geometry":{"type":"Polygon","coordinates":[[[107.53200925064404,-6.770881043951818],[107.53254240108426,-6.766151050081429],[107.52860797511616,-6.7635783391856705],[107.52414030332471,-6.765735820497284],[107.52360724792621,-6.770465967785949],[107.52754176926832,-6.773038480353236],[107.53200925064404,-6.770881043951818]]]},"properties":{"h3":"888c16a68dfffff","incumbentScore":0,"method":"modeled_from_supply_density","realData":false}},{"type":"Feature","geometry":{"type":"Polygon","coordinates":[[[107.70690522198136,-6.829380677117004],[107.70744025800072,-6.824656301367917],[107.70351299360856,-6.822089051502055],[107.69905059584605,-6.824246376373403],[107.69851565408796,-6.828970907127593],[107.70244301582196,-6.831537958013712],[107.70690522198136,-6.829380677117004]]]},"properties":{"h3":"888c16b715fffff","incumbentScore":0,"method":"modeled_from_supply_density","realData":false}},{"type":"Feature","geometry":{"type":"Polygon","coordinates":[[[107.1987954785442,-6.989753129011402],[107.19932443606413,-6.985028538194204],[107.19538074539408,-6.9824591151434925],[107.1909080057982,-6.984614480534556],[107.19037914459327,-6.989339220646437],[107.19432292666018,-6.991908446081355],[107.1987954785442,-6.989753129011402]]]},"properties":{"h3":"888c109ae5fffff","incumbentScore":0,"method":"modeled_from_supply_density","realData":false}},{"type":"Feature","geometry":{"type":"Polygon","coordinates":[[[107.34545044208672,-6.775908570426892],[107.34598145078618,-6.771175880010638],[107.34204031512063,-6.768600166922172],[107.33756807752552,-6.7707573419990865],[107.33703716465529,-6.775490183906725],[107.34097839354187,-6.778065699254686],[107.34545044208672,-6.775908570426892]]]},"properties":{"h3":"888c10d0d5fffff","incumbentScore":0,"method":"modeled_from_supply_density","realData":false}},{"type":"Feature","geometry":{"type":"Polygon","coordinates":[[[107.30997939246811,-7.016572526054533],[107.31050958307165,-7.011850959083876],[107.30657022126816,-7.009284569512372],[107.30210057618481,-7.011439944936249],[107.30157048141174,-7.0161616622509495],[107.3055099358825,-7.018727853806438],[107.30997939246811,-7.016572526054533]]]},"properties":{"h3":"888c1465c5fffff","incumbentScore":0,"method":"modeled_from_supply_density","realData":false}},{"type":"Feature","geometry":{"type":"Polygon","coordinates":[[[107.44700547718948,-6.887921212842953],[107.44753745706035,-6.883195527240289],[107.4436014181269,-6.880626187316313],[107.4391333049887,-6.882782731254119],[107.43860142044848,-6.887508569022246],[107.44253755370673,-6.890077710695688],[107.44700547718948,-6.887921212842953]]]},"properties":{"h3":"888c1468d1fffff","incumbentScore":0,"method":"modeled_from_supply_density","realData":false}},{"type":"Feature","geometry":{"type":"Polygon","coordinates":[[[107.39947338356536,-7.084980798994879],[107.40000448256653,-7.080263970026986],[107.3960692192973,-7.077701979656528],[107.39160276335961,-7.07985701667086],[107.39107175976906,-7.08457399666814],[107.39500711669653,-7.087135788630372],[107.39947338356536,-7.084980798994879]]]},"properties":{"h3":"888c1475a7fffff","incumbentScore":0,"method":"modeled_from_supply_density","realData":false}},{"type":"Feature","geometry":{"type":"Polygon","coordinates":[[[107.51401467674408,-6.8555710849732225],[107.51454747679932,-6.850844891199139],[107.51061346672518,-6.848275373203058],[107.50614656147141,-6.850432247401133],[107.50561385648253,-6.8551585941308835],[107.50954796167196,-6.857727913715417],[107.51401467674408,-6.8555710849732225]]]},"properties":{"h3":"888c14682bfffff","incumbentScore":0.532,"method":"modeled_from_supply_density","realData":false}},{"type":"Feature","geometry":{"type":"Polygon","coordinates":[[[107.44456012191098,-6.759416727276781],[107.44509229389695,-6.754684797710546],[107.4411545378437,-6.752110106806554],[107.43668451542074,-6.754267543507662],[107.4361524388547,-6.758999625635153],[107.4400902892826,-6.761574118508835],[107.44456012191098,-6.759416727276781]]]},"properties":{"h3":"888c10d33bfffff","incumbentScore":0,"method":"modeled_from_supply_density","realData":false}},{"type":"Feature","geometry":{"type":"Polygon","coordinates":[[[107.34997765036668,-6.961547989834447],[107.35050839380108,-6.956824361464774],[107.34656977556209,-6.954256387575237],[107.34210032071769,-6.9564122401220025],[107.34156967297898,-6.961136019424666],[107.34550838437994,-6.963703795256243],[107.34997765036668,-6.961547989834447]]]},"properties":{"h3":"888c146ee9fffff","incumbentScore":0,"method":"modeled_from_supply_density","realData":false}},{"type":"Feature","geometry":{"type":"Polygon","coordinates":[[[107.6597668263668,-6.798564362531332],[107.66030138145724,-6.793837742711333],[107.65637198974287,-6.791268391738651],[107.65190794610689,-6.793425859374333],[107.65137348549753,-6.7981526338233715],[107.65530297403396,-6.800721786016112],[107.6597668263668,-6.798564362531332]]]},"properties":{"h3":"888c16b5c9fffff","incumbentScore":0.001,"method":"modeled_from_supply_density","realData":false}},{"type":"Feature","geometry":{"type":"Polygon","coordinates":[[[107.4729749752796,-6.732274890649971],[107.47350751843794,-6.727542104705211],[107.46957045160802,-6.724966783294016],[107.46510074689219,-6.7271244459112545],[107.4645682990499,-6.731857384796748],[107.4685054605983,-6.734432508132813],[107.4729749752796,-6.732274890649971]]]},"properties":{"h3":"888c16a49bfffff","incumbentScore":0,"method":"modeled_from_supply_density","realData":false}},{"type":"Feature","geometry":{"type":"Polygon","coordinates":[[[107.4192478002172,-7.021897764279122],[107.41977923336533,-7.017178159457322],[107.41584388605102,-7.01461389240269],[107.41137701165547,-7.016769428552947],[107.41084567387314,-7.021489184814729],[107.41478111511148,-7.024053253494903],[107.4192478002172,-7.021897764279122]]]},"properties":{"h3":"888c1460c7fffff","incumbentScore":0,"method":"modeled_from_supply_density","realData":false}},{"type":"Feature","geometry":{"type":"Polygon","coordinates":[[[107.35408618808506,-6.812022292782627],[107.35461723415523,-6.807291479268823],[107.35067686806836,-6.804717401406663],[107.34620536260313,-6.806874334895443],[107.34567441230341,-6.811605299872242],[107.34961487168943,-6.814179179905886],[107.35408618808506,-6.812022292782627]]]},"properties":{"h3":"888c10d295fffff","incumbentScore":0,"method":"modeled_from_supply_density","realData":false}},{"type":"Feature","geometry":{"type":"Polygon","coordinates":[[[107.39041612631475,-6.9777725088217295],[107.3909473052081,-6.973050301302862],[107.38701035411746,-6.970483701316896],[107.38254213050583,-6.972639507071628],[107.38201104712732,-6.977361865882725],[107.38594809183654,-6.979928267655499],[107.39041612631475,-6.9777725088217295]]]},"properties":{"h3":"888c146e43fffff","incumbentScore":0,"method":"modeled_from_supply_density","realData":false}},{"type":"Feature","geometry":{"type":"Polygon","coordinates":[[[107.45562010750167,-6.923973746962142],[107.45615212400901,-6.919249945628669],[107.45221685498349,-6.916682248529476],[107.44774947503954,-6.918838551108502],[107.44721755380424,-6.923562504576454],[107.45115291723177,-6.926130003339498],[107.45562010750167,-6.923973746962142]]]},"properties":{"h3":"888c146a91fffff","incumbentScore":0.001,"method":"modeled_from_supply_density","realData":false}},{"type":"Feature","geometry":{"type":"Polygon","coordinates":[[[107.47284178144335,-6.996030057454206],[107.47337387101823,-6.9913100322265835],[107.46944014149479,-6.988745625615389],[107.46497422783112,-6.990901442745603],[107.4644422334111,-6.995621620044238],[107.46837605749079,-6.998185828150241],[107.47284178144335,-6.996030057454206]]]},"properties":{"h3":"888c146021fffff","incumbentScore":0,"method":"modeled_from_supply_density","realData":false}},{"type":"Feature","geometry":{"type":"Polygon","coordinates":[[[107.2306305182871,-6.969940372224295],[107.23115987628728,-6.965215304602289],[107.22721707324584,-6.962645613234235],[107.22274482041789,-6.964801187184242],[107.22221555861115,-6.969526404491334],[107.22615845342993,-6.972095898172086],[107.2306305182871,-6.969940372224295]]]},"properties":{"h3":"888c10984dfffff","incumbentScore":0,"method":"modeled_from_supply_density","realData":false}},{"type":"Feature","geometry":{"type":"Polygon","coordinates":[[[107.50540852487246,-6.819498747499372],[107.50594128868194,-6.81477067480814],[107.50200650785955,-6.812199514551902],[107.49753886818016,-6.814356625320232],[107.49700619949567,-6.819084850998227],[107.50094107535648,-6.821655812929662],[107.50540852487246,-6.819498747499372]]]},"properties":{"h3":"888c1469ebfffff","incumbentScore":0.001,"method":"modeled_from_supply_density","realData":false}},{"type":"Feature","geometry":{"type":"Polygon","coordinates":[[[107.32565682189605,-7.102746077393045],[107.32618704511798,-7.098028971156664],[107.32224934170159,-7.095466429118643],[107.31778132225747,-7.0976211915244205],[107.3172511947467,-7.10233844798056],[107.32118899095987,-7.104900791819882],[107.32565682189605,-7.102746077393045]]]},"properties":{"h3":"888c146639fffff","incumbentScore":0,"method":"modeled_from_supply_density","realData":false}},{"type":"Feature","geometry":{"type":"Polygon","coordinates":[[[107.45956618972545,-6.738747680283364],[107.46009856861407,-6.734014993478209],[107.4561610960557,-6.73143970845723],[107.45169115003952,-6.733597308293259],[107.45115886651988,-6.738330147880714],[107.45509643363835,-6.74090523485837],[107.45956618972545,-6.738747680283364]]]},"properties":{"h3":"888c10d149fffff","incumbentScore":0,"method":"modeled_from_supply_density","realData":false}},{"type":"Feature","geometry":{"type":"Polygon","coordinates":[[[107.26269603953433,-6.9857665645198],[107.26322573950343,-6.981042762794034],[107.25928428710932,-6.978474279185734],[107.254813042598,-6.980629795127607],[107.25428343867763,-6.985353746815145],[107.25822498321082,-6.987922032607782],[107.26269603953433,-6.9857665645198]]]},"properties":{"h3":"888c109b59fffff","incumbentScore":0,"method":"modeled_from_supply_density","realData":false}},{"type":"Feature","geometry":{"type":"Polygon","coordinates":[[[107.56760892645869,-6.829687461570159],[107.56814238127753,-6.824960868408382],[107.56421000134732,-6.822391207604608],[107.55974407084257,-6.824548338510549],[107.55921071087825,-6.829275085259855],[107.56314318655505,-6.831844547524173],[107.56760892645869,-6.829687461570159]]]},"properties":{"h3":"888c146945fffff","incumbentScore":0,"method":"modeled_from_supply_density","realData":false}},{"type":"Feature","geometry":{"type":"Polygon","coordinates":[[[107.57080986820559,-6.801324609014832],[107.57134340816131,-6.796596698771282],[107.56741078625666,-6.794025918461164],[107.56294452858631,-6.796183246905737],[107.56241108348883,-6.800911310863238],[107.56634380119432,-6.803481892670694],[107.57080986820559,-6.801324609014832]]]},"properties":{"h3":"888c16a65bfffff","incumbentScore":0.001,"method":"modeled_from_supply_density","realData":false}},{"type":"Feature","geometry":{"type":"Polygon","coordinates":[[[107.33385198507119,-6.8038826173219],[107.33438281290458,-6.799151095103823],[107.33044161338081,-6.796576334503481],[107.32596949294438,-6.79873329387989],[107.32543876097198,-6.803464967379804],[107.32938005356594,-6.806039530230135],[107.33385198507119,-6.8038826173219]]]},"properties":{"h3":"888c10d761fffff","incumbentScore":0,"method":"modeled_from_supply_density","realData":false}},{"type":"Feature","geometry":{"type":"Polygon","coordinates":[[[107.34522642007329,-6.740198297878024],[107.3457574871853,-6.735463884728055],[107.34181589080839,-6.732886699204758],[107.33734313407055,-6.735044124519556],[107.33681216281073,-6.73977868927393],[107.34075385242748,-6.742355677117712],[107.34522642007329,-6.740198297878024]]]},"properties":{"h3":"888c10d0a3fffff","incumbentScore":0,"method":"modeled_from_supply_density","realData":false}},{"type":"Feature","geometry":{"type":"Polygon","coordinates":[[[107.25951813682087,-7.014104706888909],[107.26004775190634,-7.009382239121803],[107.25610654518454,-7.006814872204792],[107.25163563128274,-7.008970170913443],[107.25110611224184,-7.013692788517264],[107.25504741104912,-7.016259957584458],[107.25951813682087,-7.014104706888909]]]},"properties":{"h3":"888c146593fffff","incumbentScore":0,"method":"modeled_from_supply_density","realData":false}},{"type":"Feature","geometry":{"type":"Polygon","coordinates":[[[107.35316232336146,-6.933202895940861],[107.35369315175458,-6.928477938450089],[107.34975428892781,-6.925908846998893],[107.34528450448312,-6.92806491107019],[107.34475377178968,-6.932790019619416],[107.3486927278322,-6.935358913047551],[107.35316232336146,-6.933202895940861]]]},"properties":{"h3":"888c146c51fffff","incumbentScore":0,"method":"modeled_from_supply_density","realData":false}},{"type":"Feature","geometry":{"type":"Polygon","coordinates":[[[107.46423220867808,-6.960010035150718],[107.4647642617534,-6.95528812061178],[107.46082976253128,-6.952722067952578],[107.45636311574555,-6.954878128261909],[107.45583115788365,-6.959600194903824],[107.459765751585,-6.9621660491420165],[107.46423220867808,-6.960010035150718]]]},"properties":{"h3":"888c1461e1fffff","incumbentScore":0,"method":"modeled_from_supply_density","realData":false}},{"type":"Feature","geometry":{"type":"Polygon","coordinates":[[[107.42041192054697,-6.9364996353841555],[107.4209435132495,-6.931775889402805],[107.41700712516727,-6.929208100030432],[107.41253905038428,-6.931364254891717],[107.41200755309512,-6.936088152607237],[107.41594403516649,-6.938655743735912],[107.42041192054697,-6.9364996353841555]]]},"properties":{"h3":"888c146f5dfffff","incumbentScore":0,"method":"modeled_from_supply_density","realData":false}},{"type":"Feature","geometry":{"type":"Polygon","coordinates":[[[107.28498195920766,-7.050952513759693],[107.28551180406961,-7.046232240500771],[107.28157197954827,-7.043666840955405],[107.27710221779792,-7.045821912666621],[107.27657246885047,-7.05054233590158],[107.28051238572985,-7.053107537458028],[107.28498195920766,-7.050952513759693]]]},"properties":{"h3":"888c1464edfffff","incumbentScore":0,"method":"modeled_from_supply_density","realData":false}},{"type":"Feature","geometry":{"type":"Polygon","coordinates":[[[107.2392811722253,-7.005990234635803],[107.23981056834924,-7.0012670587000585],[107.23586853290757,-6.998699005880732],[107.2313970094768,-7.000854326777839],[107.23086770948761,-7.005577652369897],[107.23480983678543,-7.008145507417286],[107.2392811722253,-7.005990234635803]]]},"properties":{"h3":"888c109a0dfffff","incumbentScore":0,"method":"modeled_from_supply_density","realData":false}},{"type":"Feature","geometry":{"type":"Polygon","coordinates":[[[107.48103273201887,-6.960829192065431],[107.48156497541353,-6.956107581984903],[107.47763109761792,-6.9535418559689],[107.47316488174665,-6.955697938517896],[107.47263273349373,-6.960419700869686],[107.47656670596126,-6.962985228409796],[107.48103273201887,-6.960829192065431]]]},"properties":{"h3":"888c14613bfffff","incumbentScore":0,"method":"modeled_from_supply_density","realData":false}},{"type":"Feature","geometry":{"type":"Polygon","coordinates":[[[107.30611341352726,-6.938018185792751],[107.30664369389393,-6.9332927308117425],[107.30270319613322,-6.930723024753024],[107.29823232532729,-6.932878971563684],[107.29770214085592,-6.937604577106355],[107.3016427312861,-6.940174085285412],[107.30611341352726,-6.938018185792751]]]},"properties":{"h3":"888c146eb7fffff","incumbentScore":0,"method":"modeled_from_supply_density","realData":false}},{"type":"Feature","geometry":{"type":"Polygon","coordinates":[[[107.46818272531117,-6.774860104494624],[107.46871514078389,-6.770129291088035],[107.46477843898131,-6.76755564377495],[107.4603092270596,-6.769713008008741],[107.45977690689718,-6.774443974168031],[107.4637137033371,-6.77701742334937],[107.46818272531117,-6.774860104494624]]]},"properties":{"h3":"888c10d309fffff","incumbentScore":0,"method":"modeled_from_supply_density","realData":false}},{"type":"Feature","geometry":{"type":"Polygon","coordinates":[[[107.57620372996179,-6.865746417988415],[107.57673722059087,-6.8610217040238926],[107.57280561188598,-6.858453687942755],[107.56834041671989,-6.8606105844604794],[107.56780702088673,-6.865335451980447],[107.57173872541463,-6.8679032694357405],[107.57620372996179,-6.865746417988415]]]},"properties":{"h3":"888c146b05fffff","incumbentScore":0.001,"method":"modeled_from_supply_density","realData":false}},{"type":"Feature","geometry":{"type":"Polygon","coordinates":[[[107.61600012346433,-6.775022396265442],[107.61653422234373,-6.7702939412183065],[107.61260292398256,-6.76772285454122],[107.60813743039746,-6.769880421521832],[107.60760342620001,-6.774609030830563],[107.61153482089658,-6.777179918905524],[107.61600012346433,-6.775022396265442]]]},"properties":{"h3":"888c16b597fffff","incumbentScore":0.001,"method":"modeled_from_supply_density","realData":false}},{"type":"Feature","geometry":{"type":"Polygon","coordinates":[[[107.32543073338759,-7.067157987257555],[107.32596101484496,-7.0624391333762935],[107.32202285153114,-7.059875109750298],[107.31755431393552,-7.062030138158054],[107.31702412821224,-7.066749142374385],[107.32096238434147,-7.069312967856592],[107.32543073338759,-7.067157987257555]]]},"properties":{"h3":"888c146447fffff","incumbentScore":0,"method":"modeled_from_supply_density","realData":false}},{"type":"Feature","geometry":{"type":"Polygon","coordinates":[[[107.35746003943794,-7.0829450189824],[107.35799066102871,-7.078227435708228],[107.35405385321907,-7.075664626356214],[107.34958633063417,-7.077819598557683],[107.34905580463266,-7.082537332440802],[107.35299270561771,-7.0850999435221995],[107.35746003943794,-7.0829450189824]]]},"properties":{"h3":"888c146753fffff","incumbentScore":0,"method":"modeled_from_supply_density","realData":false}},{"type":"Feature","geometry":{"type":"Polygon","coordinates":[[[107.39063472129024,-7.013386682458315],[107.39116584173654,-7.0086662147941725],[107.38722935029851,-7.00610109567112],[107.38276164480556,-7.008256642490563],[107.38223061985128,-7.0129772613315895],[107.3861672048889,-7.015542182184943],[107.39063472129024,-7.013386682458315]]]},"properties":{"h3":"888c146095fffff","incumbentScore":0,"method":"modeled_from_supply_density","realData":false}},{"type":"Feature","geometry":{"type":"Polygon","coordinates":[[[107.44317631588372,-6.809296421785368],[107.4437083866502,-6.804566873952986],[107.43977121227863,-6.801994217254027],[107.4353018728031,-6.804151306505351],[107.43476989743178,-6.808881006722002],[107.43870716613176,-6.811453465311641],[107.44317631588372,-6.809296421785368]]]},"properties":{"h3":"888c10d263fffff","incumbentScore":0,"method":"modeled_from_supply_density","realData":false}},{"type":"Feature","geometry":{"type":"Polygon","coordinates":[[[107.36179233433714,-6.969250304943539],[107.36232320000946,-6.964527235645343],[107.35838510605035,-6.961959785529351],[107.3539160531162,-6.964115602828271],[107.35338528308488,-6.968838823154788],[107.35732347033766,-6.971406075162727],[107.36179233433714,-6.969250304943539]]]},"properties":{"h3":"888c146e11fffff","incumbentScore":0,"method":"modeled_from_supply_density","realData":false}},{"type":"Feature","geometry":{"type":"Polygon","coordinates":[[[107.29362075743363,-7.086960706704398],[107.29415064002109,-7.082242330530929],[107.29021158318344,-7.079678574345545],[107.28574255131291,-7.081833392414191],[107.28521276458135,-7.0865519185333055],[107.28915191385536,-7.0891154766468505],[107.29362075743363,-7.086960706704398]]]},"properties":{"h3":"888c1466adfffff","incumbentScore":0,"method":"modeled_from_supply_density","realData":false}},{"type":"Feature","geometry":{"type":"Polygon","coordinates":[[[107.4115751767188,-6.864792549818212],[107.41210679109014,-6.86006518740355],[107.40816917364616,-6.857494277793245],[107.4036998478911,-6.859650928705872],[107.40316832901466,-6.8643784430000405],[107.40710604038928,-6.866949154510687],[107.4115751767188,-6.864792549818212]]]},"properties":{"h3":"888c146d6bfffff","incumbentScore":0,"method":"modeled_from_supply_density","realData":false}},{"type":"Feature","geometry":{"type":"Polygon","coordinates":[[[107.47679672953265,-6.810956363187761],[107.47732918152093,-6.806227425738373],[107.4733932503692,-6.803655417773175],[107.46892477250564,-6.805812545485348],[107.468392415769,-6.81054163565732],[107.47232844163521,-6.813113445403084],[107.47679672953265,-6.810956363187761]]]},"properties":{"h3":"888c1469b9fffff","incumbentScore":0,"method":"modeled_from_supply_density","realData":false}},{"type":"Feature","geometry":{"type":"Polygon","coordinates":[[[107.41571285869159,-6.715146547962311],[107.41624477644018,-6.710412036173404],[107.41230541271005,-6.707835026924327],[107.40783403715338,-6.709992727335644],[107.40730221497415,-6.7147273915338115],[107.41124167277314,-6.7173042029199825],[107.41571285869159,-6.715146547962311]]]},"properties":{"h3":"888c10d117fffff","incumbentScore":0,"method":"modeled_from_supply_density","realData":false}},{"type":"Feature","geometry":{"type":"Polygon","coordinates":[[[107.32111636731581,-6.917372997479344],[107.32164685517334,-6.912646772125043],[107.31770663579249,-6.9100764723970425],[107.31323583568987,-6.912232595926802],[107.31270544367709,-6.916958972063626],[107.31664575591313,-6.919529073896841],[107.32111636731581,-6.917372997479344]]]},"properties":{"h3":"888c146cc5fffff","incumbentScore":0,"method":"modeled_from_supply_density","realData":false}},{"type":"Feature","geometry":{"type":"Polygon","coordinates":[[[107.59240992291558,-6.759594377124992],[107.59294378022818,-6.7548648027182985],[107.58901142126338,-6.752292668872756],[107.58454510890242,-6.754450307943774],[107.5840113463816,-6.759180036422526],[107.58794380142086,-6.761751971766641],[107.59240992291558,-6.759594377124992]]]},"properties":{"h3":"888c16a629fffff","incumbentScore":0.377,"method":"modeled_from_supply_density","realData":false}},{"type":"Feature","geometry":{"type":"Polygon","coordinates":[[[107.5172116898106,-6.827210622327191],[107.51774457496317,-6.822483108904022],[107.51381032225905,-6.819912472013755],[107.50934308922385,-6.822069546930313],[107.5088102991414,-6.826797213435328],[107.51274464701494,-6.829367651950466],[107.5172116898106,-6.827210622327191]]]},"properties":{"h3":"888c146913fffff","incumbentScore":0.001,"method":"modeled_from_supply_density","realData":false}},{"type":"Feature","geometry":{"type":"Polygon","coordinates":[[[107.37041981543885,-7.0052814489618305],[107.37095071832167,-7.000560270375751],[107.3670133931273,-6.9979944632114055],[107.36254507166956,-7.000150032834116],[107.36201426436915,-7.0048713624178705],[107.36595168293503,-7.007436971389899],[107.37041981543885,-7.0052814489618305]]]},"properties":{"h3":"888c146561fffff","incumbentScore":0,"method":"modeled_from_supply_density","realData":false}},{"type":"Feature","geometry":{"type":"Polygon","coordinates":[[[107.42019673518448,-6.90085986258827],[107.42072838644451,-6.896134383033361],[107.41679153871665,-6.893565114200783],[107.41232294571145,-6.89572152311752],[107.41179138988765,-6.900447154521697],[107.41572833162373,-6.903016225168472],[107.42019673518448,-6.90085986258827]]]},"properties":{"h3":"888c146f2bfffff","incumbentScore":0,"method":"modeled_from_supply_density","realData":false}},{"type":"Feature","geometry":{"type":"Polygon","coordinates":[[[107.23451724355907,-7.048488800593613],[107.2350465123989,-7.043767628745976],[107.23110484586878,-7.041201251023918],[107.2266338187139,-7.043356242980867],[107.22610464600254,-7.048077564297356],[107.23004640430855,-7.0506437441968],[107.23451724355907,-7.048488800593613]]]},"properties":{"h3":"888c1464bbfffff","incumbentScore":0,"method":"modeled_from_supply_density","realData":false}},{"type":"Feature","geometry":{"type":"Polygon","coordinates":[[[107.50463206594492,-6.976218749262655],[107.50516455203845,-6.971498260342613],[107.50123172869755,-6.9689335852551295],[107.4967663243204,-6.971089597671608],[107.49623393325913,-6.97581023905176],[107.50016685153368,-6.978374715563874],[107.50463206594492,-6.976218749262655]]]},"properties":{"h3":"888c146109fffff","incumbentScore":0,"method":"modeled_from_supply_density","realData":false}},{"type":"Feature","geometry":{"type":"Polygon","coordinates":[[[107.50159490118978,-6.740832783137747],[107.50212775638444,-6.736100861514875],[107.49819184025796,-6.733526385325278],[107.49372297388497,-6.735684028948027],[107.49319021387964,-6.740416103776701],[107.49712622504882,-6.742990381785342],[107.50159490118978,-6.740832783137747]]]},"properties":{"h3":"888c16a4ddfffff","incumbentScore":0,"method":"modeled_from_supply_density","realData":false}},{"type":"Feature","geometry":{"type":"Polygon","coordinates":[[[107.36090410112638,-6.82662977857111],[107.36143520041432,-6.821899777138723],[107.3574952657705,-6.819326418569011],[107.35302413846055,-6.82148325931492],[107.35249313490526,-6.826213412232742],[107.3564331629182,-6.828786572927851],[107.36090410112638,-6.82662977857111]]]},"properties":{"h3":"888c10d2d7fffff","incumbentScore":0,"method":"modeled_from_supply_density","realData":false}},{"type":"Feature","geometry":{"type":"Polygon","coordinates":[[[107.32975249088938,-6.953431644755228],[107.33028301625313,-6.948707306684565],[107.32634356553649,-6.946138646625376],[107.32187349651367,-6.948294522625704],[107.32134306693598,-6.953019011449352],[107.32528261058597,-6.9555874735283725],[107.32975249088938,-6.953431644755228]]]},"properties":{"h3":"888c146e85fffff","incumbentScore":0,"method":"modeled_from_supply_density","realData":false}},{"type":"Feature","geometry":{"type":"Polygon","coordinates":[[[107.29680026510363,-7.058647104315919],[107.29733023255248,-7.0539273903494175],[107.29339093059743,-7.051362515227209],[107.28892156869449,-7.053517552118988],[107.28839169710562,-7.0582374161567865],[107.29233109155065,-7.060802093240231],[107.29680026510363,-7.058647104315919]]]},"properties":{"h3":"888c146415fffff","incumbentScore":0,"method":"modeled_from_supply_density","realData":false}},{"type":"Feature","geometry":{"type":"Polygon","coordinates":[[[107.46242588521254,-6.938554436750889],[107.46295795444469,-6.933831450705027],[107.45902311757739,-6.931264476433179],[107.4545561169974,-6.933420686596942],[107.4540241429995,-6.938143824798436],[107.45795907433828,-6.940710600689115],[107.46242588521254,-6.938554436750889]]]},"properties":{"h3":"888c146ad3fffff","incumbentScore":0,"method":"modeled_from_supply_density","realData":false}},{"type":"Feature","geometry":{"type":"Polygon","coordinates":[[[107.37904476738784,-7.041296308072423],[107.37957570741244,-7.036577022709398],[107.3756391508798,-7.034012860105974],[107.37117156086428,-7.03616818115013],[107.3706407163635,-7.0408876174797],[107.37457736634535,-7.043451581807228],[107.37904476738784,-7.041296308072423]]]},"properties":{"h3":"888c146721fffff","incumbentScore":0,"method":"modeled_from_supply_density","realData":false}},{"type":"Feature","geometry":{"type":"Polygon","coordinates":[[[107.41454916380789,-6.800746513358492],[107.4150809218015,-6.7960161027556145],[107.41114260042771,-6.793442599967092],[107.40667242704752,-6.795599705793584],[107.40614076457557,-6.800330268515667],[107.41007917995306,-6.802903573300634],[107.41454916380789,-6.800746513358492]]]},"properties":{"h3":"888c10d231fffff","incumbentScore":0,"method":"modeled_from_supply_density","realData":false}},{"type":"Feature","geometry":{"type":"Polygon","coordinates":[[[107.3770636276401,-6.720361387961197],[107.37759509376961,-6.715626519603162],[107.37365439642367,-6.713049063251535],[107.36918213931953,-6.715206673014513],[107.36865076891978,-6.719941693368085],[107.37259155988532,-6.722518951971752],[107.3770636276401,-6.720361387961197]]]},"properties":{"h3":"888c10d18bfffff","incumbentScore":0,"method":"modeled_from_supply_density","realData":false}},{"type":"Feature","geometry":{"type":"Polygon","coordinates":[[[107.38294584313046,-6.856250496283773],[107.38347714436857,-6.851522271866083],[107.37953838206349,-6.848950515131018],[107.3750682249055,-6.851107180816287],[107.37453701928862,-6.85583555684862],[107.37847587519941,-6.8584071155896735],[107.38294584313046,-6.856250496283773]]]},"properties":{"h3":"888c146d39fffff","incumbentScore":0,"method":"modeled_from_supply_density","realData":false}},{"type":"Feature","geometry":{"type":"Polygon","coordinates":[[[107.64656397882854,-6.8406837378020695],[107.64709831168054,-6.835958937168758],[107.64316896731422,-6.833391105183851],[107.63870519344209,-6.835548272648451],[107.63817095510183,-6.840273227636204],[107.64210039611284,-6.842840860813344],[107.64656397882854,-6.8406837378020695]]]},"properties":{"h3":"888c16b419fffff","incumbentScore":0,"method":"modeled_from_supply_density","realData":false}},{"type":"Feature","geometry":{"type":"Polygon","coordinates":[[[107.19744974637632,-7.0395539986079125],[107.1979786035642,-7.034831820382845],[107.19403549722013,-7.032264430927954],[107.18956344232723,-7.034419417396092],[107.18903468142913,-7.039141744740192],[107.19297787912515,-7.04170893650591],[107.19744974637632,-7.0395539986079125]]]},"properties":{"h3":"888c10912bfffff","incumbentScore":0,"method":"modeled_from_supply_density","realData":false}},{"type":"Feature","geometry":{"type":"Polygon","coordinates":[[[107.51020390983284,-6.776938187524039],[107.51073680131822,-6.772208139149864],[107.50680165629771,-6.769635302167336],[107.5023335246631,-6.771792711836699],[107.50180072830841,-6.77652291338647],[107.50573596844853,-6.77909555209979],[107.51020390983284,-6.776938187524039]]]},"properties":{"h3":"888c16a69dfffff","incumbentScore":0,"method":"modeled_from_supply_density","realData":false}},{"type":"Feature","geometry":{"type":"Polygon","coordinates":[[[107.48520051634361,-6.811370918844436],[107.48573306354756,-6.806642134202149],[107.48179744354626,-6.804070288521375],[107.47732918152093,-6.806227425738373],[107.47679672953265,-6.810956363187761],[107.48073244434494,-6.813528010621595],[107.48520051634361,-6.811370918844436]]]},"properties":{"h3":"888c146987fffff","incumbentScore":0.001,"method":"modeled_from_supply_density","realData":false}},{"type":"Feature","geometry":{"type":"Polygon","coordinates":[[[107.28816124056277,-7.022627533953997],[107.28869117030139,-7.017905924941176],[107.28475110049433,-7.015339407388072],[107.280281008528,-7.017494696811816],[107.27975117470804,-7.022216455926086],[107.2836913369267,-7.024782775523887],[107.28816124056277,-7.022627533953997]]]},"properties":{"h3":"888c1465d5fffff","incumbentScore":0,"method":"modeled_from_supply_density","realData":false}},{"type":"Feature","geometry":{"type":"Polygon","coordinates":[[[107.37387512867662,-6.748765994562041],[107.37440650971891,-6.744032441756428],[107.3704660569867,-6.741456098992934],[107.36599412963744,-6.743613506829656],[107.36546284432092,-6.7483472115062435],[107.36940339061881,-6.750923356483746],[107.37387512867662,-6.748765994562041]]]},"properties":{"h3":"888c10d0e5fffff","incumbentScore":0,"method":"modeled_from_supply_density","realData":false}},{"type":"Feature","geometry":{"type":"Polygon","coordinates":[[[107.47540829920672,-6.860803425996812],[107.47594064991324,-6.8560768749228],[107.47200529978588,-6.8535069045465145],[107.46753750427474,-6.855663683549886],[107.46700524879513,-6.860390387168498],[107.47094069359066,-6.862960159247698],[107.47540829920672,-6.860803425996812]]]},"properties":{"h3":"888c1468e1fffff","incumbentScore":0.002,"method":"modeled_from_supply_density","realData":false}},{"type":"Feature","geometry":{"type":"Polygon","coordinates":[[[107.37767207978962,-7.091038853323505],[107.3782029189734,-7.086321981239637],[107.37426694400729,-7.083759861511265],[107.36980003644486,-7.085914812223108],[107.36926929276001,-7.090631835094633],[107.3732053611296,-7.093193756475324],[107.37767207978962,-7.091038853323505]]]},"properties":{"h3":"888c1475b7fffff","incumbentScore":0,"method":"modeled_from_supply_density","realData":false}},{"type":"Feature","geometry":{"type":"Polygon","coordinates":[[[107.49221281952248,-6.861628985382317],[107.4927453605752,-6.856902739650624],[107.48881063264099,-6.854333094590028],[107.48434326878402,-6.856489893621666],[107.48381082288645,-6.861216292066703],[107.48774564568161,-6.863785738775305],[107.49221281952248,-6.861628985382317]]]},"properties":{"h3":"888c14683bfffff","incumbentScore":0.156,"method":"modeled_from_supply_density","realData":false}},{"type":"Feature","geometry":{"type":"Polygon","coordinates":[[[107.47499056984174,-6.789466728666906],[107.47552303803354,-6.784736726456601],[107.47158676893066,-6.782163799523408],[107.46711793692008,-6.784321072986949],[107.46658556400071,-6.789051227971793],[107.47052192781041,-6.791623956727088],[107.47499056984174,-6.789466728666906]]]},"properties":{"h3":"888c10d34bfffff","incumbentScore":0,"method":"modeled_from_supply_density","realData":false}},{"type":"Feature","geometry":{"type":"Polygon","coordinates":[[[107.63798102239426,-6.804624817808411],[107.63851531992022,-6.7998981403074],[107.63458520361456,-6.797328662171796],[107.630120693205,-6.799486060266742],[107.62958649024935,-6.8042128921549905],[107.63351670312385,-6.806782171569494],[107.63798102239426,-6.804624817808411]]]},"properties":{"h3":"888c16b5d9fffff","incumbentScore":0,"method":"modeled_from_supply_density","realData":false}},{"type":"Feature","geometry":{"type":"Polygon","coordinates":[[[107.39744473691356,-7.027955544538077],[107.39797591034515,-7.023235894524775],[107.39403985016135,-7.0206714988108345],[107.3895725228676,-7.022826951432989],[107.38904144489028,-7.027546752644315],[107.39297759874339,-7.030110950044109],[107.39744473691356,-7.027955544538077]]]},"properties":{"h3":"888c1460d7fffff","incumbentScore":0,"method":"modeled_from_supply_density","realData":false}},{"type":"Feature","geometry":{"type":"Polygon","coordinates":[[[107.38250659164001,-6.7848867879889605],[107.38303800986137,-6.780155109916111],[107.37909832709151,-6.777580402327652],[107.37462713244761,-6.779737570695098],[107.37409580989329,-6.784469400610418],[107.37803558630674,-6.787043910324421],[107.38250659164001,-6.7848867879889605]]]},"properties":{"h3":"888c10d2a5fffff","incumbentScore":0,"method":"modeled_from_supply_density","realData":false}},{"type":"Feature","geometry":{"type":"Polygon","coordinates":[[[107.3686060645886,-6.983829035952491],[107.36913698339039,-6.9791067830673486],[107.365199320516,-6.976540055148479],[107.36073064546726,-6.978695778276284],[107.36019982226875,-6.983418182211305],[107.36413757850664,-6.985984711977297],[107.3686060645886,-6.983829035952491]]]},"properties":{"h3":"888c146e53fffff","incumbentScore":0,"method":"modeled_from_supply_density","realData":false}},{"type":"Feature","geometry":{"type":"Polygon","coordinates":[[[107.48401863791776,-6.896863051954533],[107.48455102506934,-6.892138382993384],[107.48061644522865,-6.889570055395973],[107.47614938348208,-6.891726595151392],[107.4756170914988,-6.896451416626031],[107.4795517660847,-6.899019545840325],[107.48401863791776,-6.896863051954533]]]},"properties":{"h3":"888c146aa1fffff","incumbentScore":0.001,"method":"modeled_from_supply_density","realData":false}},{"type":"Feature","geometry":{"type":"Polygon","coordinates":[[[107.35090020926155,-6.84040254898923],[107.35143117030623,-6.8356730571201805],[107.3474910489861,-6.833100094294995],[107.3430198733669,-6.835256821212725],[107.34248900808868,-6.839986464419921],[107.34642922265411,-6.842559229379885],[107.35090020926155,-6.84040254898923]]]},"properties":{"h3":"888c146dadfffff","incumbentScore":0,"method":"modeled_from_supply_density","realData":false}},{"type":"Feature","geometry":{"type":"Polygon","coordinates":[[[107.4510441745872,-7.002088827620746],[107.45157600496266,-6.997368754987673],[107.44764156006067,-6.994804219750628],[107.44317519047223,-6.996959955600411],[107.44264345534022,-7.001680180062683],[107.44657799454411,-7.004244516854581],[107.4510441745872,-7.002088827620746]]]},"properties":{"h3":"888c146031fffff","incumbentScore":0,"method":"modeled_from_supply_density","realData":false}},{"type":"Feature","geometry":{"type":"Polygon","coordinates":[[[107.59561327975014,-6.731213649072656],[107.59614722224963,-6.726482762374899],[107.59221462152358,-6.723909509965565],[107.5877479821602,-6.726067342726064],[107.58721413445618,-6.730798383622135],[107.59114683131095,-6.733371437567855],[107.59561327975014,-6.731213649072656]]]},"properties":{"h3":"888c16a711fffff","incumbentScore":0.001,"method":"modeled_from_supply_density","realData":false}},{"type":"Feature","geometry":{"type":"Polygon","coordinates":[[[107.20879850039435,-6.975992870605068],[107.2093275966262,-6.971267762230053],[107.20538408893586,-6.968697943931828],[107.20091139348378,-6.970853431643793],[107.20038239353346,-6.975578689460617],[107.20432599274464,-6.978148310132437],[107.20879850039435,-6.975992870605068]]]},"properties":{"h3":"888c10985dfffff","incumbentScore":0,"method":"modeled_from_supply_density","realData":false}},{"type":"Feature","geometry":{"type":"Polygon","coordinates":[[[107.61459059439446,-6.824863752708956],[107.61512459155779,-6.820137676516719],[107.61119387233846,-6.817568631537727],[107.60672905965832,-6.819725861439959],[107.60619515715256,-6.824452091714135],[107.61012597266024,-6.827020938012599],[107.61459059439446,-6.824863752708956]]]},"properties":{"h3":"888c16b48dfffff","incumbentScore":0.001,"method":"modeled_from_supply_density","realData":false}},{"type":"Feature","geometry":{"type":"Polygon","coordinates":[[[107.39135414367951,-6.85666526291707],[107.39188554050304,-6.851937190198678],[107.38794708770334,-6.849365595658062],[107.38347714436857,-6.851522271866083],[107.38294584313046,-6.856250496283773],[107.38688438963261,-6.858821892802757],[107.39135414367951,-6.85666526291707]]]},"properties":{"h3":"888c146d07fffff","incumbentScore":0,"method":"modeled_from_supply_density","realData":false}},{"type":"Feature","geometry":{"type":"Polygon","coordinates":[[[107.29111087043765,-6.9586605277171705],[107.29164094325189,-6.953935844592275],[107.28770016766842,-6.951366732157201],[107.28322922677788,-6.9535225007200285],[107.2826992499094,-6.958247334185747],[107.28664011797665,-6.9608162487565455],[107.29111087043765,-6.9586605277171705]]]},"properties":{"h3":"888c109b69fffff","incumbentScore":0,"method":"modeled_from_supply_density","realData":false}},{"type":"Feature","geometry":{"type":"Polygon","coordinates":[[[107.43774871110602,-6.744802721388172],[107.4382808302262,-6.740069981497273],[107.43434264169608,-6.737494571216864],[107.42987223973168,-6.739652098819752],[107.42934021606925,-6.744384991249669],[107.43327849890439,-6.746960203546232],[107.43774871110602,-6.744802721388172]]]},"properties":{"h3":"888c10d159fffff","incumbentScore":0,"method":"modeled_from_supply_density","realData":false}},{"type":"Feature","geometry":{"type":"Polygon","coordinates":[[[107.59920619699277,-6.774195494340491],[107.59974010647227,-6.769466730854368],[107.59580818149132,-6.766895319012094],[107.59134225087838,-6.769052869211889],[107.59080843615284,-6.77378178679115],[107.59474045727715,-6.776353000085922],[107.59920619699277,-6.774195494340491]]]},"properties":{"h3":"888c16a66bfffff","incumbentScore":0.156,"method":"modeled_from_supply_density","realData":false}},{"type":"Feature","geometry":{"type":"Polygon","coordinates":[[[107.40606427087293,-7.063956989683546],[107.40659548125281,-7.059239234313428],[107.40266018985386,-7.056676484892505],[107.39819359431917,-7.058831689247558],[107.39766247933495,-7.063549595783935],[107.40159786448072,-7.066112146807663],[107.40606427087293,-7.063956989683546]]]},"properties":{"h3":"888c146297fffff","incumbentScore":0,"method":"modeled_from_supply_density","realData":false}},{"type":"Feature","geometry":{"type":"Polygon","coordinates":[[[107.32339358380779,-6.746250732592704],[107.32392438995801,-6.741516269836947],[107.31998208273436,-6.738938959699454],[107.31550887636762,-6.741096309945964],[107.3149781661581,-6.745830924062217],[107.31892056636556,-6.748408036580106],[107.32339358380779,-6.746250732592704]]]},"properties":{"h3":"888c10d0b3fffff","incumbentScore":0,"method":"modeled_from_supply_density","realData":false}},{"type":"Feature","geometry":{"type":"Polygon","coordinates":[[[107.38157174943784,-6.9060901385831315],[107.38210294970324,-6.901364307827557],[107.37816476960232,-6.898794586743015],[107.37369529566716,-6.900950894493273],[107.37316419099811,-6.905676876686426],[107.37710246465883,-6.908246399700366],[107.38157174943784,-6.9060901385831315]]]},"properties":{"h3":"888c146c61fffff","incumbentScore":0,"method":"modeled_from_supply_density","realData":false}},{"type":"Feature","geometry":{"type":"Polygon","coordinates":[[[107.28793073075653,-6.987003966064613],[107.2884607186576,-6.9822806147321],[107.2845201884229,-6.979712619042095],[107.28004957784788,-6.981868172592155],[107.27951968588845,-6.986591674140396],[107.2834603085533,-6.989159471931564],[107.28793073075653,-6.987003966064613]]]},"properties":{"h3":"888c1465a3fffff","incumbentScore":0,"method":"modeled_from_supply_density","realData":false}},{"type":"Feature","geometry":{"type":"Polygon","coordinates":[[[107.44881336002099,-6.9093899813270525],[107.44934532376809,-6.904665365113472],[107.44540962261223,-6.902096945546877],[107.44094186336764,-6.904253340493418],[107.44040999493038,-6.908978108820189],[107.44434579041878,-6.911546330095804],[107.44881336002099,-6.9093899813270525]]]},"properties":{"h3":"888c146f6dfffff","incumbentScore":0,"method":"modeled_from_supply_density","realData":false}},{"type":"Feature","geometry":{"type":"Polygon","coordinates":[[[107.21745283888197,-7.012043357224917],[107.21798197338818,-7.007320141120829],[107.21403923307167,-7.004751960854604],[107.20956726664011,-7.006907194412217],[107.2090382283567,-7.0116305599295705],[107.21298106027307,-7.014198542484818],[107.21745283888197,-7.012043357224917]]]},"properties":{"h3":"888c109a1dfffff","incumbentScore":0,"method":"modeled_from_supply_density","realData":false}},{"type":"Feature","geometry":{"type":"Polygon","coordinates":[[[107.41433320215224,-6.765054406711545],[107.41486501873851,-6.7603222726823615],[107.4109262372708,-6.757747294667397],[107.40645554518497,-6.759904648633311],[107.40592382414323,-6.764636934895667],[107.40986269963372,-6.767211714967511],[107.41433320215224,-6.765054406711545]]]},"properties":{"h3":"888c10d00dfffff","incumbentScore":0,"method":"modeled_from_supply_density","realData":false}},{"type":"Feature","geometry":{"type":"Polygon","coordinates":[[[107.51581725022629,-6.877042068811016],[107.51635003398803,-6.87231694242126],[107.51241636166387,-6.869748345391639],[107.50794981044602,-6.8719050732126155],[107.50741712172984,-6.876630352505459],[107.51135088917687,-6.879198751082781],[107.51581725022629,-6.877042068811016]]]},"properties":{"h3":"888c146809fffff","incumbentScore":0.002,"method":"modeled_from_supply_density","realData":false}},{"type":"Feature","geometry":{"type":"Polygon","coordinates":[[[107.44636895319532,-6.780915838747392],[107.44690110905023,-6.77618497285034],[107.44296369105763,-6.773611199765341],[107.4384940228186,-6.77576849065815],[107.43796196236273,-6.78049950906487],[107.44189947473778,-6.783073084077653],[107.44636895319532,-6.780915838747392]]]},"properties":{"h3":"888c10d319fffff","incumbentScore":0,"method":"modeled_from_supply_density","realData":false}},{"type":"Feature","geometry":{"type":"Polygon","coordinates":[[[107.33656961547231,-6.968015335054679],[107.33710019411429,-6.963291812924944],[107.33316117420078,-6.960723874295742],[107.32869148263289,-6.9628796558301325],[107.32816099973917,-6.967603328734708],[107.33210011265604,-6.970171069338729],[107.33656961547231,-6.968015335054679]]]},"properties":{"h3":"888c146ec7fffff","incumbentScore":0,"method":"modeled_from_supply_density","realData":false}},{"type":"Feature","geometry":{"type":"Polygon","coordinates":[[[107.30361820876762,-7.073213970273706],[107.30414822960593,-7.0684950750741],[107.30020935782647,-7.065930922728272],[107.29574037263966,-7.06808586367378],[107.29521044762363,-7.072804908966211],[107.2991494119631,-7.075368863229038],[107.30361820876762,-7.073213970273706]]]},"properties":{"h3":"888c146457fffff","incumbentScore":0,"method":"modeled_from_supply_density","realData":false}},{"type":"Feature","geometry":{"type":"Polygon","coordinates":[[[107.3858552742725,-7.055860890925701],[107.38638626732472,-7.051142423958156],[107.38245014185148,-7.04857898507572],[107.37798292979802,-7.0507342114895994],[107.37745203223186,-7.055452829444745],[107.38138825122404,-7.058016070007068],[107.3858552742725,-7.055860890925701]]]},"properties":{"h3":"888c146763fffff","incumbentScore":0,"method":"modeled_from_supply_density","realData":false}},{"type":"Feature","geometry":{"type":"Polygon","coordinates":[[[107.41903253869519,-6.986290481797202],[107.41956403036542,-6.9815691369822135],[107.41562822364918,-6.979003387980399],[107.41116083131055,-6.981159182120331],[107.41062943502894,-6.98588067849104],[107.41456533568827,-6.988446229174707],[107.41903253869519,-6.986290481797202]]]},"properties":{"h3":"888c1460a5fffff","incumbentScore":0,"method":"modeled_from_supply_density","realData":false}},{"type":"Feature","geometry":{"type":"Polygon","coordinates":[[[107.3901974808252,-6.942144683693289],[107.39072871817845,-6.9374207389821745],[107.38679130732795,-6.934852659190414],[107.3823225654776,-6.937008722274438],[107.38179142366204,-6.941732818392871],[107.38572892815009,-6.9443007000286014],[107.3901974808252,-6.942144683693289]]]},"properties":{"h3":"888c146e21fffff","incumbentScore":0,"method":"modeled_from_supply_density","realData":false}},{"type":"Feature","geometry":{"type":"Polygon","coordinates":[[[107.40570683354706,-6.728930070025198],[107.40623861317145,-6.724196062929265],[107.40229906136548,-6.721619449401753],[107.3978276359809,-6.72377704083312],[107.39729595195973,-6.728511200190983],[107.40123559771084,-6.731087615864122],[107.40570683354706,-6.728930070025198]]]},"properties":{"h3":"888c10d1cdfffff","incumbentScore":0,"method":"modeled_from_supply_density","realData":false}},{"type":"Feature","geometry":{"type":"Polygon","coordinates":[[[107.22610464600254,-7.048077564297356],[107.2266338187139,-7.043356242980867],[107.22269184567092,-7.040789702369684],[107.21822060822876,-7.042944680878594],[107.21769153168147,-7.047666151579299],[107.22163359640322,-7.050232494395646],[107.22610464600254,-7.048077564297356]]]},"properties":{"h3":"888c10916dfffff","incumbentScore":0,"method":"modeled_from_supply_density","realData":false}},{"type":"Feature","geometry":{"type":"Polygon","coordinates":[[[107.50721201399287,-6.840978893727603],[107.5077447615264,-6.836251886884221],[107.50381031854518,-6.833681646739639],[107.49934303297533,-6.835838611812949],[107.49881038054598,-6.840565771590757],[107.50274491857321,-6.843135813369377],[107.50721201399287,-6.840978893727603]]]},"properties":{"h3":"888c1469c9fffff","incumbentScore":0.001,"method":"modeled_from_supply_density","realData":false}},{"type":"Feature","geometry":{"type":"Polygon","coordinates":[[[107.74206441687814,-6.816846116292848],[107.74259987218706,-6.81212170416374],[107.73867374832602,-6.8095545465706175],[107.73421207139569,-6.811712000184801],[107.7336767102055,-6.816436567717785],[107.73760293181778,-6.819003526241078],[107.74206441687814,-6.816846116292848]]]},"properties":{"h3":"888c16b767fffff","incumbentScore":0,"method":"modeled_from_supply_density","realData":false}},{"type":"Feature","geometry":{"type":"Polygon","coordinates":[[[107.2992927367396,-6.923427095859975],[107.29982296368146,-6.918700825798843],[107.29588203534483,-6.91613039930669],[107.29141078745793,-6.918286440718725],[107.29088065644912,-6.923012861319292],[107.2948216773851,-6.925583089977083],[107.2992927367396,-6.923427095859975]]]},"properties":{"h3":"888c146cd5fffff","incumbentScore":0,"method":"modeled_from_supply_density","realData":false}},{"type":"Feature","geometry":{"type":"Polygon","coordinates":[[[107.57061208204435,-6.765652733696766],[107.57114568101821,-6.760923102703916],[107.56721260026477,-6.758350842570545],[107.56274582470779,-6.760508411880917],[107.56221232061478,-6.765238196703434],[107.56614549718877,-6.76781025839437],[107.57061208204435,-6.765652733696766]]]},"properties":{"h3":"888c16a639fffff","incumbentScore":0,"method":"modeled_from_supply_density","realData":false}},{"type":"Feature","geometry":{"type":"Polygon","coordinates":[[[107.54561192384215,-6.8000841998129005],[107.54614517911531,-6.795355828680344],[107.5422116198755,-6.792784560715596],[107.53774470984109,-6.794941862312453],[107.53721154953405,-6.799670386906058],[107.5411452042862,-6.802241456450254],[107.54561192384215,-6.8000841998129005]]]},"properties":{"h3":"888c146923fffff","incumbentScore":0.002,"method":"modeled_from_supply_density","realData":false}},{"type":"Feature","geometry":{"type":"Polygon","coordinates":[[[107.34704351071099,-6.7617098399760405],[107.34757456193731,-6.756976490458723],[107.3436333038028,-6.754400220529779],[107.33916090118493,-6.756557497848505],[107.33862994578986,-6.761290998919455],[107.34257129717234,-6.763867071126667],[107.34704351071099,-6.7617098399760405]]]},"properties":{"h3":"888c10d081fffff","incumbentScore":0,"method":"modeled_from_supply_density","realData":false}},{"type":"Feature","geometry":{"type":"Polygon","coordinates":[[[107.39838529678369,-6.90691614131592],[107.39891668813439,-6.902190613689103],[107.39497912693871,-6.899621217743026],[107.39051008063005,-6.901777547558156],[107.38997878480409,-6.906503226791602],[107.39391643975296,-6.909072424611912],[107.39838529678369,-6.90691614131592]]]},"properties":{"h3":"888c146f3bfffff","incumbentScore":0,"method":"modeled_from_supply_density","realData":false}},{"type":"Feature","geometry":{"type":"Polygon","coordinates":[[[107.48283739987893,-6.982278035723688],[107.4833696270729,-6.9775574979791175],[107.47943608684686,-6.974992694342098],[107.47497022473823,-6.977148626973689],[107.4744380926652,-6.981869316936625],[107.47837172757076,-6.984433922058169],[107.48283739987893,-6.982278035723688]]]},"properties":{"h3":"888c146119fffff","incumbentScore":0,"method":"modeled_from_supply_density","realData":false}},{"type":"Feature","geometry":{"type":"Polygon","coordinates":[[[107.30793255266127,-6.959486390552015],[107.30846281725991,-6.954762008362786],[107.30452265736469,-6.952193221025184],[107.30005214018404,-6.954349013805192],[107.29952197145974,-6.959073546504573],[107.30346222403267,-6.961642135922487],[107.30793255266127,-6.959486390552015]]]},"properties":{"h3":"888c146e95fffff","incumbentScore":0,"method":"modeled_from_supply_density","realData":false}},{"type":"Feature","geometry":{"type":"Polygon","coordinates":[[[107.38932239337622,-6.79949726349229],[107.38985386469732,-6.794766396786098],[107.38591461373431,-6.792192408442164],[107.3814437977277,-6.7943494847337185],[107.3809124220358,-6.799080503304761],[107.38485176671226,-6.8016542937280065],[107.38932239337622,-6.79949726349229]]]},"properties":{"h3":"888c10d2e7fffff","incumbentScore":0,"method":"modeled_from_supply_density","realData":false}},{"type":"Feature","geometry":{"type":"Polygon","coordinates":[[[107.49082229560649,-6.911446739128276],[107.49135473536484,-6.906722884745144],[107.48742058804307,-6.904155279929281],[107.48295390613931,-6.906311727933413],[107.48242156151149,-6.911035734851144],[107.48635580364781,-6.913603141238699],[107.49082229560649,-6.911446739128276]]]},"properties":{"h3":"888c146ae3fffff","incumbentScore":0.157,"method":"modeled_from_supply_density","realData":false}},{"type":"Feature","geometry":{"type":"Polygon","coordinates":[[[107.32520459263847,-7.031556190318668],[107.32573493234402,-7.02683559143767],[107.3217963090255,-7.024270087272206],[107.31732725315827,-7.026425380084622],[107.31679700920974,-7.03114612941572],[107.32073572536237,-7.033711435493],[107.32520459263847,-7.031556190318668]]]},"properties":{"h3":"888c146425fffff","incumbentScore":0,"method":"modeled_from_supply_density","realData":false}},{"type":"Feature","geometry":{"type":"Polygon","coordinates":[[[107.35723763559176,-7.04735332820024],[107.35776831551262,-7.042633999305831],[107.35383104799584,-7.040069708017464],[107.34936300735494,-7.042224943847561],[107.3488324230462,-7.0469444234664325],[107.3527697837572,-7.049508516539427],[107.35723763559176,-7.04735332820024]]]},"properties":{"h3":"888c146731fffff","incumbentScore":0,"method":"modeled_from_supply_density","realData":false}},{"type":"Feature","geometry":{"type":"Polygon","coordinates":[[[107.44498497043422,-6.830783965809344],[107.44551702507826,-6.826055483891975],[107.44158018866085,-6.82348374595859],[107.4371112032541,-6.825640688101805],[107.43657924398437,-6.830369322351607],[107.440516174738,-6.832940862134332],[107.44498497043422,-6.830783965809344]]]},"properties":{"h3":"888c10d241fffff","incumbentScore":0.001,"method":"modeled_from_supply_density","realData":false}},{"type":"Feature","geometry":{"type":"Polygon","coordinates":[[[107.60240986681661,-6.74581962985515],[107.60294386147815,-6.741089553295014],[107.59901169484709,-6.738517022433875],[107.59454543734768,-6.74067476665123],[107.59401153744375,-6.7454049974309],[107.59794380027249,-6.747977329782132],[107.60240986681661,-6.74581962985515]]]},"properties":{"h3":"888c16a753fffff","incumbentScore":0.001,"method":"modeled_from_supply_density","realData":false}},{"type":"Feature","geometry":{"type":"Polygon","coordinates":[[[107.31179420255567,-6.774233995787944],[107.31232482772337,-6.769500699916415],[107.308382457282,-6.766924341468041],[107.3039093688309,-6.769081476529353],[107.30337883963561,-6.7738149235520035],[107.3073213029099,-6.776391084370866],[107.31179420255567,-6.774233995787944]]]},"properties":{"h3":"888c10d54dfffff","incumbentScore":0,"method":"modeled_from_supply_density","realData":false}},{"type":"Feature","geometry":{"type":"Polygon","coordinates":[[[107.355233686389,-6.7264142932826765],[107.35576489185597,-6.721679373890315],[107.35182348214465,-6.719101792994912],[107.34735077359352,-6.721259329188697],[107.34681966394493,-6.725994400332746],[107.35076116702004,-6.728571783539933],[107.355233686389,-6.7264142932826765]]]},"properties":{"h3":"888c10d19bfffff","incumbentScore":0,"method":"modeled_from_supply_density","realData":false}},{"type":"Feature","geometry":{"type":"Polygon","coordinates":[[[107.41338609986754,-6.886269597855358],[107.41391769820078,-6.881543304097476],[107.4099804186354,-6.878973313744772],[107.40551144678919,-6.8811298152989515],[107.40497994392996,-6.885856260884444],[107.4089173174339,-6.888426053096764],[107.41338609986754,-6.886269597855358]]]},"properties":{"h3":"888c146d49fffff","incumbentScore":0,"method":"modeled_from_supply_density","realData":false}},{"type":"Feature","geometry":{"type":"Polygon","coordinates":[[[107.67494775977237,-6.81356492217326],[107.67548246112149,-6.808839269158697],[107.67155381821588,-6.806270805035865],[107.66709037696566,-6.808428192788795],[107.66655577002376,-6.813154000536746],[107.67048450991575,-6.81572226580678],[107.67494775977237,-6.81356492217326]]]},"properties":{"h3":"888c16b429fffff","incumbentScore":0.001,"method":"modeled_from_supply_density","realData":false}},{"type":"Feature","geometry":{"type":"Polygon","coordinates":[[[107.46339162432128,-6.817427545047143],[107.46392391214681,-6.812698708266625],[107.45998757536478,-6.810126736249289],[107.45551885619186,-6.812283799208417],[107.45498666367082,-6.817012788553292],[107.45892309500913,-6.819584562383248],[107.46339162432128,-6.817427545047143]]]},"properties":{"h3":"888c146997fffff","incumbentScore":0,"method":"modeled_from_supply_density","realData":false}},{"type":"Feature","geometry":{"type":"Polygon","coordinates":[[[107.71350779109682,-6.808324429786047],[107.7140429381335,-6.803599145548699],[107.71011565109089,-6.801031135408257],[107.70565311957198,-6.803188608479324],[107.70511806678114,-6.807914047859288],[107.70904545125424,-6.81048185903395],[107.71350779109682,-6.808324429786047]]]},"properties":{"h3":"888c16b735fffff","incumbentScore":0,"method":"modeled_from_supply_density","realData":false}},{"type":"Feature","geometry":{"type":"Polygon","coordinates":[[[107.27087560036226,-6.9505395448132505],[107.27140545447355,-6.945814153249119],[107.26746384865785,-6.943244355684246],[107.26299229646723,-6.945400147478469],[107.26246253839199,-6.950125689202855],[107.2664042364623,-6.95269528898149],[107.27087560036226,-6.9505395448132505]]]},"properties":{"h3":"888c109b05fffff","incumbentScore":0,"method":"modeled_from_supply_density","realData":false}},{"type":"Feature","geometry":{"type":"Polygon","coordinates":[[[107.31656983772108,-6.995529428695895],[107.3171001399076,-6.990806936902922],[107.31316074835176,-6.988239790343261],[107.3086909618444,-6.990395333589564],[107.30816075547354,-6.995117975862918],[107.31210023978532,-6.997684924418278],[107.31656983772108,-6.995529428695895]]]},"properties":{"h3":"888c1465e5fffff","incumbentScore":0,"method":"modeled_from_supply_density","realData":false}},{"type":"Feature","geometry":{"type":"Polygon","coordinates":[[[107.46645781128746,-7.052653055127593],[107.46698973091235,-7.047935693307176],[107.46305648726798,-7.045373530094943],[107.4585912295413,-7.04752892728442],[107.45805940506357,-7.052246440922339],[107.4619927431563,-7.054808405561896],[107.46645781128746,-7.052653055127593]]]},"properties":{"h3":"888c146233fffff","incumbentScore":0,"method":"modeled_from_supply_density","realData":false}},{"type":"Feature","geometry":{"type":"Polygon","coordinates":[[[107.57901131287407,-6.766067099743386],[107.57954500669283,-6.761337622664529],[107.57561223872779,-6.758765524905671],[107.57114568101821,-6.760923102703916],[107.57061208204435,-6.765652733696766],[107.57454494592606,-6.768224632985843],[107.57901131287407,-6.766067099743386]]]},"properties":{"h3":"888c16a607fffff","incumbentScore":0.001,"method":"modeled_from_supply_density","realData":false}},{"type":"Feature","geometry":{"type":"Polygon","coordinates":[[[107.32043595393579,-6.810353288787806],[107.32096661670927,-6.805621869931561],[107.31702501555806,-6.803047145500185],[107.31255265871302,-6.805204037651364],[107.31202209185317,-6.809935607630827],[107.31596378591566,-6.812510134344543],[107.32043595393579,-6.810353288787806]]]},"properties":{"h3":"888c10d70dfffff","incumbentScore":0,"method":"modeled_from_supply_density","realData":false}},{"type":"Feature","geometry":{"type":"Polygon","coordinates":[[[107.45083259654172,-6.966478008243039],[107.45136448553353,-6.961756197651967],[107.4474295814223,-6.95919018012435],[107.44296269398907,-6.961346171584919],[107.44243090026347,-6.966068134121129],[107.44636589869582,-6.968633953260244],[107.45083259654172,-6.966478008243039]]]},"properties":{"h3":"888c14618dfffff","incumbentScore":0,"method":"modeled_from_supply_density","realData":false}},{"type":"Feature","geometry":{"type":"Polygon","coordinates":[[[107.45317874955252,-6.795522819572271],[107.45371095822232,-6.790792765012381],[107.449773972693,-6.788219712081187],[107.44530468403282,-6.79037691183681],[107.44477257072427,-6.7951071189283345],[107.4487096507056,-6.797679973741154],[107.45317874955252,-6.795522819572271]]]},"properties":{"h3":"888c10d35bfffff","incumbentScore":0.001,"method":"modeled_from_supply_density","realData":false}},{"type":"Feature","geometry":{"type":"Polygon","coordinates":[[[107.4220067411553,-6.922327733956138],[107.42253837635951,-6.917603324590665],[107.41860186641952,-6.915034975870822],[107.4141336272502,-6.917191234751182],[107.41360208746134,-6.921915795913765],[107.41753869141739,-6.924483946407485],[107.4220067411553,-6.922327733956138]]]},"properties":{"h3":"888c146f09fffff","incumbentScore":0,"method":"modeled_from_supply_density","realData":false}},{"type":"Feature","geometry":{"type":"Polygon","coordinates":[[[107.66636911889312,-6.777498996947114],[107.66690378510766,-6.7727714692365035],[107.66297436989224,-6.770201359015602],[107.6585101915424,-6.772358975279389],[107.65797561979363,-6.777086657756305],[107.66190513191981,-6.7796565692115305],[107.66636911889312,-6.777498996947114]]]},"properties":{"h3":"888c16b5e9fffff","incumbentScore":0,"method":"modeled_from_supply_density","realData":false}},{"type":"Feature","geometry":{"type":"Polygon","coordinates":[[[107.4258404420606,-7.00086235905803],[107.4263719865983,-6.99614183118971],[107.42243661149838,-6.993576805553353],[107.41796959783909,-6.995732506156689],[107.41743814865225,-7.0004531856018115],[107.4213736177648,-7.0030180128754145],[107.4258404420606,-7.00086235905803]]]},"properties":{"h3":"888c1460e7fffff","incumbentScore":0,"method":"modeled_from_supply_density","realData":false}},{"type":"Feature","geometry":{"type":"Polygon","coordinates":[[[107.36068191446405,-6.79094067198161],[107.36121307218792,-6.7862089442339455],[107.35727267710436,-6.7836341112382055],[107.35280103089988,-6.78579120381335],[107.35226996893161,-6.790523083160028],[107.35621045740315,-6.793097718341184],[107.36068191446405,-6.79094067198161]]]},"properties":{"h3":"888c10d2b5fffff","incumbentScore":0,"method":"modeled_from_supply_density","realData":false}},{"type":"Feature","geometry":{"type":"Polygon","coordinates":[[[107.39700910112974,-6.956726426005994],[107.3975403914946,-6.952003297001628],[107.39360341209186,-6.949435939362462],[107.38913504860798,-6.951591908937328],[107.38860385374308,-6.956315189370525],[107.39254092685306,-6.958882348808672],[107.39700910112974,-6.956726426005994]]]},"properties":{"h3":"888c146e63fffff","incumbentScore":0,"method":"modeled_from_supply_density","realData":false}},{"type":"Feature","geometry":{"type":"Polygon","coordinates":[[[107.46221558738752,-6.902920799860623],[107.46274771529104,-6.898196080818116],[107.45881241911667,-6.8956276257983715],[107.4543449005389,-6.897784088153053],[107.45381286789237,-6.902508959466768],[107.4577482585575,-6.905077216163164],[107.46221558738752,-6.902920799860623]]]},"properties":{"h3":"888c146ab1fffff","incumbentScore":0,"method":"modeled_from_supply_density","realData":false}},{"type":"Feature","geometry":{"type":"Polygon","coordinates":[[[107.48144882652214,-7.0320337939912045],[107.48198095252818,-7.027315660583026],[107.47804799259863,-7.024752901620767],[107.47358281202071,-7.026908474663933],[107.473050781111,-7.0316267601106315],[107.47698383567376,-7.0341893204842485],[107.48144882652214,-7.0320337939912045]]]},"properties":{"h3":"888c146041fffff","incumbentScore":0,"method":"modeled_from_supply_density","realData":false}},{"type":"Feature","geometry":{"type":"Polygon","coordinates":[[[107.23722024299065,-6.9488830745711985],[107.23774971274366,-6.944157082874821],[107.23380687851149,-6.941586636195786],[107.22933448265121,-6.943742378896987],[107.228805109077,-6.948468520414349],[107.23274803517522,-6.951038769418263],[107.23722024299065,-6.9488830745711985]]]},"properties":{"h3":"888c10986dfffff","incumbentScore":0,"method":"modeled_from_supply_density","realData":false}},{"type":"Feature","geometry":{"type":"Polygon","coordinates":[[[107.59280039034053,-6.830923558024891],[107.59333412950708,-6.826197426130687],[107.58940268781892,-6.823628253910374],[107.58493741092026,-6.825785412214172],[107.5844037665003,-6.830511697948381],[107.58833530422329,-6.83308067154725],[107.59280039034053,-6.830923558024891]]]},"properties":{"h3":"888c16b49dfffff","incumbentScore":0.001,"method":"modeled_from_supply_density","realData":false}},{"type":"Feature","geometry":{"type":"Polygon","coordinates":[[[107.4661656851443,-6.717657911374153],[107.4666981755551,-6.712924315823847],[107.4627606758865,-6.710348275085862],[107.45829059114908,-6.712506027935215],[107.4577581960922,-6.717239776404084],[107.46169579040975,-6.719815619113567],[107.4661656851443,-6.717657911374153]]]},"properties":{"h3":"888c10d169fffff","incumbentScore":0,"method":"modeled_from_supply_density","realData":false}},{"type":"Feature","geometry":{"type":"Polygon","coordinates":[[[107.36953570110921,-6.862720286496535],[107.370066837648,-6.857992165530493],[107.3661276724674,-6.855420444607854],[107.36165727729187,-6.857577042621495],[107.36112623642704,-6.862305315043832],[107.3650654950547,-6.864876838004862],[107.36953570110921,-6.862720286496535]]]},"properties":{"h3":"888c146d17fffff","incumbentScore":0,"method":"modeled_from_supply_density","realData":false}},{"type":"Feature","geometry":{"type":"Polygon","coordinates":[[[107.43445569395868,-7.0368709686678566],[107.43498727525348,-7.032152333306818],[107.43105266931886,-7.029588953925998],[107.4265863879904,-7.031744408361094],[107.42605490198791,-7.036463195267067],[107.42998960201248,-7.039026376201637],[107.43445569395868,-7.0368709686678566]]]},"properties":{"h3":"888c1462a7fffff","incumbentScore":0,"method":"modeled_from_supply_density","realData":false}},{"type":"Feature","geometry":{"type":"Polygon","coordinates":[[[107.57420870720229,-6.808622532433273],[107.57474227328734,-6.803895028163157],[107.57080986820559,-6.801324609014832],[107.56634380119432,-6.803481892670694],[107.56581032994858,-6.808209550665303],[107.56974283086569,-6.810779771288037],[107.57420870720229,-6.808622532433273]]]},"properties":{"h3":"888c146965fffff","incumbentScore":0,"method":"modeled_from_supply_density","realData":false}},{"type":"Feature","geometry":{"type":"Polygon","coordinates":[[[107.71529425444386,-6.829790275224675],[107.71582938468842,-6.825066054564445],[107.71190243519013,-6.822498968128439],[107.70744025800072,-6.824656301367917],[107.70690522198136,-6.829380677117004],[107.71083226891707,-6.831947564546142],[107.71529425444386,-6.829790275224675]]]},"properties":{"h3":"888c16b703fffff","incumbentScore":0,"method":"modeled_from_supply_density","realData":false}},{"type":"Feature","geometry":{"type":"Polygon","coordinates":[[[107.35386319736008,-6.776326785525877],[107.35439430185295,-6.771594246686012],[107.35045347522951,-6.769018695039972],[107.34598145078618,-6.771175880010638],[107.34545044208672,-6.775908570426892],[107.34939136202811,-6.778483924304704],[107.35386319736008,-6.776326785525877]]]},"properties":{"h3":"888c10d0c3fffff","incumbentScore":0,"method":"modeled_from_supply_density","realData":false}},{"type":"Feature","geometry":{"type":"Polygon","coordinates":[[[107.26610755016057,-6.993058081092426],[107.26663727691759,-6.988334687685544],[107.26269603953433,-6.9857665645198],[107.25822498321082,-6.987922032607782],[107.25769535248362,-6.9926455759875115],[107.26163668204109,-6.995213501315148],[107.26610755016057,-6.993058081092426]]]},"properties":{"h3":"888c1465b3fffff","incumbentScore":0,"method":"modeled_from_supply_density","realData":false}},{"type":"Feature","geometry":{"type":"Polygon","coordinates":[[[107.24587031978756,-6.984940753842128],[107.24639982762356,-6.980216652277535],[107.24245776115428,-6.977647843591929],[107.23798609489506,-6.979803334239772],[107.2374566831791,-6.984527585596676],[107.24139884159328,-6.9870961965221525],[107.24587031978756,-6.984940753842128]]]},"properties":{"h3":"888c109a2dfffff","incumbentScore":0,"method":"modeled_from_supply_density","realData":false}},{"type":"Feature","geometry":{"type":"Polygon","coordinates":[[[107.39251143396238,-6.771108766310806],[107.39304299035066,-6.766376581180031],[107.38910349505367,-6.763801477829205],[107.38463234959197,-6.765958757501175],[107.38410088883687,-6.770691094621747],[107.38804047790121,-6.7732660000891585],[107.39251143396238,-6.771108766310806]]]},"properties":{"h3":"888c10d01dfffff","incumbentScore":0,"method":"modeled_from_supply_density","realData":false}},{"type":"Feature","geometry":{"type":"Polygon","coordinates":[[[107.35701518035782,-7.01174794444959],[107.35754591862151,-7.007026872583551],[107.35360819129038,-7.004461100408215],[107.34913963247345,-7.0066165982670565],[107.34860898984475,-7.011337820972798],[107.35254681038893,-7.013903394988677],[107.35701518035782,-7.01174794444959]]]},"properties":{"h3":"888c14650dfffff","incumbentScore":0,"method":"modeled_from_supply_density","realData":false}},{"type":"Feature","geometry":{"type":"Polygon","coordinates":[[[107.48963929866372,-6.996846406825043],[107.49017157844085,-6.9921266859914875],[107.4862384704839,-6.989562606614788],[107.48177298799196,-6.991718446640231],[107.48124080329805,-6.9964383197128335],[107.48517400600379,-6.999002200529525],[107.48963929866372,-6.996846406825043]]]},"properties":{"h3":"888c14615bfffff","incumbentScore":0,"method":"modeled_from_supply_density","realData":false}},{"type":"Feature","geometry":{"type":"Polygon","coordinates":[[[107.49401714678724,-6.883100303178275],[107.4945496716012,-6.87837512528482],[107.49061528143598,-6.875806400906792],[107.48614827157915,-6.877963052823468],[107.48561584189954,-6.882688383377803],[107.48955032693335,-6.88525690936313],[107.49401714678724,-6.883100303178275]]]},"properties":{"h3":"888c146819fffff","incumbentScore":0.001,"method":"modeled_from_supply_density","realData":false}},{"type":"Feature","geometry":{"type":"Polygon","coordinates":[[[107.47478163273539,-6.753778061798783],[107.4753141596892,-6.749046338066482],[107.4713774309378,-6.746471934469944],[107.46690808049728,-6.748629452731557],[107.46637564883864,-6.7533613293529555],[107.47031247231627,-6.755935534832179],[107.47478163273539,-6.753778061798783]]]},"properties":{"h3":"888c10d329fffff","incumbentScore":0,"method":"modeled_from_supply_density","realData":false}},{"type":"Feature","geometry":{"type":"Polygon","coordinates":[[[107.31475161734689,-6.9740704237779925],[107.31528193531929,-6.969346857667832],[107.31134220598814,-6.966778791533723],[107.30687206592773,-6.968934489483156],[107.30634184379193,-6.973658206125461],[107.31028166587085,-6.9762260742948765],[107.31475161734689,-6.9740704237779925]]]},"properties":{"h3":"888c146ed7fffff","incumbentScore":0,"method":"modeled_from_supply_density","realData":false}},{"type":"Feature","geometry":{"type":"Polygon","coordinates":[[[107.58280291837289,-6.844689237065739],[107.58333652022709,-6.839963610424373],[107.57940488653085,-6.837394835442412],[107.57493955505964,-6.83955188572265],[107.57440604798617,-6.844277666056554],[107.57833777759406,-6.8468462424261505],[107.58280291837289,-6.844689237065739]]]},"properties":{"h3":"888c146b25fffff","incumbentScore":0,"method":"modeled_from_supply_density","realData":false}},{"type":"Feature","geometry":{"type":"Polygon","coordinates":[[[107.3320204341458,-7.046126085307007],[107.33255082712311,-7.041406304492034],[107.3286126343447,-7.0388415230605474],[107.32414395567585,-7.040996720585329],[107.32361365841783,-7.0457166518718966],[107.32755194410032,-7.048281235170784],[107.3320204341458,-7.046126085307007]]]},"properties":{"h3":"888c146467fffff","incumbentScore":0,"method":"modeled_from_supply_density","realData":false}},{"type":"Feature","geometry":{"type":"Polygon","coordinates":[[[107.36249744150616,-6.81243911363974],[107.363028583311,-6.807708451673817],[107.35908852633808,-6.80513453555594],[107.35461723415523,-6.807291479268823],[107.35408618808506,-6.812022292782627],[107.35802633845401,-6.814596011044291],[107.36249744150616,-6.81243911363974]]]},"properties":{"h3":"888c10d283fffff","incumbentScore":0,"method":"modeled_from_supply_density","realData":false}},{"type":"Feature","geometry":{"type":"Polygon","coordinates":[[[107.36838488635208,-6.948200763003862],[107.36891586355176,-6.9434767720942165],[107.36497774076393,-6.940908564828304],[107.36050854738504,-6.943064546576489],[107.35997766581151,-6.947788688650881],[107.36391588198168,-6.950356697821003],[107.36838488635208,-6.948200763003862]]]},"properties":{"h3":"888c146e31fffff","incumbentScore":0,"method":"modeled_from_supply_density","realData":false}},{"type":"Feature","geometry":{"type":"Polygon","coordinates":[[[107.3972269441843,-6.99234781473331],[107.3977581760761,-6.987626423894849],[107.39382165633644,-6.985060546690949],[107.38935381100764,-6.987216258592067],[107.38882267459293,-6.991937800744083],[107.39275928802086,-6.994503479690071],[107.3972269441843,-6.99234781473331]]]},"properties":{"h3":"888c1460b5fffff","incumbentScore":0,"method":"modeled_from_supply_density","realData":false}},{"type":"Feature","geometry":{"type":"Polygon","coordinates":[[[107.38388136245649,-6.734983746124082],[107.38441288173217,-6.7302496873327],[107.38047261631712,-6.727672948984128],[107.3760007379278,-6.729830467230241],[107.37546931434403,-6.73456467803992],[107.3794096734486,-6.737141218593782],[107.38388136245649,-6.734983746124082]]]},"properties":{"h3":"888c10d1ddfffff","incumbentScore":0,"method":"modeled_from_supply_density","realData":false}},{"type":"Feature","geometry":{"type":"Polygon","coordinates":[[[107.68173491324266,-6.828150851484553],[107.68226966637006,-6.823426010971582],[107.67834145811385,-6.820858271053417],[107.67387839966622,-6.8230155705549285],[107.67334374090821,-6.827740565821536],[107.67727204621934,-6.830308106841401],[107.68173491324266,-6.828150851484553]]]},"properties":{"h3":"888c16b46bfffff","incumbentScore":0.001,"method":"modeled_from_supply_density","realData":false}},{"type":"Feature","geometry":{"type":"Polygon","coordinates":[[[107.48540820311597,-6.847036436134149],[107.48594069155128,-6.84230937719201],[107.4820055309454,-6.839739010207547],[107.47753778710353,-6.841895900480196],[107.47700539386116,-6.846623112114302],[107.48094064925867,-6.8491932807923455],[107.48540820311597,-6.847036436134149]]]},"properties":{"h3":"888c1469d9fffff","incumbentScore":0.155,"method":"modeled_from_supply_density","realData":false}},{"type":"Feature","geometry":{"type":"Polygon","coordinates":[[[107.32770915633226,-6.896310528094421],[107.32823975582485,-6.8915833828477595],[107.32429950687323,-6.889012327166615],[107.31982856547602,-6.891168614622799],[107.31929806181334,-6.8958959107881235],[107.3232384037089,-6.8984667685872605],[107.32770915633226,-6.896310528094421]]]},"properties":{"h3":"888c146ce5fffff","incumbentScore":0,"method":"modeled_from_supply_density","realData":false}},{"type":"Feature","geometry":{"type":"Polygon","coordinates":[[[107.34065104856438,-7.08212946904108],[107.34118147894095,-7.0774115846331815],[107.33724405428548,-7.07484844796543],[107.33277610626232,-7.077003393929759],[107.33224577154641,-7.081721428778237],[107.33618328918398,-7.084284367230507],[107.34065104856438,-7.08212946904108]]]},"properties":{"h3":"888c146627fffff","incumbentScore":0,"method":"modeled_from_supply_density","realData":false}},{"type":"Feature","geometry":{"type":"Polygon","coordinates":[[[107.2776983781409,-6.965127618770522],[107.27822828579477,-6.960403042993028],[107.27428711018943,-6.957833965906277],[107.26981593459634,-6.959989662437119],[107.26928612294078,-6.964714388397143],[107.27322739087096,-6.967283267652524],[107.2776983781409,-6.965127618770522]]]},"properties":{"h3":"888c109b47fffff","incumbentScore":0,"method":"modeled_from_supply_density","realData":false}},{"type":"Feature","geometry":{"type":"Polygon","coordinates":[[[107.60100224794083,-6.79567866180505],[107.60153614090709,-6.790950961347008],[107.59760455372445,-6.788380470463312],[107.59313897741576,-6.790537878635205],[107.59260517918268,-6.795265733133632],[107.596536862516,-6.797836025428238],[107.60100224794083,-6.79567866180505]]]},"properties":{"h3":"888c16a649fffff","incumbentScore":0,"method":"modeled_from_supply_density","realData":false}},{"type":"Feature","geometry":{"type":"Polygon","coordinates":[[[107.52381049575605,-6.8061420661629795],[107.52434349226587,-6.801413640810251],[107.52040921350384,-6.798842246309032],[107.51594184296472,-6.800999475530331],[107.51540894150995,-6.805728054101665],[107.51934331553014,-6.80829925024162],[107.52381049575605,-6.8061420661629795]]]},"properties":{"h3":"888c146933fffff","incumbentScore":0,"method":"modeled_from_supply_density","realData":false}},{"type":"Feature","geometry":{"type":"Polygon","coordinates":[[[107.3252124290531,-6.767762596797801],[107.32574321937273,-6.763029198127359],[107.32180125040823,-6.760452803295653],[107.3173283981231,-6.7626100048048094],[107.31679770372322,-6.767343554785108],[107.32073976567968,-6.7699197519550385],[107.3252124290531,-6.767762596797801]]]},"properties":{"h3":"888c10d091fffff","incumbentScore":0,"method":"modeled_from_supply_density","realData":false}},{"type":"Feature","geometry":{"type":"Polygon","coordinates":[[[107.28975107222244,-7.008462039608905],[107.29028104440582,-7.003739763388733],[107.28634085195449,-7.001172687025621],[107.28187059487233,-7.003328084829722],[107.28134071860967,-7.0080505112139955],[107.2852810034994,-7.010617389638779],[107.28975107222244,-7.008462039608905]]]},"properties":{"h3":"888c146581fffff","incumbentScore":0,"method":"modeled_from_supply_density","realData":false}},{"type":"Feature","geometry":{"type":"Polygon","coordinates":[[[107.46200524096453,-6.86727355964462],[107.46253742755235,-6.86254711028196],[107.45860167196372,-6.8599771755776535],[107.45413363526816,-6.862133888509432],[107.4536015439601,-6.866860490258606],[107.45753739405876,-6.869430226698039],[107.46200524096453,-6.86727355964462]]]},"properties":{"h3":"888c14688dfffff","incumbentScore":0.002,"method":"modeled_from_supply_density","realData":false}},{"type":"Feature","geometry":{"type":"Polygon","coordinates":[[[107.42881576357571,-6.936910943987319],[107.42934745165584,-6.932187349824484],[107.4254113735401,-6.929619723392309],[107.4209435132495,-6.931775889402805],[107.42041192054697,-6.9364996353841555],[107.42434809274836,-6.939067063545108],[107.42881576357571,-6.936910943987319]]]},"properties":{"h3":"888c146f4bfffff","incumbentScore":0,"method":"modeled_from_supply_density","realData":false}},{"type":"Feature","geometry":{"type":"Polygon","coordinates":[[[107.51122744729842,-6.955179339303171],[107.51176004466451,-6.950457931096918],[107.50782719506469,-6.947892496780308],[107.50336165306743,-6.950048669241634],[107.50282915071853,-6.9547702300450736],[107.5067620953406,-6.95733546579856],[107.51122744729842,-6.955179339303171]]]},"properties":{"h3":"888c146129fffff","incumbentScore":0,"method":"modeled_from_supply_density","realData":false}},{"type":"Feature","geometry":{"type":"Polygon","coordinates":[[[107.33634469861293,-6.932376969086086],[107.3368753355709,-6.927651709562993],[107.33293585544585,-6.925082292993958],[107.3284656453317,-6.927238333924453],[107.32793510414494,-6.931963744336806],[107.33187467729208,-6.934532962938078],[107.33634469861293,-6.932376969086086]]]},"properties":{"h3":"888c146ea5fffff","incumbentScore":0,"method":"modeled_from_supply_density","realData":false}},{"type":"Feature","geometry":{"type":"Polygon","coordinates":[[[107.30338953489704,-7.037611753074502],[107.30391961392138,-7.032891112046495],[107.29998028198482,-7.030325479621055],[107.2955107784363,-7.032480686259859],[107.29498079525722,-7.037201477495542],[107.29892021977238,-7.039766911893477],[107.30338953489704,-7.037611753074502]]]},"properties":{"h3":"888c146435fffff","incumbentScore":0,"method":"modeled_from_supply_density","realData":false}},{"type":"Feature","geometry":{"type":"Polygon","coordinates":[[[107.38766719090533,-7.07729486242511],[107.3881981680031,-7.072577472787452],[107.38426238002907,-7.070014956347116],[107.37979552142133,-7.072170027911853],[107.3792646397888,-7.076887568484441],[107.38320052128972,-7.07944988656603],[107.38766719090533,-7.07729486242511]]]},"properties":{"h3":"888c146741fffff","incumbentScore":0,"method":"modeled_from_supply_density","realData":false}},{"type":"Feature","geometry":{"type":"Polygon","coordinates":[[[107.3990382996783,-7.013795928009236],[107.39956951558084,-7.009075611606195],[107.39563333346257,-7.006510655845732],[107.39116584173654,-7.0086662147941725],[107.39063472129024,-7.013386682458315],[107.3945709971047,-7.015951439921556],[107.3990382996783,-7.013795928009236]]]},"properties":{"h3":"888c146083fffff","incumbentScore":0,"method":"modeled_from_supply_density","realData":false}},{"type":"Feature","geometry":{"type":"Polygon","coordinates":[[[107.42317197167789,-6.836839915295318],[107.42370376655465,-6.832111382907278],[107.41976621524014,-6.829539518618154],[107.41529677495852,-6.83169638481658],[107.4147650755447,-6.836425069294204],[107.41870272094046,-6.838996735492399],[107.42317197167789,-6.836839915295318]]]},"properties":{"h3":"888c10d251fffff","incumbentScore":0,"method":"modeled_from_supply_density","realData":false}},{"type":"Feature","geometry":{"type":"Polygon","coordinates":[[[107.3836617853062,-6.699262881031066],[107.38419336311532,-6.694527103282269],[107.38025263716973,-6.691948892605608],[107.37578023969745,-6.694106657419338],[107.37524875760319,-6.698842587299553],[107.37918957725728,-6.701420600243205],[107.3836617853062,-6.699262881031066]]]},"properties":{"h3":"888c10d1abfffff","incumbentScore":0,"method":"modeled_from_supply_density","realData":false}},{"type":"Feature","geometry":{"type":"Polygon","coordinates":[[[107.39157271478335,-6.8923255262552345],[107.39210405311165,-6.887599184285844],[107.38816606031583,-6.88502906704541],[107.38369663549918,-6.887185489863367],[107.38316539273343,-6.891911983417634],[107.38710347921271,-6.8944819025776845],[107.39157271478335,-6.8923255262552345]]]},"properties":{"h3":"888c146d59fffff","incumbentScore":0,"method":"modeled_from_supply_density","realData":false}},{"type":"Feature","geometry":{"type":"Polygon","coordinates":[[[107.21038583152571,-6.961816878891213],[107.21091497019434,-6.957091104027051],[107.20697133931137,-6.954520728267954],[107.20249847820315,-6.956676324990882],[107.20196943581814,-6.961402249359088],[107.20591315824872,-6.963972427509105],[107.21038583152571,-6.961816878891213]]]},"properties":{"h3":"888c109809fffff","incumbentScore":0,"method":"modeled_from_supply_density","realData":false}},{"type":"Feature","geometry":{"type":"Polygon","coordinates":[[[107.65316511297893,-6.819625944653099],[107.65369955694851,-6.814900233859352],[107.64977018885052,-6.812331642298918],[107.64530628004044,-6.814488960334645],[107.64477193056729,-6.81921482562014],[107.64870139539865,-6.821783218386601],[107.65316511297893,-6.819625944653099]]]},"properties":{"h3":"888c16b439fffff","incumbentScore":0.155,"method":"modeled_from_supply_density","realData":false}},{"type":"Feature","geometry":{"type":"Polygon","coordinates":[[[107.49179900033704,-6.790297215575143],[107.49233165896602,-6.78556751916763],[107.48839601232835,-6.7829949165171435],[107.4839276121529,-6.785152208515604],[107.48339504872453,-6.789882057866784],[107.48733079026195,-6.792454462284365],[107.49179900033704,-6.790297215575143]]]},"properties":{"h3":"888c1469a7fffff","incumbentScore":0,"method":"modeled_from_supply_density","realData":false}},{"type":"Feature","geometry":{"type":"Polygon","coordinates":[[[107.445944358571,-6.709511206157622],[107.44647663181307,-6.704776900230356],[107.44253829391131,-6.702200177102804],[107.4380675883375,-6.704357957861057],[107.43753541054011,-6.709092416526042],[107.44147384286275,-6.711668941703594],[107.445944358571,-6.709511206157622]]]},"properties":{"h3":"888c10d105fffff","incumbentScore":0,"method":"modeled_from_supply_density","realData":false}},{"type":"Feature","geometry":{"type":"Polygon","coordinates":[[[107.2490475790264,-6.956592812539769],[107.24957717175485,-6.951867378557938],[107.24563485939117,-6.949297454085691],[107.24116286229152,-6.951453161329542],[107.24063336568726,-6.956178745228452],[107.24457577004941,-6.958748471975175],[107.2490475790264,-6.956592812539769]]]},"properties":{"h3":"888c109b15fffff","incumbentScore":0,"method":"modeled_from_supply_density","realData":false}},{"type":"Feature","geometry":{"type":"Polygon","coordinates":[[[107.5474122256745,-6.821565650284265],[107.54794546456995,-6.8168383437923925],[107.5440122431536,-6.814267996303151],[107.53954568731292,-6.816425153776166],[107.5390125433628,-6.821152613676551],[107.54294586029893,-6.823722762703909],[107.5474122256745,-6.821565650284265]]]},"properties":{"h3":"888c146901fffff","incumbentScore":0.001,"method":"modeled_from_supply_density","realData":false}},{"type":"Feature","geometry":{"type":"Polygon","coordinates":[[[107.36816365699633,-6.912558852912825],[107.3686946926067,-6.907833126647831],[107.36475610979817,-6.905263441097433],[107.36028639796895,-6.907419679858726],[107.35975545800763,-6.912145557403071],[107.3636941342174,-6.9147150449154235],[107.36816365699633,-6.912558852912825]]]},"properties":{"h3":"888c146c0dfffff","incumbentScore":0,"method":"modeled_from_supply_density","realData":false}},{"type":"Feature","geometry":{"type":"Polygon","coordinates":[[[107.50082014965263,-6.897685802462692],[107.5013527270332,-6.8929614387812705],[107.49741876952547,-6.890393437094283],[107.49295213969025,-6.892549997535226],[107.49241965740623,-6.897274513898616],[107.49635370985182,-6.899842317147635],[107.50082014965263,-6.897685802462692]]]},"properties":{"h3":"888c14685bfffff","incumbentScore":0.001,"method":"modeled_from_supply_density","realData":false}},{"type":"Feature","geometry":{"type":"Polygon","coordinates":[[[107.48158930804745,-6.768388020466556],[107.48212188769796,-6.763657107354164],[107.47818559177128,-6.761083423862561],[107.47371662138937,-6.763240851655518],[107.47318413699624,-6.767971917678924],[107.47712052771854,-6.770545403006883],[107.48158930804745,-6.768388020466556]]]},"properties":{"h3":"888c10d36bfffff","incumbentScore":0,"method":"modeled_from_supply_density","realData":false}},{"type":"Feature","geometry":{"type":"Polygon","coordinates":[[[107.42902992171594,-6.972535865563076],[107.42956155122863,-6.967814007528747],[107.42562593258373,-6.965247861875185],[107.42115859035053,-6.967403772593005],[107.42062705619261,-6.97212578233038],[107.42456276890404,-6.9746917296554996],[107.42902992171594,-6.972535865563076]]]},"properties":{"h3":"888c14619dfffff","incumbentScore":0,"method":"modeled_from_supply_density","realData":false}},{"type":"Feature","geometry":{"type":"Polygon","coordinates":[[[107.4001970557728,-6.928384331154153],[107.40072843112254,-6.923659874168712],[107.39679120773249,-6.921091398049839],[107.39232251522249,-6.923247577091099],[107.39179123537662,-6.927972185631172],[107.39572855252777,-6.930540463583989],[107.4001970557728,-6.928384331154153]]]},"properties":{"h3":"888c146f19fffff","incumbentScore":0,"method":"modeled_from_supply_density","realData":false}},{"type":"Feature","geometry":{"type":"Polygon","coordinates":[[[107.26475167375521,-7.042845682757329],[107.26528129997894,-7.03812470053259],[107.2613406459544,-7.035558613807348],[107.25687027356814,-7.037713707226895],[107.25634074334916,-7.042434839247779],[107.26028148950267,-7.045000728061713],[107.26475167375521,-7.042845682757329]]]},"properties":{"h3":"888c1464a9fffff","incumbentScore":0,"method":"modeled_from_supply_density","realData":false}},{"type":"Feature","geometry":{"type":"Polygon","coordinates":[[[107.58959825330766,-6.859275735481127],[107.5901319073433,-6.854550922097572],[107.58620070729778,-6.8519828704759895],[107.58173575722688,-6.854139830904237],[107.58120219793418,-6.85886479800104],[107.5851334939603,-6.8614326509648365],[107.58959825330766,-6.859275735481127]]]},"properties":{"h3":"888c146b67fffff","incumbentScore":0.001,"method":"modeled_from_supply_density","realData":false}},{"type":"Feature","geometry":{"type":"Polygon","coordinates":[[[107.39113552204755,-6.820991415472225],[107.39166697737919,-6.816261614692658],[107.38772806446823,-6.813688543925819],[107.38325760249518,-6.815845471909386],[107.38272624277184,-6.820575424502426],[107.38666524940422,-6.823148297307054],[107.39113552204755,-6.820991415472225]]]},"properties":{"h3":"888c10d2c5fffff","incumbentScore":0,"method":"modeled_from_supply_density","realData":false}},{"type":"Feature","geometry":{"type":"Polygon","coordinates":[[[107.684943644974,-6.799798520236706],[107.68547848329148,-6.795072364807661],[107.68155003454306,-6.792503502966137],[107.6770866503587,-6.794660995423583],[107.67655190641418,-6.799387305733551],[107.68048045227192,-6.8019559687135525],[107.684943644974,-6.799798520236706]]]},"properties":{"h3":"888c16b553fffff","incumbentScore":0,"method":"modeled_from_supply_density","realData":false}},{"type":"Feature","geometry":{"type":"Polygon","coordinates":[[[107.30520831371649,-7.059056615964763],[107.3057383769897,-7.054337052153935],[107.30179938270561,-7.051772340308698],[107.29733023255248,-7.0539273903494175],[107.29680026510363,-7.058647104315919],[107.3007393519745,-7.061211618094751],[107.30520831371649,-7.059056615964763]]]},"properties":{"h3":"888c146403fffff","incumbentScore":0,"method":"modeled_from_supply_density","realData":false}},{"type":"Feature","geometry":{"type":"Polygon","coordinates":[[[107.49262644750613,-6.932906445037033],[107.49315887103434,-6.9281836607189184],[107.48922506137522,-6.925616977517511],[107.48475873335664,-6.927773277111234],[107.48422640493816,-6.932496213911234],[107.48816030941943,-6.935062698644202],[107.49262644750613,-6.932906445037033]]]},"properties":{"h3":"888c146ac1fffff","incumbentScore":0.001,"method":"modeled_from_supply_density","realData":false}},{"type":"Feature","geometry":{"type":"Polygon","coordinates":[[[107.35953319883927,-6.876488808241286],[107.36006419720123,-6.871761197903874],[107.35612484518838,-6.869189872899664],[107.35165440148118,-6.871346356193489],[107.35112349882698,-6.8760741178399],[107.35506294416317,-6.878645244892133],[107.35953319883927,-6.876488808241286]]]},"properties":{"h3":"888c146dcdfffff","incumbentScore":0,"method":"modeled_from_supply_density","realData":false}},{"type":"Feature","geometry":{"type":"Polygon","coordinates":[[[107.45965492097496,-7.03809323332538],[107.46018678793186,-7.03337505310325],[107.45625311240651,-7.030812165008413],[107.45178747553611,-7.032967655672856],[107.4512557037641,-7.037685987691943],[107.45518947366853,-7.04024867725824],[107.45965492097496,-7.03809323332538]]]},"properties":{"h3":"888c146051fffff","incumbentScore":0,"method":"modeled_from_supply_density","realData":false}},{"type":"Feature","geometry":{"type":"Polygon","coordinates":[[[107.50942495094432,-6.93372638526589],[107.50995756458437,-6.92900390616394],[107.50602437739778,-6.926437549465902],[107.50155848154738,-6.928593870401622],[107.5010259629453,-6.933316502153709],[107.5049592451466,-6.935882660328506],[107.50942495094432,-6.93372638526589]]]},"properties":{"h3":"888c146a1bfffff","incumbentScore":0,"method":"modeled_from_supply_density","realData":false}},{"type":"Feature","geometry":{"type":"Polygon","coordinates":[[[107.62119142544773,-6.8038007949541885],[107.62172553379715,-6.79907380876277],[107.61779479026951,-6.796504004843773],[107.61332984200635,-6.798661385791197],[107.61279582829927,-6.803388526201696],[107.61672666820392,-6.805958131454125],[107.62119142544773,-6.8038007949541885]]]},"properties":{"h3":"888c16b4adfffff","incumbentScore":0.002,"method":"modeled_from_supply_density","realData":false}},{"type":"Feature","geometry":{"type":"Polygon","coordinates":[[[107.39794970994126,-6.8355948600649175],[107.39848121832163,-6.83086587166207],[107.39454273720463,-6.828293520916655],[107.390072653907,-6.830450356590849],[107.38954124109712,-6.835179496829303],[107.39347981600534,-6.837751649566571],[107.39794970994126,-6.8355948600649175]]]},"properties":{"h3":"888c146d27fffff","incumbentScore":0,"method":"modeled_from_supply_density","realData":false}},{"type":"Feature","geometry":{"type":"Polygon","coordinates":[[[107.41265574312239,-7.042929309634067],[107.41318706488462,-7.038210628978823],[107.40925174547063,-7.035647120662917],[107.40478501044996,-7.037802491396854],[107.4042537840685,-7.042521323355229],[107.4081891973179,-7.045084633285189],[107.41265574312239,-7.042929309634067]]]},"properties":{"h3":"888c1462b7fffff","incumbentScore":0,"method":"modeled_from_supply_density","realData":false}},{"type":"Feature","geometry":{"type":"Polygon","coordinates":[[[107.66155776191339,-6.82003689189994],[107.66209230034339,-6.815311335681905],[107.65816324628007,-6.812742907246806],[107.65369955694851,-6.814900233859352],[107.65316511297893,-6.819625944653099],[107.65709426387139,-6.822194174267006],[107.66155776191339,-6.82003689189994]]]},"properties":{"h3":"888c16b407fffff","incumbentScore":0.001,"method":"modeled_from_supply_density","realData":false}},{"type":"Feature","geometry":{"type":"Polygon","coordinates":[[[107.51860656304369,-6.777353290434875],[107.51913954962382,-6.772623395320797],[107.5152047163736,-6.770050720525704],[107.51073680131822,-6.772208139149864],[107.51020390983284,-6.776938187524039],[107.514138838299,-6.77951066402246],[107.51860656304369,-6.777353290434875]]]},"properties":{"h3":"888c16a68bfffff","incumbentScore":0,"method":"modeled_from_supply_density","realData":false}},{"type":"Feature","geometry":{"type":"Polygon","coordinates":[[[107.69351835415048,-6.835852458816679],[107.69405322746822,-6.831128179555267],[107.69012555107217,-6.828560965251678],[107.68566290416445,-6.8307182291660675],[107.68512812516119,-6.835442663275009],[107.68905589874203,-6.838009678630429],[107.69351835415048,-6.835852458816679]]]},"properties":{"h3":"888c16b713fffff","incumbentScore":0,"method":"modeled_from_supply_density","realData":false}},{"type":"Feature","geometry":{"type":"Polygon","coordinates":[[[107.33203405939068,-6.7823798905931865],[107.33256490307255,-6.77764730273941],[107.32862336538005,-6.775071625962247],[107.32415089093449,-6.777228734755752],[107.32362014313455,-6.7819614739422525],[107.32756177388916,-6.784536953011167],[107.33203405939068,-6.7823798905931865]]]},"properties":{"h3":"888c10d0d3fffff","incumbentScore":0,"method":"modeled_from_supply_density","realData":false}},{"type":"Feature","geometry":{"type":"Polygon","coordinates":[[[107.29657078723604,-7.023038436098114],[107.29710081285765,-7.018316977271249],[107.29316105064909,-7.015750622696931],[107.28869117030139,-7.017905924941176],[107.28816124056277,-7.022627533953997],[107.29210109527983,-7.025193690545334],[107.29657078723604,-7.023038436098114]]]},"properties":{"h3":"888c1465c3fffff","incumbentScore":0,"method":"modeled_from_supply_density","realData":false}},{"type":"Feature","geometry":{"type":"Polygon","coordinates":[[[107.22404138355255,-6.990993801593403],[107.22457062980376,-6.9862696591693245],[107.22062785806757,-6.98370072327246],[107.21615574838252,-6.985856127507685],[107.21562659833943,-6.990580419480955],[107.2195694617642,-6.993149157678564],[107.22404138355255,-6.990993801593403]]]},"properties":{"h3":"888c109a3dfffff","incumbentScore":0,"method":"modeled_from_supply_density","realData":false}},{"type":"Feature","geometry":{"type":"Polygon","coordinates":[[[107.4209311956266,-6.743967090357314],[107.42146312379536,-6.739234045473211],[107.4175243144076,-6.7366583120531685],[107.41305348273033,-6.738815821454441],[107.41252165009108,-6.7435490187078795],[107.41646055359048,-6.7461245541992945],[107.4209311956266,-6.743967090357314]]]},"properties":{"h3":"888c10d02dfffff","incumbentScore":0,"method":"modeled_from_supply_density","realData":false}},{"type":"Feature","geometry":{"type":"Polygon","coordinates":[[[107.33520300425974,-7.017804063007352],[107.3357334821404,-7.013082947575463],[107.33179504467559,-7.010517047217488],[107.32732603636329,-7.012672460399018],[107.32679565420594,-7.017393726428246],[107.33073418462851,-7.019959428687297],[107.33520300425974,-7.017804063007352]]]},"properties":{"h3":"888c14651dfffff","incumbentScore":0,"method":"modeled_from_supply_density","realData":false}},{"type":"Feature","geometry":{"type":"Polygon","coordinates":[[[107.40787448422194,-7.085387424494044],[107.40840567859794,-7.080670746639527],[107.40447072465213,-7.078108920183821],[107.40000448256653,-7.080263970026986],[107.39947338356536,-7.084980798994879],[107.4034084312659,-7.08754242701489],[107.40787448422194,-7.085387424494044]]]},"properties":{"h3":"888c1475a5fffff","incumbentScore":0,"method":"modeled_from_supply_density","realData":false}},{"type":"Feature","geometry":{"type":"Polygon","coordinates":[[[107.52241496881757,-6.8559834032024405],[107.52294786390327,-6.851257362468328],[107.51901416550444,-6.848688007242934],[107.51454747679932,-6.850844891199139],[107.51401467674408,-6.8555710849732225],[107.51794847035443,-6.858140241759648],[107.52241496881757,-6.8559834032024405]]]},"properties":{"h3":"888c146829fffff","incumbentScore":0.001,"method":"modeled_from_supply_density","realData":false}},{"type":"Feature","geometry":{"type":"Polygon","coordinates":[[[107.45296727904335,-6.759833657916894],[107.45349954641334,-6.755101880996643],[107.4495621010803,-6.752527351860258],[107.44509229389695,-6.754684797710546],[107.44456012191098,-6.759416727276781],[107.44849766171527,-6.761991058355305],[107.45296727904335,-6.759833657916894]]]},"properties":{"h3":"888c10d339fffff","incumbentScore":0,"method":"modeled_from_supply_density","realData":false}},{"type":"Feature","geometry":{"type":"Polygon","coordinates":[[[107.34316165866937,-6.946964016569228],[107.34369234888331,-6.942239572418844],[107.33975329968688,-6.939670877008709],[107.33528346717542,-6.941826823770575],[107.33475287269492,-6.946551418832154],[107.33869201498341,-6.949119916229361],[107.34316165866937,-6.946964016569228]]]},"properties":{"h3":"888c146ee7fffff","incumbentScore":0,"method":"modeled_from_supply_density","realData":false}},{"type":"Feature","geometry":{"type":"Polygon","coordinates":[[[107.56100972721406,-6.8507485902585215],[107.56154307077004,-6.846022909338567],[107.55761071610658,-6.843454007042748],[107.55314492222013,-6.845610984228494],[107.55261167353383,-6.850336818598989],[107.5565441238552,-6.8529055223416995],[107.56100972721406,-6.8507485902585215]]]},"properties":{"h3":"888c146b35fffff","incumbentScore":0.156,"method":"modeled_from_supply_density","realData":false}},{"type":"Feature","geometry":{"type":"Polygon","coordinates":[[[107.65297690991892,-6.78397165334247],[107.65351141312256,-6.779244221860392],[107.64958158689262,-6.776674147535348],[107.64511716069651,-6.77883170343495],[107.64458275201181,-6.783559289525527],[107.64851267499517,-6.786129165116419],[107.65297690991892,-6.78397165334247]]]},"properties":{"h3":"888c16b5c7fffff","incumbentScore":0,"method":"modeled_from_supply_density","realData":false}},{"type":"Feature","geometry":{"type":"Polygon","coordinates":[[[107.48138112443233,-6.732692226020225],[107.48191376287083,-6.727959593100934],[107.47797700728569,-6.725384433387826],[107.47350751843794,-6.727542104705211],[107.4729749752796,-6.732274890649971],[107.47691182567974,-6.734849852260401],[107.48138112443233,-6.732692226020225]]]},"properties":{"h3":"888c16a499fffff","incumbentScore":0,"method":"modeled_from_supply_density","realData":false}},{"type":"Feature","geometry":{"type":"Polygon","coordinates":[[[107.34067200159461,-6.818492887058376],[107.34120288273918,-6.813762176670071],[107.33726211447524,-6.8111881349052075],[107.33279037191733,-6.813345001333479],[107.33225958659592,-6.818075863026224],[107.3362004480002,-6.820649706994907],[107.34067200159461,-6.818492887058376]]]},"properties":{"h3":"888c10d293fffff","incumbentScore":0,"method":"modeled_from_supply_density","realData":false}},{"type":"Feature","geometry":{"type":"Polygon","coordinates":[[[107.42764940247014,-7.022306168058299],[107.42818093094833,-7.017586714760594],[107.42424589341068,-7.015022611254824],[107.41977923336533,-7.017178159457322],[107.4192478002172,-7.021897764279122],[107.42318293177532,-7.02446166938296],[107.42764940247014,-7.022306168058299]]]},"properties":{"h3":"888c1460c5fffff","incumbentScore":0,"method":"modeled_from_supply_density","realData":false}},{"type":"Feature","geometry":{"type":"Polygon","coordinates":[[[107.39882068233938,-6.978182976814641],[107.39935195671181,-6.973460920672342],[107.3954153150083,-6.970894483791769],[107.3909473052081,-6.973050301302862],[107.39041612631475,-6.9777725088217295],[107.39435286173345,-6.980338747461552],[107.39882068233938,-6.978182976814641]]]},"properties":{"h3":"888c146e41fffff","incumbentScore":0,"method":"modeled_from_supply_density","realData":false}},{"type":"Feature","geometry":{"type":"Polygon","coordinates":[[[107.41230541271005,-6.707835026924327],[107.41283730395797,-6.703100110555715],[107.40889772407003,-6.700522742191913],[107.4044261588911,-6.702680488044769],[107.40389436323146,-6.70741555681133],[107.40783403715338,-6.709992727335644],[107.41230541271005,-6.707835026924327]]]},"properties":{"h3":"888c10d1edfffff","incumbentScore":0,"method":"modeled_from_supply_density","realData":false}},{"type":"Feature","geometry":{"type":"Polygon","coordinates":[[[107.2172140909024,-6.976406876586538],[107.2177432833801,-6.971681917738196],[107.21380008205557,-6.969112261728463],[107.2093275966262,-6.971267762230053],[107.20879850039435,-6.975992870605068],[107.212741793337,-6.978562328960578],[107.2172140909024,-6.976406876586538]]]},"properties":{"h3":"888c10984bfffff","incumbentScore":0,"method":"modeled_from_supply_density","realData":false}},{"type":"Feature","geometry":{"type":"Polygon","coordinates":[[[107.51381032225905,-6.819912472013755],[107.51434318115759,-6.8151845523937],[107.51040871194095,-6.812613554610509],[107.50594128868194,-6.81477067480814],[107.50540852487246,-6.819498747499372],[107.50934308922385,-6.822069546930313],[107.51381032225905,-6.819912472013755]]]},"properties":{"h3":"888c1469e9fffff","incumbentScore":0.532,"method":"modeled_from_supply_density","realData":false}},{"type":"Feature","geometry":{"type":"Polygon","coordinates":[[[107.31884161970842,-7.088186009138848],[107.3193717896496,-7.083468083308107],[107.31543365591499,-7.080904817643496],[107.31096525950333,-7.0830596759730655],[107.31043518531106,-7.087777752002321],[107.31437341177251,-7.09034081951221],[107.31884161970842,-7.088186009138848]]]},"properties":{"h3":"888c146637fffff","incumbentScore":0,"method":"modeled_from_supply_density","realData":false}},{"type":"Feature","geometry":{"type":"Polygon","coordinates":[[[107.45275575964129,-6.724130972030554],[107.4532880857244,-6.719397475456552],[107.44935018048035,-6.716821471198806],[107.4448798546536,-6.718979161520317],[107.44434762397734,-6.723712810854393],[107.4482856237119,-6.726288617115424],[107.45275575964129,-6.724130972030554]]]},"properties":{"h3":"888c10d147fffff","incumbentScore":0,"method":"modeled_from_supply_density","realData":false}},{"type":"Feature","geometry":{"type":"Polygon","coordinates":[[[107.25587229288398,-6.971181225282624],[107.25640193925054,-6.966456607224744],[107.25246005685685,-6.9638874030030555],[107.2479884360188,-6.966043014618643],[107.24745888573872,-6.9707677826160035],[107.25140086020116,-6.973336789067041],[107.25587229288398,-6.971181225282624]]]},"properties":{"h3":"888c109b57fffff","incumbentScore":0,"method":"modeled_from_supply_density","realData":false}},{"type":"Feature","geometry":{"type":"Polygon","coordinates":[[[107.5542114621489,-6.836158655846782],[107.55474475339233,-6.8314321619359655],[107.5508119653389,-6.828862536863077],[107.54634579044406,-6.8310196042170555],[107.54581259410816,-6.835746251557455],[107.54974547775046,-6.83831567812279],[107.5542114621489,-6.836158655846782]]]},"properties":{"h3":"888c146943fffff","incumbentScore":0.376,"method":"modeled_from_supply_density","realData":false}},{"type":"Feature","geometry":{"type":"Polygon","coordinates":[[[107.57920812243698,-6.80173773558948],[107.57974175721496,-6.797009979144149],[107.57580944803016,-6.794439361465798],[107.57134340816131,-6.796596698771282],[107.57080986820559,-6.801324609014832],[107.57474227328734,-6.803895028163157],[107.57920812243698,-6.80173773558948]]]},"properties":{"h3":"888c16a659fffff","incumbentScore":0.001,"method":"modeled_from_supply_density","realData":false}},{"type":"Feature","geometry":{"type":"Polygon","coordinates":[[[107.35364015506624,-6.740617735697247],[107.35417131799463,-6.735883474236779],[107.3502300307271,-6.733306449894252],[107.3457574871853,-6.735463884728055],[107.34522642007329,-6.740198297878024],[107.34916780067763,-6.742775124513303],[107.35364015506624,-6.740617735697247]]]},"properties":{"h3":"888c10d0a1fffff","incumbentScore":0,"method":"modeled_from_supply_density","realData":false}},{"type":"Feature","geometry":{"type":"Polygon","coordinates":[[[107.26792964326573,-7.01451644948839],[107.26845935436006,-7.009794131642651],[107.26451845477614,-7.0072269275162045],[107.26004775190634,-7.009382239121803],[107.25951813682087,-7.014104706888909],[107.26345912858733,-7.016671713137788],[107.26792964326573,-7.01451644948839]]]},"properties":{"h3":"888c146591fffff","incumbentScore":0,"method":"modeled_from_supply_density","realData":false}},{"type":"Feature","geometry":{"type":"Polygon","coordinates":[[[107.44019711658774,-6.873330393903266],[107.44072904364751,-6.86860389442074],[107.43679257257013,-6.866033832796618],[107.43232408016863,-6.868190468868699],[107.43179224847731,-6.8729171204951705],[107.43572881380997,-6.8754869839141985],[107.44019711658774,-6.873330393903266]]]},"properties":{"h3":"888c14689dfffff","incumbentScore":0.001,"method":"modeled_from_supply_density","realData":false}},{"type":"Feature","geometry":{"type":"Polygon","coordinates":[[[107.40700802501448,-6.94296789135183],[107.40753945333576,-6.938244249708591],[107.40360266153286,-6.935676495652186],[107.39913434756879,-6.937832581458786],[107.39860301471366,-6.94255637467817],[107.40253990034735,-6.94512393052343],[107.40700802501448,-6.94296789135183]]]},"properties":{"h3":"888c146f5bfffff","incumbentScore":0,"method":"modeled_from_supply_density","realData":false}},{"type":"Feature","geometry":{"type":"Polygon","coordinates":[[[107.27157300421092,-7.0574175102890955],[107.27210268397276,-7.052697346361968],[107.26816245984023,-7.050131981648292],[107.26369246373764,-7.052286978826227],[107.26316287994281,-7.057007292571349],[107.26710319627455,-7.059572459329276],[107.27157300421092,-7.0574175102890955]]]},"properties":{"h3":"888c1464ebfffff","incumbentScore":0,"method":"modeled_from_supply_density","realData":false}},{"type":"Feature","geometry":{"type":"Polygon","coordinates":[[[107.22586693284838,-7.0124559787272345],[107.22639616354171,-7.007732912121157],[107.22245372966464,-7.005164894444189],[107.21798197338818,-7.007320141120829],[107.21745283888197,-7.012043357224917],[107.2213953644561,-7.014611177163119],[107.22586693284838,-7.0124559787272345]]]},"properties":{"h3":"888c109a0bfffff","incumbentScore":0,"method":"modeled_from_supply_density","realData":false}},{"type":"Feature","geometry":{"type":"Polygon","coordinates":[[[107.4894322039419,-6.961238508742677],[107.48996454244248,-6.956517051017521],[107.48603097556692,-6.953951488382687],[107.48156497541353,-6.956107581984903],[107.48103273201887,-6.960829192065431],[107.48496639366259,-6.963394556196955],[107.4894322039419,-6.961238508742677]]]},"properties":{"h3":"888c146139fffff","incumbentScore":0,"method":"modeled_from_supply_density","realData":false}},{"type":"Feature","geometry":{"type":"Polygon","coordinates":[[[107.3145241660602,-6.938431620122172],[107.31505454228638,-6.933706315787508],[107.31111435259099,-6.931136772174272],[107.30664369389393,-6.9332927308117425],[107.30611341352726,-6.938018185792751],[107.31005369598907,-6.940587531498637],[107.3145241660602,-6.938431620122172]]]},"properties":{"h3":"888c146eb5fffff","incumbentScore":0,"method":"modeled_from_supply_density","realData":false}},{"type":"Feature","geometry":{"type":"Polygon","coordinates":[[[107.46137390993917,-6.760250417558919],[107.46190627265727,-6.755518793369382],[107.45796913818282,-6.752944426041258],[107.45349954641334,-6.755101880996643],[107.45296727904335,-6.759833657916894],[107.45690450808566,-6.762407827159592],[107.46137390993917,-6.760250417558919]]]},"properties":{"h3":"888c10d307fffff","incumbentScore":0,"method":"modeled_from_supply_density","realData":false}},{"type":"Feature","geometry":{"type":"Polygon","coordinates":[[[107.62439628847567,-6.7754355906492165],[107.62493048200098,-6.770707289947861],[107.62099949715527,-6.768136365913492],[107.61653422234373,-6.7702939412183065],[107.61600012346433,-6.775022396265442],[107.6199312047414,-6.7775931216704],[107.62439628847567,-6.7754355906492165]]]},"properties":{"h3":"888c16b595fffff","incumbentScore":0.377,"method":"modeled_from_supply_density","realData":false}},{"type":"Feature","geometry":{"type":"Polygon","coordinates":[[[107.33383681813302,-7.067566655520532],[107.33436719528879,-7.062847952058614],[107.33042934010535,-7.060284091896455],[107.32596101484496,-7.0624391333762935],[107.32543073338759,-7.067157987257555],[107.3293686814832,-7.069721649248335],[107.33383681813302,-7.067566655520532]]]},"properties":{"h3":"888c146445fffff","incumbentScore":0,"method":"modeled_from_supply_density","realData":false}},{"type":"Feature","geometry":{"type":"Polygon","coordinates":[[[107.36586375266715,-7.083352528670876],[107.36639446981147,-7.078635096089772],[107.36245797063279,-7.076072450455023],[107.35799066102871,-7.078227435708228],[107.35746003943794,-7.0829450189824],[107.36139663188865,-7.085507466318981],[107.36586375266715,-7.083352528670876]]]},"properties":{"h3":"888c146751fffff","incumbentScore":0,"method":"modeled_from_supply_density","realData":false}},{"type":"Feature","geometry":{"type":"Polygon","coordinates":[[[107.37723193383516,-7.019853110008029],[107.3777628897965,-7.01513274882805],[107.37382599567424,-7.012567664624351],[107.36935805214033,-7.014723139846152],[107.36882719172364,-7.019443652045123],[107.37276417928717,-7.022008538011961],[107.37723193383516,-7.019853110008029]]]},"properties":{"h3":"888c146093fffff","incumbentScore":0,"method":"modeled_from_supply_density","realData":false}},{"type":"Feature","geometry":{"type":"Polygon","coordinates":[[[107.45158220863223,-6.809711664959893],[107.45211437475797,-6.804982269596402],[107.448177510984,-6.802409775020222],[107.4437083866502,-6.804566873952986],[107.44317631588372,-6.809296421785368],[107.4471132740827,-6.811868718224669],[107.45158220863223,-6.809711664959893]]]},"properties":{"h3":"888c10d261fffff","incumbentScore":0,"method":"modeled_from_supply_density","realData":false}},{"type":"Feature","geometry":{"type":"Polygon","coordinates":[[[107.31838982944377,-6.753142245651753],[107.31892056636556,-6.748408036580106],[107.3149781661581,-6.745830924062217],[107.31050493609803,-6.747988218239804],[107.30997429513384,-6.752722578598317],[107.31391678826309,-6.755299493501023],[107.31838982944377,-6.753142245651753]]]},"properties":{"h3":"888c10d56dfffff","incumbentScore":0,"method":"modeled_from_supply_density","realData":false}},{"type":"Feature","geometry":{"type":"Polygon","coordinates":[[[107.36183125343071,-6.705315654270177],[107.36236257061088,-6.7005798247895285],[107.35842113190759,-6.698001489802701],[107.35394828256237,-6.700159181978462],[107.3534170611857,-6.70489516334661],[107.35735859334167,-6.707473300660088],[107.36183125343071,-6.705315654270177]]]},"properties":{"h3":"888c10d1bbfffff","incumbentScore":0,"method":"modeled_from_supply_density","realData":false}},{"type":"Feature","geometry":{"type":"Polygon","coordinates":[[[107.41998150008797,-6.865206483721073],[107.42051320991833,-6.860479273270482],[107.41657590243759,-6.857908526043813],[107.41210679109014,-6.86006518740355],[107.4115751767188,-6.864792549818212],[107.41551257822682,-6.8673630989176635],[107.41998150008797,-6.865206483721073]]]},"properties":{"h3":"888c146d69fffff","incumbentScore":0,"method":"modeled_from_supply_density","realData":false}},{"type":"Feature","geometry":{"type":"Polygon","coordinates":[[[107.54721173222993,-6.785898428263637],[107.54774503007232,-6.781169399080264],[107.54381134967964,-6.778597571844752],[107.53934427589607,-6.780754972203091],[107.53881107302162,-6.785484154910582],[107.54274484895372,-6.7880557837441104],[107.54721173222993,-6.785898428263637]]]},"properties":{"h3":"888c16a6cdfffff","incumbentScore":0.001,"method":"modeled_from_supply_density","realData":false}},{"type":"Feature","geometry":{"type":"Polygon","coordinates":[[[107.46998952852587,-6.796353705969872],[107.47052192781041,-6.791623956727088],[107.46658556400071,-6.789051227971793],[107.4621167062523,-6.791208446641266],[107.46158440225722,-6.795938348584896],[107.46552086071199,-6.798510879166756],[107.46998952852587,-6.796353705969872]]]},"properties":{"h3":"888c1469b7fffff","incumbentScore":0,"method":"modeled_from_supply_density","realData":false}},{"type":"Feature","geometry":{"type":"Polygon","coordinates":[[[107.30770429709881,-6.923841156293876],[107.30823461993798,-6.91911503685693],[107.30429399958199,-6.916544772674034],[107.29982296368146,-6.918700825798843],[107.2992927367396,-6.923427095859975],[107.3032334497919,-6.925997162180802],[107.30770429709881,-6.923841156293876]]]},"properties":{"h3":"888c146cc3fffff","incumbentScore":0,"method":"modeled_from_supply_density","realData":false}},{"type":"Feature","geometry":{"type":"Polygon","coordinates":[[[107.27746660780838,-6.9294807370822475],[107.27799657361744,-6.924754423112574],[107.2740549373324,-6.922183869902236],[107.26958324288583,-6.924339828444104],[107.26905337309805,-6.9290662927100515],[107.27299510172647,-6.931636648146559],[107.27746660780838,-6.9294807370822475]]]},"properties":{"h3":"888c109b25fffff","incumbentScore":0,"method":"modeled_from_supply_density","realData":false}},{"type":"Feature","geometry":{"type":"Polygon","coordinates":[[[107.42412297741407,-6.715565534139993],[107.42465499069613,-6.710831174845285],[107.42071593729654,-6.708254326912442],[107.41624477644018,-6.710412036173404],[107.41571285869159,-6.715146547962311],[107.41965200625683,-6.7177231980046175],[107.42412297741407,-6.715565534139993]]]},"properties":{"h3":"888c10d115fffff","incumbentScore":0,"method":"modeled_from_supply_density","realData":false}},{"type":"Feature","geometry":{"type":"Polygon","coordinates":[[[107.58561267653255,-6.7449901944491115],[107.58614648164281,-6.740259809534231],[107.58221368872093,-6.737686954047949],[107.57774699467414,-6.739844681940216],[107.57721328439351,-6.744575220905933],[107.58114617332089,-6.747147877937001],[107.58561267653255,-6.7449901944491115]]]},"properties":{"h3":"888c16a627fffff","incumbentScore":0.001,"method":"modeled_from_supply_density","realData":false}},{"type":"Feature","geometry":{"type":"Polygon","coordinates":[[[107.5256125520762,-6.827623859111787],[107.52614553226299,-6.8228964988548],[107.52221159134386,-6.820326024545383],[107.51774457496317,-6.822483108904022],[107.5172116898106,-6.827210622327191],[107.52114572599537,-6.829780898234063],[107.5256125520762,-6.827623859111787]]]},"properties":{"h3":"888c146911fffff","incumbentScore":0.155,"method":"modeled_from_supply_density","realData":false}},{"type":"Feature","geometry":{"type":"Polygon","coordinates":[[[107.3270309994025,-6.789269286645141],[107.32756177388916,-6.784536953011167],[107.32362014313455,-6.7819614739422525],[107.3191476448841,-6.784118526219669],[107.31861696629625,-6.788851011112738],[107.32255869005097,-6.791426292477941],[107.3270309994025,-6.789269286645141]]]},"properties":{"h3":"888c10d72dfffff","incumbentScore":0,"method":"modeled_from_supply_density","realData":false}},{"type":"Feature","geometry":{"type":"Polygon","coordinates":[[[107.34634601235277,-6.9186140299223595],[107.34687678752996,-6.913888257423666],[107.3429374936347,-6.911318444904029],[107.33846733140736,-6.913474602869548],[107.33793665196764,-6.918200526404773],[107.34187603900872,-6.920770140946605],[107.34634601235277,-6.9186140299223595]]]},"properties":{"h3":"888c146c1dfffff","incumbentScore":0,"method":"modeled_from_supply_density","realData":false}},{"type":"Feature","geometry":{"type":"Polygon","coordinates":[[[107.5292158472441,-6.870571891001431],[107.52974879477827,-6.865846663767209],[107.52581552939678,-6.863278031186072],[107.52134922119131,-6.865434824332081],[107.52081636864978,-6.870160204627317],[107.52474972931199,-6.872728638724057],[107.5292158472441,-6.870571891001431]]]},"properties":{"h3":"888c14686bfffff","incumbentScore":0.002,"method":"modeled_from_supply_density","realData":false}},{"type":"Feature","geometry":{"type":"Polygon","coordinates":[[[107.45742707397238,-6.945433331104721],[107.45795907433828,-6.940710600689115],[107.4540241429995,-6.938143824798436],[107.44955711687598,-6.940299977708109],[107.4490252117613,-6.945022860205666],[107.45296023750983,-6.947589437720184],[107.45742707397238,-6.945433331104721]]]},"properties":{"h3":"888c1461adfffff","incumbentScore":0,"method":"modeled_from_supply_density","realData":false}},{"type":"Feature","geometry":{"type":"Polygon","coordinates":[[[107.42860155594589,-6.90127239711186],[107.42913330260629,-6.896547069490647],[107.42519676491254,-6.893977963340428],[107.42072838644451,-6.896134383033361],[107.42019673518448,-6.90085986258827],[107.42413336698301,-6.903428770525151],[107.42860155594589,-6.90127239711186]]]},"properties":{"h3":"888c146f29fffff","incumbentScore":0,"method":"modeled_from_supply_density","realData":false}},{"type":"Feature","geometry":{"type":"Polygon","coordinates":[[[107.242929324036,-7.048899860472425],[107.24345868896863,-7.044178838178234],[107.23951732909109,-7.041612623385445],[107.2350465123989,-7.043767628745976],[107.23451724355907,-7.048488800593613],[107.2384586953096,-7.0510548175360395],[107.242929324036,-7.048899860472425]]]},"properties":{"h3":"888c1464b9fffff","incumbentScore":0,"method":"modeled_from_supply_density","realData":false}},{"type":"Feature","geometry":{"type":"Polygon","coordinates":[[[107.34681966394493,-6.725994400332746],[107.34735077359352,-6.721259329188697],[107.34340905471805,-6.718681587209099],[107.33893613291816,-6.720839114042663],[107.33840511912378,-6.725574336853277],[107.34234693126602,-6.728151881172387],[107.34681966394493,-6.725994400332746]]]},"properties":{"h3":"888c10c24dfffff","incumbentScore":0,"method":"modeled_from_supply_density","realData":false}},{"type":"Feature","geometry":{"type":"Polygon","coordinates":[[[107.48818863028863,-6.747305516574658],[107.48872132140136,-6.7425736936979],[107.484784998766,-6.739999253814181],[107.48031589012436,-6.742156834964913],[107.47978329425395,-6.746888810889135],[107.48371971177377,-6.74946305262369],[107.48818863028863,-6.747305516574658]]]},"properties":{"h3":"888c16a4dbfffff","incumbentScore":0,"method":"modeled_from_supply_density","realData":false}},{"type":"Feature","geometry":{"type":"Polygon","coordinates":[[[107.49783114895133,-6.961647650906212],[107.49836358252193,-6.95692634562048],[107.49443032670426,-6.954360946406499],[107.48996454244248,-6.956517051017521],[107.4894322039419,-6.961238508742677],[107.49336555462402,-6.963803709425961],[107.49783114895133,-6.961647650906212]]]},"properties":{"h3":"888c146107fffff","incumbentScore":0,"method":"modeled_from_supply_density","realData":false}},{"type":"Feature","geometry":{"type":"Polygon","coordinates":[[[107.36931454478052,-6.827045972605137],[107.36984573976531,-6.822316122743002],[107.36590611431973,-6.819742926054347],[107.36143520041432,-6.821899777138723],[107.36090410112638,-6.82662977857111],[107.36484382003792,-6.829202777357496],[107.36931454478052,-6.827045972605137]]]},"properties":{"h3":"888c10d2d5fffff","incumbentScore":0,"method":"modeled_from_supply_density","realData":false}},{"type":"Feature","geometry":{"type":"Polygon","coordinates":[[[107.31634261372801,-6.959899059863594],[107.31687297416528,-6.95517482826914],[107.31293312232306,-6.952606203540707],[107.30846281725991,-6.954762008362786],[107.30793255266127,-6.959486390552015],[107.3118724972781,-6.962054817333077],[107.31634261372801,-6.959899059863594]]]},"properties":{"h3":"888c146e83fffff","incumbentScore":0,"method":"modeled_from_supply_density","realData":false}},{"type":"Feature","geometry":{"type":"Polygon","coordinates":[[[107.28339250948652,-7.06511199654421],[107.28392231191658,-7.060392391830908],[107.27998261003667,-7.057827551482712],[107.27551301338644,-7.05998251386212],[107.27498330686886,-7.064702268488723],[107.27892310107998,-7.067266910831345],[107.28339250948652,-7.06511199654421]]]},"properties":{"h3":"888c146413fffff","incumbentScore":0,"method":"modeled_from_supply_density","realData":false}},{"type":"Feature","geometry":{"type":"Polygon","coordinates":[[[107.47082710144144,-6.938964874551918],[107.471359265872,-6.9342420407459135],[107.46742473966208,-6.931675229613861],[107.46295795444469,-6.933831450705027],[107.46242588521254,-6.938554436750889],[107.4663605059903,-6.941121049474316],[107.47082710144144,-6.938964874551918]]]},"properties":{"h3":"888c146ad1fffff","incumbentScore":0,"method":"modeled_from_supply_density","realData":false}},{"type":"Feature","geometry":{"type":"Polygon","coordinates":[[[107.59940065420128,-6.809860447546661],[107.59993450458838,-6.805133404955222],[107.59600303820149,-6.802563474024502],[107.59153762529482,-6.804720784301249],[107.59100386963908,-6.8094479808697574],[107.59493543214951,-6.812017713192914],[107.59940065420128,-6.809860447546661]]]},"properties":{"h3":"888c16b4bdfffff","incumbentScore":0.156,"method":"modeled_from_supply_density","realData":false}},{"type":"Feature","geometry":{"type":"Polygon","coordinates":[[[107.38547596283034,-6.720780912162539],[107.38600752465375,-6.716046195885085],[107.3820671369862,-6.713468900713275],[107.37759509376961,-6.715626519603162],[107.3770636276401,-6.720361387961197],[107.38100410902418,-6.722938485357363],[107.38547596283034,-6.720780912162539]]]},"properties":{"h3":"888c10d189fffff","incumbentScore":0,"method":"modeled_from_supply_density","realData":false}},{"type":"Feature","geometry":{"type":"Polygon","coordinates":[[[107.37613067865067,-6.841649767337673],[107.37666192677987,-6.836920729991831],[107.37272273289025,-6.8343482530976765],[107.3682521973265,-6.83650501150617],[107.36772104485631,-6.841234200444517],[107.37166033228179,-6.843806479390474],[107.37613067865067,-6.841649767337673]]]},"properties":{"h3":"888c146d37fffff","incumbentScore":0,"method":"modeled_from_supply_density","realData":false}},{"type":"Feature","geometry":{"type":"Polygon","coordinates":[[[107.20586429560936,-7.039966076165922],[107.2063932490514,-7.03524404714462],[107.20245044875793,-7.032676820390193],[107.1979786035642,-7.034831820382845],[107.19744974637632,-7.0395539986079125],[107.20139263811897,-7.042121027645354],[107.20586429560936,-7.039966076165922]]]},"properties":{"h3":"888c109129fffff","incumbentScore":0,"method":"modeled_from_supply_density","realData":false}},{"type":"Feature","geometry":{"type":"Polygon","coordinates":[[[107.6397737127014,-6.8260977041180535],[107.6403079936214,-6.8213720906758475],[107.63637821498783,-6.818803534796571],[107.63191405884909,-6.82096079113025],[107.63137987247866,-6.8256865589064875],[107.63530974768827,-6.8282549160234565],[107.6397737127014,-6.8260977041180535]]]},"properties":{"h3":"888c16b417fffff","incumbentScore":0.002,"method":"modeled_from_supply_density","realData":false}},{"type":"Feature","geometry":{"type":"Polygon","coordinates":[[[107.49679984296299,-6.783410217967907],[107.4973325704583,-6.77868026890625],[107.49339701878212,-6.776107468018425],[107.48892864464007,-6.778264814438117],[107.48839601232835,-6.7829949165171435],[107.49233165896602,-6.78556751916763],[107.49679984296299,-6.783410217967907]]]},"properties":{"h3":"888c16a69bfffff","incumbentScore":0,"method":"modeled_from_supply_density","realData":false}},{"type":"Feature","geometry":{"type":"Polygon","coordinates":[[[107.49360377588985,-6.811785302631183],[107.4941364182736,-6.807056670880474],[107.4902011095607,-6.8044849875244875],[107.48573306354756,-6.806642134202149],[107.48520051634361,-6.811370918844436],[107.4891359199639,-6.813942403926018],[107.49360377588985,-6.811785302631183]]]},"properties":{"h3":"888c146985fffff","incumbentScore":0.001,"method":"modeled_from_supply_density","realData":false}},{"type":"Feature","geometry":{"type":"Polygon","coordinates":[[[107.72189697966508,-6.808734640210393],[107.72243222091156,-6.804009511199479],[107.71850524891336,-6.8014416643679905],[107.7140429381335,-6.803599145548699],[107.71350779109682,-6.808324429786047],[107.71743486062105,-6.810892077624621],[107.72189697966508,-6.808734640210393]]]},"properties":{"h3":"888c16b723fffff","incumbentScore":0,"method":"modeled_from_supply_density","realData":false}},{"type":"Feature","geometry":{"type":"Polygon","coordinates":[[[107.27475129493908,-7.029093184889295],[107.2752810595671,-7.02437168457418],[107.27134058998621,-7.021805202009975],[107.26687026351546,-7.023960417691822],[107.26634059485858,-7.02868206795026],[107.27028115669225,-7.031248352592271],[107.27475129493908,-7.029093184889295]]]},"properties":{"h3":"888c1465d3fffff","incumbentScore":0,"method":"modeled_from_supply_density","realData":false}},{"type":"Feature","geometry":{"type":"Polygon","coordinates":[[[107.36045967642231,-6.75523801524302],[107.3609908925949,-6.750504563882325],[107.3570500369641,-6.7479282575455155],[107.35257787174477,-6.750085600331913],[107.35204675135071,-6.754819203404926],[107.35598770038837,-6.757395311987848],[107.36045967642231,-6.75523801524302]]]},"properties":{"h3":"888c10d0e3fffff","incumbentScore":0,"method":"modeled_from_supply_density","realData":false}},{"type":"Feature","geometry":{"type":"Polygon","coordinates":[[[107.2545178651992,-7.02098216649575],[107.25504741104912,-7.016259957584458],[107.25110611224184,-7.013692788517264],[107.24663517555199,-7.015848026214557],[107.24610572576339,-7.02057038488899],[107.25004711659427,-7.023137356111744],[107.2545178651992,-7.02098216649575]]]},"properties":{"h3":"888c109a4dfffff","incumbentScore":0,"method":"modeled_from_supply_density","realData":false}},{"type":"Feature","geometry":{"type":"Polygon","coordinates":[[[107.39910884059887,-6.750021318330683],[107.39964050860338,-6.745288221647846],[107.3957009849944,-6.742712363124911],[107.39122969951559,-6.744869799162422],[107.39069812712928,-6.749603047971129],[107.39463774459452,-6.75217870862505],[107.39910884059887,-6.750021318330683]]]},"properties":{"h3":"888c10d03dfffff","incumbentScore":0,"method":"modeled_from_supply_density","realData":false}},{"type":"Feature","geometry":{"type":"Polygon","coordinates":[[[107.36360672873784,-6.990706707564138],[107.36413757850664,-6.985984711977297],[107.36019982226875,-6.983418182211305],[107.35573112295128,-6.985573846188494],[107.35520036880261,-6.990295992751571],[107.35913821834222,-6.992862324369897],[107.36360672873784,-6.990706707564138]]]},"properties":{"h3":"888c14652dfffff","incumbentScore":0,"method":"modeled_from_supply_density","realData":false}},{"type":"Feature","geometry":{"type":"Polygon","coordinates":[[[107.3860743445145,-7.091445694585844],[107.38660527916154,-7.086728973373682],[107.38266961314552,-7.084167017508653],[107.3782029189734,-7.086321981239637],[107.37767207978962,-7.091038853323505],[107.38160783930564,-7.0936006108133585],[107.3860743445145,-7.091445694585844]]]},"properties":{"h3":"888c1475b5fffff","incumbentScore":0,"method":"modeled_from_supply_density","realData":false}},{"type":"Feature","geometry":{"type":"Polygon","coordinates":[[[107.50061428880305,-6.862041505947841],[107.50114692497505,-6.857315413013814],[107.4972125083443,-6.854745930671219],[107.4927453605752,-6.856902739650624],[107.49221281952248,-6.861628985382317],[107.49614733111049,-6.864198269345474],[107.50061428880305,-6.862041505947841]]]},"properties":{"h3":"888c146839fffff","incumbentScore":0.907,"method":"modeled_from_supply_density","realData":false}},{"type":"Feature","geometry":{"type":"Polygon","coordinates":[[[107.48339504872453,-6.789882057866784],[107.4839276121529,-6.785152208515604],[107.47999165421359,-6.7825794437035345],[107.47552303803354,-6.784736726456601],[107.47499056984174,-6.789466728666906],[107.47892662258434,-6.7920392952735575],[107.48339504872453,-6.789882057866784]]]},"properties":{"h3":"888c10d349fffff","incumbentScore":0.155,"method":"modeled_from_supply_density","realData":false}},{"type":"Feature","geometry":{"type":"Polygon","coordinates":[[[107.25134088711835,-7.0493107439382],[107.25187034810817,-7.044589871282015],[107.24792929502284,-7.042023819458618],[107.24345868896863,-7.044178838178234],[107.242929324036,-7.048899860472425],[107.24687046909136,-7.051465714417735],[107.25134088711835,-7.0493107439382]]]},"properties":{"h3":"888c146487fffff","incumbentScore":0,"method":"modeled_from_supply_density","realData":false}},{"type":"Feature","geometry":{"type":"Polygon","coordinates":[[[107.63118914170306,-6.790031738971267],[107.63172338724638,-6.785304249664746],[107.62779283665749,-6.782734048399472],[107.62332794401604,-6.784891535124471],[107.6227937930808,-6.789619178797561],[107.62672444016984,-6.7921891813875135],[107.63118914170306,-6.790031738971267]]]},"properties":{"h3":"888c16b5d7fffff","incumbentScore":0.157,"method":"modeled_from_supply_density","realData":false}},{"type":"Feature","geometry":{"type":"Polygon","coordinates":[[[107.40584750568054,-7.028364160608258],[107.40637877453062,-7.023644661877138],[107.40244302375037,-7.021080429660247],[107.39797591034515,-7.023235894524775],[107.39744473691356,-7.027955544538077],[107.40138058145965,-7.030519578413321],[107.40584750568054,-7.028364160608258]]]},"properties":{"h3":"888c1460d5fffff","incumbentScore":0,"method":"modeled_from_supply_density","realData":false}},{"type":"Feature","geometry":{"type":"Polygon","coordinates":[[[107.36909333731786,-6.791358089133609],[107.36962459076149,-6.786626513069869],[107.36568450494347,-6.784051841694604],[107.36121307218792,-6.7862089442339455],[107.36068191446405,-6.79094067198161],[107.36462209376694,-6.793515145514615],[107.36909333731786,-6.791358089133609]]]},"properties":{"h3":"888c10d2a3fffff","incumbentScore":0,"method":"modeled_from_supply_density","realData":false}},{"type":"Feature","geometry":{"type":"Polygon","coordinates":[[[107.37701178458191,-6.984239714609823],[107.3775427989512,-6.979517612858924],[107.37360544509005,-6.976951047993129],[107.36913698339039,-6.9791067830673486],[107.3686060645886,-6.983829035952491],[107.37254351190992,-6.9863954026378225],[107.37701178458191,-6.984239714609823]]]},"properties":{"h3":"888c146e51fffff","incumbentScore":0,"method":"modeled_from_supply_density","realData":false}},{"type":"Feature","geometry":{"type":"Polygon","coordinates":[[[107.33748701228859,-6.846872522271742],[107.338017808418,-6.842143134168159],[107.33407728508398,-6.83957020728476],[107.32960587252501,-6.841726866346395],[107.32907517221471,-6.846456405629651],[107.33301578863521,-6.849029134680253],[107.33748701228859,-6.846872522271742]]]},"properties":{"h3":"888c146dabfffff","incumbentScore":0,"method":"modeled_from_supply_density","realData":false}},{"type":"Feature","geometry":{"type":"Polygon","coordinates":[[[107.60119648297996,-6.831335246032138],[107.60173031685714,-6.826609268062046],[107.59779918819068,-6.824040258782723],[107.59333412950708,-6.826197426130687],[107.59280039034053,-6.830923558024891],[107.59673161513781,-6.833492368655473],[107.60119648297996,-6.831335246032138]]]},"properties":{"h3":"888c16b48bfffff","incumbentScore":0.001,"method":"modeled_from_supply_density","realData":false}},{"type":"Feature","geometry":{"type":"Polygon","coordinates":[[[107.29155040232426,-6.766085400908859],[107.29208080875011,-6.7613513975097534],[107.28813760629454,-6.758774357921938],[107.2836639048005,-6.760931519292509],[107.28313359443756,-6.765665673660875],[107.28707688949666,-6.768242515698058],[107.29155040232426,-6.766085400908859]]]},"properties":{"h3":"888c10d509fffff","incumbentScore":0,"method":"modeled_from_supply_density","realData":false}},{"type":"Feature","geometry":{"type":"Polygon","coordinates":[[[107.19538074539408,-6.9824591151434925],[107.19590967597509,-6.977734116096963],[107.19196577063535,-6.97516433314936],[107.18749284334403,-6.977319746850326],[107.18696400909691,-6.982044895180209],[107.1909080057982,-6.984614480534556],[107.19538074539408,-6.9824591151434925]]]},"properties":{"h3":"888c10985bfffff","incumbentScore":0,"method":"modeled_from_supply_density","realData":false}},{"type":"Feature","geometry":{"type":"Polygon","coordinates":[[[107.28428922297485,-6.944072168402819],[107.28481924230428,-6.939346669651099],[107.28087803635535,-6.936776836646831],[107.27640671865434,-6.938932700222115],[107.27587679530843,-6.943658349292455],[107.27981809367097,-6.946227984477604],[107.28428922297485,-6.944072168402819]]]},"properties":{"h3":"888c109b67fffff","incumbentScore":0,"method":"modeled_from_supply_density","realData":false}},{"type":"Feature","geometry":{"type":"Polygon","coordinates":[[[107.43093632961201,-6.730185656488],[107.43146839583089,-6.7254521066873965],[107.42752977485196,-6.722875977397134],[107.42305899340974,-6.725033595853304],[107.42252702268645,-6.729767298170589],[107.42646573790071,-6.732343229523589],[107.43093632961201,-6.730185656488]]]},"properties":{"h3":"888c10d157fffff","incumbentScore":0,"method":"modeled_from_supply_density","realData":false}},{"type":"Feature","geometry":{"type":"Polygon","coordinates":[[[107.39976192062247,-6.857079856752288],[107.40029341299558,-6.852351935817862],[107.39635526983999,-6.8497805035121395],[107.39188554050304,-6.851937190198678],[107.39135414367951,-6.85666526291707],[107.39529238063425,-6.8592364971735496],[107.39976192062247,-6.857079856752288]]]},"properties":{"h3":"888c146d05fffff","incumbentScore":0,"method":"modeled_from_supply_density","realData":false}},{"type":"Feature","geometry":{"type":"Polygon","coordinates":[[[107.41446553895405,-7.064364207136239],[107.41499684469386,-7.059646603016438],[107.4110618627694,-7.057084017388367],[107.40659548125281,-7.059239234313428],[107.40606427087293,-7.063956989683546],[107.40999934664066,-7.06651937688694],[107.41446553895405,-7.064364207136239]]]},"properties":{"h3":"888c146295fffff","incumbentScore":0,"method":"modeled_from_supply_density","realData":false}},{"type":"Feature","geometry":{"type":"Polygon","coordinates":[[[107.53241374518169,-6.842217225968464],[107.53294677781221,-6.837490678434314],[107.52901327002145,-6.834920926317111],[107.52454663425623,-6.8370779201907785],[107.5240136966221,-6.841804620912298],[107.5279472997477,-6.844374174581291],[107.53241374518169,-6.842217225968464]]]},"properties":{"h3":"888c146953fffff","incumbentScore":0.533,"method":"modeled_from_supply_density","realData":false}},{"type":"Feature","geometry":{"type":"Polygon","coordinates":[[[107.60760342620001,-6.774609030830563],[107.60813743039746,-6.769880421521832],[107.60420581865786,-6.767309172242101],[107.59974010647227,-6.769466730854368],[107.59920619699277,-6.774195494340491],[107.60313790497177,-6.776766545045391],[107.60760342620001,-6.774609030830563]]]},"properties":{"h3":"888c16a669fffff","incumbentScore":0.001,"method":"modeled_from_supply_density","realData":false}},{"type":"Feature","geometry":{"type":"Polygon","coordinates":[[[107.33180848002768,-6.746670370203347],[107.33233938208281,-6.741936058893242],[107.32839738359293,-6.739358909882033],[107.32392438995801,-6.741516269836947],[107.32339358380779,-6.746250732592704],[107.3273356753785,-6.748827683956532],[107.33180848002768,-6.746670370203347]]]},"properties":{"h3":"888c10d0b1fffff","incumbentScore":0,"method":"modeled_from_supply_density","realData":false}},{"type":"Feature","geometry":{"type":"Polygon","coordinates":[[[107.29634125633262,-6.987416082737005],[107.29687134013969,-6.982692881704829],[107.29293111757025,-6.980125048734756],[107.2884607186576,-6.9822806147321],[107.28793073075653,-6.987003966064613],[107.29187104585307,-6.98957160110815],[107.29634125633262,-6.987416082737005]]]},"properties":{"h3":"888c1465a1fffff","incumbentScore":0,"method":"modeled_from_supply_density","realData":false}},{"type":"Feature","geometry":{"type":"Polygon","coordinates":[[[107.46860205776689,-6.846209615589224],[107.46913435578041,-6.8414822513475455],[107.4651985731478,-6.838911559317964],[107.46073039789388,-6.841068429790081],[107.46019819514513,-6.845795946554883],[107.46413407237645,-6.848366440332998],[107.46860205776689,-6.846209615589224]]]},"properties":{"h3":"888c1468adfffff","incumbentScore":0.002,"method":"modeled_from_supply_density","realData":false}},{"type":"Feature","geometry":{"type":"Polygon","coordinates":[[[107.43541041080738,-6.915858959775492],[107.43594221032133,-6.911134446787613],[107.43200610457689,-6.908566062654328],[107.42753810513506,-6.910722389776101],[107.4270064009837,-6.915447054719143],[107.43094260090248,-6.918015240593849],[107.43541041080738,-6.915858959775492]]]},"properties":{"h3":"888c146f6bfffff","incumbentScore":0,"method":"modeled_from_supply_density","realData":false}},{"type":"Feature","geometry":{"type":"Polygon","coordinates":[[[107.20403727075944,-7.018508838189169],[107.20456623970668,-7.013785731969067],[107.20062310158804,-7.011217586837116],[107.19615090307246,-7.0133727456117825],[107.19562203040039,-7.018096001086834],[107.19956525995971,-7.020663948541032],[107.20403727075944,-7.018508838189169]]]},"properties":{"h3":"888c109a1bfffff","incumbentScore":0,"method":"modeled_from_supply_density","realData":false}},{"type":"Feature","geometry":{"type":"Polygon","coordinates":[[[107.40092145515011,-6.771526266723832],[107.4014531071357,-6.766794233667714],[107.39751392167258,-6.764219291935985],[107.39304299035066,-6.766376581180031],[107.39251143396238,-6.771108766310806],[107.39645071328965,-6.773683510131484],[107.40092145515011,-6.771526266723832]]]},"properties":{"h3":"888c10d00bfffff","incumbentScore":0,"method":"modeled_from_supply_density","realData":false}},{"type":"Feature","geometry":{"type":"Polygon","coordinates":[[[107.5090152304166,-6.862453853767478],[107.50954796167196,-6.857727913715417],[107.50561385648253,-6.8551585941308835],[107.50114692497505,-6.857315413013814],[107.50061428880305,-6.862041505947841],[107.50454848904609,-6.8646106271255025],[107.5090152304166,-6.862453853767478]]]},"properties":{"h3":"888c146807fffff","incumbentScore":0.001,"method":"modeled_from_supply_density","realData":false}},{"type":"Feature","geometry":{"type":"Polygon","coordinates":[[[107.43955818627806,-6.766305795329656],[107.4400902892826,-6.761574118508835],[107.4361524388547,-6.758999625635153],[107.43168239110034,-6.761157007616779],[107.43115038353267,-6.765888836925172],[107.43508832827342,-6.7684631317729265],[107.43955818627806,-6.766305795329656]]]},"properties":{"h3":"888c10d317fffff","incumbentScore":0,"method":"modeled_from_supply_density","realData":false}},{"type":"Feature","geometry":{"type":"Polygon","coordinates":[[[107.34497771002543,-6.9684271665266015],[107.34550838437994,-6.963703795256243],[107.34156967297898,-6.961136019424666],[107.33710019411429,-6.963291812924944],[107.33656961547231,-6.968015335054679],[107.34050841997343,-6.970582912833424],[107.34497771002543,-6.9684271665266015]]]},"properties":{"h3":"888c146ec5fffff","incumbentScore":0,"method":"modeled_from_supply_density","realData":false}},{"type":"Feature","geometry":{"type":"Polygon","coordinates":[[[107.31202545031955,-7.073622854822562],[107.31255556694447,-7.068904109800116],[107.3086170029206,-7.066340120866205],[107.30414822960593,-7.0684950750741],[107.30361820876762,-7.073213970273706],[107.30755686544832,-7.075777761096978],[107.31202545031955,-7.073622854822562]]]},"properties":{"h3":"888c146455fffff","incumbentScore":0,"method":"modeled_from_supply_density","realData":false}},{"type":"Feature","geometry":{"type":"Polygon","coordinates":[[[107.39425799358405,-7.056268776073288],[107.39478908208658,-7.051550460177488],[107.39085326576918,-7.048987184941775],[107.38638626732472,-7.051142423958156],[107.3858552742725,-7.055860890925701],[107.38979118420538,-7.058423967813771],[107.39425799358405,-7.056268776073288]]]},"properties":{"h3":"888c146761fffff","incumbentScore":0,"method":"modeled_from_supply_density","realData":false}},{"type":"Feature","geometry":{"type":"Polygon","coordinates":[[[107.40563069040742,-6.992757653528157],[107.40616201774054,-6.988036414087523],[107.40222580747182,-6.985470700123827],[107.3977581760761,-6.987626423894849],[107.3972269441843,-6.99234781473331],[107.40116324823785,-6.994913330411556],[107.40563069040742,-6.992757653528157]]]},"properties":{"h3":"888c1460a3fffff","incumbentScore":0,"method":"modeled_from_supply_density","realData":false}},{"type":"Feature","geometry":{"type":"Polygon","coordinates":[[[107.39229288683266,-6.735402643564413],[107.39282450176442,-6.730668736876307],[107.38888454611191,-6.728092159844966],[107.38441288173217,-6.7302496873327],[107.38388136245649,-6.734983746124082],[107.3878214118954,-6.737560125333036],[107.39229288683266,-6.735402643564413]]]},"properties":{"h3":"888c10d1cbfffff","incumbentScore":0,"method":"modeled_from_supply_density","realData":false}},{"type":"Feature","geometry":{"type":"Polygon","coordinates":[[[107.2126912646645,-7.0545422790060455],[107.21322027190877,-7.0498210681282085],[107.20927790091108,-7.047254562435122],[107.20480643114043,-7.0494094653901795],[107.20427752011263,-7.054130825494041],[107.20821998262997,-7.0566971334255895],[107.2126912646645,-7.0545422790060455]]]},"properties":{"h3":"888c10916bfffff","incumbentScore":0,"method":"modeled_from_supply_density","realData":false}},{"type":"Feature","geometry":{"type":"Polygon","coordinates":[[[107.52540952784696,-6.791956131568867],[107.52594256691921,-6.787227047780972],[107.52200816686748,-6.7846550941805575],[107.51754063244923,-6.786812422719282],[107.5170076884339,-6.791541659788771],[107.52094218377083,-6.794113415046443],[107.52540952784696,-6.791956131568867]]]},"properties":{"h3":"888c16a6ddfffff","incumbentScore":0.001,"method":"modeled_from_supply_density","realData":false}},{"type":"Feature","geometry":{"type":"Polygon","coordinates":[[[107.50040838038011,-6.826383632432146],[107.50094107535648,-6.821655812929662],[107.49700619949567,-6.819084850998227],[107.49253853367266,-6.821241906898055],[107.49200593383827,-6.825969879313612],[107.4959409046758,-6.828540642924798],[107.50040838038011,-6.826383632432146]]]},"properties":{"h3":"888c1469c7fffff","incumbentScore":0.001,"method":"modeled_from_supply_density","realData":false}},{"type":"Feature","geometry":{"type":"Polygon","coordinates":[[[107.28587932342744,-6.929895007210908],[107.28640938522211,-6.925168843622294],[107.28246805654184,-6.92259845266799],[107.27799657361744,-6.924754423112574],[107.27746660780838,-6.9294807370822475],[107.28140802892905,-6.93205093023498],[107.28587932342744,-6.929895007210908]]]},"properties":{"h3":"888c146cd3fffff","incumbentScore":0,"method":"modeled_from_supply_density","realData":false}},{"type":"Feature","geometry":{"type":"Polygon","coordinates":[[[107.25563798642872,-6.935533918182227],[107.2561676908881,-6.930807561102402],[107.25222534766289,-6.9282368812198625],[107.24775320788211,-6.930392756139087],[107.24722359953225,-6.935119263271928],[107.25116603484463,-6.937689745441265],[107.25563798642872,-6.935533918182227]]]},"properties":{"h3":"888c109b35fffff","incumbentScore":0,"method":"modeled_from_supply_density","realData":false}},{"type":"Feature","geometry":{"type":"Polygon","coordinates":[[[107.55401176859739,-6.800497841130614],[107.55454511880072,-6.795769623543434],[107.55061187186848,-6.793198518090082],[107.54614517911531,-6.795355828680344],[107.54561192384215,-6.8000841998129005],[107.5495452663829,-6.802655106818319],[107.55401176859739,-6.800497841130614]]]},"properties":{"h3":"888c146921fffff","incumbentScore":0,"method":"modeled_from_supply_density","realData":false}},{"type":"Feature","geometry":{"type":"Polygon","coordinates":[[[107.30519916421856,-6.795321930733661],[107.30572967763598,-6.790589549199496],[107.30178733707551,-6.788013944987789],[107.29731439034451,-6.79017091996252],[107.29678397291433,-6.794903452512035],[107.30072640621881,-6.79747885908013],[107.30519916421856,-6.795321930733661]]]},"properties":{"h3":"888c10d73dfffff","incumbentScore":0,"method":"modeled_from_supply_density","realData":false}},{"type":"Feature","geometry":{"type":"Polygon","coordinates":[[[107.37475754750264,-6.891498267145466],[107.37528869467002,-6.886771622090888],[107.37135008313699,-6.884201179983502],[107.36688023093747,-6.886357580964485],[107.36634917940424,-6.891084377434753],[107.37028788442728,-6.893654621516968],[107.37475754750264,-6.891498267145466]]]},"properties":{"h3":"888c146c2dfffff","incumbentScore":0,"method":"modeled_from_supply_density","realData":false}},{"type":"Feature","geometry":{"type":"Polygon","coordinates":[[[107.43562381660684,-6.951491077886601],[107.43615555752743,-6.946768299333724],[107.43221991126401,-6.944201395549312],[107.42775242991576,-6.946357468642547],[107.42722078433499,-6.9510803990351935],[107.43115652475358,-6.95364710450343],[107.43562381660684,-6.951491077886601]]]},"properties":{"h3":"888c1461bdfffff","incumbentScore":0,"method":"modeled_from_supply_density","realData":false}},{"type":"Feature","geometry":{"type":"Polygon","coordinates":[[[107.40679128506358,-6.907328882160187],[107.40732277190327,-6.902603506224511],[107.40338552036813,-6.900034272907987],[107.39891668813439,-6.902190613689103],[107.39838529678369,-6.90691614131592],[107.40232264216863,-6.909485176479089],[107.40679128506358,-6.907328882160187]]]},"properties":{"h3":"888c146f39fffff","incumbentScore":0,"method":"modeled_from_supply_density","realData":false}},{"type":"Feature","geometry":{"type":"Polygon","coordinates":[[[107.32498604478687,-6.732046685846883],[107.32551689346646,-6.727311564713826],[107.32157446360786,-6.7247336982943375],[107.31710109204987,-6.726891150617154],[107.31657033931303,-6.731626423172805],[107.32051286218234,-6.734204091991669],[107.32498604478687,-6.732046685846883]]]},"properties":{"h3":"888c10c25dfffff","incumbentScore":0,"method":"modeled_from_supply_density","realData":false}},{"type":"Feature","geometry":{"type":"Polygon","coordinates":[[[107.47603453138578,-6.967706582660527],[107.47656670596126,-6.962985228409796],[107.47263273349373,-6.960419700869686],[107.4681664918315,-6.962575726059722],[107.46763441241474,-6.9672972325080345],[107.47156847949245,-6.969862561577312],[107.47603453138578,-6.967706582660527]]]},"properties":{"h3":"888c146117fffff","incumbentScore":0,"method":"modeled_from_supply_density","realData":false}},{"type":"Feature","geometry":{"type":"Polygon","coordinates":[[[107.29452133128409,-6.9659535548900235],[107.29505143082741,-6.961229279731669],[107.29111087043765,-6.9586605277171705],[107.28664011797665,-6.9608162487565455],[107.2861101143602,-6.965540674266797],[107.29005076726881,-6.9681092283944865],[107.29452133128409,-6.9659535548900235]]]},"properties":{"h3":"888c146e93fffff","incumbentScore":0,"method":"modeled_from_supply_density","realData":false}},{"type":"Feature","geometry":{"type":"Polygon","coordinates":[[[107.39773184099393,-6.799913851894767],[107.39826340790839,-6.795183137138238],[107.39432446666972,-6.792609310605442],[107.38985386469732,-6.794766396786098],[107.38932239337622,-6.79949726349229],[107.3932614284251,-6.802070892076755],[107.39773184099393,-6.799913851894767]]]},"properties":{"h3":"888c10d2e5fffff","incumbentScore":0,"method":"modeled_from_supply_density","realData":false}},{"type":"Feature","geometry":{"type":"Polygon","coordinates":[[[107.49922250256702,-6.911857569772754],[107.49975503742003,-6.907133868008414],[107.4958212012789,-6.9045664262624795],[107.49135473536484,-6.906722884745144],[107.49082229560649,-6.911446739128276],[107.49475622665848,-6.91401398241849],[107.49922250256702,-6.911857569772754]]]},"properties":{"h3":"888c146ae1fffff","incumbentScore":0.003,"method":"modeled_from_supply_density","realData":false}},{"type":"Feature","geometry":{"type":"Polygon","coordinates":[[[107.31179775483419,-7.0380218525252705],[107.31232792966803,-7.03330136178936],[107.30838890555388,-7.030735892518035],[107.30391961392138,-7.032891112046495],[107.30338953489704,-7.037611753074502],[107.30732865168667,-7.040177024290676],[107.31179775483419,-7.0380218525252705]]]},"properties":{"h3":"888c146423fffff","incumbentScore":0,"method":"modeled_from_supply_density","realData":false}},{"type":"Feature","geometry":{"type":"Polygon","coordinates":[[[107.3661276724674,-6.855420444607854],[107.36665878242724,-6.850691917045582],[107.36271940152778,-6.848119836043106],[107.35824881724731,-6.850276480550271],[107.35771780298033,-6.855005159557756],[107.36165727729187,-6.857577042621495],[107.3661276724674,-6.855420444607854]]]},"properties":{"h3":"888c146dedfffff","incumbentScore":0,"method":"modeled_from_supply_density","realData":false}},{"type":"Feature","geometry":{"type":"Polygon","coordinates":[[[107.516021333839,-6.912678710181749],[107.51655405877364,-6.907955313907514],[107.51262084540706,-6.905388198420961],[107.5081548119934,-6.907544677727699],[107.50762218208165,-6.912268226789062],[107.51155549055159,-6.914835143765099],[107.516021333839,-6.912678710181749]]]},"properties":{"h3":"888c146a3bfffff","incumbentScore":0.001,"method":"modeled_from_supply_density","realData":false}},{"type":"Feature","geometry":{"type":"Polygon","coordinates":[[[107.29837526771318,-6.780705194637815],[107.29890572765261,-6.775972001963549],[107.29496295612995,-6.773395679879523],[107.29048963198501,-6.775552748075618],[107.28995926807065,-6.780286091742247],[107.29390213226709,-6.782862216229085],[107.29837526771318,-6.780705194637815]]]},"properties":{"h3":"888c10d54bfffff","incumbentScore":0,"method":"modeled_from_supply_density","realData":false}},{"type":"Feature","geometry":{"type":"Polygon","coordinates":[[[107.62977739852411,-6.839862545299647],[107.63031154231663,-6.835137436041407],[107.62638157059251,-6.832569277682241],[107.62191735861373,-6.834726427343081],[107.62138330940495,-6.8394516907878495],[107.62531337758209,-6.842019650393705],[107.62977739852411,-6.839862545299647]]]},"properties":{"h3":"888c16b4cdfffff","incumbentScore":0.156,"method":"modeled_from_supply_density","realData":false}},{"type":"Feature","geometry":{"type":"Polygon","coordinates":[[[107.36364718614176,-6.726834015705936],[107.36417848739129,-6.722099248150373],[107.36023738698329,-6.71952182838029],[107.35576489185597,-6.721679373890315],[107.355233686389,-6.7264142932826765],[107.35917488025773,-6.7289915153368085],[107.36364718614176,-6.726834015705936]]]},"properties":{"h3":"888c10d199fffff","incumbentScore":0,"method":"modeled_from_supply_density","realData":false}},{"type":"Feature","geometry":{"type":"Polygon","coordinates":[[[107.40657449501838,-6.871676262061966],[107.40710604038928,-6.866949154510687],[107.40316832901466,-6.8643784430000405],[107.39869897839115,-6.866535037144153],[107.39816752853203,-6.871262296501289],[107.40210533377554,-6.873832809917048],[107.40657449501838,-6.871676262061966]]]},"properties":{"h3":"888c146d47fffff","incumbentScore":0,"method":"modeled_from_supply_density","realData":false}},{"type":"Feature","geometry":{"type":"Polygon","coordinates":[[[107.42127216500084,-7.078922271146647],[107.42180352360192,-7.07420548608904],[107.4178689730306,-7.071643625118814],[107.4134029699363,-7.073798747683498],[107.4128717066574,-7.078515684012134],[107.41680635114156,-7.081077346513694],[107.42127216500084,-7.078922271146647]]]},"properties":{"h3":"888c1462d7fffff","incumbentScore":0,"method":"modeled_from_supply_density","realData":false}},{"type":"Feature","geometry":{"type":"Polygon","coordinates":[[[107.6681596334421,-6.798975919833247],[107.66869428297758,-6.794249454726283],[107.66476520544866,-6.791680266757548],[107.66030138145724,-6.793837742711333],[107.6597668263668,-6.798564362531332],[107.66369600081357,-6.80113335169292],[107.6681596334421,-6.798975919833247]]]},"properties":{"h3":"888c16b427fffff","incumbentScore":0,"method":"modeled_from_supply_density","realData":false}},{"type":"Feature","geometry":{"type":"Polygon","coordinates":[[[107.4717960585411,-6.817842129534703],[107.47232844163521,-6.813113445403084],[107.468392415769,-6.81054163565732],[107.46392391214681,-6.812698708266625],[107.46339162432128,-6.817427545047143],[107.46732774484029,-6.819999156578016],[107.4717960585411,-6.817842129534703]]]},"properties":{"h3":"888c146995fffff","incumbentScore":0.156,"method":"modeled_from_supply_density","realData":false}},{"type":"Feature","geometry":{"type":"Polygon","coordinates":[[[107.70012052195771,-6.814796657207691],[107.70065550631227,-6.810071468896637],[107.69672780702653,-6.8075034944254895],[107.69226502610367,-6.809660907208063],[107.69173013604822,-6.814386250504137],[107.6956579326074,-6.816954026041007],[107.70012052195771,-6.814796657207691]]]},"properties":{"h3":"888c16b733fffff","incumbentScore":0,"method":"modeled_from_supply_density","realData":false}},{"type":"Feature","geometry":{"type":"Polygon","coordinates":[[[107.25746127443311,-6.957006705087239],[107.25799096325014,-6.9522814211072985],[107.25404895796329,-6.949711658961631],[107.24957717175485,-6.951867378557938],[107.2490475790264,-6.956592812539769],[107.25298967640879,-6.959162376932131],[107.25746127443311,-6.957006705087239]]]},"properties":{"h3":"888c109b03fffff","incumbentScore":0,"method":"modeled_from_supply_density","realData":false}},{"type":"Feature","geometry":{"type":"Polygon","coordinates":[[[107.30316080818,-7.001995843317642],[107.30369094540306,-6.997273459113068],[107.29975115320202,-6.994706347661944],[107.29528113117169,-6.996861818395439],[107.29475108981684,-7.001584352922263],[107.29869097461508,-7.004151266402048],[107.30316080818,-7.001995843317642]]]},"properties":{"h3":"888c1465e3fffff","incumbentScore":0,"method":"modeled_from_supply_density","realData":false}},{"type":"Feature","geometry":{"type":"Polygon","coordinates":[[[107.47485569176368,-7.053059493174014],[107.47538770649993,-7.048342283254989],[107.47145477335111,-7.045780284017227],[107.46698973091235,-7.047935693307176],[107.46645781128746,-7.052653055127593],[107.47039083898092,-7.055214855765291],[107.47485569176368,-7.053059493174014]]]},"properties":{"h3":"888c146231fffff","incumbentScore":0,"method":"modeled_from_supply_density","realData":false}},{"type":"Feature","geometry":{"type":"Polygon","coordinates":[[[107.58741001279324,-6.766481294847173],[107.58794380142086,-6.761751971766641],[107.5840113463816,-6.759180036422526],[107.57954500669283,-6.761337622664529],[107.57901131287407,-6.766067099743386],[107.58294386392616,-6.7686388365903625],[107.58741001279324,-6.766481294847173]]]},"properties":{"h3":"888c16a605fffff","incumbentScore":0.001,"method":"modeled_from_supply_density","realData":false}},{"type":"Feature","geometry":{"type":"Polygon","coordinates":[[[107.23269261426528,-7.027035839935026],[107.233221898681,-7.022313590749138],[107.22927989438143,-7.019746293954876],[107.22480851388971,-7.021901444138763],[107.22427932562339,-7.026623842844922],[107.22822142169039,-7.02919094185569],[107.23269261426528,-7.027035839935026]]]},"properties":{"h3":"888c109a5dfffff","incumbentScore":0,"method":"modeled_from_supply_density","realData":false}},{"type":"Feature","geometry":{"type":"Polygon","coordinates":[[[107.42955444592411,-6.780083007997851],[107.43008641094502,-6.775351837166186],[107.4261483719533,-6.772777740339929],[107.42167827374234,-6.774935012370952],[107.42114640419223,-6.779666335542825],[107.42508453737315,-6.782240234352032],[107.42955444592411,-6.780083007997851]]]},"properties":{"h3":"888c10d04dfffff","incumbentScore":0,"method":"modeled_from_supply_density","realData":false}},{"type":"Feature","geometry":{"type":"Polygon","coordinates":[[[107.3417939611803,-6.996762735030461],[107.3423245505995,-6.992040695185509],[107.33838608383655,-6.9894740374705995],[107.33391693459896,-6.991629617696531],[107.33338644088825,-6.9963518082752785],[107.33732500069762,-6.998918267902978],[107.3417939611803,-6.996762735030461]]]},"properties":{"h3":"888c14653dfffff","incumbentScore":0,"method":"modeled_from_supply_density","realData":false}},{"type":"Feature","geometry":{"type":"Polygon","coordinates":[[[107.43743226261614,-6.972945773996675],[107.4379639874478,-6.968224067749618],[107.43402867884008,-6.965658085333384],[107.42956155122863,-6.967814007528747],[107.42902992171594,-6.972535865563076],[107.43296532448666,-6.97510164962338],[107.43743226261614,-6.972945773996675]]]},"properties":{"h3":"888c14618bfffff","incumbentScore":0,"method":"modeled_from_supply_density","realData":false}},{"type":"Feature","geometry":{"type":"Polygon","coordinates":[[[107.46158440225722,-6.795938348584896],[107.4621167062523,-6.791208446641266],[107.45818003151368,-6.788635555777773],[107.45371095822232,-6.790792765012381],[107.45317874955252,-6.795522819572271],[107.45711551883973,-6.798095512289848],[107.46158440225722,-6.795938348584896]]]},"properties":{"h3":"888c10d359fffff","incumbentScore":0,"method":"modeled_from_supply_density","realData":false}},{"type":"Feature","geometry":{"type":"Polygon","coordinates":[[[107.4151967493309,-6.9077414493285545],[107.41572833162373,-6.903016225168472],[107.41179138988765,-6.900447154521697],[107.40732277190327,-6.902603506224511],[107.40679128506358,-6.907328882160187],[107.41072832074609,-6.9098977546260665],[107.4151967493309,-6.9077414493285545]]]},"properties":{"h3":"888c146f07fffff","incumbentScore":0,"method":"modeled_from_supply_density","realData":false}},{"type":"Feature","geometry":{"type":"Polygon","coordinates":[[[107.34726730571873,-6.797411744635964],[107.34779829853558,-6.792680119454059],[107.34385750103446,-6.790105322665586],[107.33938561747826,-6.792262348849975],[107.3388547204697,-6.796994125472313],[107.34279561119996,-6.799568724478466],[107.34726730571873,-6.797411744635964]]]},"properties":{"h3":"888c10d2b3fffff","incumbentScore":0,"method":"modeled_from_supply_density","realData":false}},{"type":"Feature","geometry":{"type":"Polygon","coordinates":[[[107.43424221106065,-7.001271357210049],[107.4347738509134,-6.9965509810027],[107.4308387857413,-6.993986118793106],[107.4263719865983,-6.99614183118971],[107.4258404420606,-7.00086235905803],[107.42977560134179,-7.003427022877398],[107.43424221106065,-7.001271357210049]]]},"properties":{"h3":"888c1460e5fffff","incumbentScore":0,"method":"modeled_from_supply_density","realData":false}},{"type":"Feature","geometry":{"type":"Polygon","coordinates":[[[107.40541382503618,-6.957137488077146],[107.40594521086517,-6.95241451058597],[107.40200854100081,-6.949847315929601],[107.3975403914946,-6.952003297001628],[107.39700910112974,-6.956726426005994],[107.40094586479795,-6.959293422433786],[107.40541382503618,-6.957137488077146]]]},"properties":{"h3":"888c146e61fffff","incumbentScore":0,"method":"modeled_from_supply_density","realData":false}},{"type":"Feature","geometry":{"type":"Polygon","coordinates":[[[107.43817516432732,-6.816182759531516],[107.43870716613176,-6.811453465311641],[107.43476989743178,-6.808881006722002],[107.43030053265164,-6.811038040465598],[107.42976862625932,-6.815767486996076],[107.43370598922594,-6.81833974748094],[107.43817516432732,-6.816182759531516]]]},"properties":{"h3":"888c10d20dfffff","incumbentScore":0,"method":"modeled_from_supply_density","realData":false}},{"type":"Feature","geometry":{"type":"Polygon","coordinates":[[[107.22380338647247,-6.95535008629887],[107.22433269072127,-6.950624202820295],[107.22038945796552,-6.948053791611359],[107.21591682924506,-6.950209461531874],[107.21538762122745,-6.954935494672966],[107.21933094569009,-6.957505708239778],[107.22380338647247,-6.95535008629887]]]},"properties":{"h3":"888c10986bfffff","incumbentScore":0,"method":"modeled_from_supply_density","realData":false}},{"type":"Feature","geometry":{"type":"Polygon","coordinates":[[[107.57940488653085,-6.837394835442412],[107.57993846228108,-6.832668802325517],[107.57600661176956,-6.830099665798234],[107.5715410896215,-6.832256760985935],[107.57100760867093,-6.836982947784964],[107.57493955505964,-6.83955188572265],[107.57940488653085,-6.837394835442412]]]},"properties":{"h3":"888c16b49bfffff","incumbentScore":0,"method":"modeled_from_supply_density","realData":false}},{"type":"Feature","geometry":{"type":"Polygon","coordinates":[[[107.37794464302247,-6.863135085014719],[107.37847587519941,-6.8584071155896735],[107.37453701928862,-6.85583555684862],[107.370066837648,-6.857992165530493],[107.36953570110921,-6.862720286496535],[107.37347465056385,-6.8652916472483385],[107.37794464302247,-6.863135085014719]]]},"properties":{"h3":"888c146d15fffff","incumbentScore":0,"method":"modeled_from_supply_density","realData":false}},{"type":"Feature","geometry":{"type":"Polygon","coordinates":[[[107.4428559613214,-7.037278566141127],[107.4433876378727,-7.032560082409069],[107.43945334193644,-7.029996866750753],[107.43498727525348,-7.032152333306818],[107.43445569395868,-7.0368709686678566],[107.43839008408129,-7.039433985852473],[107.4428559613214,-7.037278566141127]]]},"properties":{"h3":"888c1462a5fffff","incumbentScore":0,"method":"modeled_from_supply_density","realData":false}},{"type":"Feature","geometry":{"type":"Polygon","coordinates":[[[107.56081083333471,-6.815094186080936],[107.5613442358635,-6.810366780501165],[107.55741142241878,-6.807796397191952],[107.5529451107586,-6.80995361796474],[107.55241180312213,-6.814681177111015],[107.55634471224445,-6.817251361926482],[107.56081083333471,-6.815094186080936]]]},"properties":{"h3":"888c146963fffff","incumbentScore":0,"method":"modeled_from_supply_density","realData":false}},{"type":"Feature","geometry":{"type":"Polygon","coordinates":[[[107.72368275116706,-6.830199701455371],[107.72421797560077,-6.825475635967729],[107.72029134113248,-6.822908713001095],[107.71582938468842,-6.825066054564445],[107.71529425444386,-6.829790275224675],[107.71922098644511,-6.832356999157346],[107.72368275116706,-6.830199701455371]]]},"properties":{"h3":"888c16b701fffff","incumbentScore":0,"method":"modeled_from_supply_density","realData":false}},{"type":"Feature","geometry":{"type":"Polygon","coordinates":[[[107.3622754301613,-6.776744829206855],[107.36280663041175,-6.772012442028367],[107.35886611296957,-6.769437051865672],[107.35439430185295,-6.771594246686012],[107.35386319736008,-6.776326785525877],[107.35780380821716,-6.778901977892647],[107.3622754301613,-6.776744829206855]]]},"properties":{"h3":"888c10d0c1fffff","incumbentScore":0,"method":"modeled_from_supply_density","realData":false}},{"type":"Feature","geometry":{"type":"Polygon","coordinates":[[[107.27451922938548,-6.993470410808127],[107.27504905213667,-6.988747167458756],[107.27110812204285,-6.986179206960185],[107.26663727691759,-6.988334687685544],[107.26610755016057,-6.993058081092426],[107.27004857252561,-6.995625843725164],[107.27451922938548,-6.993470410808127]]]},"properties":{"h3":"888c1465b1fffff","incumbentScore":0,"method":"modeled_from_supply_density","realData":false}},{"type":"Feature","geometry":{"type":"Polygon","coordinates":[[[107.44679335156108,-6.85226632471709],[107.44732539008038,-6.847538909659695],[107.4433888915678,-6.844968090942414],[107.43892026018277,-6.847124885482845],[107.43838831701687,-6.851852452820715],[107.44232490987349,-6.854423073346247],[107.44679335156108,-6.85226632471709]]]},"properties":{"h3":"888c1468bdfffff","incumbentScore":0.001,"method":"modeled_from_supply_density","realData":false}},{"type":"Feature","geometry":{"type":"Polygon","coordinates":[[[107.23245565188876,-6.991407008296249],[107.23298499431245,-6.986683015506155],[107.22904252916737,-6.9841142420747895],[107.22457062980376,-6.9862696591693245],[107.22404138355255,-6.990993801593403],[107.22798394048338,-6.993562377297713],[107.23245565188876,-6.991407008296249]]]},"properties":{"h3":"888c109a2bfffff","incumbentScore":0,"method":"modeled_from_supply_density","realData":false}},{"type":"Feature","geometry":{"type":"Polygon","coordinates":[[[107.37909832709151,-6.777580402327652],[107.3796297187497,-6.772848318726704],[107.3756898200871,-6.770273251653351],[107.37121843614862,-6.772430466040851],[107.37068714017639,-6.777162701473039],[107.37462713244761,-6.779737570695098],[107.37909832709151,-6.777580402327652]]]},"properties":{"h3":"888c10d01bfffff","incumbentScore":0,"method":"modeled_from_supply_density","realData":false}},{"type":"Feature","geometry":{"type":"Polygon","coordinates":[[[107.34360983335185,-7.018214223853994],[107.34414040692012,-7.013493259103836],[107.34020227784616,-7.010927521896957],[107.3357334821404,-7.013082947575463],[107.33520300425974,-7.017804063007352],[107.3391412263882,-7.02036960208769],[107.34360983335185,-7.018214223853994]]]},"properties":{"h3":"888c14650bfffff","incumbentScore":0,"method":"modeled_from_supply_density","realData":false}},{"type":"Feature","geometry":{"type":"Polygon","coordinates":[[[107.46797298637661,-6.739165042070908],[107.4685054605983,-6.734432508132813],[107.4645682990499,-6.731857384796748],[107.46009856861407,-6.734014993478209],[107.45956618972545,-6.738747680283364],[107.46350344593053,-6.741322605548543],[107.46797298637661,-6.739165042070908]]]},"properties":{"h3":"888c10d327fffff","incumbentScore":0,"method":"modeled_from_supply_density","realData":false}},{"type":"Feature","geometry":{"type":"Polygon","coordinates":[[[107.48721317346971,-6.868511730472119],[107.48774564568161,-6.863785738775305],[107.48381082288645,-6.861216292066703],[107.47934343307105,-6.86337303541077],[107.47881105603132,-6.868099179747224],[107.48274597362571,-6.870668428108534],[107.48721317346971,-6.868511730472119]]]},"properties":{"h3":"888c146817fffff","incumbentScore":0,"method":"modeled_from_supply_density","realData":false}},{"type":"Feature","geometry":{"type":"Polygon","coordinates":[[[107.32316087056013,-6.974482466445079],[107.32369128433338,-6.969759050951612],[107.31975186313981,-6.967191147562464],[107.31528193531929,-6.969346857667832],[107.31475161734689,-6.9740704237779925],[107.31869113138511,-6.976638129174781],[107.32316087056013,-6.974482466445079]]]},"properties":{"h3":"888c146ed5fffff","incumbentScore":0,"method":"modeled_from_supply_density","realData":false}},{"type":"Feature","geometry":{"type":"Polygon","coordinates":[[[107.56940725094182,-6.85116018945494],[107.56994068933156,-6.846434662069663],[107.56600864712723,-6.843865922717013],[107.56154307077004,-6.846022909338567],[107.56100972721406,-6.8507485902585215],[107.56494186517239,-6.8533171310307415],[107.56940725094182,-6.85116018945494]]]},"properties":{"h3":"888c146b23fffff","incumbentScore":0.001,"method":"modeled_from_supply_density","realData":false}},{"type":"Feature","geometry":{"type":"Polygon","coordinates":[[[107.34042668912643,-7.046535342503607],[107.3409571777873,-7.0418157122445475],[107.33701929329058,-7.039251094154316],[107.33255082712311,-7.041406304492034],[107.3320204341458,-7.046126085307007],[107.33595841164335,-7.048690505237038],[107.34042668912643,-7.046535342503607]]]},"properties":{"h3":"888c146465fffff","incumbentScore":0,"method":"modeled_from_supply_density","realData":false}},{"type":"Feature","geometry":{"type":"Polygon","coordinates":[[[107.37090817225285,-6.812855762447004],[107.37143940975653,-6.808125252113799],[107.3674996620366,-6.805551497780956],[107.363028583311,-6.807708451673817],[107.36249744150616,-6.81243911363974],[107.366437282719,-6.815012670088712],[107.37090817225285,-6.812855762447004]]]},"properties":{"h3":"888c10d281fffff","incumbentScore":0,"method":"modeled_from_supply_density","realData":false}},{"type":"Feature","geometry":{"type":"Polygon","coordinates":[[[107.38382373718439,-6.99881473863999],[107.3843548046099,-6.994093453729759],[107.3804178819461,-6.991527611555862],[107.37594979831779,-6.993683252526003],[107.37541882642203,-6.99840468859186],[107.37935584261578,-7.000970332540615],[107.38382373718439,-6.99881473863999]]]},"properties":{"h3":"888c1460b3fffff","incumbentScore":0,"method":"modeled_from_supply_density","realData":false}},{"type":"Feature","geometry":{"type":"Polygon","coordinates":[[[107.47464691632771,-7.017471237850985],[107.4751789897259,-7.0127522865838925],[107.47124559770744,-7.01018880287166],[107.46678003771778,-7.012344468979506],[107.46624805945363,-7.017063572264585],[107.47018154603605,-7.019626857432421],[107.47464691632771,-7.017471237850985]]]},"properties":{"h3":"888c14600dfffff","incumbentScore":0,"method":"modeled_from_supply_density","realData":false}},{"type":"Feature","geometry":{"type":"Polygon","coordinates":[[[107.3704660569867,-6.741456098992934],[107.37099741144031,-6.736722141166662],[107.367056742809,-6.734145439308883],[107.36258462618432,-6.736302893048662],[107.36205336747543,-6.74103700273455],[107.36599412963744,-6.743613506829656],[107.3704660569867,-6.741456098992934]]]},"properties":{"h3":"888c10d1dbfffff","incumbentScore":0,"method":"modeled_from_supply_density","realData":false}},{"type":"Feature","geometry":{"type":"Polygon","coordinates":[[[107.69012555107217,-6.828560965251678],[107.69066039853296,-6.823836279576195],[107.68673250476175,-6.821268702969217],[107.68226966637006,-6.823426010971582],[107.68173491324266,-6.828150851484553],[107.68566290416445,-6.8307182291660675],[107.69012555107217,-6.828560965251678]]]},"properties":{"h3":"888c16b469fffff","incumbentScore":0,"method":"modeled_from_supply_density","realData":false}},{"type":"Feature","geometry":{"type":"Polygon","coordinates":[[[107.47860261612738,-6.832440817003277],[107.47913505190984,-6.827712945260946],[107.47519945865993,-6.825141856714533],[107.47073133489629,-6.8272988381797335],[107.4701989943446,-6.83202686259257],[107.47413468231672,-6.834597752878251],[107.47860261612738,-6.832440817003277]]]},"properties":{"h3":"888c1469d7fffff","incumbentScore":0.311,"method":"modeled_from_supply_density","realData":false}},{"type":"Feature","geometry":{"type":"Polygon","coordinates":[[[107.34905580463266,-7.082537332440802],[107.34958633063417,-7.077819598557683],[107.34564921433223,-7.075256625527998],[107.34118147894095,-7.0774115846331815],[107.34065104856438,-7.08212946904108],[107.34458825794508,-7.084692243827707],[107.34905580463266,-7.082537332440802]]]},"properties":{"h3":"888c146625fffff","incumbentScore":0,"method":"modeled_from_supply_density","realData":false}},{"type":"Feature","geometry":{"type":"Polygon","coordinates":[[[107.2861101143602,-6.965540674266797],[107.28664011797665,-6.9608162487565455],[107.2826992499094,-6.958247334185747],[107.27822828579477,-6.960403042993028],[107.2776983781409,-6.965127618770522],[107.28163933863003,-6.967696335482209],[107.2861101143602,-6.965540674266797]]]},"properties":{"h3":"888c109b45fffff","incumbentScore":0,"method":"modeled_from_supply_density","realData":false}},{"type":"Feature","geometry":{"type":"Polygon","coordinates":[[[107.5942066164625,-6.781081512060962],[107.59474045727715,-6.776353000085922],[107.59080843615284,-6.77378178679115],[107.58634247812299,-6.775939284023042],[107.58580873207937,-6.780667950017495],[107.58974084928546,-6.7832389647690885],[107.5942066164625,-6.781081512060962]]]},"properties":{"h3":"888c16a647fffff","incumbentScore":0,"method":"modeled_from_supply_density","realData":false}},{"type":"Feature","geometry":{"type":"Polygon","coordinates":[[[107.53221152128123,-6.806555906498672],[107.53274461281013,-6.801827634448893],[107.52881064598421,-6.799256402406083],[107.52434349226587,-6.801413640810251],[107.52381049575605,-6.8061420661629795],[107.52774455793639,-6.808713099817119],[107.53221152128123,-6.806555906498672]]]},"properties":{"h3":"888c146931fffff","incumbentScore":0.002,"method":"modeled_from_supply_density","realData":false}},{"type":"Feature","geometry":{"type":"Polygon","coordinates":[[[107.33566963601763,-6.825380162629031],[107.3362004480002,-6.820649706994907],[107.33225958659592,-6.818075863026224],[107.32778782012167,-6.820232672491856],[107.32725710397914,-6.8249632793567905],[107.33119805846178,-6.827536925533939],[107.33566963601763,-6.825380162629031]]]},"properties":{"h3":"888c10d74dfffff","incumbentScore":0,"method":"modeled_from_supply_density","realData":false}},{"type":"Feature","geometry":{"type":"Polygon","coordinates":[[[107.35293931210232,-6.897553338507438],[107.35347019887004,-6.892826646525048],[107.34953087585856,-6.890256077682025],[107.34506057283578,-6.892412398795063],[107.34452978179068,-6.897139241950237],[107.3484691980367,-6.899709612828243],[107.35293931210232,-6.897553338507438]]]},"properties":{"h3":"888c146c3dfffff","incumbentScore":0,"method":"modeled_from_supply_density","realData":false}},{"type":"Feature","geometry":{"type":"Polygon","coordinates":[[[107.46603825916642,-6.981460423250334],[107.46657029608268,-6.976739581153093],[107.4626361344564,-6.974174450549573],[107.4581698414179,-6.976330360512524],[107.45763789969429,-6.981051354659982],[107.46157215580747,-6.983616286802863],[107.46603825916642,-6.981460423250334]]]},"properties":{"h3":"888c1461cdfffff","incumbentScore":0,"method":"modeled_from_supply_density","realData":false}},{"type":"Feature","geometry":{"type":"Polygon","coordinates":[[[107.44860145932265,-6.873743494283306],[107.44913348171501,-6.869017147029167],[107.44519732105788,-6.866447247977286],[107.44072904364751,-6.86860389442074],[107.44019711658774,-6.873330393903266],[107.44413337159666,-6.875900094722534],[107.44860145932265,-6.873743494283306]]]},"properties":{"h3":"888c14688bfffff","incumbentScore":0.001,"method":"modeled_from_supply_density","realData":false}},{"type":"Feature","geometry":{"type":"Polygon","coordinates":[[[107.43721908186893,-6.9373220784211265],[107.43775086529082,-6.932598636161114],[107.43381509727989,-6.930031172709133],[107.42934745165584,-6.932187349824484],[107.42881576357571,-6.936910943987319],[107.4327516257688,-6.939478209140576],[107.43721908186893,-6.9373220784211265]]]},"properties":{"h3":"888c146f49fffff","incumbentScore":0,"method":"modeled_from_supply_density","realData":false}},{"type":"Feature","geometry":{"type":"Polygon","coordinates":[[[107.3534170611857,-6.70489516334661],[107.35394828256237,-6.700159181978462],[107.35000653454317,-6.697580686031833],[107.34553347178255,-6.699738369107563],[107.34500234624517,-6.7044745022780425],[107.34894418762006,-6.707052800579062],[107.3534170611857,-6.70489516334661]]]},"properties":{"h3":"888c10c26dfffff","incumbentScore":0,"method":"modeled_from_supply_density","realData":false}},{"type":"Feature","geometry":{"type":"Polygon","coordinates":[[[107.50442670028099,-6.940604884333508],[107.5049592451466,-6.935882660328506],[107.5010259629453,-6.933316502153709],[107.4965600409163,-6.935472766510788],[107.49602759110564,-6.940195143092239],[107.49996096826,-6.94276110274873],[107.50442670028099,-6.940604884333508]]]},"properties":{"h3":"888c146127fffff","incumbentScore":0,"method":"modeled_from_supply_density","realData":false}},{"type":"Feature","geometry":{"type":"Polygon","coordinates":[[[107.32293439814046,-6.938844880098611],[107.32346487019045,-6.934119726494948],[107.31952498869963,-6.9315503453675325],[107.31505454228638,-6.933706315787508],[107.3145241660602,-6.938431620122172],[107.31846414041436,-6.941000803314545],[107.32293439814046,-6.938844880098611]]]},"properties":{"h3":"888c146ea3fffff","incumbentScore":0,"method":"modeled_from_supply_density","realData":false}},{"type":"Feature","geometry":{"type":"Polygon","coordinates":[[[107.28998135430635,-7.0440771556528805],[107.29051126833028,-7.0393566233235925],[107.28657153622879,-7.036791025783843],[107.28210179767447,-7.038946158576487],[107.28157197954827,-7.043666840955405],[107.28551180406961,-7.046232240500771],[107.28998135430635,-7.0440771556528805]]]},"properties":{"h3":"888c146433fffff","incumbentScore":0,"method":"modeled_from_supply_density","realData":false}},{"type":"Feature","geometry":{"type":"Polygon","coordinates":[[[107.40744135470275,-7.014204997989096],[107.40797266602573,-7.009484832931371],[107.40403679336568,-7.006920040573229],[107.39956951558084,-7.009075611606195],[107.3990382996783,-7.013795928009236],[107.40297426613108,-7.016360522042631],[107.40744135470275,-7.014204997989096]]]},"properties":{"h3":"888c146081fffff","incumbentScore":0,"method":"modeled_from_supply_density","realData":false}},{"type":"Feature","geometry":{"type":"Polygon","coordinates":[[[107.60799034359638,-6.845922916155303],[107.60852422957696,-6.841197751096049],[107.60459353478112,-6.838629465220374],[107.60012885779595,-6.840786543106652],[107.59959506648819,-6.845511862110661],[107.60352585748369,-6.848079949292086],[107.60799034359638,-6.845922916155303]]]},"properties":{"h3":"888c16b4ddfffff","incumbentScore":0.001,"method":"modeled_from_supply_density","realData":false}},{"type":"Feature","geometry":{"type":"Polygon","coordinates":[[[107.39207428916083,-6.699683004755066],[107.3926059626489,-6.69494737922277],[107.38866554653339,-6.692369329601728],[107.38419336311532,-6.694527103282269],[107.3836617853062,-6.699262881031066],[107.38760229522713,-6.70184073289141],[107.39207428916083,-6.699683004755066]]]},"properties":{"h3":"888c10d1a9fffff","incumbentScore":0,"method":"modeled_from_supply_density","realData":false}},{"type":"Feature","geometry":{"type":"Polygon","coordinates":[[[107.38475916353433,-6.8777318403065495],[107.38529044880468,-6.873004684404188],[107.38135202443713,-6.870433846231868],[107.37688222117649,-6.8725903620054085],[107.37635103150647,-6.877317669470773],[107.38028954948769,-6.879888309608213],[107.38475916353433,-6.8777318403065495]]]},"properties":{"h3":"888c146d57fffff","incumbentScore":0,"method":"modeled_from_supply_density","realData":false}},{"type":"Feature","geometry":{"type":"Polygon","coordinates":[[[107.50339915993678,-6.762331650919859],[107.50393199885676,-6.757600791653753],[107.49999642074815,-6.755027233975928],[107.49552790866018,-6.757184733795737],[107.49499516490876,-6.761915746215762],[107.49893083806765,-6.764489105670585],[107.50339915993678,-6.762331650919859]]]},"properties":{"h3":"888c16a6bbfffff","incumbentScore":0,"method":"modeled_from_supply_density","realData":false}},{"type":"Feature","geometry":{"type":"Polygon","coordinates":[[[107.64637502157285,-6.805036571918806],[107.64690941363304,-6.800310048889068],[107.64297961114363,-6.797740733704983],[107.63851531992022,-6.7998981403074],[107.63798102239426,-6.804624817808411],[107.64191092154839,-6.80719393424416],[107.64637502157285,-6.805036571918806]]]},"properties":{"h3":"888c16b437fffff","incumbentScore":0.001,"method":"modeled_from_supply_density","realData":false}},{"type":"Feature","geometry":{"type":"Polygon","coordinates":[[[107.5002024243673,-6.790712201795735],[107.50073517816101,-6.785982658416416],[107.49679984296299,-6.783410217967907],[107.49233165896602,-6.78556751916763],[107.49179900033704,-6.790297215575143],[107.49573443053121,-6.792869457763267],[107.5002024243673,-6.790712201795735]]]},"properties":{"h3":"888c1469a5fffff","incumbentScore":0.001,"method":"modeled_from_supply_density","realData":false}},{"type":"Feature","geometry":{"type":"Polygon","coordinates":[[[107.43253257082843,-6.715984350069897],[107.43306467960802,-6.711250143354334],[107.4291259366776,-6.708673456778667],[107.42465499069613,-6.710831174845285],[107.42412297741407,-6.715565534139993],[107.42806181460686,-6.718142022797493],[107.43253257082843,-6.715984350069897]]]},"properties":{"h3":"888c10d103fffff","incumbentScore":0,"method":"modeled_from_supply_density","realData":false}},{"type":"Feature","geometry":{"type":"Polygon","coordinates":[[[107.23563191862739,-6.963059718052754],[107.23616134593301,-6.958334392210031],[107.23221863473087,-6.955764503149439],[107.22774640437478,-6.957920137632846],[107.22721707324584,-6.962645613234235],[107.23115987628728,-6.965215304602289],[107.23563191862739,-6.963059718052754]]]},"properties":{"h3":"888c109b13fffff","incumbentScore":0,"method":"modeled_from_supply_density","realData":false}},{"type":"Feature","geometry":{"type":"Polygon","coordinates":[[[107.35475485102563,-6.91902735948185],[107.35528572190455,-6.914301738104286],[107.35134673678253,-6.911732088068143],[107.34687678752996,-6.913888257423666],[107.34634601235277,-6.9186140299223595],[107.3502850907174,-6.921183481953057],[107.35475485102563,-6.91902735948185]]]},"properties":{"h3":"888c146c0bfffff","incumbentScore":0,"method":"modeled_from_supply_density","realData":false}},{"type":"Feature","geometry":{"type":"Polygon","coordinates":[[[107.26110702451597,-6.999936636285259],[107.26163668204109,-6.995213501315148],[107.25769535248362,-6.9926455759875115],[107.2532242732797,-6.994800983471519],[107.2526947118012,-6.999524268340881],[107.25663613347095,-7.002091995835721],[107.26110702451597,-6.999936636285259]]]},"properties":{"h3":"888c109a6dfffff","incumbentScore":0,"method":"modeled_from_supply_density","realData":false}},{"type":"Feature","geometry":{"type":"Polygon","coordinates":[[[107.37223329232565,-7.026728641366695],[107.37276417928717,-7.022008538011961],[107.36882719172364,-7.019443652045123],[107.36435922381006,-7.021599067673223],[107.36382843241006,-7.026319321973305],[107.36776551335308,-7.028884009708619],[107.37223329232565,-7.026728641366695]]]},"properties":{"h3":"888c14654dfffff","incumbentScore":0,"method":"modeled_from_supply_density","realData":false}},{"type":"Feature","geometry":{"type":"Polygon","coordinates":[[[107.40773579452588,-6.786137920934346],[107.40826749953322,-6.781406698898008],[107.40432874610062,-6.778832476454973],[107.3998581937176,-6.780989674014224],[107.39932658426974,-6.785721048147557],[107.4032654316363,-6.78829507263322],[107.40773579452588,-6.786137920934346]]]},"properties":{"h3":"888c10d05dfffff","incumbentScore":0,"method":"modeled_from_supply_density","realData":false}},{"type":"Feature","geometry":{"type":"Polygon","coordinates":[[[107.50922011434542,-6.898096917651144],[107.50975278678666,-6.893372706735935],[107.50581914065216,-6.890804868064026],[107.5013527270332,-6.8929614387812705],[107.50082014965263,-6.897685802462692],[107.50475389082128,-6.9002534426692],[107.50922011434542,-6.898096917651144]]]},"properties":{"h3":"888c146859fffff","incumbentScore":0.156,"method":"modeled_from_supply_density","realData":false}},{"type":"Feature","geometry":{"type":"Polygon","coordinates":[[[107.48999395182277,-6.768803952141421],[107.49052662669473,-6.764073192024659],[107.48659064208293,-6.761499670531196],[107.48212188769796,-6.763657107354164],[107.48158930804745,-6.768388020466556],[107.48552538755133,-6.770961343768863],[107.48999395182277,-6.768803952141421]]]},"properties":{"h3":"888c10d369fffff","incumbentScore":0,"method":"modeled_from_supply_density","realData":false}},{"type":"Feature","geometry":{"type":"Polygon","coordinates":[[[107.39338511741019,-6.9137976965315096],[107.39391643975296,-6.909072424611912],[107.38997878480409,-6.906503226791602],[107.38550971381198,-6.90865949902037],[107.38497848701087,-6.91338492247296],[107.38891623565114,-6.9159539221724184],[107.39338511741019,-6.9137976965315096]]]},"properties":{"h3":"888c146f17fffff","incumbentScore":0,"method":"modeled_from_supply_density","realData":false}},{"type":"Feature","geometry":{"type":"Polygon","coordinates":[[[107.41562822364918,-6.979003387980399],[107.4161596888724,-6.974281634844099],[107.41222366635856,-6.971715524293977],[107.40775608470415,-6.973871365184574],[107.40722471488841,-6.97859326986601],[107.41116083131055,-6.981159182120331],[107.41562822364918,-6.979003387980399]]]},"properties":{"h3":"888c14619bfffff","incumbentScore":0,"method":"modeled_from_supply_density","realData":false}},{"type":"Feature","geometry":{"type":"Polygon","coordinates":[[[107.25792937643621,-7.028270774989648],[107.25845894908629,-7.023548974872451],[107.2545178651992,-7.02098216649575],[107.25004711659427,-7.023137356111744],[107.24951763998666,-7.02785930600312],[107.25345881593249,-7.030425916513068],[107.25792937643621,-7.028270774989648]]]},"properties":{"h3":"888c1464a7fffff","incumbentScore":0,"method":"modeled_from_supply_density","realData":false}},{"type":"Feature","geometry":{"type":"Polygon","coordinates":[[[107.37772446555397,-6.82746199433836],[107.3782557561998,-6.8227322961312655],[107.37431644009139,-6.8201592613643225],[107.36984573976531,-6.822316122743002],[107.36931454478052,-6.827045972605137],[107.37325395445168,-6.829618809442165],[107.37772446555397,-6.82746199433836]]]},"properties":{"h3":"888c10d2c3fffff","incumbentScore":0,"method":"modeled_from_supply_density","realData":false}},{"type":"Feature","geometry":{"type":"Polygon","coordinates":[[[107.31361584263028,-7.059465951107986],[107.31414600169214,-7.054746537537193],[107.31020731521818,-7.0521819890087905],[107.3057383769897,-7.054337052153935],[107.30520831371649,-7.059056615964763],[107.3091470928741,-7.061620966399121],[107.31361584263028,-7.059465951107986]]]},"properties":{"h3":"888c146401fffff","incumbentScore":0,"method":"modeled_from_supply_density","realData":false}},{"type":"Feature","geometry":{"type":"Polygon","coordinates":[[[107.34612219741852,-6.882958049529192],[107.34665303095709,-6.878230543518637],[107.34271327678046,-6.875659254242351],[107.33824259589156,-6.877815668904739],[107.33771185811338,-6.882543326065947],[107.34165170545464,-6.885114417422755],[107.34612219741852,-6.882958049529192]]]},"properties":{"h3":"888c146dcbfffff","incumbentScore":0,"method":"modeled_from_supply_density","realData":false}},{"type":"Feature","geometry":{"type":"Polygon","coordinates":[[[107.38085732713849,-7.062734278623743],[107.38138825122404,-7.058016070007068],[107.37745203223186,-7.055452829444745],[107.37298479568784,-7.057607995822452],[107.37245396710523,-7.062326355353102],[107.37639027955463,-7.0648893976007505],[107.38085732713849,-7.062734278623743]]]},"properties":{"h3":"888c14670dfffff","incumbentScore":0,"method":"modeled_from_supply_density","realData":false}},{"type":"Feature","geometry":{"type":"Polygon","coordinates":[[[107.41636021631285,-6.82223835540757],[107.41689195825434,-6.81750901057675],[107.41295397489422,-6.8149364258575265],[107.40848415557197,-6.817093384022731],[107.40795250913126,-6.821822880921174],[107.41189058650296,-6.824395267595378],[107.41636021631285,-6.82223835540757]]]},"properties":{"h3":"888c10d21dfffff","incumbentScore":0,"method":"modeled_from_supply_density","realData":false}},{"type":"Feature","geometry":{"type":"Polygon","coordinates":[[[107.51782341119196,-6.934136094378265],[107.51835611983408,-6.929413768010536],[107.51442324409028,-6.926847574623796],[107.50995756458437,-6.92900390616394],[107.50942495094432,-6.93372638526589],[107.51335792179903,-6.936292380102016],[107.51782341119196,-6.934136094378265]]]},"properties":{"h3":"888c146a19fffff","incumbentScore":0,"method":"modeled_from_supply_density","realData":false}},{"type":"Feature","geometry":{"type":"Polygon","coordinates":[[[107.29814576782817,-6.744990794230186],[107.29867628604887,-6.740255877648487],[107.29473305346062,-6.737678084379147],[107.29025920995021,-6.739835405236385],[107.28972878777759,-6.744570472922984],[107.29367211305828,-6.7471480686561005],[107.29814576782817,-6.744990794230186]]]},"properties":{"h3":"888c10d529fffff","incumbentScore":0,"method":"modeled_from_supply_density","realData":false}},{"type":"Feature","geometry":{"type":"Polygon","coordinates":[[[107.60779690724563,-6.810272742534987],[107.60833085232814,-6.805545854004766],[107.60439969911383,-6.8029760858932145],[107.59993450458838,-6.805133404955222],[107.59940065420128,-6.809860447546661],[107.60333190363511,-6.812430017023338],[107.60779690724563,-6.810272742534987]]]},"properties":{"h3":"888c16b4abfffff","incumbentScore":0.377,"method":"modeled_from_supply_density","realData":false}},{"type":"Feature","geometry":{"type":"Polygon","coordinates":[[[107.3558682595498,-7.097096431166129],[107.35639883869895,-7.092379516760713],[107.35246215303793,-7.089817267716732],[107.34799479507015,-7.091972131373894],[107.34746431150825,-7.096689196325152],[107.35140109031781,-7.099251247082096],[107.3558682595498,-7.097096431166129]]]},"properties":{"h3":"888c146667fffff","incumbentScore":0,"method":"modeled_from_supply_density","realData":false}},{"type":"Feature","geometry":{"type":"Polygon","coordinates":[[[107.4063576548615,-6.836010050885316],[107.4068892587765,-6.831281214402751],[107.40295108745507,-6.828709025768955],[107.39848121832163,-6.83086587166207],[107.39794970994126,-6.8355948600649175],[107.4018879751506,-6.838166850662976],[107.4063576548615,-6.836010050885316]]]},"properties":{"h3":"888c146d25fffff","incumbentScore":0,"method":"modeled_from_supply_density","realData":false}},{"type":"Feature","geometry":{"type":"Polygon","coordinates":[[[107.42105717840234,-7.043337119846779],[107.42158859550953,-7.038618590578757],[107.41765358572114,-7.036055245933753],[107.41318706488462,-7.038210628978823],[107.41265574312239,-7.042929309634067],[107.41659084684267,-7.04549245586565],[107.42105717840234,-7.043337119846779]]]},"properties":{"h3":"888c1462b5fffff","incumbentScore":0,"method":"modeled_from_supply_density","realData":false}},{"type":"Feature","geometry":{"type":"Polygon","coordinates":[[[107.6699498770614,-6.8204476673651895],[107.67048450991575,-6.81572226580678],[107.66655577002376,-6.813154000536746],[107.66209230034339,-6.815311335681905],[107.66155776191339,-6.82003689189994],[107.6654865987303,-6.822604958321602],[107.6699498770614,-6.8204476673651895]]]},"properties":{"h3":"888c16b405fffff","incumbentScore":0.001,"method":"modeled_from_supply_density","realData":false}},{"type":"Feature","geometry":{"type":"Polygon","coordinates":[[[107.5270086876294,-6.7777682221227336],[107.52754176926832,-6.773038480353236],[107.52360724792621,-6.770465967785949],[107.51913954962382,-6.772623395320797],[107.51860656304369,-6.777353290434875],[107.5225411796981,-6.779925604678035],[107.5270086876294,-6.7777682221227336]]]},"properties":{"h3":"888c16a689fffff","incumbentScore":0.155,"method":"modeled_from_supply_density","realData":false}},{"type":"Feature","geometry":{"type":"Polygon","coordinates":[[[107.70190804822582,-6.836262082343805],[107.70244301582196,-6.831537958013712],[107.69851565408796,-6.828970907127593],[107.69405322746822,-6.831128179555267],[107.69351835415048,-6.835852458816679],[107.69744581316493,-6.8384193107274935],[107.70190804822582,-6.836262082343805]]]},"properties":{"h3":"888c16b711fffff","incumbentScore":0,"method":"modeled_from_supply_density","realData":false}},{"type":"Feature","geometry":{"type":"Polygon","coordinates":[[[107.19379403850633,-6.996632777873179],[107.19432292666018,-6.991908446081355],[107.19037914459327,-6.989339220646437],[107.18590638302868,-6.991494524622565],[107.1853775912066,-6.996219005635521],[107.18932146460834,-6.998788033459997],[107.19379403850633,-6.996632777873179]]]},"properties":{"h3":"888c109ae1fffff","incumbentScore":0,"method":"modeled_from_supply_density","realData":false}},{"type":"Feature","geometry":{"type":"Polygon","coordinates":[[[107.34044745401387,-6.782798135690717],[107.34097839354187,-6.778065699254686],[107.33703716465529,-6.775490183906725],[107.33256490307255,-6.77764730273941],[107.33203405939068,-6.7823798905931865],[107.33597538143634,-6.784955208205163],[107.34044745401387,-6.782798135690717]]]},"properties":{"h3":"888c10d0d1fffff","incumbentScore":0,"method":"modeled_from_supply_density","realData":false}},{"type":"Feature","geometry":{"type":"Polygon","coordinates":[[[107.30497981441363,-7.023449162362876],[107.3055099358825,-7.018727853806438],[107.30157048141174,-7.0161616622509495],[107.29710081285765,-7.018316977271249],[107.29657078723604,-7.023038436098114],[107.30051033431222,-7.025604429642958],[107.30497981441363,-7.023449162362876]]]},"properties":{"h3":"888c1465c1fffff","incumbentScore":0,"method":"modeled_from_supply_density","realData":false}},{"type":"Feature","geometry":{"type":"Polygon","coordinates":[[[107.47721400997376,-6.882276290445732],[107.47774634448312,-6.877550807314817],[107.47381133215116,-6.874981757296066],[107.4693438906249,-6.877138388754595],[107.46881165132163,-6.8818640243777764],[107.47274675832945,-6.884432876058713],[107.47721400997376,-6.882276290445732]]]},"properties":{"h3":"888c1468cdfffff","incumbentScore":0,"method":"modeled_from_supply_density","realData":false}},{"type":"Feature","geometry":{"type":"Polygon","coordinates":[[[107.21062538563308,-6.997459795700452],[107.21115446634359,-6.992735762605432],[107.20721129656478,-6.990166861954943],[107.20273895453705,-6.992322192074344],[107.20220997008705,-6.997046374560178],[107.20615323139525,-6.999615077544564],[107.21062538563308,-6.997459795700452]]]},"properties":{"h3":"888c109a3bfffff","incumbentScore":0,"method":"modeled_from_supply_density","realData":false}},{"type":"Feature","geometry":{"type":"Polygon","coordinates":[[[107.40751902981263,-6.7504394177978035],[107.4080507933995,-6.745706473325743],[107.40411157977593,-6.743130776298145],[107.39964050860338,-6.745288221647846],[107.39910884059887,-6.750021318330683],[107.40304814817546,-6.752596817461633],[107.40751902981263,-6.7504394177978035]]]},"properties":{"h3":"888c10d02bfffff","incumbentScore":0,"method":"modeled_from_supply_density","realData":false}},{"type":"Feature","geometry":{"type":"Polygon","coordinates":[[[107.3217963090255,-7.024270087272206],[107.32232662208185,-7.019549079509971],[107.31838778350415,-7.0169832141121455],[107.31391853906192,-7.0191385545511915],[107.31338832178142,-7.023859712752735],[107.31732725315827,-7.026425380084622],[107.3217963090255,-7.024270087272206]]]},"properties":{"h3":"888c14651bfffff","incumbentScore":0,"method":"modeled_from_supply_density","realData":false}},{"type":"Feature","geometry":{"type":"Polygon","coordinates":[[[107.39447608662202,-7.091852358886796],[107.39500711669653,-7.087135788630372],[107.39107175976906,-7.08457399666814],[107.38660527916154,-7.086728973373682],[107.3860743445145,-7.091445694585844],[107.3900097950385,-7.094007288145397],[107.39447608662202,-7.091852358886796]]]},"properties":{"h3":"888c1475a3fffff","incumbentScore":0,"method":"modeled_from_supply_density","realData":false}},{"type":"Feature","geometry":{"type":"Polygon","coordinates":[[[107.5156131194554,-6.841391843500072],[107.51614596205717,-6.836664989675463],[107.51221183066839,-6.834094912166581],[107.5077447615264,-6.836251886884221],[107.50721201399287,-6.840978893727603],[107.51114624052398,-6.843548772843096],[107.5156131194554,-6.841391843500072]]]},"properties":{"h3":"888c146827fffff","incumbentScore":0.156,"method":"modeled_from_supply_density","realData":false}},{"type":"Feature","geometry":{"type":"Polygon","coordinates":[[[107.44615668042398,-6.745220280776133],[107.44668889496602,-6.740487693509059],[107.44275101707254,-6.7379124448596475],[107.4382808302262,-6.740069981497273],[107.43774871110602,-6.744802721388172],[107.4416866834012,-6.747377772026162],[107.44615668042398,-6.745220280776133]]]},"properties":{"h3":"888c10d337fffff","incumbentScore":0,"method":"modeled_from_supply_density","realData":false}},{"type":"Feature","geometry":{"type":"Polygon","coordinates":[[[107.35156992314612,-6.947376439840751],[107.35210070905772,-6.942652146686094],[107.34816196852526,-6.940083613950522],[107.34369234888331,-6.942239572418844],[107.34316165866937,-6.946964016569228],[107.34710049239068,-6.949532351264241],[107.35156992314612,-6.947376439840751]]]},"properties":{"h3":"888c146ee5fffff","incumbentScore":0,"method":"modeled_from_supply_density","realData":false}},{"type":"Feature","geometry":{"type":"Polygon","coordinates":[[[107.66137053423327,-6.78438384600107],[107.66190513191981,-6.7796565692115305],[107.65797561979363,-6.777086657756305],[107.65351141312256,-6.779244221860392],[107.65297690991892,-6.78397165334247],[107.65690651889433,-6.786541366036329],[107.66137053423327,-6.78438384600107]]]},"properties":{"h3":"888c16b5c5fffff","incumbentScore":0,"method":"modeled_from_supply_density","realData":false}},{"type":"Feature","geometry":{"type":"Polygon","coordinates":[[[107.34908389475748,-6.818909738904837],[107.34961487168943,-6.814179179905886],[107.34567441230341,-6.811605299872242],[107.34120288273918,-6.813762176670071],[107.34067200159461,-6.818492887058376],[107.34461255421783,-6.821066569268131],[107.34908389475748,-6.818909738904837]]]},"properties":{"h3":"888c10d291fffff","incumbentScore":0,"method":"modeled_from_supply_density","realData":false}},{"type":"Feature","geometry":{"type":"Polygon","coordinates":[[[107.41424975087867,-7.0287726008597],[107.41478111511148,-7.024053253494903],[107.41084567387314,-7.021489184814729],[107.40637877453062,-7.023644661877138],[107.40584750568054,-7.028364160608258],[107.4097830407812,-7.030928030919285],[107.41424975087867,-7.0287726008597]]]},"properties":{"h3":"888c1460c3fffff","incumbentScore":0,"method":"modeled_from_supply_density","realData":false}},{"type":"Feature","geometry":{"type":"Polygon","coordinates":[[[107.485823432711,-6.918326740725038],[107.48635580364781,-6.913603141238699],[107.48242156151149,-6.911035734851144],[107.47795485367642,-6.913192126381905],[107.47742257788711,-6.917915878329152],[107.4813569147763,-6.920483086293287],[107.485823432711,-6.918326740725038]]]},"properties":{"h3":"888c146a8dfffff","incumbentScore":0.156,"method":"modeled_from_supply_density","realData":false}},{"type":"Feature","geometry":{"type":"Polygon","coordinates":[[[107.3988910465751,-6.714308064851462],[107.39942277314911,-6.709573248329015],[107.39548278917415,-6.706995916570468],[107.3910109847408,-6.709153599150547],[107.39047935380792,-6.713888567912274],[107.39441943165815,-6.716465701863218],[107.3988910465751,-6.714308064851462]]]},"properties":{"h3":"888c10d1ebfffff","incumbentScore":0,"method":"modeled_from_supply_density","realData":false}},{"type":"Feature","geometry":{"type":"Polygon","coordinates":[[[107.45285106156068,-7.02353032533373],[107.4533828758142,-7.018811327112791],[107.44944876843562,-7.016247714491177],[107.44498275248478,-7.018403298583404],[107.44445103345392,-7.023122448580649],[107.44838523514217,-7.0256858627179675],[107.45285106156068,-7.02353032533373]]]},"properties":{"h3":"888c14601dfffff","incumbentScore":0,"method":"modeled_from_supply_density","realData":false}},{"type":"Feature","geometry":{"type":"Polygon","coordinates":[[[107.22562916474199,-6.976820707408896],[107.22615845342993,-6.972095898172086],[107.22221555861115,-6.969526404491334],[107.2177432833801,-6.971681917738196],[107.2172140909024,-6.976406876586538],[107.22115707743649,-6.978976172585242],[107.22562916474199,-6.976820707408896]]]},"properties":{"h3":"888c109849fffff","incumbentScore":0,"method":"modeled_from_supply_density","realData":false}},{"type":"Feature","geometry":{"type":"Polygon","coordinates":[[[107.50700685885431,-6.805313870310752],[107.50753966521815,-6.800585138605246],[107.50360476299707,-6.798013419307952],[107.49913695933762,-6.80017063003107],[107.49860424810065,-6.804899514786324],[107.5025392453872,-6.8074710357772386],[107.50700685885431,-6.805313870310752]]]},"properties":{"h3":"888c1469e7fffff","incumbentScore":0.001,"method":"modeled_from_supply_density","realData":false}},{"type":"Feature","geometry":{"type":"Polygon","coordinates":[[[107.46116336895574,-6.7245489628426816],[107.46169579040975,-6.719815619113567],[107.4577581960922,-6.717239776404084],[107.4532880857244,-6.719397475456552],[107.45275575964129,-6.724130972030554],[107.45669344854598,-6.726706616715748],[107.46116336895574,-6.7245489628426816]]]},"properties":{"h3":"888c10d145fffff","incumbentScore":0,"method":"modeled_from_supply_density","realData":false}},{"type":"Feature","geometry":{"type":"Polygon","coordinates":[[[107.3272475339933,-7.088594089273602],[107.32777779964765,-7.083876313725619],[107.32383997389212,-7.081313211647347],[107.3193717896496,-7.083468083308107],[107.31884161970842,-7.088186009138848],[107.32277953828756,-7.090748913034781],[107.3272475339933,-7.088594089273602]]]},"properties":{"h3":"888c146635fffff","incumbentScore":0,"method":"modeled_from_supply_density","realData":false}},{"type":"Feature","geometry":{"type":"Polygon","coordinates":[[[107.26428518188888,-6.9715944929350275],[107.26481492430621,-6.966870024901373],[107.26087334907449,-6.96430098314265],[107.25640193925054,-6.966456607224744],[107.25587229288398,-6.971181225282624],[107.25981396028158,-6.973750069242928],[107.26428518188888,-6.9715944929350275]]]},"properties":{"h3":"888c109b55fffff","incumbentScore":0,"method":"modeled_from_supply_density","realData":false}},{"type":"Feature","geometry":{"type":"Polygon","coordinates":[[[107.42286628326605,-7.06477124814714],[107.42339768433001,-7.060053795361674],[107.4194630120183,-7.057491373565931],[107.41499684469386,-7.059646603016438],[107.41446553895405,-7.064364207136239],[107.41840030520547,-7.066926430479843],[107.42286628326605,-7.06477124814714]]]},"properties":{"h3":"888c146283fffff","incumbentScore":0,"method":"modeled_from_supply_density","realData":false}},{"type":"Feature","geometry":{"type":"Polygon","coordinates":[[[107.56260980044007,-6.836570887921192],[107.56314318655505,-6.831844547524173],[107.55921071087825,-6.829275085259855],[107.55474475339233,-6.8314321619359655],[107.5542114621489,-6.836158655846782],[107.55814403351073,-6.838727919576186],[107.56260980044007,-6.836570887921192]]]},"properties":{"h3":"888c146941fffff","incumbentScore":0.001,"method":"modeled_from_supply_density","realData":false}},{"type":"Feature","geometry":{"type":"Polygon","coordinates":[[[107.57241053064661,-6.7871402203220494],[107.57294411317717,-6.7824116522171005],[107.5690113702843,-6.779840312351441],[107.56454494902383,-6.781997739083328],[107.56401146135335,-6.786726460965404],[107.56794430007416,-6.789297602346934],[107.57241053064661,-6.7871402203220494]]]},"properties":{"h3":"888c16a657fffff","incumbentScore":0,"method":"modeled_from_supply_density","realData":false}},{"type":"Feature","geometry":{"type":"Polygon","coordinates":[[[107.38338489159837,-6.927559866045946],[107.38391607590455,-6.922835106035707],[107.37997823363469,-6.920266304452137],[107.37550911348181,-6.9224224609983445],[107.37497802475112,-6.927147372394266],[107.37891596058874,-6.929715975866935],[107.38338489159837,-6.927559866045946]]]},"properties":{"h3":"888c146c4dfffff","incumbentScore":0,"method":"modeled_from_supply_density","realData":false}},{"type":"Feature","geometry":{"type":"Polygon","coordinates":[[[107.44423870322458,-6.9875188413961515],[107.44477048084585,-6.982797951753524],[107.44083560407701,-6.9802326927479115],[107.43636885544535,-6.98238852179413],[107.43583717310527,-6.9871095632450375],[107.4397721441066,-6.98967462385007],[107.44423870322458,-6.9875188413961515]]]},"properties":{"h3":"888c1461ddfffff","incumbentScore":0,"method":"modeled_from_supply_density","realData":false}},{"type":"Feature","geometry":{"type":"Polygon","coordinates":[[[107.42679196808707,-6.879800096852272],[107.4273237308219,-6.875073700033522],[107.42338685530383,-6.872503674054926],[107.41891812294496,-6.874660243076443],[107.41838645563138,-6.879386791880987],[107.42232342524636,-6.881956619686812],[107.42679196808707,-6.879800096852272]]]},"properties":{"h3":"888c14689bfffff","incumbentScore":0,"method":"modeled_from_supply_density","realData":false}},{"type":"Feature","geometry":{"type":"Polygon","coordinates":[[[107.41541251141491,-6.943379233718649],[107.41594403516649,-6.938655743735912],[107.41200755309512,-6.936088152607237],[107.40753945333576,-6.938244249708591],[107.40700802501448,-6.94296789135183],[107.4109446010132,-6.945535284241828],[107.41541251141491,-6.943379233718649]]]},"properties":{"h3":"888c146f59fffff","incumbentScore":0,"method":"modeled_from_supply_density","realData":false}},{"type":"Feature","geometry":{"type":"Polygon","coordinates":[[[107.27998261003667,-7.057827551482712],[107.28051238572985,-7.053107537458028],[107.27657246885047,-7.05054233590158],[107.27210268397276,-7.052697346361968],[107.27157300421092,-7.0574175102890955],[107.27551301338644,-7.05998251386212],[107.27998261003667,-7.057827551482712]]]},"properties":{"h3":"888c1464e9fffff","incumbentScore":0,"method":"modeled_from_supply_density","realData":false}},{"type":"Feature","geometry":{"type":"Polygon","coordinates":[[[107.2342805099406,-7.012868424440627],[107.23480983678543,-7.008145507417286],[107.23086770948761,-7.005577652369897],[107.22639616354171,-7.007732912121157],[107.22586693284838,-7.0124559787272345],[107.2298091519404,-7.015023636008076],[107.2342805099406,-7.012868424440627]]]},"properties":{"h3":"888c109a09fffff","incumbentScore":0,"method":"modeled_from_supply_density","realData":false}},{"type":"Feature","geometry":{"type":"Polygon","coordinates":[[[107.30111252009677,-6.9448992831457375],[107.3016427312861,-6.940174085285412],[107.29770214085592,-6.937604577106355],[107.29323124661971,-6.939760464670888],[107.29270113134247,-6.944485813019263],[107.29664181438025,-6.947055123323759],[107.30111252009677,-6.9448992831457375]]]},"properties":{"h3":"888c146eb3fffff","incumbentScore":0,"method":"modeled_from_supply_density","realData":false}},{"type":"Feature","geometry":{"type":"Polygon","coordinates":[[[107.46978001428593,-6.76066700620631],[107.47031247231627,-6.755935534832179],[107.46637564883864,-6.7533613293529555],[107.46190627265727,-6.755518793369382],[107.46137390993917,-6.760250417558919],[107.46531082808114,-6.762824424925168],[107.46978001428593,-6.76066700620631]]]},"properties":{"h3":"888c10d305fffff","incumbentScore":0,"method":"modeled_from_supply_density","realData":false}},{"type":"Feature","geometry":{"type":"Polygon","coordinates":[[[107.48262950471171,-6.9466636981401475],[107.48316179061617,-6.9419414244755675],[107.47922779137438,-6.939375138206082],[107.4747614115202,-6.941531324068276],[107.4742292207594,-6.946253750067363],[107.47816331470005,-6.948819837878333],[107.48262950471171,-6.9466636981401475]]]},"properties":{"h3":"888c146137fffff","incumbentScore":0,"method":"modeled_from_supply_density","realData":false}},{"type":"Feature","geometry":{"type":"Polygon","coordinates":[[[107.57120530345618,-6.872627730102497],[107.57173872541463,-6.8679032694357405],[107.56780702088673,-6.865335451980447],[107.56334179862988,-6.86749229382159],[107.56280847148442,-6.872216907970085],[107.5667402717737,-6.874784526804187],[107.57120530345618,-6.872627730102497]]]},"properties":{"h3":"888c146b01fffff","incumbentScore":0,"method":"modeled_from_supply_density","realData":false}},{"type":"Feature","geometry":{"type":"Polygon","coordinates":[[[107.32043217196563,-7.074031562617581],[107.32096238434147,-7.069312967856592],[107.31702412821224,-7.066749142374385],[107.31255556694447,-7.068904109800116],[107.31202545031955,-7.073622854822562],[107.31596379920244,-7.076186482166525],[107.32043217196563,-7.074031562617581]]]},"properties":{"h3":"888c146443fffff","incumbentScore":0,"method":"modeled_from_supply_density","realData":false}},{"type":"Feature","geometry":{"type":"Polygon","coordinates":[[[107.61100079064786,-6.781908122589069],[107.61153482089658,-6.777179918905524],[107.60760342620001,-6.774609030830563],[107.60313790497177,-6.776766545045391],[107.6026039694221,-6.781494902916794],[107.6065354603925,-6.784065592393945],[107.61100079064786,-6.781908122589069]]]},"properties":{"h3":"888c16b593fffff","incumbentScore":0.155,"method":"modeled_from_supply_density","realData":false}},{"type":"Feature","geometry":{"type":"Polygon","coordinates":[[[107.38563615341869,-7.020262392261685],[107.3861672048889,-7.015542182184943],[107.38223061985128,-7.0129772613315895],[107.3777628897965,-7.01513274882805],[107.37723193383516,-7.019853110008029],[107.38116861241068,-7.022417832596978],[107.38563615341869,-7.020262392261685]]]},"properties":{"h3":"888c146091fffff","incumbentScore":0,"method":"modeled_from_supply_density","realData":false}},{"type":"Feature","geometry":{"type":"Polygon","coordinates":[[[107.39200970547678,-6.963605221246555],[107.39254092685306,-6.958882348808672],[107.38860385374308,-6.956315189370525],[107.38413546560227,-6.958471100574828],[107.38360433974282,-6.963194124367894],[107.3875415064983,-6.965761085610124],[107.39200970547678,-6.963605221246555]]]},"properties":{"h3":"888c146e0dfffff","incumbentScore":0,"method":"modeled_from_supply_density","realData":false}},{"type":"Feature","geometry":{"type":"Polygon","coordinates":[[[107.52462301760009,-6.948710824605853],[107.52515577868488,-6.943989313875267],[107.52122333569456,-6.9414238444359375],[107.5167580364303,-6.943580084331205],[107.51622537030983,-6.948301747816691],[107.52015790848019,-6.950867018660557],[107.52462301760009,-6.948710824605853]]]},"properties":{"h3":"888c146a5bfffff","incumbentScore":0,"method":"modeled_from_supply_density","realData":false}},{"type":"Feature","geometry":{"type":"Polygon","coordinates":[[[107.30497046973726,-6.7596139229710035],[107.30550104144926,-6.754879816536366],[107.30155823991986,-6.75230274049296],[107.29708477390668,-6.7544599684757625],[107.29655429820492,-6.759194226038474],[107.30049719249702,-6.761771104498949],[107.30497046973726,-6.7596139229710035]]]},"properties":{"h3":"888c10d56bfffff","incumbentScore":0,"method":"modeled_from_supply_density","realData":false}},{"type":"Feature","geometry":{"type":"Polygon","coordinates":[[[107.63637821498783,-6.818803534796571],[107.63691246992855,-6.814077515103298],[107.63298247417123,-6.81150859741148],[107.62851812692234,-6.81366589816089],[107.62798396655009,-6.818392072177929],[107.63191405884909,-6.82096079113025],[107.63637821498783,-6.818803534796571]]]},"properties":{"h3":"888c16b4edfffff","incumbentScore":0.001,"method":"modeled_from_supply_density","realData":false}},{"type":"Feature","geometry":{"type":"Polygon","coordinates":[[[107.3702449226661,-6.705735975051514],[107.37077633561388,-6.701000297543515],[107.36683520636564,-6.698422123557683],[107.36236257061088,-6.7005798247895285],[107.36183125343071,-6.705315654270177],[107.36577247622861,-6.707893630554936],[107.3702449226661,-6.705735975051514]]]},"properties":{"h3":"888c10d1b9fffff","incumbentScore":0,"method":"modeled_from_supply_density","realData":false}},{"type":"Feature","geometry":{"type":"Polygon","coordinates":[[[107.41317006235096,-6.8506098012164465],[107.41370171924139,-6.845881777544365],[107.40976397982618,-6.8433103094324075],[107.40529448955382,-6.845467063082678],[107.40476292816024,-6.850195238697002],[107.40870076153307,-6.852766508727403],[107.41317006235096,-6.8506098012164465]]]},"properties":{"h3":"888c146d67fffff","incumbentScore":0,"method":"modeled_from_supply_density","realData":false}},{"type":"Feature","geometry":{"type":"Polygon","coordinates":[[[107.53381083843126,-6.7923704318765],[107.53434397252447,-6.787641501454613],[107.53040988446372,-6.785069710217516],[107.52594256691921,-6.787227047780972],[107.52540952784696,-6.791956131568867],[107.5293437112892,-6.7945277244358],[107.53381083843126,-6.7923704318765]]]},"properties":{"h3":"888c16a6cbfffff","incumbentScore":0.001,"method":"modeled_from_supply_density","realData":false}},{"type":"Feature","geometry":{"type":"Polygon","coordinates":[[[107.47839412804628,-6.796768891730916],[107.47892662258434,-6.7920392952735575],[107.47499056984174,-6.789466728666906],[107.47052192781041,-6.791623956727088],[107.46998952852587,-6.796353705969872],[107.47392567601003,-6.798926074375574],[107.47839412804628,-6.796768891730916]]]},"properties":{"h3":"888c1469b5fffff","incumbentScore":0,"method":"modeled_from_supply_density","realData":false}},{"type":"Feature","geometry":{"type":"Polygon","coordinates":[[[107.2640518550747,-6.935948398712282],[107.26458165560788,-6.931222191770307],[107.26063961961125,-6.928651674090514],[107.2561676908881,-6.930807561102402],[107.25563798642872,-6.935533918182227],[107.25958011460968,-6.938104238121051],[107.2640518550747,-6.935948398712282]]]},"properties":{"h3":"888c109b23fffff","incumbentScore":0,"method":"modeled_from_supply_density","realData":false}},{"type":"Feature","geometry":{"type":"Polygon","coordinates":[[[107.31611533721237,-6.924255042624897],[107.31664575591313,-6.919529073896841],[107.31270544367709,-6.916958972063626],[107.30823461993798,-6.91911503685693],[107.30770429709881,-6.923841156293876],[107.31164470212812,-6.926411060237319],[107.31611533721237,-6.924255042624897]]]},"properties":{"h3":"888c146cc1fffff","incumbentScore":0,"method":"modeled_from_supply_density","realData":false}},{"type":"Feature","geometry":{"type":"Polygon","coordinates":[[[107.4107098240832,-6.722038462445623],[107.41124167277314,-6.7173042029199825],[107.40730221497415,-6.7147273915338115],[107.40283081446913,-6.716885037540518],[107.40229906136548,-6.721619449401753],[107.40623861317145,-6.724196062929265],[107.4107098240832,-6.722038462445623]]]},"properties":{"h3":"888c10d113fffff","incumbentScore":0,"method":"modeled_from_supply_density","realData":false}},{"type":"Feature","geometry":{"type":"Polygon","coordinates":[[[107.59401153744375,-6.7454049974309],[107.59454543734768,-6.74067476665123],[107.59061295750256,-6.738102073457386],[107.58614648164281,-6.740259809534231],[107.58561267653255,-6.7449901944491115],[107.58954525247924,-6.747562689160374],[107.59401153744375,-6.7454049974309]]]},"properties":{"h3":"888c16a625fffff","incumbentScore":0.376,"method":"modeled_from_supply_density","realData":false}},{"type":"Feature","geometry":{"type":"Polygon","coordinates":[[[107.3136138349408,-6.795740237137351],[107.31414444430969,-6.791008006703599],[107.31020241208238,-6.7884325638946645],[107.30572967763598,-6.790589549199496],[107.30519916421856,-6.795321930733661],[107.30914128928698,-6.797897175871224],[107.3136138349408,-6.795740237137351]]]},"properties":{"h3":"888c10d72bfffff","incumbentScore":0,"method":"modeled_from_supply_density","realData":false}},{"type":"Feature","geometry":{"type":"Polygon","coordinates":[[[107.33293585544585,-6.925082292993958],[107.33346646576253,-6.920356625937729],[107.329526770184,-6.9177868489250836],[107.32505637129266,-6.919942936922469],[107.32452585676607,-6.924668754856931],[107.3284656453317,-6.927238333924453],[107.33293585544585,-6.925082292993958]]]},"properties":{"h3":"888c146c1bfffff","incumbentScore":0,"method":"modeled_from_supply_density","realData":false}},{"type":"Feature","geometry":{"type":"Polygon","coordinates":[[[107.4361524388547,-6.758999625635153],[107.43668451542074,-6.754267543507662],[107.43274644878574,-6.751692690876781],[107.42827621129751,-6.753850118384656],[107.42774423018729,-6.758582352988618],[107.43168239110034,-6.761157007616779],[107.4361524388547,-6.758999625635153]]]},"properties":{"h3":"888c10d06dfffff","incumbentScore":0,"method":"modeled_from_supply_density","realData":false}},{"type":"Feature","geometry":{"type":"Polygon","coordinates":[[[107.35042421842499,-7.0327853171050885],[107.3509548451873,-7.028065170080559],[107.34701714687758,-7.025500155653677],[107.34254872867211,-7.0276554864310325],[107.34201819755968,-7.032375784158715],[107.3459559889938,-7.034940600414575],[107.35042421842499,-7.0327853171050885]]]},"properties":{"h3":"888c14655dfffff","incumbentScore":0,"method":"modeled_from_supply_density","realData":false}},{"type":"Feature","geometry":{"type":"Polygon","coordinates":[[[107.44402632393829,-6.951901582320263],[107.44455816016286,-6.947178955691437],[107.44062282408778,-6.944612215022035],[107.43615555752743,-6.946768299333724],[107.43562381660684,-6.951491077886601],[107.43955924693356,-6.954057620212325],[107.44402632393829,-6.951901582320263]]]},"properties":{"h3":"888c1461abfffff","incumbentScore":0,"method":"modeled_from_supply_density","realData":false}},{"type":"Feature","geometry":{"type":"Polygon","coordinates":[[[107.42179173147498,-6.886682761532566],[107.42232342524636,-6.881956619686812],[107.41838645563138,-6.879386791880987],[107.41391769820078,-6.881543304097476],[107.41338609986754,-6.886269597855358],[107.41732316351771,-6.888839227493232],[107.42179173147498,-6.886682761532566]]]},"properties":{"h3":"888c146f27fffff","incumbentScore":0,"method":"modeled_from_supply_density","realData":false}},{"type":"Feature","geometry":{"type":"Polygon","coordinates":[[[107.3334012287235,-6.732466777856588],[107.33393217331002,-6.7277318082313],[107.32999005223992,-6.725154102841402],[107.32551689346646,-6.727311564713826],[107.32498604478687,-6.732046685846883],[107.32892825896474,-6.734624193608387],[107.3334012287235,-6.732466777856588]]]},"properties":{"h3":"888c10c24bfffff","incumbentScore":0,"method":"modeled_from_supply_density","realData":false}},{"type":"Feature","geometry":{"type":"Polygon","coordinates":[[[107.23610509250135,-7.034324616475796],[107.23663440376492,-7.029602776152373],[107.23269261426528,-7.027035839935026],[107.22822142169039,-7.02919094185569],[107.22769220655735,-7.033912931710478],[107.23163408785965,-7.036479670122009],[107.23610509250135,-7.034324616475796]]]},"properties":{"h3":"888c1464b7fffff","incumbentScore":0,"method":"modeled_from_supply_density","realData":false}},{"type":"Feature","geometry":{"type":"Polygon","coordinates":[[[107.49659343872976,-6.747722051529994],[107.49712622504882,-6.742990381785342],[107.49319021387964,-6.740416103776701],[107.48872132140136,-6.7425736936979],[107.48818863028863,-6.747305516574658],[107.49212473643877,-6.749879596406636],[107.49659343872976,-6.747722051529994]]]},"properties":{"h3":"888c16a4d9fffff","incumbentScore":0,"method":"modeled_from_supply_density","realData":false}},{"type":"Feature","geometry":{"type":"Polygon","coordinates":[[[107.50622956673583,-6.962056618560803],[107.5067620953406,-6.95733546579856],[107.50282915071853,-6.9547702300450736],[107.49836358252193,-6.95692634562048],[107.49783114895133,-6.961647650906212],[107.50176418853405,-6.964212688101607],[107.50622956673583,-6.962056618560803]]]},"properties":{"h3":"888c146105fffff","incumbentScore":0,"method":"modeled_from_supply_density","realData":false}},{"type":"Feature","geometry":{"type":"Polygon","coordinates":[[[107.35590213274844,-6.833516319661363],[107.3564331629182,-6.828786572927851],[107.35249313490526,-6.826213412232742],[107.3480219834063,-6.828370196149697],[107.3474910489861,-6.833100094294995],[107.35143117030623,-6.8356730571201805],[107.35590213274844,-6.833516319661363]]]},"properties":{"h3":"888c10d2d3fffff","incumbentScore":0,"method":"modeled_from_supply_density","realData":false}},{"type":"Feature","geometry":{"type":"Polygon","coordinates":[[[107.32475215434583,-6.960311554443446],[107.32528261058597,-6.9555874735283725],[107.32134306693598,-6.953019011449352],[107.31687297416528,-6.95517482826914],[107.31634261372801,-6.959899059863594],[107.3202822502495,-6.962467323967573],[107.32475215434583,-6.960311554443446]]]},"properties":{"h3":"888c146e81fffff","incumbentScore":0,"method":"modeled_from_supply_density","realData":false}},{"type":"Feature","geometry":{"type":"Polygon","coordinates":[[[107.29180119324378,-7.065521547955842],[107.29233109155065,-7.060802093240231],[107.28839169710562,-7.0582374161567865],[107.28392231191658,-7.060392391830908],[107.28339250948652,-7.06511199654421],[107.28733199635965,-7.067676475594428],[107.29180119324378,-7.065521547955842]]]},"properties":{"h3":"888c146411fffff","incumbentScore":0,"method":"modeled_from_supply_density","realData":false}},{"type":"Feature","geometry":{"type":"Polygon","coordinates":[[[107.35905194665521,-7.068791600636747],[107.3595826106919,-7.06407334893826],[107.35564568073274,-7.06150997940586],[107.35117799352557,-7.063665059834742],[107.35064742508017,-7.068383462205239],[107.3545844482416,-7.0709466334835325],[107.35905194665521,-7.068791600636747]]]},"properties":{"h3":"888c14671dfffff","incumbentScore":0,"method":"modeled_from_supply_density","realData":false}},{"type":"Feature","geometry":{"type":"Polygon","coordinates":[[[107.44477257072427,-6.7951071189283345],[107.44530468403282,-6.79037691183681],[107.44136738785113,-6.787803696878419],[107.43689788399638,-6.789960887110941],[107.43636586608493,-6.794691246649441],[107.44030325662204,-6.797264263517013],[107.44477257072427,-6.7951071189283345]]]},"properties":{"h3":"888c10d22dfffff","incumbentScore":0,"method":"modeled_from_supply_density","realData":false}},{"type":"Feature","geometry":{"type":"Polygon","coordinates":[[[107.58600474232922,-6.81633218200457],[107.5865384293192,-6.811605237629712],[107.5826065538693,-6.8090353425000405],[107.57814089545444,-6.811192590329488],[107.57760730324888,-6.815919688523523],[107.58153927466469,-6.818489385077402],[107.58600474232922,-6.81633218200457]]]},"properties":{"h3":"888c16b4bbfffff","incumbentScore":0.001,"method":"modeled_from_supply_density","realData":false}},{"type":"Feature","geometry":{"type":"Polygon","coordinates":[[[107.37865806857772,-6.70615612569345],[107.37918957725728,-6.701420600243205],[107.37524875760319,-6.698842587299553],[107.37077633561388,-6.701000297543515],[107.3702449226661,-6.705735975051514],[107.37418583596676,-6.70831379026639],[107.37865806857772,-6.70615612569345]]]},"properties":{"h3":"888c10d187fffff","incumbentScore":0,"method":"modeled_from_supply_density","realData":false}},{"type":"Feature","geometry":{"type":"Polygon","coordinates":[[[107.38453978935819,-6.842065161679346],[107.38507113311064,-6.837336276010752],[107.38113224864233,-6.834763961174774],[107.37666192677987,-6.836920729991831],[107.37613067865067,-6.841649767337673],[107.38006965675157,-6.844221884197819],[107.38453978935819,-6.842065161679346]]]},"properties":{"h3":"888c146d35fffff","incumbentScore":0,"method":"modeled_from_supply_density","realData":false}},{"type":"Feature","geometry":{"type":"Polygon","coordinates":[[[107.19903636035541,-7.025386795299805],[107.19956525995971,-7.020663948541032],[107.19562203040039,-7.018096001086834],[107.19114980984912,-7.0202510980724995],[107.19062100653673,-7.024974094012645],[107.1945643274747,-7.027541843794535],[107.19903636035541,-7.025386795299805]]]},"properties":{"h3":"888c109127fffff","incumbentScore":0,"method":"modeled_from_supply_density","realData":false}},{"type":"Feature","geometry":{"type":"Polygon","coordinates":[[[107.64816701996511,-6.8265086774108115],[107.64870139539865,-6.821783218386601],[107.64477193056729,-6.81921482562014],[107.6403079936214,-6.8213720906758475],[107.6397737127014,-6.8260977041180535],[107.64370327420464,-6.828665898094992],[107.64816701996511,-6.8265086774108115]]]},"properties":{"h3":"888c16b415fffff","incumbentScore":0.001,"method":"modeled_from_supply_density","realData":false}},{"type":"Feature","geometry":{"type":"Polygon","coordinates":[[[107.50520314580552,-6.783825348059549],[107.50573596844853,-6.77909555209979],[107.50180072830841,-6.77652291338647],[107.4973325704583,-6.77868026890625],[107.49679984296299,-6.783410217967907],[107.50073517816101,-6.785982658416416],[107.50520314580552,-6.783825348059549]]]},"properties":{"h3":"888c16a699fffff","incumbentScore":0,"method":"modeled_from_supply_density","realData":false}},{"type":"Feature","geometry":{"type":"Polygon","coordinates":[[[107.48019996601813,-6.818256542019819],[107.48073244434494,-6.813528010621595],[107.47679672953265,-6.810956363187761],[107.47232844163521,-6.813113445403084],[107.4717960585411,-6.817842129534703],[107.47573186810263,-6.820413578726146],[107.48019996601813,-6.818256542019819]]]},"properties":{"h3":"888c146983fffff","incumbentScore":0.156,"method":"modeled_from_supply_density","realData":false}},{"type":"Feature","geometry":{"type":"Polygon","coordinates":[[[107.2831614763632,-7.0295041258111555],[107.2836913369267,-7.024782775523887],[107.27975117470804,-7.022216455926086],[107.2752810595671,-7.02437168457418],[107.27475129493908,-7.029093184889295],[107.27869154950747,-7.031659306537209],[107.2831614763632,-7.0295041258111555]]]},"properties":{"h3":"888c1465d1fffff","incumbentScore":0,"method":"modeled_from_supply_density","realData":false}},{"type":"Feature","geometry":{"type":"Polygon","coordinates":[[[107.36887207870355,-6.755656656047117],[107.36940339061881,-6.750923356483746],[107.36546284432092,-6.7483472115062435],[107.3609908925949,-6.750504563882325],[107.36045967642231,-6.75523801524302],[107.36440031622399,-6.757813962438921],[107.36887207870355,-6.755656656047117]]]},"properties":{"h3":"888c10d0e1fffff","incumbentScore":0,"method":"modeled_from_supply_density","realData":false}},{"type":"Feature","geometry":{"type":"Polygon","coordinates":[[[107.45540900835014,-6.888333683386461],[107.45594108351582,-6.883608150033659],[107.45200535508611,-6.8810389728172625],[107.44753745706035,-6.883195527240289],[107.44700547718948,-6.887921212842953],[107.45094130004048,-6.890490191781304],[107.45540900835014,-6.888333683386461]]]},"properties":{"h3":"888c1468ddfffff","incumbentScore":0.001,"method":"modeled_from_supply_density","realData":false}},{"type":"Feature","geometry":{"type":"Polygon","coordinates":[[[107.24110538582472,-7.027447660986349],[107.24163476635422,-7.022725561405388],[107.23769306871914,-7.020158427376777],[107.233221898681,-7.022313590749138],[107.23269261426528,-7.027035839935026],[107.23663440376492,-7.029602776152373],[107.24110538582472,-7.027447660986349]]]},"properties":{"h3":"888c109a4bfffff","incumbentScore":0,"method":"modeled_from_supply_density","realData":false}},{"type":"Feature","geometry":{"type":"Polygon","coordinates":[[[107.38569531363923,-6.756493424565765],[107.38622681693236,-6.751760428851987],[107.3822868897173,-6.7491846067159615],[107.37781536550257,-6.751341978139266],[107.37728395788045,-6.756075125820318],[107.381223978793,-6.758650750119387],[107.38569531363923,-6.756493424565765]]]},"properties":{"h3":"888c10d03bfffff","incumbentScore":0,"method":"modeled_from_supply_density","realData":false}},{"type":"Feature","geometry":{"type":"Polygon","coordinates":[[[107.35020096019315,-6.997173486435224],[107.35073164528508,-6.992451597408481],[107.34679348706437,-6.989885102721878],[107.3423245505995,-6.992040695185509],[107.3417939611803,-6.996762735030461],[107.34573221254419,-6.999329031602253],[107.35020096019315,-6.997173486435224]]]},"properties":{"h3":"888c14652bfffff","incumbentScore":0,"method":"modeled_from_supply_density","realData":false}},{"type":"Feature","geometry":{"type":"Polygon","coordinates":[[[107.37267459091308,-7.097910369536788],[107.3732053611296,-7.093193756475324],[107.36926929276001,-7.090631835094633],[107.36480236082308,-7.092786725126156],[107.3642716861224,-7.097503488901632],[107.36820784783374,-7.100065211940247],[107.37267459091308,-7.097910369536788]]]},"properties":{"h3":"888c1475b3fffff","incumbentScore":0,"method":"modeled_from_supply_density","realData":false}},{"type":"Feature","geometry":{"type":"Polygon","coordinates":[[[107.49381048521937,-6.847449587652816],[107.49434306881176,-6.842722681487047],[107.49040821942626,-6.84015247708543],[107.48594069155128,-6.84230937719201],[107.48540820311597,-6.847036436134149],[107.48934314738945,-6.849606442201875],[107.49381048521937,-6.847449587652816]]]},"properties":{"h3":"888c146837fffff","incumbentScore":0.312,"method":"modeled_from_supply_density","realData":false}},{"type":"Feature","geometry":{"type":"Polygon","coordinates":[[[107.47658801697146,-6.775276063576154],[107.47712052771854,-6.770545403006883],[107.47318413699624,-6.767971917678924],[107.46871514078389,-6.770129291088035],[107.46818272531117,-6.774860104494624],[107.47211921076735,-6.77743339166333],[107.47658801697146,-6.775276063576154]]]},"properties":{"h3":"888c10d347fffff","incumbentScore":0,"method":"modeled_from_supply_density","realData":false}},{"type":"Feature","geometry":{"type":"Polygon","coordinates":[[[107.25975193249133,-7.049721450995336],[107.26028148950267,-7.045000728061713],[107.25634074334916,-7.042434839247779],[107.25187034810817,-7.044589871282015],[107.25134088711835,-7.0493107439382],[107.25528172533897,-7.051876434846315],[107.25975193249133,-7.049721450995336]]]},"properties":{"h3":"888c146485fffff","incumbentScore":0,"method":"modeled_from_supply_density","realData":false}},{"type":"Feature","geometry":{"type":"Polygon","coordinates":[[[107.63958395756059,-6.790444127849839],[107.640118297676,-6.785716792993979],[107.63618806082147,-6.783146754545932],[107.63172338724638,-6.785304249664746],[107.63118914170306,-6.790031738971267],[107.63511947515362,-6.792601578716738],[107.63958395756059,-6.790444127849839]]]},"properties":{"h3":"888c16b5d5fffff","incumbentScore":0.001,"method":"modeled_from_supply_density","realData":false}},{"type":"Feature","geometry":{"type":"Polygon","coordinates":[[[107.39244649426782,-7.034830342288961],[107.39297759874339,-7.030110950044109],[107.38904144489028,-7.027546752644315],[107.38457409294502,-7.029702145806805],[107.38404308394063,-7.034421689176027],[107.38797933140127,-7.036985688267029],[107.39244649426782,-7.034830342288961]]]},"properties":{"h3":"888c1460d3fffff","incumbentScore":0,"method":"modeled_from_supply_density","realData":false}},{"type":"Feature","geometry":{"type":"Polygon","coordinates":[[[107.37750423717918,-6.791775334619347],[107.37803558630674,-6.787043910324421],[107.37409580989329,-6.784469400610418],[107.36962459076149,-6.786626513069869],[107.36909333731786,-6.791358089133609],[107.37303320731303,-6.793932400977679],[107.37750423717918,-6.791775334619347]]]},"properties":{"h3":"888c10d2a1fffff","incumbentScore":0,"method":"modeled_from_supply_density","realData":false}},{"type":"Feature","geometry":{"type":"Polygon","coordinates":[[[107.46402213541941,-6.924384815444617],[107.46455424716294,-6.919661166329888],[107.4606192887115,-6.917093632235815],[107.45615212400901,-6.919249945628669],[107.45562010750167,-6.923973746962142],[107.45955516045156,-6.92654108269261],[107.46402213541941,-6.924384815444617]]]},"properties":{"h3":"888c146a9dfffff","incumbentScore":0.001,"method":"modeled_from_supply_density","realData":false}},{"type":"Feature","geometry":{"type":"Polygon","coordinates":[[[107.48124080329805,-6.9964383197128335],[107.48177298799196,-6.991718446640231],[107.47783956918285,-6.9891542036265175],[107.47337387101823,-6.9913100322265835],[107.47284178144335,-6.996030057454206],[107.47677529490498,-6.998594101935318],[107.48124080329805,-6.9964383197128335]]]},"properties":{"h3":"888c14602dfffff","incumbentScore":0,"method":"modeled_from_supply_density","realData":false}},{"type":"Feature","geometry":{"type":"Polygon","coordinates":[[[107.34589833074136,-6.847288466218953],[107.34642922265411,-6.842559229379885],[107.34248900808868,-6.839986464419921],[107.338017808418,-6.842143134168159],[107.33748701228859,-6.846872522271742],[107.34142732003744,-6.849445089371227],[107.34589833074136,-6.847288466218953]]]},"properties":{"h3":"888c146da9fffff","incumbentScore":0,"method":"modeled_from_supply_density","realData":false}},{"type":"Feature","geometry":{"type":"Polygon","coordinates":[[[107.60959204410841,-6.831746761974488],[107.61012597266024,-6.827020938012599],[107.60619515715256,-6.824452091714135],[107.60173031685714,-6.826609268062046],[107.60119648297996,-6.831335246032138],[107.60512739471443,-6.833903893654573],[107.60959204410841,-6.831746761974488]]]},"properties":{"h3":"888c16b489fffff","incumbentScore":0.001,"method":"modeled_from_supply_density","realData":false}},{"type":"Feature","geometry":{"type":"Polygon","coordinates":[[[107.20379696586538,-6.982873159810715],[107.20432599274464,-6.978148310132437],[107.20038239353346,-6.975578689460617],[107.19590967597509,-6.977734116096963],[107.19538074539408,-6.9824591151434925],[107.19932443606413,-6.985028538194204],[107.20379696586538,-6.982873159810715]]]},"properties":{"h3":"888c109859fffff","incumbentScore":0,"method":"modeled_from_supply_density","realData":false}},{"type":"Feature","geometry":{"type":"Polygon","coordinates":[[[107.29270113134247,-6.944485813019263],[107.29323124661971,-6.939760464670888],[107.28929034836045,-6.937190794059025],[107.28481924230428,-6.939346669651099],[107.28428922297485,-6.944072168402819],[107.28823021374471,-6.946641641167833],[107.29270113134247,-6.944485813019263]]]},"properties":{"h3":"888c109b65fffff","incumbentScore":0,"method":"modeled_from_supply_density","realData":false}},{"type":"Feature","geometry":{"type":"Polygon","coordinates":[[[107.439345111024,-6.730603844306104],[107.4398772727026,-6.7258704471070425],[107.43593896227661,-6.723294479310973],[107.43146839583089,-6.7254521066873965],[107.43093632961201,-6.730185656488],[107.43487473437006,-6.732761426319202],[107.439345111024,-6.730603844306104]]]},"properties":{"h3":"888c10d155fffff","incumbentScore":0,"method":"modeled_from_supply_density","realData":false}},{"type":"Feature","geometry":{"type":"Polygon","coordinates":[[[107.38635306185334,-6.8635497106021575],[107.38688438963261,-6.858821892802757],[107.38294584313046,-6.856250496283773],[107.37847587519941,-6.8584071155896735],[107.37794464302247,-6.863135085014719],[107.38188328316522,-6.865706283516835],[107.38635306185334,-6.8635497106021575]]]},"properties":{"h3":"888c146d03fffff","incumbentScore":0,"method":"modeled_from_supply_density","realData":false}},{"type":"Feature","geometry":{"type":"Polygon","coordinates":[[[107.54081326482297,-6.842629658672764],[107.54134639241396,-6.837903264410242],[107.53741319662866,-6.835333675048963],[107.53294677781221,-6.837490678434314],[107.53241374518169,-6.842217225968464],[107.53634703639806,-6.844786616854138],[107.54081326482297,-6.842629658672764]]]},"properties":{"h3":"888c146951fffff","incumbentScore":0.312,"method":"modeled_from_supply_density","realData":false}},{"type":"Feature","geometry":{"type":"Polygon","coordinates":[[[107.60080796801923,-6.760008547016991],[107.60134192008762,-6.755279126766654],[107.59740987428192,-6.752707155348708],[107.59294378022818,-6.7548648027182985],[107.59240992291558,-6.759594377124992],[107.5963420648918,-6.7621661500141785],[107.60080796801923,-6.760008547016991]]]},"properties":{"h3":"888c16a667fffff","incumbentScore":0.002,"method":"modeled_from_supply_density","realData":false}},{"type":"Feature","geometry":{"type":"Polygon","coordinates":[[[107.40106672302373,-7.0708296438839815],[107.40159786448072,-7.066112146807663],[107.39766247933495,-7.063549595783935],[107.39319585903806,-7.065704740236922],[107.39266481299364,-7.070422388405854],[107.39660029182451,-7.072984741037851],[107.40106672302373,-7.0708296438839815]]]},"properties":{"h3":"888c146293fffff","incumbentScore":0,"method":"modeled_from_supply_density","realData":false}},{"type":"Feature","geometry":{"type":"Polygon","coordinates":[[[107.34226468754139,-6.804300095329758],[107.34279561119996,-6.799568724478466],[107.3388547204697,-6.796994125472313],[107.33438281290458,-6.799151095103823],[107.33385198507119,-6.8038826173219],[107.33779296896866,-6.806457018550333],[107.34226468754139,-6.804300095329758]]]},"properties":{"h3":"888c10d76dfffff","incumbentScore":0,"method":"modeled_from_supply_density","realData":false}},{"type":"Feature","geometry":{"type":"Polygon","coordinates":[[[107.36157035301464,-6.933615598054532],[107.36210127707166,-6.9288907917067615],[107.35816272310244,-6.926321862874873],[107.35369315175458,-6.928477938450089],[107.35316232336146,-6.933202895940861],[107.35710097064323,-6.935771626722066],[107.36157035301464,-6.933615598054532]]]},"properties":{"h3":"888c146c5dfffff","incumbentScore":0,"method":"modeled_from_supply_density","realData":false}},{"type":"Feature","geometry":{"type":"Polygon","coordinates":[[[107.47263273349373,-6.960419700869686],[107.47316488174665,-6.955697938517896],[107.4692306931688,-6.953132049160419],[107.4647642617534,-6.95528812061178],[107.46423220867808,-6.960010035150718],[107.4681664918315,-6.962575726059722],[107.47263273349373,-6.960419700869686]]]},"properties":{"h3":"888c1461edfffff","incumbentScore":0,"method":"modeled_from_supply_density","realData":false}},{"type":"Feature","geometry":{"type":"Polygon","coordinates":[[[107.44381389557807,-6.916270691044157],[107.44434579041878,-6.911546330095804],[107.44040999493038,-6.908978108820189],[107.43594221032133,-6.911134446787613],[107.43541041080738,-6.915858959775492],[107.4393463005666,-6.918426982765018],[107.44381389557807,-6.916270691044157]]]},"properties":{"h3":"888c146f69fffff","incumbentScore":0,"method":"modeled_from_supply_density","realData":false}},{"type":"Feature","geometry":{"type":"Polygon","coordinates":[[[107.45519786041218,-6.852680023967519],[107.45572999424907,-6.847952761275101],[107.451793806308,-6.84538210500726],[107.44732539008038,-6.847538909659695],[107.44679335156108,-6.85226632471709],[107.45072963394266,-6.854836782765646],[107.45519786041218,-6.852680023967519]]]},"properties":{"h3":"888c1468abfffff","incumbentScore":0.155,"method":"modeled_from_supply_density","realData":false}},{"type":"Feature","geometry":{"type":"Polygon","coordinates":[[[107.21245199508628,-7.01892149936522],[107.21298106027307,-7.014198542484818],[107.2090382283567,-7.0116305599295705],[107.20456623970668,-7.013785731969067],[107.20403727075944,-7.018508838189169],[107.20798019421366,-7.021076623038845],[107.21245199508628,-7.01892149936522]]]},"properties":{"h3":"888c109a19fffff","incumbentScore":0,"method":"modeled_from_supply_density","realData":false}},{"type":"Feature","geometry":{"type":"Polygon","coordinates":[[[107.40933095208666,-6.7719435958641245],[107.40986269963372,-6.767211714967511],[107.40592382414323,-6.764636934895667],[107.4014531071357,-6.766794233667714],[107.40092145515011,-6.771526266723832],[107.40486042460154,-6.77410084885699],[107.40933095208666,-6.7719435958641245]]]},"properties":{"h3":"888c10d009fffff","incumbentScore":0,"method":"modeled_from_supply_density","realData":false}},{"type":"Feature","geometry":{"type":"Polygon","coordinates":[[[107.51741564405161,-6.862866028845459],[107.51794847035443,-6.858140241759648],[107.51401467674408,-6.8555710849732225],[107.50954796167196,-6.857727913715417],[107.5090152304166,-6.862453853767478],[107.51294911917682,-6.865022812119612],[107.51741564405161,-6.862866028845459]]]},"properties":{"h3":"888c146805fffff","incumbentScore":0.002,"method":"modeled_from_supply_density","realData":false}},{"type":"Feature","geometry":{"type":"Polygon","coordinates":[[[107.44796546330971,-6.766722582603819],[107.44849766171527,-6.761991058355305],[107.44456012191098,-6.759416727276781],[107.4400902892826,-6.761574118508835],[107.43955818627806,-6.766305795329656],[107.4434958204918,-6.768879928354682],[107.44796546330971,-6.766722582603819]]]},"properties":{"h3":"888c10d315fffff","incumbentScore":0,"method":"modeled_from_supply_density","realData":false}},{"type":"Feature","geometry":{"type":"Polygon","coordinates":[[[107.33156960311764,-6.974894334130962],[107.33210011265604,-6.970171069338729],[107.32816099973917,-6.967603328734708],[107.32369128433338,-6.969759050951612],[107.32316087056013,-6.974482466445079],[107.32710007641847,-6.977050009029095],[107.33156960311764,-6.974894334130962]]]},"properties":{"h3":"888c146ec3fffff","incumbentScore":0,"method":"modeled_from_supply_density","realData":false}},{"type":"Feature","geometry":{"type":"Polygon","coordinates":[[[107.2986194602468,-7.080087498997417],[107.2991494119631,-7.075368863229038],[107.29521044762363,-7.072804908966211],[107.29074143906064,-7.074959788557926],[107.29021158318344,-7.079678574345545],[107.29415064002109,-7.082242330530929],[107.2986194602468,-7.080087498997417]]]},"properties":{"h3":"888c146453fffff","incumbentScore":0,"method":"modeled_from_supply_density","realData":false}},{"type":"Feature","geometry":{"type":"Polygon","coordinates":[[[107.4140339129496,-6.99316731713328],[107.41456533568827,-6.988446229174707],[107.41062943502894,-6.98588067849104],[107.40616201774054,-6.988036414087523],[107.40563069040742,-6.992757653528157],[107.40956668494812,-6.995323005898875],[107.4140339129496,-6.99316731713328]]]},"properties":{"h3":"888c1460a1fffff","incumbentScore":0,"method":"modeled_from_supply_density","realData":false}},{"type":"Feature","geometry":{"type":"Polygon","coordinates":[[[107.37019886346883,-6.969661611897219],[107.3707298247464,-6.96493869371176],[107.36679203971644,-6.962371406513665],[107.36232320000946,-6.964527235645343],[107.36179233433714,-6.969250304943539],[107.36573021275747,-6.97181739400599],[107.37019886346883,-6.969661611897219]]]},"properties":{"h3":"888c146e1dfffff","incumbentScore":0,"method":"modeled_from_supply_density","realData":false}},{"type":"Feature","geometry":{"type":"Polygon","coordinates":[[[107.40070388715888,-6.735821370363967],[107.40123559771084,-6.731087615864122],[107.39729595195973,-6.728511200190983],[107.39282450176442,-6.730668736876307],[107.39229288683266,-6.735402643564413],[107.39623262646697,-6.7379788613875],[107.40070388715888,-6.735821370363967]]]},"properties":{"h3":"888c10d1c9fffff","incumbentScore":0,"method":"modeled_from_supply_density","realData":false}},{"type":"Feature","geometry":{"type":"Polygon","coordinates":[[[107.22110449297813,-7.054953555962816],[107.22163359640322,-7.050232494395646],[107.21769153168147,-7.047666151579299],[107.21322027190877,-7.0498210681282085],[107.2126912646645,-7.0545422790060455],[107.21663342100307,-7.057108424033081],[107.22110449297813,-7.054953555962816]]]},"properties":{"h3":"888c109169fffff","incumbentScore":0,"method":"modeled_from_supply_density","realData":false}},{"type":"Feature","geometry":{"type":"Polygon","coordinates":[[[107.6549564693948,-6.841094075801845],[107.65549089672253,-6.836369429606906],[107.6515618662402,-6.833801760868648],[107.64709831168054,-6.835958937168758],[107.64656397882854,-6.8406837378020695],[107.65049310605136,-6.843251207705332],[107.6549564693948,-6.841094075801845]]]},"properties":{"h3":"888c16b457fffff","incumbentScore":0,"method":"modeled_from_supply_density","realData":false}},{"type":"Feature","geometry":{"type":"Polygon","coordinates":[[[107.5088102991414,-6.826797213435328],[107.50934308922385,-6.822069546930313],[107.50540852487246,-6.819498747499372],[107.50094107535648,-6.821655812929662],[107.50040838038011,-6.826383632432146],[107.50434303980455,-6.828954233515391],[107.5088102991414,-6.826797213435328]]]},"properties":{"h3":"888c1469c5fffff","incumbentScore":0.155,"method":"modeled_from_supply_density","realData":false}},{"type":"Feature","geometry":{"type":"Polygon","coordinates":[[[107.5120072524043,-6.798427918610952],[107.51254012759736,-6.793698934140484],[107.50860532050349,-6.7911270165323465],[107.50413754308028,-6.793284281714036],[107.50360476299707,-6.798013419307952],[107.50753966521815,-6.800585138605246],[107.5120072524043,-6.798427918610952]]]},"properties":{"h3":"888c16a6dbfffff","incumbentScore":0.155,"method":"modeled_from_supply_density","realData":false}},{"type":"Feature","geometry":{"type":"Polygon","coordinates":[[[107.73706754486639,-6.823727687504237],[107.73760293181778,-6.819003526241078],[107.7336767102055,-6.816436567717785],[107.72921500394281,-6.8185939695315065],[107.72867971112731,-6.823318286124763],[107.73260603042947,-6.8258850455825755],[107.73706754486639,-6.823727687504237]]]},"properties":{"h3":"888c16b763fffff","incumbentScore":0,"method":"modeled_from_supply_density","realData":false}},{"type":"Feature","geometry":{"type":"Polygon","coordinates":[[[107.29429151964057,-6.930309103099874],[107.2948216773851,-6.925583089977083],[107.29088065644912,-6.923012861319292],[107.28640938522211,-6.925168843622294],[107.28587932342744,-6.929895007210908],[107.28982043690085,-6.9324650380393935],[107.29429151964057,-6.930309103099874]]]},"properties":{"h3":"888c146cd1fffff","incumbentScore":0,"method":"modeled_from_supply_density","realData":false}},{"type":"Feature","geometry":{"type":"Polygon","coordinates":[[[107.24222189794965,-6.9420013278338795],[107.24275143700446,-6.937275078336929],[107.23880869470035,-6.934704433977608],[107.23433632140433,-6.936860236804263],[107.23380687851149,-6.941586636195786],[107.23774971274366,-6.944157082874821],[107.24222189794965,-6.9420013278338795]]]},"properties":{"h3":"888c109b33fffff","incumbentScore":0,"method":"modeled_from_supply_density","realData":false}},{"type":"Feature","geometry":{"type":"Polygon","coordinates":[[[107.57221292154956,-6.7514631838591015],[107.572746563108,-6.746732896108153],[107.56881336133728,-6.744160076797571],[107.56434642215129,-6.746317743670032],[107.56381287547558,-6.751048185313717],[107.56774617309401,-6.753620806200679],[107.57221292154956,-6.7514631838591015]]]},"properties":{"h3":"888c16a635fffff","incumbentScore":0,"method":"modeled_from_supply_density","realData":false}},{"type":"Feature","geometry":{"type":"Polygon","coordinates":[[[107.36134832038387,-6.897967261489343],[107.36187930283839,-6.893240720764379],[107.35794028875168,-6.890670314281575],[107.35347019887004,-6.892826646525048],[107.35293931210232,-6.897553338507438],[107.35687841952038,-6.900123546997584],[107.36134832038387,-6.897967261489343]]]},"properties":{"h3":"888c146c2bfffff","incumbentScore":0,"method":"modeled_from_supply_density","realData":false}},{"type":"Feature","geometry":{"type":"Polygon","coordinates":[[[107.37882484418633,-7.0056913600447],[107.37935584261578,-7.000970332540615],[107.37541882642203,-6.99840468859186],[107.37095071832167,-7.000560270375751],[107.37041981543885,-7.0052814489618305],[107.37435692510073,-7.007846894690695],[107.37882484418633,-7.0056913600447]]]},"properties":{"h3":"888c14656dfffff","incumbentScore":0,"method":"modeled_from_supply_density","realData":false}},{"type":"Feature","geometry":{"type":"Polygon","coordinates":[[[107.3999795133392,-6.892738895662264],[107.40051094719423,-6.888012705362318],[107.39657326397506,-6.885442750615799],[107.39210405311165,-6.887599184285844],[107.39157271478335,-6.8923255262552345],[107.39551049178266,-6.8948952828937635],[107.3999795133392,-6.892738895662264]]]},"properties":{"h3":"888c146f37fffff","incumbentScore":0,"method":"modeled_from_supply_density","realData":false}},{"type":"Feature","geometry":{"type":"Polygon","coordinates":[[[107.42222170115737,-6.957959088544226],[107.42275327780726,-6.953236414332405],[107.41881722743504,-6.950669545761544],[107.41434950640694,-6.95282554969474],[107.41381802514961,-6.957548375588402],[107.41775416951877,-6.960115045875638],[107.42222170115737,-6.957959088544226]]]},"properties":{"h3":"888c1461bbfffff","incumbentScore":0,"method":"modeled_from_supply_density","realData":false}},{"type":"Feature","geometry":{"type":"Polygon","coordinates":[[[107.3115662605496,-6.738518838723325],[107.31209694403796,-6.73378381966659],[107.30815411261666,-6.731205989831539],[107.30368050484633,-6.733363376630329],[107.30314991735342,-6.738098546950819],[107.30709284162633,-6.74067617921742],[107.3115662605496,-6.738518838723325]]]},"properties":{"h3":"888c10c25bfffff","incumbentScore":0,"method":"modeled_from_supply_density","realData":false}},{"type":"Feature","geometry":{"type":"Polygon","coordinates":[[[107.48443412396426,-6.968115758166013],[107.48496639366259,-6.963394556196955],[107.48103273201887,-6.960829192065431],[107.47656670596126,-6.962985228409796],[107.47603453138578,-6.967706582660527],[107.47996828773601,-6.970271748293797],[107.48443412396426,-6.968115758166013]]]},"properties":{"h3":"888c146115fffff","incumbentScore":0,"method":"modeled_from_supply_density","realData":false}},{"type":"Feature","geometry":{"type":"Polygon","coordinates":[[[107.30293202859816,-6.966366260644295],[107.30346222403267,-6.961642135922487],[107.29952197145974,-6.959073546504573],[107.29505143082741,-6.961229279731669],[107.29452133128409,-6.9659535548900235],[107.29846167647284,-6.96852194639343],[107.30293202859816,-6.966366260644295]]]},"properties":{"h3":"888c146e91fffff","incumbentScore":0,"method":"modeled_from_supply_density","realData":false}},{"type":"Feature","geometry":{"type":"Polygon","coordinates":[[[107.3843203644649,-6.806384906471829],[107.38485176671226,-6.8016542937280065],[107.3809124220358,-6.799080503304761],[107.37644158145133,-6.801237523550082],[107.3759102748501,-6.805968288085113],[107.37984971317813,-6.808541880592221],[107.3843203644649,-6.806384906471829]]]},"properties":{"h3":"888c10d2e3fffff","incumbentScore":0,"method":"modeled_from_supply_density","realData":false}},{"type":"Feature","geometry":{"type":"Polygon","coordinates":[[[107.32020545475466,-7.038431775852413],[107.32073572536237,-7.033711435493],[107.31679700920974,-7.03114612941572],[107.31232792966803,-7.03330136178936],[107.31179775483419,-7.0380218525252705],[107.3157365637591,-7.04058696051976],[107.32020545475466,-7.038431775852413]]]},"properties":{"h3":"888c146421fffff","incumbentScore":0,"method":"modeled_from_supply_density","realData":false}},{"type":"Feature","geometry":{"type":"Polygon","coordinates":[[[107.35271624928953,-6.8618901706528534],[107.35324719444462,-6.857161746858953],[107.3493074111411,-6.854589701694637],[107.34483658942001,-6.856746278239175],[107.34430574001044,-6.861474853319899],[107.34824561656735,-6.864046700577907],[107.35271624928953,-6.8618901706528534]]]},"properties":{"h3":"888c146debfffff","incumbentScore":0,"method":"modeled_from_supply_density","realData":false}},{"type":"Feature","geometry":{"type":"Polygon","coordinates":[[[107.38744829588865,-7.0417048225793275],[107.38797933140127,-7.036985688267029],[107.38404308394063,-7.034421689176027],[107.37957570741244,-7.036577022709398],[107.37904476738784,-7.041296308072423],[107.38298110839433,-7.043860108860008],[107.38744829588865,-7.0417048225793275]]]},"properties":{"h3":"888c14672dfffff","incumbentScore":0,"method":"modeled_from_supply_density","realData":false}},{"type":"Feature","geometry":{"type":"Polygon","coordinates":[[[107.4229570383778,-6.80116258642678],[107.42348889185722,-6.796432328027829],[107.41955088062377,-6.793858987172377],[107.4150809218015,-6.7960161027556145],[107.41454916380789,-6.800746513358492],[107.41848726914169,-6.803319656182785],[107.4229570383778,-6.80116258642678]]]},"properties":{"h3":"888c10d23dfffff","incumbentScore":0,"method":"modeled_from_supply_density","realData":false}},{"type":"Feature","geometry":{"type":"Polygon","coordinates":[[[107.61638508899156,-6.846333797887361],[107.61691906960897,-6.841608786856898],[107.612988688054,-6.839040664096254],[107.60852422957696,-6.841197751096049],[107.60799034359638,-6.845922916155303],[107.61192082144693,-6.848490840194422],[107.61638508899156,-6.846333797887361]]]},"properties":{"h3":"888c16b4cbfffff","incumbentScore":0.002,"method":"modeled_from_supply_density","realData":false}},{"type":"Feature","geometry":{"type":"Polygon","coordinates":[[[107.30679074698119,-6.781124125967646],[107.3073213029099,-6.776391084370866],[107.30337883963561,-6.7738149235520035],[107.29890572765261,-6.775972001963549],[107.29837526771318,-6.780705194637815],[107.30231782375839,-6.7832811578317065],[107.30679074698119,-6.781124125967646]]]},"properties":{"h3":"888c10d549fffff","incumbentScore":0,"method":"modeled_from_supply_density","realData":false}},{"type":"Feature","geometry":{"type":"Polygon","coordinates":[[[107.35682734533184,-6.712208877528331],[107.35735859334167,-6.707473300660088],[107.3534170611857,-6.70489516334661],[107.34894418762006,-6.707052800579062],[107.3484130354306,-6.71178852926116],[107.35235466097728,-6.714366468905549],[107.35682734533184,-6.712208877528331]]]},"properties":{"h3":"888c10d197fffff","incumbentScore":0,"method":"modeled_from_supply_density","realData":false}},{"type":"Feature","geometry":{"type":"Polygon","coordinates":[[[107.41498093737994,-6.872090054578523],[107.41551257822682,-6.8673630989176635],[107.4115751767188,-6.864792549818212],[107.40710604038928,-6.866949154510687],[107.40657449501838,-6.871676262061966],[107.41051199049191,-6.874246613038951],[107.41498093737994,-6.872090054578523]]]},"properties":{"h3":"888c146d45fffff","incumbentScore":0,"method":"modeled_from_supply_density","realData":false}},{"type":"Feature","geometry":{"type":"Polygon","coordinates":[[[107.67655190641418,-6.799387305733551],[107.6770866503587,-6.794660995423583],[107.67315788715177,-6.7920919704985705],[107.66869428297758,-6.794249454726283],[107.6681596334421,-6.798975919833247],[107.67208849366261,-6.801544745923918],[107.67655190641418,-6.799387305733551]]]},"properties":{"h3":"888c16b425fffff","incumbentScore":0,"method":"modeled_from_supply_density","realData":false}},{"type":"Feature","geometry":{"type":"Polygon","coordinates":[[[107.45839087610169,-6.824313145606548],[107.45892309500913,-6.819584562383248],[107.45498666367082,-6.817012788553292],[107.45051791892142,-6.819169796138009],[107.44998579533544,-6.823898531851986],[107.45392232116828,-6.826470107499132],[107.45839087610169,-6.824313145606548]]]},"properties":{"h3":"888c146993fffff","incumbentScore":0.001,"method":"modeled_from_supply_density","realData":false}},{"type":"Feature","geometry":{"type":"Polygon","coordinates":[[[107.70851037263668,-6.815206892276151],[107.70904545125424,-6.81048185903395],[107.70511806678114,-6.807914047859288],[107.70065550631227,-6.810071468896637],[107.70012052195771,-6.814796657207691],[107.70404800379991,-6.817364269420923],[107.70851037263668,-6.815206892276151]]]},"properties":{"h3":"888c16b731fffff","incumbentScore":0,"method":"modeled_from_supply_density","realData":false}},{"type":"Feature","geometry":{"type":"Polygon","coordinates":[[[107.26587445159244,-6.957420422874776],[107.2664042364623,-6.95269528898149],[107.26246253839199,-6.950125689202855],[107.25799096325014,-6.9522814211072985],[107.25746127443311,-6.957006705087239],[107.2614030646961,-6.959576107084809],[107.26587445159244,-6.957420422874776]]]},"properties":{"h3":"888c109b01fffff","incumbentScore":0,"method":"modeled_from_supply_density","realData":false}},{"type":"Feature","geometry":{"type":"Polygon","coordinates":[[[107.31157000672978,-7.002407158216086],[107.31210023978532,-6.997684924418278],[107.30816075547354,-6.995117975862918],[107.30369094540306,-6.997273459113068],[107.30316080818,-7.001995843317642],[107.30710038518589,-7.004562593874004],[107.31157000672978,-7.002407158216086]]]},"properties":{"h3":"888c1465e1fffff","incumbentScore":0,"method":"modeled_from_supply_density","realData":false}},{"type":"Feature","geometry":{"type":"Polygon","coordinates":[[[107.57401132081644,-6.77295385849858],[107.57454494592606,-6.768224632985843],[107.57061208204435,-6.765652733696766],[107.56614549718877,-6.76781025839437],[107.56561196694106,-6.772539637747383],[107.56954492667786,-6.775111338570981],[107.57401132081644,-6.77295385849858]]]},"properties":{"h3":"888c16a603fffff","incumbentScore":0,"method":"modeled_from_supply_density","realData":false}},{"type":"Feature","geometry":{"type":"Polygon","coordinates":[[[107.48381082288645,-6.861216292066703],[107.48434326878402,-6.856489893621666],[107.48040822968426,-6.853920085883167],[107.47594064991324,-6.8560768749228],[107.47540829920672,-6.860803425996812],[107.47934343307105,-6.86337303541077],[107.48381082288645,-6.861216292066703]]]},"properties":{"h3":"888c1468edfffff","incumbentScore":0.31,"method":"modeled_from_supply_density","realData":false}},{"type":"Feature","geometry":{"type":"Polygon","coordinates":[[[107.21927880374197,-7.033501070777254],[107.21980792270882,-7.028778931475761],[107.21586552021424,-7.026211669711802],[107.21139390713542,-7.02836674500838],[107.21086488437038,-7.033089033671897],[107.21480737847331,-7.035656097685593],[107.21927880374197,-7.033501070777254]]]},"properties":{"h3":"888c109a5bfffff","incumbentScore":0,"method":"modeled_from_supply_density","realData":false}},{"type":"Feature","geometry":{"type":"Polygon","coordinates":[[[107.32838684313307,-7.003229261539669],[107.32891726774648,-6.998507328808845],[107.3249783996306,-6.995940706165223],[107.32050901400444,-6.998096214315418],[107.31997868515211,-7.002818297621966],[107.3239176461558,-7.005384722211287],[107.32838684313307,-7.003229261539669]]]},"properties":{"h3":"888c14653bfffff","incumbentScore":0,"method":"modeled_from_supply_density","realData":false}},{"type":"Feature","geometry":{"type":"Polygon","coordinates":[[[107.41614448032513,-6.786554622197351],[107.4166762808561,-6.781823552342798],[107.41273783748002,-6.7792494916963415],[107.40826749953322,-6.781406698898008],[107.40773579452588,-6.786137920934346],[107.41167433193262,-6.788711783595816],[107.41614448032513,-6.786554622197351]]]},"properties":{"h3":"888c10d04bfffff","incumbentScore":0,"method":"modeled_from_supply_density","realData":false}},{"type":"Feature","geometry":{"type":"Polygon","coordinates":[[[107.52421685054061,-6.8774536121265095],[107.52474972931199,-6.872728638724057],[107.52081636864978,-6.870160204627317],[107.51635003398803,-6.87231694242126],[107.51581725022629,-6.877042068811016],[107.51975070610759,-6.879610304428061],[107.52421685054061,-6.8774536121265095]]]},"properties":{"h3":"888c146847fffff","incumbentScore":0.157,"method":"modeled_from_supply_density","realData":false}},{"type":"Feature","geometry":{"type":"Polygon","coordinates":[[[107.44583407858102,-6.973355507635841],[107.44636589869582,-6.968633953260244],[107.44243090026347,-6.966068134121129],[107.4379639874478,-6.968224067749618],[107.43743226261614,-6.972945773996675],[107.44136735530792,-6.975511394752393],[107.44583407858102,-6.973355507635841]]]},"properties":{"h3":"888c146189fffff","incumbentScore":0,"method":"modeled_from_supply_density","realData":false}},{"type":"Feature","geometry":{"type":"Polygon","coordinates":[[[107.45477541810918,-6.781331997048934],[107.45530766932725,-6.77660128374623],[107.45137056204183,-6.774027672592768],[107.44690110905023,-6.77618497285034],[107.44636895319532,-6.780915838747392],[107.45030615495978,-6.783489251801087],[107.45477541810918,-6.781331997048934]]]},"properties":{"h3":"888c10d357fffff","incumbentScore":0,"method":"modeled_from_supply_density","realData":false}},{"type":"Feature","geometry":{"type":"Polygon","coordinates":[[[107.42360168927289,-6.908153842825202],[107.42413336698301,-6.903428770525151],[107.42019673518448,-6.90085986258827],[107.41572833162373,-6.903016225168472],[107.4151967493309,-6.9077414493285545],[107.41913347517246,-6.910310159057005],[107.42360168927289,-6.908153842825202]]]},"properties":{"h3":"888c146f05fffff","incumbentScore":0,"method":"modeled_from_supply_density","realData":false}},{"type":"Feature","geometry":{"type":"Polygon","coordinates":[[[107.3556793688138,-6.79782919199772],[107.35621045740315,-6.793097718341184],[107.35226996893161,-6.790523083160028],[107.34779829853558,-6.792680119454059],[107.34726730571873,-6.797411744635964],[107.35120788751632,-6.799986182007101],[107.3556793688138,-6.79782919199772]]]},"properties":{"h3":"888c10d2b1fffff","incumbentScore":0,"method":"modeled_from_supply_density","realData":false}},{"type":"Feature","geometry":{"type":"Polygon","coordinates":[[[107.42084214213868,-7.007738283705855],[107.4213736177648,-7.0030180128754145],[107.41743814865225,-7.0004531856018115],[107.41297110995357,-7.002608827524772],[107.41243972969521,-7.007329249858351],[107.41637529275872,-7.009893878774453],[107.42084214213868,-7.007738283705855]]]},"properties":{"h3":"888c1460e3fffff","incumbentScore":0,"method":"modeled_from_supply_density","realData":false}},{"type":"Feature","geometry":{"type":"Polygon","coordinates":[[[107.49241965740623,-6.897274513898616],[107.49295213969025,-6.892549997535226],[107.48901787094711,-6.88998183287305],[107.48455102506934,-6.892138382993384],[107.48401863791776,-6.896863051954533],[107.48795300150245,-6.8994310182061565],[107.49241965740623,-6.897274513898616]]]},"properties":{"h3":"888c146aadfffff","incumbentScore":0.156,"method":"modeled_from_supply_density","realData":false}},{"type":"Feature","geometry":{"type":"Polygon","coordinates":[[[107.4594443684897,-7.002497299889125],[107.4599762940728,-6.99777737916932],[107.45604215951298,-6.995213007478001],[107.45157600496266,-6.997368754987673],[107.4510441745872,-7.002088827620746],[107.45497840354533,-7.0046530008394745],[107.4594443684897,-7.002497299889125]]]},"properties":{"h3":"888c14603dfffff","incumbentScore":0,"method":"modeled_from_supply_density","realData":false}},{"type":"Feature","geometry":{"type":"Polygon","coordinates":[[[107.42476739883688,-6.8226536577401315],[107.42529923624329,-6.8179244650615916],[107.42136156301066,-6.8153520424393035],[107.41689195825434,-6.81750901057675],[107.41636021631285,-6.82223835540757],[107.42029798365373,-6.824810579957249],[107.42476739883688,-6.8226536577401315]]]},"properties":{"h3":"888c10d20bfffff","incumbentScore":0,"method":"modeled_from_supply_density","realData":false}},{"type":"Feature","geometry":{"type":"Polygon","coordinates":[[[107.23221863473087,-6.955764503149439],[107.23274803517522,-6.951038769418263],[107.228805109077,-6.948468520414349],[107.22433269072127,-6.950624202820295],[107.22380338647247,-6.95535008629887],[107.22774640437478,-6.957920137632846],[107.23221863473087,-6.955764503149439]]]},"properties":{"h3":"888c109869fffff","incumbentScore":0,"method":"modeled_from_supply_density","realData":false}},{"type":"Feature","geometry":{"type":"Polygon","coordinates":[[[107.5878016337094,-6.837806550897871],[107.58833530422329,-6.83308067154725],[107.5844037665003,-6.830511697948381],[107.57993846228108,-6.832668802325517],[107.57940488653085,-6.837394835442412],[107.58333652022709,-6.839963610424373],[107.5878016337094,-6.837806550897871]]]},"properties":{"h3":"888c16b499fffff","incumbentScore":0.001,"method":"modeled_from_supply_density","realData":false}},{"type":"Feature","geometry":{"type":"Polygon","coordinates":[[[107.3645344276009,-6.8696047037392445],[107.3650654950547,-6.864876838004862],[107.36112623642704,-6.862305315043832],[107.3566558169513,-6.864461855782632],[107.35612484518838,-6.869189872899664],[107.36006419720123,-6.871761197903874],[107.3645344276009,-6.8696047037392445]]]},"properties":{"h3":"888c146d13fffff","incumbentScore":0,"method":"modeled_from_supply_density","realData":false}},{"type":"Feature","geometry":{"type":"Polygon","coordinates":[[[107.20086375400668,-7.046842796860544],[107.20139263811897,-7.042121027645354],[107.19744974637632,-7.0395539986079125],[107.19297787912515,-7.04170893650591],[107.19244909128376,-7.046430854851301],[107.19639207441365,-7.048997686177277],[107.20086375400668,-7.046842796860544]]]},"properties":{"h3":"888c109105fffff","incumbentScore":0,"method":"modeled_from_supply_density","realData":false}},{"type":"Feature","geometry":{"type":"Polygon","coordinates":[[[107.42945808959608,-7.043744753998383],[107.42998960201248,-7.039026376201637],[107.42605490198791,-7.036463195267067],[107.42158859550953,-7.038618590578757],[107.42105717840234,-7.043337119846779],[107.42499197245522,-7.045900102340469],[107.42945808959608,-7.043744753998383]]]},"properties":{"h3":"888c1462a3fffff","incumbentScore":0,"method":"modeled_from_supply_density","realData":false}},{"type":"Feature","geometry":{"type":"Polygon","coordinates":[[[107.56920933348056,-6.815507023217054],[107.56974283086569,-6.810779771288037],[107.56581032994858,-6.808209550665303],[107.5613442358635,-6.810366780501165],[107.56081083333471,-6.815094186080936],[107.56474343002554,-6.817664208182552],[107.56920933348056,-6.815507023217054]]]},"properties":{"h3":"888c146961fffff","incumbentScore":0.001,"method":"modeled_from_supply_density","realData":false}},{"type":"Feature","geometry":{"type":"Polygon","coordinates":[[[107.38997878480409,-6.906503226791602],[107.39051008063005,-6.901777547558156],[107.38657220991242,-6.899207989022724],[107.38210294970324,-6.901364307827557],[107.38157174943784,-6.9060901385831315],[107.38550971381198,-6.90865949902037],[107.38997878480409,-6.906503226791602]]]},"properties":{"h3":"888c146c6dfffff","incumbentScore":0,"method":"modeled_from_supply_density","realData":false}},{"type":"Feature","geometry":{"type":"Polygon","coordinates":[[[107.43338778607217,-6.858736504189297],[107.43391966028537,-6.854009191236658],[107.42998275709205,-6.851438408274423],[107.4255138854908,-6.853595136432929],[107.42498210668387,-6.858322601507858],[107.42891910406287,-6.86089318631057],[107.43338778607217,-6.858736504189297]]]},"properties":{"h3":"888c1468bbfffff","incumbentScore":0.001,"method":"modeled_from_supply_density","realData":false}},{"type":"Feature","geometry":{"type":"Polygon","coordinates":[[[107.24086940303273,-6.991820039593519],[107.24139884159328,-6.9870961965221525],[107.2374566831791,-6.984527585596676],[107.23298499431245,-6.986683015506155],[107.23245565188876,-6.991407008296249],[107.23639790218581,-6.993975421466888],[107.24086940303273,-6.991820039593519]]]},"properties":{"h3":"888c109a29fffff","incumbentScore":0,"method":"modeled_from_supply_density","realData":false}},{"type":"Feature","geometry":{"type":"Polygon","coordinates":[[[107.35201614116879,-7.018624208972765],[107.35254681038893,-7.013903394988677],[107.34860898984475,-7.011337820972798],[107.34414040692012,-7.013493259103836],[107.34360983335185,-7.018214223853994],[107.34754774704729,-7.020779599715732],[107.35201614116879,-7.018624208972765]]]},"properties":{"h3":"888c146509fffff","incumbentScore":0,"method":"modeled_from_supply_density","realData":false}},{"type":"Feature","geometry":{"type":"Polygon","coordinates":[[[107.38750899059296,-6.777997931773974],[107.38804047790121,-6.7732660000891585],[107.38410088883687,-6.770691094621747],[107.3796297187497,-6.772848318726704],[107.37909832709151,-6.777580402327652],[107.38303800986137,-6.780155109916111],[107.38750899059296,-6.777997931773974]]]},"properties":{"h3":"888c10d019fffff","incumbentScore":0,"method":"modeled_from_supply_density","realData":false}},{"type":"Feature","geometry":{"type":"Polygon","coordinates":[[[107.49123618049609,-6.982686579616387],[107.49176850277517,-6.977966194174219],[107.48783527345601,-6.975401554079863],[107.4833696270729,-6.9775574979791175],[107.48283739987893,-6.982278035723688],[107.48677072397385,-6.984842477275158],[107.49123618049609,-6.982686579616387]]]},"properties":{"h3":"888c146157fffff","incumbentScore":0,"method":"modeled_from_supply_density","realData":false}},{"type":"Feature","geometry":{"type":"Polygon","coordinates":[[[107.47637925616093,-6.739582233246729],[107.47691182567974,-6.734849852260401],[107.4729749752796,-6.732274890649971],[107.4685054605983,-6.734432508132813],[107.46797298637661,-6.739165042070908],[107.47190993152998,-6.741739805582934],[107.47637925616093,-6.739582233246729]]]},"properties":{"h3":"888c10d325fffff","incumbentScore":0,"method":"modeled_from_supply_density","realData":false}},{"type":"Feature","geometry":{"type":"Polygon","coordinates":[[[107.49561476376236,-6.868924108318324],[107.49614733111049,-6.864198269345474],[107.49221281952248,-6.861628985382317],[107.48774564568161,-6.863785738775305],[107.48721317346971,-6.868511730472119],[107.49114777995335,-6.8710808160605295],[107.49561476376236,-6.868924108318324]]]},"properties":{"h3":"888c146815fffff","incumbentScore":0.31,"method":"modeled_from_supply_density","realData":false}},{"type":"Feature","geometry":{"type":"Polygon","coordinates":[[[107.30975141704258,-6.9809493827558],[107.31028166587085,-6.9762260742948765],[107.30634184379193,-6.973658206125461],[107.30187168018975,-6.975813844385138],[107.3013415272149,-6.98053730330459],[107.30528144197974,-6.983104973514543],[107.30975141704258,-6.9809493827558]]]},"properties":{"h3":"888c146ed3fffff","incumbentScore":0,"method":"modeled_from_supply_density","realData":false}},{"type":"Feature","geometry":{"type":"Polygon","coordinates":[[[107.57780424440654,-6.851571616192621],[107.57833777759406,-6.8468462424261505],[107.57440604798617,-6.844277666056554],[107.56994068933156,-6.846434662069663],[107.56940725094182,-6.85116018945494],[107.5733390763998,-6.853728567216774],[107.57780424440654,-6.851571616192621]]]},"properties":{"h3":"888c146b21fffff","incumbentScore":0,"method":"modeled_from_supply_density","realData":false}},{"type":"Feature","geometry":{"type":"Polygon","coordinates":[[[107.32702162020084,-7.05300075728344],[107.32755194410032,-7.048281235170784],[107.32361365841783,-7.0457166518718966],[107.31914495598456,-7.047871788821511],[107.31861472782118,-7.052591461332145],[107.32255310634596,-7.0551558465038795],[107.32702162020084,-7.05300075728344]]]},"properties":{"h3":"888c146463fffff","incumbentScore":0,"method":"modeled_from_supply_density","realData":false}},{"type":"Feature","geometry":{"type":"Polygon","coordinates":[[[107.39222812510135,-6.999224613360393],[107.39275928802086,-6.994503479690071],[107.38882267459293,-6.991937800744083],[107.3843548046099,-6.994093453729759],[107.38382373718439,-6.99881473863999],[107.38776044423885,-7.001380219333288],[107.39222812510135,-6.999224613360393]]]},"properties":{"h3":"888c1460b1fffff","incumbentScore":0,"method":"modeled_from_supply_density","realData":false}},{"type":"Feature","geometry":{"type":"Polygon","coordinates":[[[107.39860301471366,-6.94255637467817],[107.39913434756879,-6.937832581458786],[107.39519724617283,-6.935264664514678],[107.39072871817845,-6.9374207389821745],[107.3901974808252,-6.942144683693289],[107.39413467595536,-6.944712402453802],[107.39860301471366,-6.94255637467817]]]},"properties":{"h3":"888c146e2dfffff","incumbentScore":0,"method":"modeled_from_supply_density","realData":false}},{"type":"Feature","geometry":{"type":"Polygon","coordinates":[[[107.3324850616615,-6.853758267514754],[107.33301578863521,-6.849029134680253],[107.32907517221471,-6.846456405629651],[107.32460373578685,-6.848613007250226],[107.32407310464912,-6.853342291190777],[107.3280138140942,-6.855914822413353],[107.3324850616615,-6.853758267514754]]]},"properties":{"h3":"888c146d87fffff","incumbentScore":0,"method":"modeled_from_supply_density","realData":false}},{"type":"Feature","geometry":{"type":"Polygon","coordinates":[[[107.46125056432818,-7.023938026421413],[107.46178247376851,-7.019219180060797],[107.45784867671905,-7.0166557311463205],[107.4533828758142,-7.018811327112791],[107.45285106156068,-7.02353032533373],[107.45678495301614,-7.026093575736485],[107.46125056432818,-7.023938026421413]]]},"properties":{"h3":"888c14600bfffff","incumbentScore":0,"method":"modeled_from_supply_density","realData":false}},{"type":"Feature","geometry":{"type":"Polygon","coordinates":[[[107.37887822328618,-6.741875024475412],[107.3794096734486,-6.737141218593782],[107.37546931434403,-6.73456467803992],[107.37099741144031,-6.736722141166662],[107.3704660569867,-6.741456098992934],[107.37440650971891,-6.744032441756428],[107.37887822328618,-6.741875024475412]]]},"properties":{"h3":"888c10d1d9fffff","incumbentScore":0,"method":"modeled_from_supply_density","realData":false}},{"type":"Feature","geometry":{"type":"Polygon","coordinates":[[[107.5404107242156,-6.771295949027072],[107.54094396966167,-6.766566108659419],[107.53700985583568,-6.763993560004392],[107.53254240108426,-6.766151050081429],[107.53200925064404,-6.770881043951818],[107.53594345994026,-6.773453394250934],[107.5404107242156,-6.771295949027072]]]},"properties":{"h3":"888c16a6ebfffff","incumbentScore":0,"method":"modeled_from_supply_density","realData":false}},{"type":"Feature","geometry":{"type":"Polygon","coordinates":[[[107.68333921521683,-6.813975672160857],[107.68387401093713,-6.809250173963601],[107.6799456824351,-6.806681873018339],[107.67548246112149,-6.808839269158697],[107.67494775977237,-6.81356492217326],[107.67887618535651,-6.816133024238547],[107.68333921521683,-6.813975672160857]]]},"properties":{"h3":"888c16b467fffff","incumbentScore":0,"method":"modeled_from_supply_density","realData":false}},{"type":"Feature","geometry":{"type":"Polygon","coordinates":[[[107.48700571096296,-6.832854599162029],[107.48753824194031,-6.828126880174646],[107.48360295982759,-6.825555954075728],[107.47913505190984,-6.827712945260946],[107.47860261612738,-6.832440817003277],[107.48253799305873,-6.8350115448139865],[107.48700571096296,-6.832854599162029]]]},"properties":{"h3":"888c1469d5fffff","incumbentScore":0,"method":"modeled_from_supply_density","realData":false}},{"type":"Feature","geometry":{"type":"Polygon","coordinates":[[[107.33565292785212,-7.089001992411518],[107.33618328918398,-7.084284367230507],[107.33224577154641,-7.081721428778237],[107.32777779964765,-7.083876313725619],[107.3272475339933,-7.088594089273602],[107.33118514455117,-7.09115682951595],[107.33565292785212,-7.089001992411518]]]},"properties":{"h3":"888c146623fffff","incumbentScore":0,"method":"modeled_from_supply_density","realData":false}},{"type":"Feature","geometry":{"type":"Polygon","coordinates":[[[107.41730865449748,-6.7009423559105485],[107.41784061480716,-6.6962071875380484],[107.41390112901509,-6.693629621330527],[107.4094295888084,-6.695787421347787],[107.40889772407003,-6.700522742191913],[107.41283730395797,-6.703100110555715],[107.41730865449748,-6.7009423559105485]]]},"properties":{"h3":"888c10d133fffff","incumbentScore":0,"method":"modeled_from_supply_density","realData":false}},{"type":"Feature","geometry":{"type":"Polygon","coordinates":[[[107.3227078733694,-6.903193657628988],[107.3232384037089,-6.8984667685872605],[107.31929806181334,-6.8958959107881235],[107.3148270966872,-6.898052139916438],[107.31429666219447,-6.902779179803196],[107.31823709697206,-6.905349839725278],[107.3227078733694,-6.903193657628988]]]},"properties":{"h3":"888c146ce1fffff","incumbentScore":0,"method":"modeled_from_supply_density","realData":false}},{"type":"Feature","geometry":{"type":"Polygon","coordinates":[[[107.27269755243853,-6.972007585577233],[107.27322739087096,-6.967283267652524],[107.26928612294078,-6.964714388397143],[107.26481492430621,-6.966870024901373],[107.26428518188888,-6.9715944929350275],[107.26822654208198,-6.9741631743642385],[107.27269755243853,-6.972007585577233]]]},"properties":{"h3":"888c109b43fffff","incumbentScore":0,"method":"modeled_from_supply_density","realData":false}},{"type":"Feature","geometry":{"type":"Polygon","coordinates":[[[107.6026039694221,-6.781494902916794],[107.60313790497177,-6.776766545045391],[107.59920619699277,-6.774195494340491],[107.59474045727715,-6.776353000085922],[107.5942066164625,-6.781081512060962],[107.59813842061932,-6.783652364195373],[107.6026039694221,-6.781494902916794]]]},"properties":{"h3":"888c16a645fffff","incumbentScore":0.002,"method":"modeled_from_supply_density","realData":false}},{"type":"Feature","geometry":{"type":"Polygon","coordinates":[[[107.3395287327719,-6.90402209213682],[107.34005945469765,-6.899295505039327],[107.3361197297627,-6.896724971813846],[107.33164918981707,-6.89888122362695],[107.33111856366656,-6.903607961738911],[107.33505838167737,-6.90617829703197],[107.3395287327719,-6.90402209213682]]]},"properties":{"h3":"888c146c3bfffff","incumbentScore":0,"method":"modeled_from_supply_density","realData":false}},{"type":"Feature","geometry":{"type":"Polygon","coordinates":[[[107.35545655336661,-6.762128509866483],[107.35598770038837,-6.757395311987848],[107.35204675135071,-6.754819203404926],[107.34757456193731,-6.756976490458723],[107.34704351071099,-6.7617098399760405],[107.35098455309355,-6.764285750809502],[107.35545655336661,-6.762128509866483]]]},"properties":{"h3":"888c10d08dfffff","incumbentScore":0,"method":"modeled_from_supply_density","realData":false}},{"type":"Feature","geometry":{"type":"Polygon","coordinates":[[[107.45263970820386,-6.987927944505043],[107.45317158107054,-6.983207206754851],[107.44923701456051,-6.980642111160759],[107.44477048084585,-6.982797951753524],[107.44423870322458,-6.9875188413961515],[107.44817336406348,-6.990083738562189],[107.45263970820386,-6.987927944505043]]]},"properties":{"h3":"888c1461cbfffff","incumbentScore":0,"method":"modeled_from_supply_density","realData":false}},{"type":"Feature","geometry":{"type":"Polygon","coordinates":[[[107.45700527636964,-6.874156421639354],[107.45753739405876,-6.869430226698039],[107.4536015439601,-6.866860490258606],[107.44913348171501,-6.869017147029167],[107.44860145932265,-6.873743494283306],[107.45253740386957,-6.876313032462632],[107.45700527636964,-6.874156421639354]]]},"properties":{"h3":"888c146889fffff","incumbentScore":0.001,"method":"modeled_from_supply_density","realData":false}},{"type":"Feature","geometry":{"type":"Polygon","coordinates":[[[107.43041087031874,-6.9227394980778305],[107.43094260090248,-6.918015240593849],[107.4270064009837,-6.915447054719143],[107.42253837635951,-6.917603324590665],[107.4220067411553,-6.922327733956138],[107.42594303518668,-6.924895721577196],[107.43041087031874,-6.9227394980778305]]]},"properties":{"h3":"888c146f47fffff","incumbentScore":0,"method":"modeled_from_supply_density","realData":false}},{"type":"Feature","geometry":{"type":"Polygon","coordinates":[[[107.3399982030448,-6.711368010719866],[107.34052925937804,-6.706632130309082],[107.33658710892351,-6.704053671061749],[107.33211380892999,-6.706211289847403],[107.33158284848881,-6.710947321901683],[107.33552509214005,-6.713525583535431],[107.3399982030448,-6.711368010719866]]]},"properties":{"h3":"888c10c26bfffff","incumbentScore":0,"method":"modeled_from_supply_density","realData":false}},{"type":"Feature","geometry":{"type":"Polygon","coordinates":[[[107.51282528191436,-6.941014451446505],[107.51335792179903,-6.936292380102016],[107.50942495094432,-6.93372638526589],[107.5049592451466,-6.935882660328506],[107.50442670028099,-6.940604884333508],[107.50835976618497,-6.9431706806239415],[107.51282528191436,-6.941014451446505]]]},"properties":{"h3":"888c146125fffff","incumbentScore":0.001,"method":"modeled_from_supply_density","realData":false}},{"type":"Feature","geometry":{"type":"Polygon","coordinates":[[[107.33134410945401,-6.939257965726109],[107.33187467729208,-6.934532962938078],[107.32793510414494,-6.931963744336806],[107.32346487019045,-6.934119726494948],[107.32293439814046,-6.938844880098611],[107.32687406424782,-6.941413900737173],[107.33134410945401,-6.939257965726109]]]},"properties":{"h3":"888c146ea1fffff","incumbentScore":0,"method":"modeled_from_supply_density","realData":false}},{"type":"Feature","geometry":{"type":"Polygon","coordinates":[[[107.2983902098864,-7.044487294088684],[107.29892021977238,-7.039766911893477],[107.29498079525722,-7.037201477495542],[107.29051126833028,-7.0393566233235925],[107.28998135430635,-7.0440771556528805],[107.29392087133827,-7.046642392028759],[107.2983902098864,-7.044487294088684]]]},"properties":{"h3":"888c146431fffff","incumbentScore":0,"method":"modeled_from_supply_density","realData":false}},{"type":"Feature","geometry":{"type":"Polygon","coordinates":[[[107.36564232644987,-7.047762056709825],[107.36617310194713,-7.043042878624121],[107.36223614312846,-7.040478750796317],[107.35776831551262,-7.042633999305831],[107.35723763559176,-7.04735332820024],[107.36117468770131,-7.049917257785115],[107.36564232644987,-7.047762056709825]]]},"properties":{"h3":"888c14673dfffff","incumbentScore":0,"method":"modeled_from_supply_density","realData":false}},{"type":"Feature","geometry":{"type":"Polygon","coordinates":[[[107.45339017118582,-6.831198436999498],[107.45392232116828,-6.826470107499132],[107.44998579533544,-6.823898531851986],[107.44551702507826,-6.826055483891975],[107.44498497043422,-6.830783965809344],[107.44892159069983,-6.833355343278283],[107.45339017118582,-6.831198436999498]]]},"properties":{"h3":"888c10d24dfffff","incumbentScore":0.002,"method":"modeled_from_supply_density","realData":false}},{"type":"Feature","geometry":{"type":"Polygon","coordinates":[[[107.39316677227389,-6.878145837961527],[107.39369815310877,-6.873418833706771],[107.3897600382339,-6.870848157892547],[107.38529044880468,-6.873004684404188],[107.38475916353433,-6.8777318403065495],[107.38869737211958,-6.880302318058288],[107.39316677227389,-6.878145837961527]]]},"properties":{"h3":"888c146d55fffff","incumbentScore":0,"method":"modeled_from_supply_density","realData":false}},{"type":"Feature","geometry":{"type":"Polygon","coordinates":[[[107.45805940506357,-7.052246440922339],[107.4585912295413,-7.04752892728442],[107.45465767553922,-7.044966600137069],[107.45019220269829,-7.047121985181525],[107.44966047340353,-7.051839650553014],[107.45359412175767,-7.054401779155097],[107.45805940506357,-7.052246440922339]]]},"properties":{"h3":"888c1462e5fffff","incumbentScore":0,"method":"modeled_from_supply_density","realData":false}},{"type":"Feature","geometry":{"type":"Polygon","coordinates":[[[107.51180262685517,-6.7627473846471045],[107.51233556090772,-6.758016678619468],[107.5084002944864,-6.755443282993295],[107.50393199885676,-6.757600791653753],[107.50339915993678,-6.762331650919859],[107.50733452150479,-6.764904848295558],[107.51180262685517,-6.7627473846471045]]]},"properties":{"h3":"888c16a6b9fffff","incumbentScore":0,"method":"modeled_from_supply_density","realData":false}},{"type":"Feature","geometry":{"type":"Polygon","coordinates":[[[107.65476848747556,-6.805448154490567],[107.65530297403396,-6.800721786016112],[107.65137348549753,-6.7981526338233715],[107.64690941363304,-6.800310048889068],[107.64637502157285,-6.805036571918806],[107.65030460686982,-6.807605525335986],[107.65476848747556,-6.805448154490567]]]},"properties":{"h3":"888c16b435fffff","incumbentScore":0.002,"method":"modeled_from_supply_density","realData":false}},{"type":"Feature","geometry":{"type":"Polygon","coordinates":[[[107.48679820050624,-6.797183905871756],[107.48733079026195,-6.792454462284365],[107.48339504872453,-6.789882057866784],[107.47892662258434,-6.7920392952735575],[107.47839412804628,-6.796768891730916],[107.4823299644217,-6.799341097920053],[107.48679820050624,-6.797183905871756]]]},"properties":{"h3":"888c1469a3fffff","incumbentScore":0,"method":"modeled_from_supply_density","realData":false}},{"type":"Feature","geometry":{"type":"Polygon","coordinates":[[[107.4409416386215,-6.716402995755133],[107.44147384286275,-6.711668941703594],[107.43753541054011,-6.709092416526042],[107.43306467960802,-6.711250143354334],[107.43253257082843,-6.715984350069897],[107.43647109751014,-6.718560677301685],[107.4409416386215,-6.716402995755133]]]},"properties":{"h3":"888c10d101fffff","incumbentScore":0,"method":"modeled_from_supply_density","realData":false}},{"type":"Feature","geometry":{"type":"Polygon","coordinates":[[[107.24404624660279,-6.963473647974396],[107.24457577004941,-6.958748471975175],[107.24063336568726,-6.956178745228452],[107.23616134593301,-6.958334392210031],[107.23563191862739,-6.963059718052754],[107.23957441492601,-6.965629247079139],[107.24404624660279,-6.963473647974396]]]},"properties":{"h3":"888c109b11fffff","incumbentScore":0,"method":"modeled_from_supply_density","realData":false}},{"type":"Feature","geometry":{"type":"Polygon","coordinates":[[[107.55221188652169,-6.779011989886603],[107.5527452531213,-6.774282708657391],[107.5488116683297,-6.771710683015519],[107.54434462132834,-6.773868137017711],[107.54381134967964,-6.778597571844752],[107.54774503007232,-6.781169399080264],[107.55221188652169,-6.779011989886603]]]},"properties":{"h3":"888c16a613fffff","incumbentScore":0,"method":"modeled_from_supply_density","realData":false}},{"type":"Feature","geometry":{"type":"Polygon","coordinates":[[[107.36316316767258,-6.919440515087263],[107.3636941342174,-6.9147150449154235],[107.35975545800763,-6.912145557403071],[107.35528572190455,-6.914301738104286],[107.35475485102563,-6.91902735948185],[107.35869362057484,-6.921596648961124],[107.36316316767258,-6.919440515087263]]]},"properties":{"h3":"888c146c09fffff","incumbentScore":0,"method":"modeled_from_supply_density","realData":false}},{"type":"Feature","geometry":{"type":"Polygon","coordinates":[[[107.24769411756263,-7.006402641246052],[107.24822360978563,-7.001679615051308],[107.24428188116009,-6.99911172487409],[107.23981056834924,-7.0012670587000585],[107.2392811722253,-7.005990234635803],[107.24322299280412,-7.00855792701333],[107.24769411756263,-7.006402641246052]]]},"properties":{"h3":"888c109a6bfffff","incumbentScore":0,"method":"modeled_from_supply_density","realData":false}},{"type":"Feature","geometry":{"type":"Polygon","coordinates":[[[107.35882971780894,-7.033194674075272],[107.35936044018538,-7.028474677838187],[107.35542305048962,-7.025909826737196],[107.3509548451873,-7.028065170080559],[107.35042421842499,-7.0327853171050885],[107.35436170134184,-7.035349970007482],[107.35882971780894,-7.033194674075272]]]},"properties":{"h3":"888c14654bfffff","incumbentScore":0,"method":"modeled_from_supply_density","realData":false}},{"type":"Feature","geometry":{"type":"Polygon","coordinates":[[[107.39432446666972,-6.792609310605442],[107.39485600705765,-6.787878190102729],[107.39091684987,-6.785304003833557],[107.38644605850999,-6.787461136000923],[107.38591461373431,-6.792192408442164],[107.38985386469732,-6.794766396786098],[107.39432446666972,-6.792609310605442]]]},"properties":{"h3":"888c10d05bfffff","incumbentScore":0,"method":"modeled_from_supply_density","realData":false}},{"type":"Feature","geometry":{"type":"Polygon","coordinates":[[[107.5024179243252,-6.883512049851458],[107.5029505442376,-6.878787024703157],[107.4990164653626,-6.876218463205496],[107.4945496716012,-6.87837512528482],[107.49401714678724,-6.883100303178275],[107.49795132062715,-6.885668666255803],[107.5024179243252,-6.883512049851458]]]},"properties":{"h3":"888c146857fffff","incumbentScore":0.002,"method":"modeled_from_supply_density","realData":false}},{"type":"Feature","geometry":{"type":"Polygon","coordinates":[[[107.48318708956064,-6.754194623382221],[107.48371971177377,-6.74946305262369],[107.47978329425395,-6.746888810889135],[107.4753141596892,-6.749046338066482],[107.47478163273539,-6.753778061798783],[107.47871814507786,-6.7563521053884985],[107.48318708956064,-6.754194623382221]]]},"properties":{"h3":"888c10d367fffff","incumbentScore":0,"method":"modeled_from_supply_density","realData":false}},{"type":"Feature","geometry":{"type":"Polygon","coordinates":[[[107.42403120830915,-6.97941333116242],[107.42456276890404,-6.9746917296554996],[107.42062705619261,-6.97212578233038],[107.4161596888724,-6.974281634844099],[107.41562822364918,-6.979003387980399],[107.41956403036542,-6.9815691369822135],[107.42403120830915,-6.97941333116242]]]},"properties":{"h3":"888c146199fffff","incumbentScore":0,"method":"modeled_from_supply_density","realData":false}},{"type":"Feature","geometry":{"type":"Polygon","coordinates":[[[107.40179122432001,-6.91421029678123],[107.40232264216863,-6.909485176479089],[107.39838529678369,-6.90691614131592],[107.39391643975296,-6.909072424611912],[107.39338511741019,-6.9137976965315096],[107.39732255658318,-6.9163665335462685],[107.40179122432001,-6.91421029678123]]]},"properties":{"h3":"888c146f15fffff","incumbentScore":0,"method":"modeled_from_supply_density","realData":false}},{"type":"Feature","geometry":{"type":"Polygon","coordinates":[[[107.26634059485858,-7.02868206795026],[107.26687026351546,-7.023960417691822],[107.26292948671171,-7.021393772201296],[107.25845894908629,-7.023548974872451],[107.25792937643621,-7.028270774989648],[107.26187024539574,-7.03083722258569],[107.26634059485858,-7.02868206795026]]]},"properties":{"h3":"888c1464a5fffff","incumbentScore":0,"method":"modeled_from_supply_density","realData":false}},{"type":"Feature","geometry":{"type":"Polygon","coordinates":[[[107.38613386313317,-6.827877843774337],[107.38666524940422,-6.823148297307054],[107.38272624277184,-6.820575424502426],[107.3782557561998,-6.8227322961312655],[107.37772446555397,-6.82746199433836],[107.38166356584588,-6.830034669185418],[107.38613386313317,-6.827877843774337]]]},"properties":{"h3":"888c10d2c1fffff","incumbentScore":0,"method":"modeled_from_supply_density","realData":false}},{"type":"Feature","geometry":{"type":"Polygon","coordinates":[[[107.47061778078563,-6.903332466732756],[107.47115000391031,-6.89860790004577],[107.46721501846116,-6.896039607908751],[107.46274771529104,-6.898196080818116],[107.46221558738752,-6.902920799860623],[107.46615066742385,-6.905488893646819],[107.47061778078563,-6.903332466732756]]]},"properties":{"h3":"888c146abdfffff","incumbentScore":0,"method":"modeled_from_supply_density","realData":false}},{"type":"Feature","geometry":{"type":"Polygon","coordinates":[[[107.35453201489997,-6.88337259966731],[107.35506294416317,-6.878645244892133],[107.35112349882698,-6.8760741178399],[107.34665303095709,-6.878230543518637],[107.34612219741852,-6.882958049529192],[107.35006173601614,-6.8855289786342775],[107.35453201489997,-6.88337259966731]]]},"properties":{"h3":"888c146dc9fffff","incumbentScore":0,"method":"modeled_from_supply_density","realData":false}},{"type":"Feature","geometry":{"type":"Polygon","coordinates":[[[107.36745594654704,-7.069199562467575],[107.36798670613925,-7.064481461525285],[107.36405008486565,-7.061918255615453],[107.3595826106919,-7.06407334893826],[107.35905194665521,-7.068791600636747],[107.36298866122773,-7.071354608264913],[107.36745594654704,-7.069199562467575]]]},"properties":{"h3":"888c14670bfffff","incumbentScore":0,"method":"modeled_from_supply_density","realData":false}},{"type":"Feature","geometry":{"type":"Polygon","coordinates":[[[107.40295108745507,-6.828709025768955],[107.40348266486905,-6.823979783035487],[107.39954427760512,-6.8214072342772685],[107.39507421906505,-6.823564126273931],[107.39454273720463,-6.828293520916655],[107.39848121832163,-6.83086587166207],[107.40295108745507,-6.828709025768955]]]},"properties":{"h3":"888c10d21bfffff","incumbentScore":0,"method":"modeled_from_supply_density","realData":false}},{"type":"Feature","geometry":{"type":"Polygon","coordinates":[[[107.51102283438752,-6.919558285363632],[107.51155549055159,-6.914835143765099],[107.50762218208165,-6.912268226789062],[107.50315612239686,-6.914424649925777],[107.5026235612727,-6.919147944237736],[107.50655696478431,-6.921714662708104],[107.51102283438752,-6.919558285363632]]]},"properties":{"h3":"888c146a17fffff","incumbentScore":0,"method":"modeled_from_supply_density","realData":false}},{"type":"Feature","geometry":{"type":"Polygon","coordinates":[[[107.61619262846204,-6.810684865839017],[107.61672666820392,-6.805958131454125],[107.61279582829927,-6.803388526201696],[107.60833085232814,-6.805545854004766],[107.60779690724563,-6.810272742534987],[107.61172784346579,-6.81284214912526],[107.61619262846204,-6.810684865839017]]]},"properties":{"h3":"888c16b4a9fffff","incumbentScore":0.156,"method":"modeled_from_supply_density","realData":false}},{"type":"Feature","geometry":{"type":"Polygon","coordinates":[[[107.39294837666549,-6.842480383473215],[107.39347981600534,-6.837751649566571],[107.38954124109712,-6.835179496829303],[107.38507113311064,-6.837336276010752],[107.38453978935819,-6.842065161679346],[107.38847845799576,-6.844637116413162],[107.39294837666549,-6.842480383473215]]]},"properties":{"h3":"888c146d23fffff","incumbentScore":0,"method":"modeled_from_supply_density","realData":false}},{"type":"Feature","geometry":{"type":"Polygon","coordinates":[[[107.65655979396033,-6.826919478789268],[107.65709426387139,-6.822194174267006],[107.65316511297893,-6.819625944653099],[107.64870139539865,-6.821783218386601],[107.64816701996511,-6.8265086774108115],[107.65209626762524,-6.829076708207987],[107.65655979396033,-6.826919478789268]]]},"properties":{"h3":"888c16b403fffff","incumbentScore":0,"method":"modeled_from_supply_density","realData":false}},{"type":"Feature","geometry":{"type":"Polygon","coordinates":[[[107.52020556535216,-6.763162947401148],[107.52073859450134,-6.758432394696519],[107.51680363990519,-6.755859161162454],[107.51233556090772,-6.758016678619468],[107.51180262685517,-6.7627473846471045],[107.51573767669436,-6.765320419903231],[107.52020556535216,-6.763162947401148]]]},"properties":{"h3":"888c16a687fffff","incumbentScore":0,"method":"modeled_from_supply_density","realData":false}},{"type":"Feature","geometry":{"type":"Polygon","coordinates":[[[107.40765794447482,-7.049803056064784],[107.4081891973179,-7.045084633285189],[107.4042537840685,-7.042521323355229],[107.39978702419326,-7.044676634594063],[107.39925586674784,-7.049395208603138],[107.40319137377092,-7.0519583201525595],[107.40765794447482,-7.049803056064784]]]},"properties":{"h3":"888c1462b3fffff","incumbentScore":0,"method":"modeled_from_supply_density","realData":false}},{"type":"Feature","geometry":{"type":"Polygon","coordinates":[[[107.46381201361827,-6.888745980656966],[107.46434418404289,-6.884020599638396],[107.46040876625509,-6.881451585169694],[107.45594108351582,-6.883608150033659],[107.45540900835014,-6.888333683386461],[107.45934452065569,-6.890902499549634],[107.46381201361827,-6.888745980656966]]]},"properties":{"h3":"888c1468cbfffff","incumbentScore":0.001,"method":"modeled_from_supply_density","realData":false}},{"type":"Feature","geometry":{"type":"Polygon","coordinates":[[[107.2190402848288,-6.997873041297955],[107.2195694617642,-6.993149157678564],[107.21562659833943,-6.990580419480955],[107.21115446634359,-6.992735762605432],[107.21062538563308,-6.997459795700452],[107.21456834068447,-7.000028336204137],[107.2190402848288,-6.997873041297955]]]},"properties":{"h3":"888c109a39fffff","incumbentScore":0,"method":"modeled_from_supply_density","realData":false}},{"type":"Feature","geometry":{"type":"Polygon","coordinates":[[[107.41592869445715,-6.750857346375688],[107.41646055359048,-6.7461245541992945],[107.41252165009108,-6.7435490187078795],[107.4080507933995,-6.745706473325743],[107.40751902981263,-6.7504394177978035],[107.4114580273618,-6.753014755364927],[107.41592869445715,-6.750857346375688]]]},"properties":{"h3":"888c10d029fffff","incumbentScore":0,"method":"modeled_from_supply_density","realData":false}},{"type":"Feature","geometry":{"type":"Polygon","coordinates":[[[107.33020377583199,-7.024680285925789],[107.33073418462851,-7.019959428687297],[107.32679565420594,-7.017393726428246],[107.32232662208185,-7.019549079509971],[107.3217963090255,-7.024270087272206],[107.32573493234402,-7.02683559143767],[107.33020377583199,-7.024680285925789]]]},"properties":{"h3":"888c146519fffff","incumbentScore":0,"method":"modeled_from_supply_density","realData":false}},{"type":"Feature","geometry":{"type":"Polygon","coordinates":[[[107.40287730579963,-7.092258846231578],[107.4034084312659,-7.08754242701489],[107.39947338356536,-7.084980798994879],[107.39500711669653,-7.087135788630372],[107.39447608662202,-7.091852358886796],[107.39841122801555,-7.09441378847665],[107.40287730579963,-7.092258846231578]]]},"properties":{"h3":"888c1475a1fffff","incumbentScore":0,"method":"modeled_from_supply_density","realData":false}},{"type":"Feature","geometry":{"type":"Polygon","coordinates":[[[107.51962521613278,-6.955588274185619],[107.52015790848019,-6.950867018660557],[107.51622537030983,-6.948301747816691],[107.51176004466451,-6.950457931096918],[107.51122744729842,-6.955179339303171],[107.51516008058722,-6.957744411556548],[107.51962521613278,-6.955588274185619]]]},"properties":{"h3":"888c146167fffff","incumbentScore":0,"method":"modeled_from_supply_density","realData":false}},{"type":"Feature","geometry":{"type":"Polygon","coordinates":[[[107.5240136966221,-6.841804620912298],[107.52454663425623,-6.8370779201907785],[107.5206128145976,-6.834508005357689],[107.51614596205717,-6.836664989675463],[107.5156131194554,-6.841391843500072],[107.5195470343526,-6.843961559912347],[107.5240136966221,-6.841804620912298]]]},"properties":{"h3":"888c146825fffff","incumbentScore":0.156,"method":"modeled_from_supply_density","realData":false}},{"type":"Feature","geometry":{"type":"Polygon","coordinates":[[[107.45456412371036,-6.745637669416835],[107.45509643363835,-6.74090523485837],[107.45115886651988,-6.738330147880714],[107.44668889496602,-6.740487693509059],[107.44615668042398,-6.745220280776133],[107.45009434204074,-6.747795169714782],[107.45456412371036,-6.745637669416835]]]},"properties":{"h3":"888c10d335fffff","incumbentScore":0,"method":"modeled_from_supply_density","realData":false}},{"type":"Feature","geometry":{"type":"Polygon","coordinates":[[[107.33816139386937,-6.953844103462464],[107.33869201498341,-6.949119916229361],[107.33475287269492,-6.946551418832154],[107.33028301625313,-6.948707306684565],[107.32975249088938,-6.953431644755228],[107.33369172620807,-6.955999944144598],[107.33816139386937,-6.953844103462464]]]},"properties":{"h3":"888c146ee3fffff","incumbentScore":0,"method":"modeled_from_supply_density","realData":false}},{"type":"Feature","geometry":{"type":"Polygon","coordinates":[[[107.64797824034372,-6.790856345437531],[107.64851267499517,-6.786129165116419],[107.64458275201181,-6.783559289525527],[107.640118297676,-6.785716792993979],[107.63958395756059,-6.790444127849839],[107.64351397723584,-6.793013804710902],[107.64797824034372,-6.790856345437531]]]},"properties":{"h3":"888c16b5c3fffff","incumbentScore":0.001,"method":"modeled_from_supply_density","realData":false}},{"type":"Feature","geometry":{"type":"Polygon","coordinates":[[[107.42265147219553,-7.029180865297308],[107.42318293177532,-7.02446166938296],[107.4192478002172,-7.021897764279122],[107.41478111511148,-7.024053253494903],[107.41424975087867,-7.0287726008597],[107.41818497639558,-7.031336307566905],[107.42265147219553,-7.029180865297308]]]},"properties":{"h3":"888c1460c1fffff","incumbentScore":0,"method":"modeled_from_supply_density","realData":false}},{"type":"Feature","geometry":{"type":"Polygon","coordinates":[[[107.37679158445447,-6.948612662903916],[107.37732265724452,-6.9438888232435],[107.37338484353724,-6.941320778772632],[107.36891586355176,-6.9434767720942165],[107.36838488635208,-6.948200763003862],[107.37232279353843,-6.950768609351337],[107.37679158445447,-6.948612662903916]]]},"properties":{"h3":"888c146e3dfffff","incumbentScore":0,"method":"modeled_from_supply_density","realData":false}},{"type":"Feature","geometry":{"type":"Polygon","coordinates":[[[107.47242363724546,-6.924795710028342],[107.47295584418931,-6.920072213216614],[107.46902119645002,-6.917504842167558],[107.46455424716294,-6.919661166329888],[107.46402213541941,-6.924384815444617],[107.46795687775354,-6.926951988102607],[107.47242363724546,-6.924795710028342]]]},"properties":{"h3":"888c146a8bfffff","incumbentScore":0.001,"method":"modeled_from_supply_density","realData":false}},{"type":"Feature","geometry":{"type":"Polygon","coordinates":[[[107.40730221497415,-6.7147273915338115],[107.40783403715338,-6.709992727335644],[107.40389436323146,-6.70741555681133],[107.39942277314911,-6.709573248329015],[107.3988910465751,-6.714308064851462],[107.40283081446913,-6.716885037540518],[107.40730221497415,-6.7147273915338115]]]},"properties":{"h3":"888c10d1e9fffff","incumbentScore":0,"method":"modeled_from_supply_density","realData":false}},{"type":"Feature","geometry":{"type":"Polygon","coordinates":[[[107.43945334193644,-7.029996866750753],[107.43998499210275,-7.025277973989537],[107.43605048031975,-7.022714396157159],[107.43158422420979,-7.024869909546187],[107.43105266931886,-7.029588953925998],[107.43498727525348,-7.032152333306818],[107.43945334193644,-7.029996866750753]]]},"properties":{"h3":"888c14601bfffff","incumbentScore":0,"method":"modeled_from_supply_density","realData":false}},{"type":"Feature","geometry":{"type":"Polygon","coordinates":[[[107.21880171077346,-6.962231333515],[107.21933094569009,-6.957505708239778],[107.21538762122745,-6.954935494672966],[107.21091497019434,-6.957091104027051],[107.21038583152571,-6.961816878891213],[107.2143292476332,-6.964386894821114],[107.21880171077346,-6.962231333515]]]},"properties":{"h3":"888c109847fffff","incumbentScore":0,"method":"modeled_from_supply_density","realData":false}},{"type":"Feature","geometry":{"type":"Polygon","coordinates":[[[107.51540894150995,-6.805728054101665],[107.51594184296472,-6.800999475530331],[107.5120072524043,-6.798427918610952],[107.50753966521815,-6.800585138605246],[107.50700685885431,-6.805313870310752],[107.51094154457655,-6.807885228896312],[107.51540894150995,-6.805728054101665]]]},"properties":{"h3":"888c1469e5fffff","incumbentScore":0.001,"method":"modeled_from_supply_density","realData":false}},{"type":"Feature","geometry":{"type":"Polygon","coordinates":[[[107.4477533666095,-6.731021861628102],[107.4482856237119,-6.726288617115424],[107.44434762397734,-6.723712810854393],[107.4398772727026,-6.7258704471070425],[107.439345111024,-6.730603844306104],[107.44328320518726,-6.733179452574685],[107.4477533666095,-6.731021861628102]]]},"properties":{"h3":"888c10d143fffff","incumbentScore":0,"method":"modeled_from_supply_density","realData":false}},{"type":"Feature","geometry":{"type":"Polygon","coordinates":[[[107.25087128309649,-6.978061148960483],[107.25140086020116,-6.973336789067041],[107.24745888573872,-6.9707677826160035],[107.2429872421557,-6.972923333832576],[107.24245776115428,-6.977647843591929],[107.24639982762356,-6.980216652277535],[107.25087128309649,-6.978061148960483]]]},"properties":{"h3":"888c109b53fffff","incumbentScore":0,"method":"modeled_from_supply_density","realData":false}},{"type":"Feature","geometry":{"type":"Polygon","coordinates":[[[107.58080906934661,-6.787553808354549],[107.58134274670125,-6.782825394111016],[107.57741031658314,-6.780254216782332],[107.57294411317717,-6.7824116522171005],[107.57241053064661,-6.7871402203220494],[107.57634305668883,-6.7897111991392585],[107.58080906934661,-6.787553808354549]]]},"properties":{"h3":"888c16a655fffff","incumbentScore":0.001,"method":"modeled_from_supply_density","realData":false}},{"type":"Feature","geometry":{"type":"Polygon","coordinates":[[[107.33362663295705,-6.7681814675091365],[107.33415751916061,-6.7634482202336415],[107.33021585891747,-6.76087198669367],[107.32574321937273,-6.763029198127359],[107.3252124290531,-6.767762596797801],[107.32915418238524,-6.770338632648243],[107.33362663295705,-6.7681814675091365]]]},"properties":{"h3":"888c10d09dfffff","incumbentScore":0,"method":"modeled_from_supply_density","realData":false}},{"type":"Feature","geometry":{"type":"Polygon","coordinates":[[[107.29816090654668,-7.008873392373577],[107.29869097461508,-7.004151266402048],[107.29475108981684,-7.001584352922263],[107.29028104440582,-7.003739763388733],[107.28975107222244,-7.008462039608905],[107.29369104955603,-7.011028755122674],[107.29816090654668,-7.008873392373577]]]},"properties":{"h3":"888c14658dfffff","incumbentScore":0,"method":"modeled_from_supply_density","realData":false}},{"type":"Feature","geometry":{"type":"Polygon","coordinates":[[[107.36997786043567,-6.93402812596456],[107.37050888012085,-6.929303470844331],[107.36657063514802,-6.926734704671959],[107.36210127707166,-6.9288907917067615],[107.36157035301464,-6.933615598054532],[107.36550869139674,-6.936184166148599],[107.36997786043567,-6.93402812596456]]]},"properties":{"h3":"888c146c4bfffff","incumbentScore":0,"method":"modeled_from_supply_density","realData":false}},{"type":"Feature","geometry":{"type":"Polygon","coordinates":[[[107.4308387857413,-6.993986118793106],[107.43137039918363,-6.989265334051276],[107.42743511815807,-6.986700110046971],[107.42296812960676,-6.988855869161063],[107.42243661149838,-6.993576805553353],[107.4263719865983,-6.99614183118971],[107.4308387857413,-6.993986118793106]]]},"properties":{"h3":"888c1461dbfffff","incumbentScore":0,"method":"modeled_from_supply_density","realData":false}},{"type":"Feature","geometry":{"type":"Polygon","coordinates":[[[107.43519695568976,-6.880213228662687],[107.43572881380997,-6.8754869839141985],[107.43179224847731,-6.8729171204951705],[107.4273237308219,-6.875073700033522],[107.42679196808707,-6.879800096852272],[107.43072862761322,-6.882369762071001],[107.43519695568976,-6.880213228662687]]]},"properties":{"h3":"888c146899fffff","incumbentScore":0,"method":"modeled_from_supply_density","realData":false}},{"type":"Feature","geometry":{"type":"Polygon","coordinates":[[[107.40860235247393,-6.928796302619146],[107.40913382329178,-6.924071997272753],[107.40519690954949,-6.92150368394642],[107.40072843112254,-6.923659874168712],[107.4001970557728,-6.928384331154153],[107.40413406337281,-6.930952446286878],[107.40860235247393,-6.928796302619146]]]},"properties":{"h3":"888c146f57fffff","incumbentScore":0,"method":"modeled_from_supply_density","realData":false}},{"type":"Feature","geometry":{"type":"Polygon","coordinates":[[[107.27316208592644,-7.043256349991721],[107.27369180811922,-7.038535517647642],[107.26975146126297,-7.035969593944203],[107.26528129997894,-7.03812470053259],[107.26475167375521,-7.042845682757329],[107.26869211283744,-7.04541140852176],[107.27316208592644,-7.043256349991721]]]},"properties":{"h3":"888c1464e7fffff","incumbentScore":0,"method":"modeled_from_supply_density","realData":false}},{"type":"Feature","geometry":{"type":"Polygon","coordinates":[[[107.22745466735874,-6.998286111356701],[107.22798394048338,-6.993562377297713],[107.22404138355255,-6.990993801593403],[107.2195694617642,-6.993149157678564],[107.2190402848288,-6.997873041297955],[107.22298293348346,-7.0004414192805475],[107.22745466735874,-6.998286111356701]]]},"properties":{"h3":"888c109a07fffff","incumbentScore":0,"method":"modeled_from_supply_density","realData":false}},{"type":"Feature","geometry":{"type":"Polygon","coordinates":[[[107.49102926195434,-6.947073471946778],[107.49156164296659,-6.942351350700835],[107.48762795469962,-6.939785227717982],[107.48316179061617,-6.9419414244755675],[107.48262950471171,-6.9466636981401475],[107.48656328777383,-6.949229622637072],[107.49102926195434,-6.947073471946778]]]},"properties":{"h3":"888c146135fffff","incumbentScore":0,"method":"modeled_from_supply_density","realData":false}},{"type":"Feature","geometry":{"type":"Polygon","coordinates":[[[107.30952338892334,-6.945312578786237],[107.31005369598907,-6.940587531498637],[107.30611341352726,-6.938018185792751],[107.3016427312861,-6.940174085285412],[107.30111252009677,-6.9448992831457375],[107.3050528952631,-6.947468430949371],[107.30952338892334,-6.945312578786237]]]},"properties":{"h3":"888c146eb1fffff","incumbentScore":0,"method":"modeled_from_supply_density","realData":false}},{"type":"Feature","geometry":{"type":"Polygon","coordinates":[[[107.45637221431501,-6.767139198751084],[107.45690450808566,-6.762407827159592],[107.45296727904335,-6.759833657916894],[107.44849766171527,-6.761991058355305],[107.44796546330971,-6.766722582603819],[107.45190278685808,-6.769296553765465],[107.45637221431501,-6.767139198751084]]]},"properties":{"h3":"888c10d303fffff","incumbentScore":0,"method":"modeled_from_supply_density","realData":false}},{"type":"Feature","geometry":{"type":"Polygon","coordinates":[[[107.61939707982967,-6.782321171081912],[107.6199312047414,-6.7775931216704],[107.61600012346433,-6.775022396265442],[107.61153482089658,-6.777179918905524],[107.61100079064786,-6.781908122589069],[107.61493196829477,-6.784478649368929],[107.61939707982967,-6.782321171081912]]]},"properties":{"h3":"888c16b591fffff","incumbentScore":0.157,"method":"modeled_from_supply_density","realData":false}},{"type":"Feature","geometry":{"type":"Polygon","coordinates":[[[107.32883837339213,-7.074440093663593],[107.3293686814832,-7.069721649248335],[107.32543073338759,-7.067157987257555],[107.32096238434147,-7.069312967856592],[107.32043217196563,-7.074031562617581],[107.32437021291163,-7.076595026442502],[107.32883837339213,-7.074440093663593]]]},"properties":{"h3":"888c146441fffff","incumbentScore":0,"method":"modeled_from_supply_density","realData":false}},{"type":"Feature","geometry":{"type":"Polygon","coordinates":[[[107.3960692192973,-7.077701979656528],[107.39660029182451,-7.072984741037851],[107.39266481299364,-7.070422388405854],[107.3881981680031,-7.072577472787452],[107.38766719090533,-7.07729486242511],[107.39160276335961,-7.07985701667086],[107.3960692192973,-7.077701979656528]]]},"properties":{"h3":"888c14674dfffff","incumbentScore":0,"method":"modeled_from_supply_density","realData":false}},{"type":"Feature","geometry":{"type":"Polygon","coordinates":[[[107.43157834294817,-6.8372545888924545],[107.43211023325208,-6.832526208678593],[107.42817299214877,-6.829954506622473],[107.42370376655465,-6.832111382907278],[107.42317197167789,-6.836839915295318],[107.42710930695903,-6.83941141923296],[107.43157834294817,-6.8372545888924545]]]},"properties":{"h3":"888c10d25dfffff","incumbentScore":0,"method":"modeled_from_supply_density","realData":false}},{"type":"Feature","geometry":{"type":"Polygon","coordinates":[[[107.37860487016664,-6.9700727440201975],[107.37913592701373,-6.9653499770318845],[107.37519845105169,-6.962782852791728],[107.3707298247464,-6.96493869371176],[107.37019886346883,-6.969661611897219],[107.37413643291794,-6.972228537974153],[107.37860487016664,-6.9700727440201975]]]},"properties":{"h3":"888c146e0bfffff","incumbentScore":0,"method":"modeled_from_supply_density","realData":false}},{"type":"Feature","geometry":{"type":"Polygon","coordinates":[[[107.31338612057661,-6.760033448722421],[107.31391678826309,-6.755299493501023],[107.30997429513384,-6.752722578598317],[107.30550104144926,-6.754879816536366],[107.30497046973726,-6.7596139229710035],[107.30891305572631,-6.7621906402629905],[107.31338612057661,-6.760033448722421]]]},"properties":{"h3":"888c10d569fffff","incumbentScore":0,"method":"modeled_from_supply_density","realData":false}},{"type":"Feature","geometry":{"type":"Polygon","coordinates":[[[107.62298549960644,-6.8252752417716005],[107.62351959139134,-6.820549319745351],[107.6195891855637,-6.817980437759787],[107.61512459155779,-6.820137676516719],[107.61459059439446,-6.824863752708956],[107.61852109660636,-6.827432435986728],[107.62298549960644,-6.8252752417716005]]]},"properties":{"h3":"888c16b4ebfffff","incumbentScore":0.001,"method":"modeled_from_supply_density","realData":false}},{"type":"Feature","geometry":{"type":"Polygon","coordinates":[[[107.42157667209918,-6.851024191074299],[107.42210842445061,-6.846296319429061],[107.4181709950534,-6.843725013605238],[107.41370171924139,-6.845881777544365],[107.41317006235096,-6.8506098012164465],[107.41710758580244,-6.85318090893115],[107.42157667209918,-6.851024191074299]]]},"properties":{"h3":"888c146d65fffff","incumbentScore":0,"method":"modeled_from_supply_density","realData":false}},{"type":"Feature","geometry":{"type":"Polygon","coordinates":[[[107.5422116198755,-6.792784560715596],[107.54274484895372,-6.7880557837441104],[107.53881107302162,-6.785484154910582],[107.53434397252447,-6.787641501454613],[107.53381083843126,-6.7923704318765],[107.53774470984109,-6.794941862312453],[107.5422116198755,-6.792784560715596]]]},"properties":{"h3":"888c16a6c9fffff","incumbentScore":0,"method":"modeled_from_supply_density","realData":false}},{"type":"Feature","geometry":{"type":"Polygon","coordinates":[[[107.46498853034167,-6.803240375276086],[107.46552086071199,-6.798510879166756],[107.46158440225722,-6.795938348584896],[107.45711551883973,-6.798095512289848],[107.45658328377583,-6.802825161026343],[107.46051983681392,-6.8053974934392825],[107.46498853034167,-6.803240375276086]]]},"properties":{"h3":"888c1469b3fffff","incumbentScore":0.155,"method":"modeled_from_supply_density","realData":false}},{"type":"Feature","geometry":{"type":"Polygon","coordinates":[[[107.27246520515519,-6.936362704865874],[107.27299510172647,-6.931636648146559],[107.26905337309805,-6.9290662927100515],[107.26458165560788,-6.931222191770307],[107.2640518550747,-6.935948398712282],[107.26799367598456,-6.938518556380052],[107.27246520515519,-6.936362704865874]]]},"properties":{"h3":"888c109b21fffff","incumbentScore":0,"method":"modeled_from_supply_density","realData":false}},{"type":"Feature","geometry":{"type":"Polygon","coordinates":[[[107.41912006201646,-6.722457305109724],[107.41965200625683,-6.7177231980046175],[107.41571285869159,-6.715146547962311],[107.41124167277314,-6.7173042029199825],[107.4107098240832,-6.722038462445623],[107.41464906575217,-6.724614914601627],[107.41912006201646,-6.722457305109724]]]},"properties":{"h3":"888c10d111fffff","incumbentScore":0,"method":"modeled_from_supply_density","realData":false}},{"type":"Feature","geometry":{"type":"Polygon","coordinates":[[[107.55581137843963,-6.82197851492556],[107.55634471224445,-6.817251361926482],[107.55241180312213,-6.814681177111015],[107.54794546456995,-6.8168383437923925],[107.5474122256745,-6.821565650284265],[107.55134523041278,-6.824135636610465],[107.55581137843963,-6.82197851492556]]]},"properties":{"h3":"888c14690dfffff","incumbentScore":0.156,"method":"modeled_from_supply_density","realData":false}},{"type":"Feature","geometry":{"type":"Polygon","coordinates":[[[107.58061243691574,-6.751878011710837],[107.58114617332089,-6.747147877937001],[107.57721328439351,-6.744575220905933],[107.572746563108,-6.746732896108153],[107.57221292154956,-6.7514631838591015],[107.57614590642082,-6.754035642439188],[107.58061243691574,-6.751878011710837]]]},"properties":{"h3":"888c16a623fffff","incumbentScore":0,"method":"modeled_from_supply_density","realData":false}},{"type":"Feature","geometry":{"type":"Polygon","coordinates":[[[107.3220279847664,-6.796158371726227],[107.32255869005097,-6.791426292477941],[107.31861696629625,-6.788851011112738],[107.31414444430969,-6.791008006703599],[107.3136138349408,-6.795740237137351],[107.3175556516337,-6.798315320803417],[107.3220279847664,-6.796158371726227]]]},"properties":{"h3":"888c10d729fffff","incumbentScore":0,"method":"modeled_from_supply_density","realData":false}},{"type":"Feature","geometry":{"type":"Polygon","coordinates":[[[107.3413453329377,-6.925495657039938],[107.34187603900872,-6.920770140946605],[107.33793665196764,-6.918200526404773],[107.33346646576253,-6.920356625937729],[107.33293585544585,-6.925082292993958],[107.3368753355709,-6.927651709562993],[107.3413453329377,-6.925495657039938]]]},"properties":{"h3":"888c146c19fffff","incumbentScore":0,"method":"modeled_from_supply_density","realData":false}},{"type":"Feature","geometry":{"type":"Polygon","coordinates":[[[107.33701929329058,-7.039251094154316],[107.33754975533888,-7.0345310548009765],[107.33361165552631,-7.031966075231452],[107.32914300069056,-7.034121333161991],[107.3286126343447,-7.0388415230605474],[107.33255082712311,-7.041406304492034],[107.33701929329058,-7.039251094154316]]]},"properties":{"h3":"888c14655bfffff","incumbentScore":0,"method":"modeled_from_supply_density","realData":false}},{"type":"Feature","geometry":{"type":"Polygon","coordinates":[[[107.42274205538642,-6.765471707386922],[107.42327396748132,-6.760739725675739],[107.41933549622163,-6.758164909333801],[107.41486501873851,-6.7603222726823615],[107.41433320215224,-6.765054406711545],[107.41827176753141,-6.767629025082745],[107.42274205538642,-6.765471707386922]]]},"properties":{"h3":"888c10d06bfffff","incumbentScore":0,"method":"modeled_from_supply_density","realData":false}},{"type":"Feature","geometry":{"type":"Polygon","coordinates":[[[107.53081473239169,-6.856395548822808],[107.5313477224719,-6.8516696612128944],[107.52741433588612,-6.849100468798214],[107.52294786390327,-6.851257362468328],[107.52241496881757,-6.8559834032024405],[107.52634845071114,-6.8585523971507705],[107.53081473239169,-6.856395548822808]]]},"properties":{"h3":"888c146867fffff","incumbentScore":0.001,"method":"modeled_from_supply_density","realData":false}},{"type":"Feature","geometry":{"type":"Polygon","coordinates":[[[107.45242830601713,-6.952311912340724],[107.45296023750983,-6.947589437720184],[107.4490252117613,-6.945022860205666],[107.44455816016286,-6.947178955691437],[107.44402632393829,-6.951901582320263],[107.44796144403493,-6.954467961463626],[107.45242830601713,-6.952311912340724]]]},"properties":{"h3":"888c1461a9fffff","incumbentScore":0,"method":"modeled_from_supply_density","realData":false}},{"type":"Feature","geometry":{"type":"Polygon","coordinates":[[[107.43019683843947,-6.887095751920172],[107.43072862761322,-6.882369762071001],[107.42679196808707,-6.879800096852272],[107.42232342524636,-6.881956619686812],[107.42179173147498,-6.886682761532566],[107.42572848513286,-6.889252228555806],[107.43019683843947,-6.887095751920172]]]},"properties":{"h3":"888c146f25fffff","incumbentScore":0,"method":"modeled_from_supply_density","realData":false}},{"type":"Feature","geometry":{"type":"Polygon","coordinates":[[[107.2445174612588,-7.0347361250775045],[107.24504686861728,-7.030014434370075],[107.24110538582472,-7.027447660986349],[107.23663440376492,-7.029602776152373],[107.23610509250135,-7.034324616475796],[107.24004666719364,-7.036891192025952],[107.2445174612588,-7.0347361250775045]]]},"properties":{"h3":"888c1464b5fffff","incumbentScore":0,"method":"modeled_from_supply_density","realData":false}},{"type":"Feature","geometry":{"type":"Polygon","coordinates":[[[107.34181589080839,-6.732886699204758],[107.34234693126602,-6.728151881172387],[107.33840511912378,-6.725574336853277],[107.33393217331002,-6.7277318082313],[107.3334012287235,-6.732466777856588],[107.33734313407055,-6.735044124519556],[107.34181589080839,-6.732886699204758]]]},"properties":{"h3":"888c10c249fffff","incumbentScore":0,"method":"modeled_from_supply_density","realData":false}},{"type":"Feature","geometry":{"type":"Polygon","coordinates":[[[107.49283318983866,-6.968524759029273],[107.49336555462402,-6.963803709425961],[107.4894322039419,-6.961238508742677],[107.48496639366259,-6.963394556196955],[107.48443412396426,-6.968115758166013],[107.48836756944915,-6.97068076032363],[107.49283318983866,-6.968524759029273]]]},"properties":{"h3":"888c146103fffff","incumbentScore":0,"method":"modeled_from_supply_density","realData":false}},{"type":"Feature","geometry":{"type":"Polygon","coordinates":[[[107.3643126941544,-6.833932372594395],[107.36484382003792,-6.829202777357496],[107.36090410112638,-6.82662977857111],[107.3564331629182,-6.828786572927851],[107.35590213274844,-6.833516319661363],[107.35984194506406,-6.836089120550154],[107.3643126941544,-6.833932372594395]]]},"properties":{"h3":"888c10d2d1fffff","incumbentScore":0,"method":"modeled_from_supply_density","realData":false}},{"type":"Feature","geometry":{"type":"Polygon","coordinates":[[[107.5010259629453,-6.933316502153709],[107.50155848154738,-6.928593870401622],[107.49762498305564,-6.92602735043202],[107.49315887103434,-6.9281836607189184],[107.49262644750613,-6.932906445037033],[107.4965600409163,-6.935472766510788],[107.5010259629453,-6.933316502153709]]]},"properties":{"h3":"888c146acdfffff","incumbentScore":0,"method":"modeled_from_supply_density","realData":false}},{"type":"Feature","geometry":{"type":"Polygon","coordinates":[[[107.46805361264228,-7.038500303046555],[107.46858557474827,-7.033782274705344],[107.46465220963526,-7.031219550451415],[107.46018678793186,-7.03337505310325],[107.45965492097496,-7.03809323332538],[107.46358838056331,-7.040655759023348],[107.46805361264228,-7.038500303046555]]]},"properties":{"h3":"888c14605dfffff","incumbentScore":0,"method":"modeled_from_supply_density","realData":false}},{"type":"Feature","geometry":{"type":"Polygon","coordinates":[[[107.34564921433223,-7.075256625527998],[107.34617971374665,-7.070538482056924],[107.34224238213501,-7.067975147168132],[107.33777445805607,-7.070130153980156],[107.33724405428548,-7.07484844796543],[107.34118147894095,-7.0774115846331815],[107.34564921433223,-7.075256625527998]]]},"properties":{"h3":"888c14671bfffff","incumbentScore":0,"method":"modeled_from_supply_density","realData":false}},{"type":"Feature","geometry":{"type":"Polygon","coordinates":[[[107.43136438797234,-6.801578487724089],[107.43189633690167,-6.796848381613766],[107.42795863594718,-6.79427520273198],[107.42348889185722,-6.796432328027829],[107.4229570383778,-6.80116258642678],[107.42689483352933,-6.803735567249831],[107.43136438797234,-6.801578487724089]]]},"properties":{"h3":"888c10d22bfffff","incumbentScore":0,"method":"modeled_from_supply_density","realData":false}},{"type":"Feature","geometry":{"type":"Polygon","coordinates":[[[107.5944016504111,-6.816744503664441],[107.59493543214951,-6.812017713192914],[107.59100386963908,-6.8094479808697574],[107.5865384293192,-6.811605237629712],[107.58600474232922,-6.81633218200457],[107.58993640090159,-6.818901715724613],[107.5944016504111,-6.816744503664441]]]},"properties":{"h3":"888c16b4b9fffff","incumbentScore":0.001,"method":"modeled_from_supply_density","realData":false}},{"type":"Feature","geometry":{"type":"Polygon","coordinates":[[[107.38707069085167,-6.706576106198815],[107.38760229522713,-6.70184073289141],[107.3836617853062,-6.699262881031066],[107.37918957725728,-6.701420600243205],[107.37865806857772,-6.70615612569345],[107.38259867224211,-6.708733779797303],[107.38707069085167,-6.706576106198815]]]},"properties":{"h3":"888c10d185fffff","incumbentScore":0,"method":"modeled_from_supply_density","realData":false}},{"type":"Feature","geometry":{"type":"Polygon","coordinates":[[[107.37112915323381,-6.848535261927265],[107.37166033228179,-6.843806479390474],[107.36772104485631,-6.841234200444517],[107.36325048489982,-6.843390901987465],[107.36271940152778,-6.848119836043106],[107.36665878242724,-6.850691917045582],[107.37112915323381,-6.848535261927265]]]},"properties":{"h3":"888c146d33fffff","incumbentScore":0,"method":"modeled_from_supply_density","realData":false}},{"type":"Feature","geometry":{"type":"Polygon","coordinates":[[[107.2074511983531,-7.0257993205314815],[107.20798019421366,-7.021076623038845],[107.20403727075944,-7.018508838189169],[107.19956525995971,-7.020663948541032],[107.19903636035541,-7.025386795299805],[107.20297937528555,-7.027954382449349],[107.2074511983531,-7.0257993205314815]]]},"properties":{"h3":"888c109125fffff","incumbentScore":0,"method":"modeled_from_supply_density","realData":false}},{"type":"Feature","geometry":{"type":"Polygon","coordinates":[[[107.63477553532849,-6.832980277456564],[107.63530974768827,-6.8282549160234565],[107.63137987247866,-6.8256865589064875],[107.62691568838562,-6.827843761988862],[107.62638157059251,-6.832569277682241],[107.63031154231663,-6.835137436041407],[107.63477553532849,-6.832980277456564]]]},"properties":{"h3":"888c16b413fffff","incumbentScore":0.377,"method":"modeled_from_supply_density","realData":false}},{"type":"Feature","geometry":{"type":"Polygon","coordinates":[[[107.49839806801016,-6.769219712707124],[107.49893083806765,-6.764489105670585],[107.49499516490876,-6.761915746215762],[107.49052662669473,-6.764073192024659],[107.48999395182277,-6.768803952141421],[107.4939297199702,-6.771377113377587],[107.49839806801016,-6.769219712707124]]]},"properties":{"h3":"888c16a697fffff","incumbentScore":0,"method":"modeled_from_supply_density","realData":false}},{"type":"Feature","geometry":{"type":"Polygon","coordinates":[[[107.48860334644029,-6.818670782506354],[107.4891359199639,-6.813942403926018],[107.48520051634361,-6.811370918844436],[107.48073244434494,-6.813528010621595],[107.48019996601813,-6.818256542019819],[107.48413546448408,-6.820827828831532],[107.48860334644029,-6.818670782506354]]]},"properties":{"h3":"888c146981fffff","incumbentScore":0.001,"method":"modeled_from_supply_density","realData":false}},{"type":"Feature","geometry":{"type":"Polygon","coordinates":[[[107.44200564275535,-6.894803141381152],[107.44253755370673,-6.890077710695688],[107.43860142044848,-6.887508569022246],[107.43413328196672,-6.889665056288579],[107.43360146636293,-6.8943906390658345],[107.43753769388424,-6.8969595824935634],[107.44200564275535,-6.894803141381152]]]},"properties":{"h3":"888c1468dbfffff","incumbentScore":0,"method":"modeled_from_supply_density","realData":false}},{"type":"Feature","geometry":{"type":"Polygon","coordinates":[[[107.24951763998666,-7.02785930600312],[107.25004711659427,-7.023137356111744],[107.24610572576339,-7.02057038488899],[107.24163476635422,-7.022725561405388],[107.24110538582472,-7.027447660986349],[107.24504686861728,-7.030014434370075],[107.24951763998666,-7.02785930600312]]]},"properties":{"h3":"888c109a49fffff","incumbentScore":0,"method":"modeled_from_supply_density","realData":false}},{"type":"Feature","geometry":{"type":"Polygon","coordinates":[[[107.39410614566623,-6.756911552286625],[107.39463774459452,-6.75217870862505],[107.39069812712928,-6.749603047971129],[107.38622681693236,-6.751760428851987],[107.38569531363923,-6.756493424565765],[107.3896350248988,-6.7590688873550695],[107.39410614566623,-6.756911552286625]]]},"properties":{"h3":"888c10d039fffff","incumbentScore":0,"method":"modeled_from_supply_density","realData":false}},{"type":"Feature","geometry":{"type":"Polygon","coordinates":[[[107.35860743761326,-6.997584062494033],[107.35913821834222,-6.992862324369897],[107.35520036880261,-6.990295992751571],[107.35073164528508,-6.992451597408481],[107.35020096019315,-6.997173486435224],[107.35413890297265,-6.999739619911124],[107.35860743761326,-6.997584062494033]]]},"properties":{"h3":"888c146529fffff","incumbentScore":0,"method":"modeled_from_supply_density","realData":false}},{"type":"Feature","geometry":{"type":"Polygon","coordinates":[[[107.50221223985965,-6.847862566674409],[107.50274491857321,-6.843135813369377],[107.49881038054598,-6.840565771590757],[107.49434306881176,-6.842722681487047],[107.49381048521937,-6.847449587652816],[107.49774511823095,-6.850019431070095],[107.50221223985965,-6.847862566674409]]]},"properties":{"h3":"888c146835fffff","incumbentScore":0.531,"method":"modeled_from_supply_density","realData":false}},{"type":"Feature","geometry":{"type":"Polygon","coordinates":[[[107.48499278156582,-6.775691851416205],[107.48552538755133,-6.770961343768863],[107.48158930804745,-6.768388020466556],[107.47712052771854,-6.770545403006883],[107.47658801697146,-6.775276063576154],[107.48052419130575,-6.7778491886917],[107.48499278156582,-6.775691851416205]]]},"properties":{"h3":"888c10d345fffff","incumbentScore":0,"method":"modeled_from_supply_density","realData":false}},{"type":"Feature","geometry":{"type":"Polygon","coordinates":[[[107.62619026321994,-6.796916419219497],[107.62672444016984,-6.7921891813875135],[107.6227937930808,-6.789619178797561],[107.6183288725942,-6.791776612718977],[107.61779479026951,-6.796504004843773],[107.62172553379715,-6.79907380876277],[107.62619026321994,-6.796916419219497]]]},"properties":{"h3":"888c16b5d3fffff","incumbentScore":0.311,"method":"modeled_from_supply_density","realData":false}},{"type":"Feature","geometry":{"type":"Polygon","coordinates":[[[107.40084938154868,-7.035238819449632],[107.40138058145965,-7.030519578413321],[107.39744473691356,-7.027955544538077],[107.39297759874339,-7.030110950044109],[107.39244649426782,-7.034830342288961],[107.39638243251801,-7.037394177827881],[107.40084938154868,-7.035238819449632]]]},"properties":{"h3":"888c1460d1fffff","incumbentScore":0,"method":"modeled_from_supply_density","realData":false}},{"type":"Feature","geometry":{"type":"Polygon","coordinates":[[[107.40722471488841,-6.97859326986601],[107.40775608470415,-6.973871365184574],[107.40381975252623,-6.971305091449288],[107.39935195671181,-6.973460920672342],[107.39882068233938,-6.978182976814641],[107.40275710832903,-6.980749052281646],[107.40722471488841,-6.97859326986601]]]},"properties":{"h3":"888c146e4dfffff","incumbentScore":0,"method":"modeled_from_supply_density","realData":false}},{"type":"Feature","geometry":{"type":"Polygon","coordinates":[[[107.45062096961075,-6.9308535492251355],[107.45115291723177,-6.926130003339498],[107.44721755380424,-6.923562504576454],[107.44275014840625,-6.925718750038833],[107.44221829607419,-6.93044244798527],[107.44615375384205,-6.933009748417123],[107.45062096961075,-6.9308535492251355]]]},"properties":{"h3":"888c146a9bfffff","incumbentScore":0,"method":"modeled_from_supply_density","realData":false}},{"type":"Feature","geometry":{"type":"Polygon","coordinates":[[[107.4678440367359,-7.0029055968727105],[107.46837605749079,-6.998185828150241],[107.4644422334111,-6.995621620044238],[107.4599762940728,-6.99777737916932],[107.4594443684897,-7.002497299889125],[107.46337828706399,-7.0050613094951055],[107.4678440367359,-7.0029055968727105]]]},"properties":{"h3":"888c14602bfffff","incumbentScore":0,"method":"modeled_from_supply_density","realData":false}},{"type":"Feature","geometry":{"type":"Polygon","coordinates":[[[107.33907944318129,-6.832683696491797],[107.33961028181615,-6.827953647019545],[107.33566963601763,-6.825380162629031],[107.33119805846178,-6.827536925533939],[107.33066731564806,-6.832267126248269],[107.33460805456,-6.834840412824248],[107.33907944318129,-6.832683696491797]]]},"properties":{"h3":"888c146da7fffff","incumbentScore":0,"method":"modeled_from_supply_density","realData":false}},{"type":"Feature","geometry":{"type":"Polygon","coordinates":[[[107.60279802718425,-6.8171566535073875],[107.60333190363511,-6.812430017023338],[107.59940065420128,-6.809860447546661],[107.59493543214951,-6.812017713192914],[107.5944016504111,-6.816744503664441],[107.5983329960029,-6.819313874510701],[107.60279802718425,-6.8171566535073875]]]},"properties":{"h3":"888c16b487fffff","incumbentScore":0.156,"method":"modeled_from_supply_density","realData":false}},{"type":"Feature","geometry":{"type":"Polygon","coordinates":[[[107.27928814355933,-6.950953225796725],[107.27981809367097,-6.946227984477604],[107.27587679530843,-6.943658349292455],[107.27140545447355,-6.945814153249119],[107.27087560036226,-6.9505395448132505],[107.27481699107646,-6.953108982184417],[107.27928814355933,-6.950953225796725]]]},"properties":{"h3":"888c109b63fffff","incumbentScore":0,"method":"modeled_from_supply_density","realData":false}},{"type":"Feature","geometry":{"type":"Polygon","coordinates":[[[107.42593374070344,-6.737076526949119],[107.42646573790071,-6.732343229523589],[107.42252702268645,-6.729767298170589],[107.41805621609232,-6.731924862184644],[107.4175243144076,-6.7366583120531685],[107.42146312379536,-6.739234045473211],[107.42593374070344,-6.737076526949119]]]},"properties":{"h3":"888c10d153fffff","incumbentScore":0,"method":"modeled_from_supply_density","realData":false}},{"type":"Feature","geometry":{"type":"Polygon","coordinates":[[[107.39476095728847,-6.863964163262646],[107.39529238063425,-6.8592364971735496],[107.39135414367951,-6.85666526291707],[107.38688438963261,-6.858821892802757],[107.38635306185334,-6.8635497106021575],[107.3902913925454,-6.866120746814164],[107.39476095728847,-6.863964163262646]]]},"properties":{"h3":"888c146d01fffff","incumbentScore":0,"method":"modeled_from_supply_density","realData":false}},{"type":"Feature","geometry":{"type":"Polygon","coordinates":[[[107.40946810980684,-7.071236722786587],[107.40999934664066,-7.06651937688694],[107.40606427087293,-7.063956989683546],[107.40159786448072,-7.066112146807663],[107.40106672302373,-7.0708296438839815],[107.40500189257307,-7.073391832668159],[107.40946810980684,-7.071236722786587]]]},"properties":{"h3":"888c146291fffff","incumbentScore":0,"method":"modeled_from_supply_density","realData":false}},{"type":"Feature","geometry":{"type":"Polygon","coordinates":[[[107.3288492949146,-6.810770797878169],[107.32938005356594,-6.806039530230135],[107.32543876097198,-6.803464967379804],[107.32096661670927,-6.805621869931561],[107.32043595393579,-6.810353288787806],[107.32437733953806,-6.812927653892741],[107.3288492949146,-6.810770797878169]]]},"properties":{"h3":"888c10d76bfffff","incumbentScore":0,"method":"modeled_from_supply_density","realData":false}},{"type":"Feature","geometry":{"type":"Polygon","coordinates":[[[107.27634063126173,-7.014928016320013],[107.27687043832928,-7.010205848480207],[107.27292984602273,-7.007638807184522],[107.26845935436006,-7.009794131642651],[107.26792964326573,-7.01451644948839],[107.27187032785181,-7.017083292878799],[107.27634063126173,-7.014928016320013]]]},"properties":{"h3":"888c14659dfffff","incumbentScore":0,"method":"modeled_from_supply_density","realData":false}},{"type":"Feature","geometry":{"type":"Polygon","coordinates":[[[107.36205336747543,-6.74103700273455],[107.36258462618432,-6.736302893048662],[107.35864364816537,-6.733726029927989],[107.35417131799463,-6.735883474236779],[107.35364015506624,-6.740617735697247],[107.357581226519,-6.7431944010829525],[107.36205336747543,-6.74103700273455]]]},"properties":{"h3":"888c10d0adfffff","incumbentScore":0,"method":"modeled_from_supply_density","realData":false}},{"type":"Feature","geometry":{"type":"Polygon","coordinates":[[[107.34816196852526,-6.940083613950522],[107.3486927278322,-6.935358913047551],[107.34475377178968,-6.932790019619416],[107.34028396327724,-6.934946025120922],[107.33975329968688,-6.939670877008709],[107.34369234888331,-6.942239572418844],[107.34816196852526,-6.940083613950522]]]},"properties":{"h3":"888c146c5bfffff","incumbentScore":0,"method":"modeled_from_supply_density","realData":false}},{"type":"Feature","geometry":{"type":"Polygon","coordinates":[[[107.45923376736278,-6.96688770770378],[107.459765751585,-6.9621660491420165],[107.45583115788365,-6.959600194903824],[107.45136448553353,-6.961756197651967],[107.45083259654172,-6.966478008243039],[107.45476728466056,-6.969043664065273],[107.45923376736278,-6.96688770770378]]]},"properties":{"h3":"888c1461ebfffff","incumbentScore":0,"method":"modeled_from_supply_density","realData":false}},{"type":"Feature","geometry":{"type":"Polygon","coordinates":[[[107.43700585185928,-6.901684758096653],[107.43753769388424,-6.8969595824935634],[107.43360146636293,-6.8943906390658345],[107.42913330260629,-6.896547069490647],[107.42860155594589,-6.90127239711186],[107.43253787766851,-6.903841142298732],[107.43700585185928,-6.901684758096653]]]},"properties":{"h3":"888c146f67fffff","incumbentScore":0,"method":"modeled_from_supply_density","realData":false}},{"type":"Feature","geometry":{"type":"Polygon","coordinates":[[[107.46360184325783,-6.853093550575986],[107.46413407237645,-6.848366440332998],[107.46019819514513,-6.845795946554883],[107.45572999424907,-6.847952761275101],[107.45519786041218,-6.852680023967519],[107.4591338321805,-6.855250319498853],[107.46360184325783,-6.853093550575986]]]},"properties":{"h3":"888c1468a9fffff","incumbentScore":0,"method":"modeled_from_supply_density","realData":false}},{"type":"Feature","geometry":{"type":"Polygon","coordinates":[[[107.2056242200241,-7.004338851597089],[107.20615323139525,-6.999615077544564],[107.20220997008705,-6.997046374560178],[107.19773760593132,-6.999201643297841],[107.19720869083746,-7.003925566667615],[107.20115204361305,-7.0064940719912725],[107.2056242200241,-7.004338851597089]]]},"properties":{"h3":"888c109a17fffff","incumbentScore":0,"method":"modeled_from_supply_density","realData":false}},{"type":"Feature","geometry":{"type":"Polygon","coordinates":[[[107.40251645364789,-6.7573295089860945],[107.40304814817546,-6.752596817461633],[107.39910884059887,-6.750021318330683],[107.39463774459452,-6.75217870862505],[107.39410614566623,-6.756911552286625],[107.39804554713396,-6.759486853525299],[107.40251645364789,-6.7573295089860945]]]},"properties":{"h3":"888c10d007fffff","incumbentScore":0,"method":"modeled_from_supply_density","realData":false}},{"type":"Feature","geometry":{"type":"Polygon","coordinates":[[[107.50401582659757,-6.869336313290081],[107.50454848904609,-6.8646106271255025],[107.50061428880305,-6.862041505947841],[107.49614733111049,-6.864198269345474],[107.49561476376236,-6.868924108318324],[107.4995490589973,-6.871493031093802],[107.50401582659757,-6.869336313290081]]]},"properties":{"h3":"888c146803fffff","incumbentScore":0.311,"method":"modeled_from_supply_density","realData":false}},{"type":"Feature","geometry":{"type":"Polygon","coordinates":[[[107.43455629425719,-6.773194555682214],[107.43508832827342,-6.7684631317729265],[107.43115038353267,-6.765888836925172],[107.42668031051564,-6.768046164016756],[107.4261483719533,-6.772777740339929],[107.43008641094502,-6.775351837166186],[107.43455629425719,-6.773194555682214]]]},"properties":{"h3":"888c10d313fffff","incumbentScore":0,"method":"modeled_from_supply_density","realData":false}},{"type":"Feature","geometry":{"type":"Polygon","coordinates":[[[107.33997781470565,-6.975306026839923],[107.34050841997343,-6.970582912833424],[107.33656961547231,-6.968015335054679],[107.33210011265604,-6.970171069338729],[107.33156960311764,-6.974894334130962],[107.33550850065708,-6.977461713862079],[107.33997781470565,-6.975306026839923]]]},"properties":{"h3":"888c146ec1fffff","incumbentScore":0,"method":"modeled_from_supply_density","realData":false}},{"type":"Feature","geometry":{"type":"Polygon","coordinates":[[[107.3070268179286,-7.080496246761792],[107.30755686544832,-7.075777761096978],[107.30361820876762,-7.073213970273706],[107.2991494119631,-7.075368863229038],[107.2986194602468,-7.080087498997417],[107.30255820952254,-7.082651091715623],[107.3070268179286,-7.080496246761792]]]},"properties":{"h3":"888c146451fffff","incumbentScore":0,"method":"modeled_from_supply_density","realData":false}},{"type":"Feature","geometry":{"type":"Polygon","coordinates":[[[107.37426694400729,-7.083759861511265],[107.37479775666942,-7.0790425797073535],[107.37086156626034,-7.076480097829421],[107.36639446981147,-7.078635096089772],[107.36586375266715,-7.083352528670876],[107.36980003644486,-7.085914812223108],[107.37426694400729,-7.083759861511265]]]},"properties":{"h3":"888c14675dfffff","incumbentScore":0,"method":"modeled_from_supply_density","realData":false}},{"type":"Feature","geometry":{"type":"Polygon","coordinates":[[[107.45998757536478,-6.810126736249289],[107.46051983681392,-6.8053974934392825],[107.45658328377583,-6.802825161026343],[107.45211437475797,-6.804982269596402],[107.45158220863223,-6.809711664959893],[107.45551885619186,-6.812283799208417],[107.45998757536478,-6.810126736249289]]]},"properties":{"h3":"888c10d26dfffff","incumbentScore":0.001,"method":"modeled_from_supply_density","realData":false}},{"type":"Feature","geometry":{"type":"Polygon","coordinates":[[[107.35679267371833,-6.976128887344323],[107.35732347033766,-6.971406075162727],[107.35338528308488,-6.968838823154788],[107.34891620597183,-6.970994581439993],[107.3483855050104,-6.975717544576273],[107.35232378549506,-6.978284598481329],[107.35679267371833,-6.976128887344323]]]},"properties":{"h3":"888c146e1bfffff","incumbentScore":0,"method":"modeled_from_supply_density","realData":false}},{"type":"Feature","geometry":{"type":"Polygon","coordinates":[[[107.39388777417668,-6.721200265975066],[107.39441943165815,-6.716465701863218],[107.39047935380792,-6.713888567912274],[107.38600752465375,-6.716046195885085],[107.38547596283034,-6.720780912162539],[107.38941613449393,-6.72335784831015],[107.39388777417668,-6.721200265975066]]]},"properties":{"h3":"888c10d1c7fffff","incumbentScore":0,"method":"modeled_from_supply_density","realData":false}},{"type":"Feature","geometry":{"type":"Polygon","coordinates":[[[107.21427832881267,-7.040377977418446],[107.21480737847331,-7.035656097685593],[107.21086488437038,-7.033089033671897],[107.2063932490514,-7.03524404714462],[107.20586429560936,-7.039966076165922],[107.20980688125867,-7.042532942434837],[107.21427832881267,-7.040377977418446]]]},"properties":{"h3":"888c109167fffff","incumbentScore":0,"method":"modeled_from_supply_density","realData":false}},{"type":"Feature","geometry":{"type":"Polygon","coordinates":[[[107.52040921350384,-6.798842246309032],[107.52094218377083,-6.794113415046443],[107.5170076884339,-6.791541659788771],[107.51254012759736,-6.793698934140484],[107.5120072524043,-6.798427918610952],[107.51594184296472,-6.800999475530331],[107.52040921350384,-6.798842246309032]]]},"properties":{"h3":"888c16a6d9fffff","incumbentScore":0.001,"method":"modeled_from_supply_density","realData":false}},{"type":"Feature","geometry":{"type":"Polygon","coordinates":[[[107.4954082785395,-6.833268209072819],[107.4959409046758,-6.828540642924798],[107.49200593383827,-6.825969879313612],[107.48753824194031,-6.828126880174646],[107.48700571096296,-6.832854599162029],[107.49094077671555,-6.83542516445755],[107.4954082785395,-6.833268209072819]]]},"properties":{"h3":"888c1469c3fffff","incumbentScore":0.377,"method":"modeled_from_supply_density","realData":false}},{"type":"Feature","geometry":{"type":"Polygon","coordinates":[[[107.2506363996635,-6.942415844958802],[107.25116603484463,-6.937689745441265],[107.24722359953225,-6.935119263271928],[107.24275143700446,-6.937275078336929],[107.24222189794965,-6.9420013278338795],[107.24616442528725,-6.944571612295151],[107.2506363996635,-6.942415844958802]]]},"properties":{"h3":"888c109b31fffff","incumbentScore":0,"method":"modeled_from_supply_density","realData":false}},{"type":"Feature","geometry":{"type":"Polygon","coordinates":[[[107.5340128856269,-6.8280369237932135],[107.53454596081198,-6.823309716786734],[107.53061233181555,-6.8207394050982915],[107.52614553226299,-6.8228964988548],[107.5256125520762,-6.827623859111787],[107.52954627643453,-6.8301939723702665],[107.5340128856269,-6.8280369237932135]]]},"properties":{"h3":"888c14691dfffff","incumbentScore":0.156,"method":"modeled_from_supply_density","realData":false}},{"type":"Feature","geometry":{"type":"Polygon","coordinates":[[[107.3697568063217,-6.898381010899889],[107.37028788442728,-6.893654621516968],[107.36634917940424,-6.891084377434753],[107.36187930283839,-6.893240720764379],[107.36134832038387,-6.897967261489343],[107.36528711883506,-6.900537307551277],[107.3697568063217,-6.898381010899889]]]},"properties":{"h3":"888c146c29fffff","incumbentScore":0,"method":"modeled_from_supply_density","realData":false}},{"type":"Feature","geometry":{"type":"Polygon","coordinates":[[[107.36542084907205,-7.012157892331894],[107.36595168293503,-7.007436971389899],[107.36201426436915,-7.0048713624178705],[107.35754591862151,-7.007026872583551],[107.35701518035782,-7.01174794444959],[107.36095269223344,-7.014313355234584],[107.36542084907205,-7.012157892331894]]]},"properties":{"h3":"888c14656bfffff","incumbentScore":0,"method":"modeled_from_supply_density","realData":false}},{"type":"Feature","geometry":{"type":"Polygon","coordinates":[[[107.40838578808794,-6.893152091642764],[107.4089173174339,-6.888426053096764],[107.40497994392996,-6.885856260884444],[107.40051094719423,-6.888012705362318],[107.3999795133392,-6.892738895662264],[107.4039169807199,-6.8953084897390235],[107.40838578808794,-6.893152091642764]]]},"properties":{"h3":"888c146f35fffff","incumbentScore":0,"method":"modeled_from_supply_density","realData":false}},{"type":"Feature","geometry":{"type":"Polygon","coordinates":[[[107.43062485274697,-6.9583696269491355],[107.43115652475358,-6.95364710450343],[107.42722078433499,-6.9510803990351935],[107.42275327780726,-6.953236414332405],[107.42222170115737,-6.957959088544226],[107.42615753566945,-6.960525595701337],[107.43062485274697,-6.9583696269491355]]]},"properties":{"h3":"888c1461b9fffff","incumbentScore":0,"method":"modeled_from_supply_density","realData":false}},{"type":"Feature","geometry":{"type":"Polygon","coordinates":[[[107.27498330686886,-7.064702268488723],[107.27551301338644,-7.05998251386212],[107.27157300421092,-7.0574175102890955],[107.26710319627455,-7.059572459329276],[107.26657358570512,-7.064292363784722],[107.27051368711487,-7.066857169379883],[107.27498330686886,-7.064702268488723]]]},"properties":{"h3":"888c1464c5fffff","incumbentScore":0,"method":"modeled_from_supply_density","realData":false}},{"type":"Feature","geometry":{"type":"Polygon","coordinates":[[[107.31998208273436,-6.738938959699454],[107.32051286218234,-6.734204091991669],[107.31657033931303,-6.731626423172805],[107.31209694403796,-6.73378381966659],[107.3115662605496,-6.738518838723325],[107.31550887636762,-6.741096309945964],[107.31998208273436,-6.738938959699454]]]},"properties":{"h3":"888c10c259fffff","incumbentScore":0,"method":"modeled_from_supply_density","realData":false}},{"type":"Feature","geometry":{"type":"Polygon","coordinates":[[[107.47103637374313,-6.9745836598335975],[107.47156847949245,-6.969862561577312],[107.46763441241474,-6.9672972325080345],[107.46316814503005,-6.969453200169388],[107.4626361344564,-6.974174450549573],[107.46657029608268,-6.976739581153093],[107.47103637374313,-6.9745836598335975]]]},"properties":{"h3":"888c146113fffff","incumbentScore":0,"method":"modeled_from_supply_density","realData":false}},{"type":"Feature","geometry":{"type":"Polygon","coordinates":[[[107.39272993056746,-6.806801352944571],[107.3932614284251,-6.802070892076755],[107.38932239337622,-6.79949726349229],[107.38485176671226,-6.8016542937280065],[107.3843203644649,-6.806384906471829],[107.38825949326215,-6.8089583371125295],[107.39272993056746,-6.806801352944571]]]},"properties":{"h3":"888c10d2e1fffff","incumbentScore":0,"method":"modeled_from_supply_density","realData":false}},{"type":"Feature","geometry":{"type":"Polygon","coordinates":[[[107.47922779137438,-6.939375138206082],[107.47976005096749,-6.934652456724103],[107.47582583555293,-6.9320858087717045],[107.471359265872,-6.9342420407459135],[107.47082710144144,-6.938964874551918],[107.4747614115202,-6.941531324068276],[107.47922779137438,-6.939375138206082]]]},"properties":{"h3":"888c146addfffff","incumbentScore":0.001,"method":"modeled_from_supply_density","realData":false}},{"type":"Feature","geometry":{"type":"Polygon","coordinates":[[[107.36112623642704,-6.862305315043832],[107.36165727729187,-6.857577042621495],[107.35771780298033,-6.855005159557756],[107.35324719444462,-6.857161746858953],[107.35271624928953,-6.8618901706528534],[107.3566558169513,-6.864461855782632],[107.36112623642704,-6.862305315043832]]]},"properties":{"h3":"888c146de9fffff","incumbentScore":0,"method":"modeled_from_supply_density","realData":false}},{"type":"Feature","geometry":{"type":"Polygon","coordinates":[[[107.37404649530743,-7.048170609000032],[107.37457736634535,-7.043451581807228],[107.3706407163635,-7.0408876174797],[107.36617310194713,-7.043042878624121],[107.36564232644987,-7.047762056709825],[107.36957906981925,-7.050325822766878],[107.37404649530743,-7.048170609000032]]]},"properties":{"h3":"888c14672bfffff","incumbentScore":0,"method":"modeled_from_supply_density","realData":false}},{"type":"Feature","geometry":{"type":"Polygon","coordinates":[[[107.40954749098238,-6.807633730162124],[107.41007917995306,-6.802903573300634],[107.40614076457557,-6.800330268515667],[107.40167056627648,-6.802487318599802],[107.40113897284441,-6.80721762750683],[107.40507748216373,-6.809790734292783],[107.40954749098238,-6.807633730162124]]]},"properties":{"h3":"888c10d23bfffff","incumbentScore":0,"method":"modeled_from_supply_density","realData":false}},{"type":"Feature","geometry":{"type":"Polygon","coordinates":[[[107.62477930236386,-6.846744507311383],[107.62531337758209,-6.842019650393705],[107.62138330940495,-6.8394516907878495],[107.61691906960897,-6.841608786856898],[107.61638508899156,-6.846333797887361],[107.62031525356021,-6.848901558744447],[107.62477930236386,-6.846744507311383]]]},"properties":{"h3":"888c16b4c9fffff","incumbentScore":0.001,"method":"modeled_from_supply_density","realData":false}},{"type":"Feature","geometry":{"type":"Polygon","coordinates":[[[107.29996669004406,-6.766504956843598],[107.30049719249702,-6.761771104498949],[107.29655429820492,-6.759194226038474],[107.29208080875011,-6.7613513975097534],[107.29155040232426,-6.766085400908859],[107.29549338931704,-6.768662081790886],[107.29996669004406,-6.766504956843598]]]},"properties":{"h3":"888c10d547fffff","incumbentScore":0,"method":"modeled_from_supply_density","realData":false}},{"type":"Feature","geometry":{"type":"Polygon","coordinates":[[[107.36524113243422,-6.712629055524177],[107.36577247622861,-6.707893630554936],[107.36183125343071,-6.705315654270177],[107.35735859334167,-6.707473300660088],[107.35682734533184,-6.712208877528331],[107.36076866161741,-6.7147866561162735],[107.36524113243422,-6.712629055524177]]]},"properties":{"h3":"888c10d195fffff","incumbentScore":0,"method":"modeled_from_supply_density","realData":false}},{"type":"Feature","geometry":{"type":"Polygon","coordinates":[[[107.40157385741192,-6.878559662439616],[107.40210533377554,-6.873832809917048],[107.39816752853203,-6.871262296501289],[107.39369815310877,-6.873418833706771],[107.39316677227389,-6.878145837961527],[107.39710467132444,-6.880716153287217],[107.40157385741192,-6.878559662439616]]]},"properties":{"h3":"888c146d43fffff","incumbentScore":0,"method":"modeled_from_supply_density","realData":false}},{"type":"Feature","geometry":{"type":"Polygon","coordinates":[[[107.41627506142643,-7.0857938731708385],[107.41680635114156,-7.081077346513694],[107.4128717066574,-7.078515684012134],[107.40840567859794,-7.080670746639527],[107.40787448422194,-7.085387424494044],[107.4118092225572,-7.087948888532445],[107.41627506142643,-7.0857938731708385]]]},"properties":{"h3":"888c1462d3fffff","incumbentScore":0,"method":"modeled_from_supply_density","realData":false}},{"type":"Feature","geometry":{"type":"Polygon","coordinates":[[[107.66316141979298,-6.805859565528109],[107.66369600081357,-6.80113335169292],[107.6597668263668,-6.798564362531332],[107.65530297403396,-6.800721786016112],[107.65476848747556,-6.805448154490567],[107.6586977587787,-6.808016944849382],[107.66316141979298,-6.805859565528109]]]},"properties":{"h3":"888c16b423fffff","incumbentScore":0,"method":"modeled_from_supply_density","realData":false}},{"type":"Feature","geometry":{"type":"Polygon","coordinates":[[[107.46679543064725,-6.824727587226106],[107.46732774484029,-6.819999156578016],[107.46339162432128,-6.817427545047143],[107.45892309500913,-6.819584562383248],[107.45839087610169,-6.824313145606548],[107.4623270912117,-6.826884558927095],[107.46679543064725,-6.824727587226106]]]},"properties":{"h3":"888c146991fffff","incumbentScore":0.001,"method":"modeled_from_supply_density","realData":false}},{"type":"Feature","geometry":{"type":"Polygon","coordinates":[[[107.58241014399054,-6.773367908178503],[107.58294386392616,-6.7686388365903625],[107.57901131287407,-6.766067099743386],[107.57454494592606,-6.768224632985843],[107.57401132081644,-6.77295385849858],[107.57794396781972,-6.775525396852732],[107.58241014399054,-6.773367908178503]]]},"properties":{"h3":"888c16a601fffff","incumbentScore":0.001,"method":"modeled_from_supply_density","realData":false}},{"type":"Feature","geometry":{"type":"Polygon","coordinates":[[[107.47040841175895,-6.867686456139449],[107.47094069359066,-6.862960159247698],[107.46700524879513,-6.860390387168498],[107.46253742755235,-6.86254711028196],[107.46200524096453,-6.86727355964462],[107.4659407803665,-6.869843133431468],[107.47040841175895,-6.867686456139449]]]},"properties":{"h3":"888c1468ebfffff","incumbentScore":0.001,"method":"modeled_from_supply_density","realData":false}},{"type":"Feature","geometry":{"type":"Polygon","coordinates":[[[107.22769220655735,-7.033912931710478],[107.22822142169039,-7.02919094185569],[107.22427932562339,-7.026623842844922],[107.21980792270882,-7.028778931475761],[107.21927880374197,-7.033501070777254],[107.2232209915145,-7.03606797200998],[107.22769220655735,-7.033912931710478]]]},"properties":{"h3":"888c109a59fffff","incumbentScore":0,"method":"modeled_from_supply_density","realData":false}},{"type":"Feature","geometry":{"type":"Polygon","coordinates":[[[107.4245526413544,-6.786971151940046],[107.42508453737315,-6.782240234352032],[107.42114640419223,-6.779666335542825],[107.4166762808561,-6.781823552342798],[107.41614448032513,-6.786554622197351],[107.4200827076334,-6.789128322993975],[107.4245526413544,-6.786971151940046]]]},"properties":{"h3":"888c10d049fffff","incumbentScore":0,"method":"modeled_from_supply_density","realData":false}},{"type":"Feature","geometry":{"type":"Polygon","coordinates":[[[107.33679448035886,-7.003640049973632],[107.33732500069762,-6.998918267902978],[107.33338644088825,-6.9963518082752785],[107.32891726774648,-6.998507328808845],[107.32838684313307,-7.003229261539669],[107.33232549592704,-7.005795523085428],[107.33679448035886,-7.003640049973632]]]},"properties":{"h3":"888c146539fffff","incumbentScore":0,"method":"modeled_from_supply_density","realData":false}},{"type":"Feature","geometry":{"type":"Polygon","coordinates":[[[107.46318135679178,-6.781747983973084],[107.4637137033371,-6.77701742334937],[107.45977690689718,-6.774443974168031],[107.45530766932725,-6.77660128374623],[107.45477541810918,-6.781331997048934],[107.45871230912469,-6.783905248102984],[107.46318135679178,-6.781747983973084]]]},"properties":{"h3":"888c10d355fffff","incumbentScore":0,"method":"modeled_from_supply_density","realData":false}},{"type":"Feature","geometry":{"type":"Polygon","coordinates":[[[107.43902747960604,-6.95877999080765],[107.43955924693356,-6.954057620212325],[107.43562381660684,-6.951491077886601],[107.43115652475358,-6.95364710450343],[107.43062485274697,-6.9583696269491355],[107.43456037726364,-6.960935970936235],[107.43902747960604,-6.95877999080765]]]},"properties":{"h3":"888c146187fffff","incumbentScore":0,"method":"modeled_from_supply_density","realData":false}},{"type":"Feature","geometry":{"type":"Polygon","coordinates":[[[107.41019680742738,-6.914622723226261],[107.41072832074609,-6.9098977546260665],[107.40679128506358,-6.907328882160187],[107.40232264216863,-6.909485176479089],[107.40179122432001,-6.91421029678123],[107.40572835388717,-6.916778971071118],[107.41019680742738,-6.914622723226261]]]},"properties":{"h3":"888c146f03fffff","incumbentScore":0,"method":"modeled_from_supply_density","realData":false}},{"type":"Feature","geometry":{"type":"Polygon","coordinates":[[[107.42924403038367,-7.008147142120534],[107.42977560134179,-7.003427022877398],[107.4258404420606,-7.00086235905803],[107.4213736177648,-7.0030180128754145],[107.42084214213868,-7.007738283705855],[107.42477739546727,-7.0103027491402266],[107.42924403038367,-7.008147142120534]]]},"properties":{"h3":"888c1460e1fffff","incumbentScore":0,"method":"modeled_from_supply_density","realData":false}},{"type":"Feature","geometry":{"type":"Polygon","coordinates":[[[107.38541698193552,-6.984650218187799],[107.38594809183654,-6.979928267655499],[107.38201104712732,-6.977361865882725],[107.3775427989512,-6.979517612858924],[107.37701178458191,-6.984239714609823],[107.38094892284795,-6.986805918174567],[107.38541698193552,-6.984650218187799]]]},"properties":{"h3":"888c146e5dfffff","incumbentScore":0,"method":"modeled_from_supply_density","realData":false}},{"type":"Feature","geometry":{"type":"Polygon","coordinates":[[[107.47901944777475,-6.90374396008752],[107.4795517660847,-6.899019545840325],[107.4756170914988,-6.896451416626031],[107.47115000391031,-6.89860790004577],[107.47061778078563,-6.903332466732756],[107.47455255005507,-6.905900397568778],[107.47901944777475,-6.90374396008752]]]},"properties":{"h3":"888c146aabfffff","incumbentScore":0.155,"method":"modeled_from_supply_density","realData":false}},{"type":"Feature","geometry":{"type":"Polygon","coordinates":[[[107.44604623302942,-7.008964332670765],[107.44657799454411,-7.004244516854581],[107.44264345534022,-7.001680180062683],[107.43817706037228,-7.003835857535511],[107.43764539411795,-7.00855582510722],[107.44158002756213,-7.0111199634591905],[107.44604623302942,-7.008964332670765]]]},"properties":{"h3":"888c14603bfffff","incumbentScore":0,"method":"modeled_from_supply_density","realData":false}},{"type":"Feature","geometry":{"type":"Polygon","coordinates":[[[107.43317405639047,-6.823068787922559],[107.43370598922594,-6.81833974748094],[107.42976862625932,-6.815767486996076],[107.42529923624329,-6.8179244650615916],[107.42476739883688,-6.8226536577401315],[107.42870485600835,-6.825225720124817],[107.43317405639047,-6.823068787922559]]]},"properties":{"h3":"888c10d209fffff","incumbentScore":0,"method":"modeled_from_supply_density","realData":false}},{"type":"Feature","geometry":{"type":"Polygon","coordinates":[[[107.59061295750256,-6.738102073457386],[107.59114683131095,-6.733371437567855],[107.58721413445618,-6.730798383622135],[107.58274746771674,-6.73295616403384],[107.58221368872093,-6.737686954047949],[107.58614648164281,-6.740259809534231],[107.59061295750256,-6.738102073457386]]]},"properties":{"h3":"888c16a71bfffff","incumbentScore":0.001,"method":"modeled_from_supply_density","realData":false}},{"type":"Feature","geometry":{"type":"Polygon","coordinates":[[[107.58100565634753,-6.823216077092774],[107.58153927466469,-6.818489385077402],[107.57760730324888,-6.815919688523523],[107.5731416176025,-6.818076882564793],[107.57260809408682,-6.822803728325594],[107.57654016140692,-6.825373226308172],[107.58100565634753,-6.823216077092774]]]},"properties":{"h3":"888c16b497fffff","incumbentScore":0.001,"method":"modeled_from_supply_density","realData":false}},{"type":"Feature","geometry":{"type":"Polygon","coordinates":[[[107.45435278045738,-6.709929825676515],[107.45488514910824,-6.705195672571842],[107.45094712204939,-6.702619110855704],[107.44647663181307,-6.704776900230356],[107.445944358571,-6.709511206157622],[107.4498824801474,-6.7120875698961795],[107.45435278045738,-6.709929825676515]]]},"properties":{"h3":"888c10d163fffff","incumbentScore":0,"method":"modeled_from_supply_density","realData":false}},{"type":"Feature","geometry":{"type":"Polygon","coordinates":[[[107.372943487455,-6.870019361515377],[107.37347465056385,-6.8652916472483385],[107.36953570110921,-6.862720286496535],[107.3650654950547,-6.864876838004862],[107.3645344276009,-6.8696047037392445],[107.36847347053752,-6.872175866506595],[107.372943487455,-6.870019361515377]]]},"properties":{"h3":"888c146d11fffff","incumbentScore":0,"method":"modeled_from_supply_density","realData":false}},{"type":"Feature","geometry":{"type":"Polygon","coordinates":[[[107.43785847639147,-7.04415221209391],[107.43839008408129,-7.039433985852473],[107.43445569395868,-7.0368709686678566],[107.42998960201248,-7.039026376201637],[107.42945808959608,-7.043744753998383],[107.43339257384339,-7.046307572714661],[107.43785847639147,-7.04415221209391]]]},"properties":{"h3":"888c1462a1fffff","incumbentScore":0,"method":"modeled_from_supply_density","realData":false}},{"type":"Feature","geometry":{"type":"Polygon","coordinates":[[[107.19562203040039,-7.018096001086834],[107.19615090307246,-7.0133727456117825],[107.19220745889152,-7.010804437943496],[107.18773505068606,-7.012959583408951],[107.18720627432478,-7.017682988054127],[107.19114980984912,-7.0202510980724995],[107.19562203040039,-7.018096001086834]]]},"properties":{"h3":"888c109acdfffff","incumbentScore":0,"method":"modeled_from_supply_density","realData":false}},{"type":"Feature","geometry":{"type":"Polygon","coordinates":[[[107.34022285450327,-6.747089836897065],[107.34075385242748,-6.742355677117712],[107.33681216281073,-6.73977868927393],[107.33233938208281,-6.741936058893242],[107.33180848002768,-6.746670370203347],[107.33575026282232,-6.749247160372012],[107.34022285450327,-6.747089836897065]]]},"properties":{"h3":"888c10d0bdfffff","incumbentScore":0,"method":"modeled_from_supply_density","realData":false}},{"type":"Feature","geometry":{"type":"Polygon","coordinates":[[[107.3765713334352,-6.912971974601432],[107.37710246465883,-6.908246399700366],[107.37316419099811,-6.905676876686426],[107.3686946926067,-6.907833126647831],[107.36816365699633,-6.912558852912825],[107.37210202415504,-6.915128177861112],[107.3765713334352,-6.912971974601432]]]},"properties":{"h3":"888c146c6bfffff","incumbentScore":0,"method":"modeled_from_supply_density","realData":false}},{"type":"Feature","geometry":{"type":"Polygon","coordinates":[[[107.30475126230245,-6.987828024161798],[107.30528144197974,-6.983104973514543],[107.3013415272149,-6.98053730330459],[107.29687134013969,-6.982692881704829],[107.29634125633262,-6.987416082737005],[107.3002812637215,-6.989983554992734],[107.30475126230245,-6.987828024161798]]]},"properties":{"h3":"888c1465adfffff","incumbentScore":0,"method":"modeled_from_supply_density","realData":false}},{"type":"Feature","geometry":{"type":"Polygon","coordinates":[[[107.4417929402899,-6.85915023409208],[107.44232490987349,-6.854423073346247],[107.43838831701687,-6.851852452820715],[107.43391966028537,-6.854009191236658],[107.43338778607217,-6.858736504189297],[107.43732447321104,-6.8613069265277735],[107.4417929402899,-6.85915023409208]]]},"properties":{"h3":"888c1468b9fffff","incumbentScore":0,"method":"modeled_from_supply_density","realData":false}},{"type":"Feature","geometry":{"type":"Polygon","coordinates":[[[107.23404372159771,-6.977234363076047],[107.23457310646023,-6.972509703535579],[107.2306305182871,-6.969940372224295],[107.22615845342993,-6.972095898172086],[107.22562916474199,-6.976820707408896],[107.22957184472763,-6.97938984101033],[107.23404372159771,-6.977234363076047]]]},"properties":{"h3":"888c109a27fffff","incumbentScore":0,"method":"modeled_from_supply_density","realData":false}},{"type":"Feature","geometry":{"type":"Polygon","coordinates":[[[107.38069254459994,-6.763383492572061],[107.381223978793,-6.758650750119387],[107.37728395788045,-6.756075125820318],[107.37281240913013,-6.758232441815057],[107.37228107062502,-6.76296533616136],[107.37622118517318,-6.765540762627896],[107.38069254459994,-6.763383492572061]]]},"properties":{"h3":"888c10d017fffff","incumbentScore":0,"method":"modeled_from_supply_density","realData":false}},{"type":"Feature","geometry":{"type":"Polygon","coordinates":[[[107.3452015965158,-7.004050662928313],[107.34573221254419,-6.999329031602253],[107.3417939611803,-6.996762735030461],[107.33732500069762,-6.998918267902978],[107.33679448035886,-7.003640049973632],[107.34073282480412,-7.006206148435858],[107.3452015965158,-7.004050662928313]]]},"properties":{"h3":"888c146507fffff","incumbentScore":0,"method":"modeled_from_supply_density","realData":false}},{"type":"Feature","geometry":{"type":"Polygon","coordinates":[[[107.46297104065248,-6.746054887313649],[107.46350344593053,-6.741322605548543],[107.45956618972545,-6.738747680283364],[107.45509643363835,-6.74090523485837],[107.45456412371036,-6.745637669416835],[107.4585014745103,-6.748212396615455],[107.46297104065248,-6.746054887313649]]]},"properties":{"h3":"888c10d323fffff","incumbentScore":0,"method":"modeled_from_supply_density","realData":false}},{"type":"Feature","geometry":{"type":"Polygon","coordinates":[[[107.4822135702616,-6.875394165605073],[107.48274597362571,-6.870668428108534],[107.47881105603132,-6.868099179747224],[107.47434364032617,-6.870255867233579],[107.47381133215116,-6.874981757296066],[107.47774634448312,-6.877550807314817],[107.4822135702616,-6.875394165605073]]]},"properties":{"h3":"888c146813fffff","incumbentScore":0.155,"method":"modeled_from_supply_density","realData":false}},{"type":"Feature","geometry":{"type":"Polygon","coordinates":[[[107.31816078673911,-6.981361287092635],[107.31869113138511,-6.976638129174781],[107.31475161734689,-6.9740704237779925],[107.31028166587085,-6.9762260742948765],[107.30975141704258,-6.9809493827558],[107.31369102386358,-6.983516890165469],[107.31816078673911,-6.981361287092635]]]},"properties":{"h3":"888c146ed1fffff","incumbentScore":0,"method":"modeled_from_supply_density","realData":false}},{"type":"Feature","geometry":{"type":"Polygon","coordinates":[[[107.33542799204348,-7.053409876867397],[107.33595841164335,-7.048690505237038],[107.3320204341458,-7.046126085307007],[107.32755194410032,-7.048281235170784],[107.32702162020084,-7.05300075728344],[107.33095969063741,-7.055564979058715],[107.33542799204348,-7.053409876867397]]]},"properties":{"h3":"888c146461fffff","incumbentScore":0,"method":"modeled_from_supply_density","realData":false}},{"type":"Feature","geometry":{"type":"Polygon","coordinates":[[[107.40266018985386,-7.056676484892505],[107.40319137377092,-7.0519583201525595],[107.39925586674784,-7.049395208603138],[107.39478908208658,-7.051550460177488],[107.39425799358405,-7.056268776073288],[107.39819359431917,-7.058831689247558],[107.40266018985386,-7.056676484892505]]]},"properties":{"h3":"888c14676dfffff","incumbentScore":0,"method":"modeled_from_supply_density","realData":false}},{"type":"Feature","geometry":{"type":"Polygon","coordinates":[[[107.38519775980542,-6.949024388355342],[107.38572892815009,-6.9443007000286014],[107.38179142366204,-6.941732818392871],[107.37732265724452,-6.9438888232435],[107.37679158445447,-6.948612662903916],[107.38072918251825,-6.951180346388674],[107.38519775980542,-6.949024388355342]]]},"properties":{"h3":"888c146e2bfffff","incumbentScore":0,"method":"modeled_from_supply_density","realData":false}},{"type":"Feature","geometry":{"type":"Polygon","coordinates":[[[107.46964954144468,-7.024345551848738],[107.47018154603605,-7.019626857432421],[107.46624805945363,-7.017063572264585],[107.46178247376851,-7.019219180060797],[107.46125056432818,-7.023938026421413],[107.46518414541288,-7.02650111305011],[107.46964954144468,-7.024345551848738]]]},"properties":{"h3":"888c146009fffff","incumbentScore":0,"method":"modeled_from_supply_density","realData":false}},{"type":"Feature","geometry":{"type":"Polygon","coordinates":[[[107.34089649726351,-6.8541740710148495],[107.34142732003744,-6.849445089371227],[107.33748701228859,-6.846872522271742],[107.33301578863521,-6.849029134680253],[107.3324850616615,-6.853758267514754],[107.33642546253185,-6.856330636758514],[107.34089649726351,-6.8541740710148495]]]},"properties":{"h3":"888c146d85fffff","incumbentScore":0,"method":"modeled_from_supply_density","realData":false}},{"type":"Feature","geometry":{"type":"Polygon","coordinates":[[[107.37206016288913,-6.727253567605439],[107.37259155988532,-6.722518951971752],[107.36865076891978,-6.719941693368085],[107.36417848739129,-6.722099248150373],[107.36364718614176,-6.726834015705936],[107.36758807066502,-6.729411076565935],[107.37206016288913,-6.727253567605439]]]},"properties":{"h3":"888c10d1d7fffff","incumbentScore":0,"method":"modeled_from_supply_density","realData":false}},{"type":"Feature","geometry":{"type":"Polygon","coordinates":[[[107.5488116683297,-6.771710683015519],[107.54934500874562,-6.766980996235026],[107.54541120719942,-6.764408609861068],[107.54094396966167,-6.766566108659419],[107.5404107242156,-6.771295949027072],[107.54434462132834,-6.773868137017711],[107.5488116683297,-6.771710683015519]]]},"properties":{"h3":"888c16a6e9fffff","incumbentScore":0,"method":"modeled_from_supply_density","realData":false}},{"type":"Feature","geometry":{"type":"Polygon","coordinates":[[[107.69173013604822,-6.814386250504137],[107.69226502610367,-6.809660907208063],[107.6883370121416,-6.8070927694800325],[107.68387401093713,-6.809250173963601],[107.68333921521683,-6.813975672160857],[107.68726732635672,-6.816543610981759],[107.69173013604822,-6.814386250504137]]]},"properties":{"h3":"888c16b465fffff","incumbentScore":0,"method":"modeled_from_supply_density","realData":false}},{"type":"Feature","geometry":{"type":"Polygon","coordinates":[[[107.47360231541526,-6.839325370953064],[107.47413468231672,-6.834597752878251],[107.4701989943446,-6.83202686259257],[107.46573084480148,-6.834183788646351],[107.4651985731478,-6.838911559317964],[107.46913435578041,-6.8414822513475455],[107.47360231541526,-6.839325370953064]]]},"properties":{"h3":"888c1469d3fffff","incumbentScore":0.003,"method":"modeled_from_supply_density","realData":false}},{"type":"Feature","geometry":{"type":"Polygon","coordinates":[[[107.34405780097143,-7.089409718557561],[107.34458825794508,-7.084692243827707],[107.34065104856438,-7.08212946904108],[107.33618328918398,-7.084284367230507],[107.33565292785212,-7.089001992411518],[107.33959023024983,-7.0915645689606475],[107.34405780097143,-7.089409718557561]]]},"properties":{"h3":"888c146621fffff","incumbentScore":0,"method":"modeled_from_supply_density","realData":false}},{"type":"Feature","geometry":{"type":"Polygon","coordinates":[[[107.42571905982233,-6.701361799633254],[107.42625111566743,-6.6966267838173605],[107.42231194026073,-6.694049378829803],[107.41784061480716,-6.6962071875380484],[107.41730865449748,-6.7009423559105485],[107.42124792409686,-6.703519563026765],[107.42571905982233,-6.701361799633254]]]},"properties":{"h3":"888c10d131fffff","incumbentScore":0,"method":"modeled_from_supply_density","realData":false}},{"type":"Feature","geometry":{"type":"Polygon","coordinates":[[[107.2811094042182,-6.972420503213296],[107.28163933863003,-6.967696335482209],[107.2776983781409,-6.965127618770522],[107.27322739087096,-6.967283267652524],[107.27269755243853,-6.972007585577233],[107.27663860528762,-6.97457610443503],[107.2811094042182,-6.972420503213296]]]},"properties":{"h3":"888c109b41fffff","incumbentScore":0,"method":"modeled_from_supply_density","realData":false}},{"type":"Feature","geometry":{"type":"Polygon","coordinates":[[[107.5892070771427,-6.787967225066943],[107.58974084928546,-6.7832389647690885],[107.58580873207937,-6.780667950017495],[107.58134274670125,-6.782825394111016],[107.58080906934661,-6.787553808354549],[107.58474128257286,-6.790124624567324],[107.5892070771427,-6.787967225066943]]]},"properties":{"h3":"888c16a643fffff","incumbentScore":0.001,"method":"modeled_from_supply_density","realData":false}},{"type":"Feature","geometry":{"type":"Polygon","coordinates":[[[107.56241108348883,-6.800911310863238],[107.56294452858631,-6.796183246905737],[107.55901159409918,-6.793612304003942],[107.55454511880072,-6.795769623543434],[107.55401176859739,-6.800497841130614],[107.55794479878926,-6.80306858555711],[107.56241108348883,-6.800911310863238]]]},"properties":{"h3":"888c14692dfffff","incumbentScore":0,"method":"modeled_from_supply_density","realData":false}},{"type":"Feature","geometry":{"type":"Polygon","coordinates":[[[107.33066731564806,-6.832267126248269],[107.33119805846178,-6.827536925533939],[107.32725710397914,-6.8249632793567905],[107.3227853136573,-6.8271200316894465],[107.32225466670053,-6.831850383560958],[107.32619571419959,-6.8344238319512804],[107.33066731564806,-6.832267126248269]]]},"properties":{"h3":"888c10d749fffff","incumbentScore":0,"method":"modeled_from_supply_density","realData":false}},{"type":"Feature","geometry":{"type":"Polygon","coordinates":[[[107.34793838037143,-6.904436048826602],[107.3484691980367,-6.899709612828243],[107.34452978179068,-6.897139241950237],[107.34005945469765,-6.899295505039327],[107.3395287327719,-6.90402209213682],[107.3434682421906,-6.906592265054747],[107.34793838037143,-6.904436048826602]]]},"properties":{"h3":"888c146c39fffff","incumbentScore":0,"method":"modeled_from_supply_density","realData":false}},{"type":"Feature","geometry":{"type":"Polygon","coordinates":[[[107.34204031512063,-6.768600166922172],[107.34257129717234,-6.763867071126667],[107.33862994578986,-6.761290998919455],[107.33415751916061,-6.7634482202336415],[107.33362663295705,-6.7681814675091365],[107.33756807752552,-6.7707573419990865],[107.34204031512063,-6.768600166922172]]]},"properties":{"h3":"888c10d08bfffff","incumbentScore":0,"method":"modeled_from_supply_density","realData":false}},{"type":"Feature","geometry":{"type":"Polygon","coordinates":[[[107.46104018773121,-6.988336872576517],[107.46157215580747,-6.983616286802863],[107.45763789969429,-6.981051354659982],[107.45317158107054,-6.983207206754851],[107.45263970820386,-6.987927944505043],[107.45657405874229,-6.990492678192429],[107.46104018773121,-6.988336872576517]]]},"properties":{"h3":"888c1461c9fffff","incumbentScore":0,"method":"modeled_from_supply_density","realData":false}},{"type":"Feature","geometry":{"type":"Polygon","coordinates":[[[107.43881447463917,-6.923151088283149],[107.4393463005666,-6.918426982765018],[107.43541041080738,-6.915858959775492],[107.43094260090248,-6.918015240593849],[107.43041087031874,-6.9227394980778305],[107.43434685428711,-6.925307322786196],[107.43881447463917,-6.923151088283149]]]},"properties":{"h3":"888c146f45fffff","incumbentScore":0,"method":"modeled_from_supply_density","realData":false}},{"type":"Feature","geometry":{"type":"Polygon","coordinates":[[[107.45019756902455,-6.859563791220195],[107.45072963394266,-6.854836782765646],[107.44679335156108,-6.85226632471709],[107.44232490987349,-6.854423073346247],[107.4417929402899,-6.85915023409208],[107.44572931705028,-6.8617204939260485],[107.45019756902455,-6.859563791220195]]]},"properties":{"h3":"888c146887fffff","incumbentScore":0.001,"method":"modeled_from_supply_density","realData":false}},{"type":"Feature","geometry":{"type":"Polygon","coordinates":[[[107.3484130354306,-6.71178852926116],[107.34894418762006,-6.707052800579062],[107.34500234624517,-6.7044745022780425],[107.34052925937804,-6.706632130309082],[107.3399982030448,-6.711368010719866],[107.34394013771342,-6.713946111379536],[107.3484130354306,-6.71178852926116]]]},"properties":{"h3":"888c10c269fffff","incumbentScore":0,"method":"modeled_from_supply_density","realData":false}},{"type":"Feature","geometry":{"type":"Polygon","coordinates":[[[107.49942849217578,-6.94748307149193],[107.49996096826,-6.94276110274873],[107.49602759110564,-6.940195143092239],[107.49156164296659,-6.942351350700835],[107.49102926195434,-6.947073471946778],[107.49496273400011,-6.949639233089936],[107.49942849217578,-6.94748307149193]]]},"properties":{"h3":"888c146123fffff","incumbentScore":0,"method":"modeled_from_supply_density","realData":false}},{"type":"Feature","geometry":{"type":"Polygon","coordinates":[[[107.50762218208165,-6.912268226789062],[107.5081548119934,-6.907544677727699],[107.5042212871707,-6.9049773990915435],[107.49975503742003,-6.907133868008414],[107.49922250256702,-6.911857569772754],[107.50315612239686,-6.914424649925777],[107.50762218208165,-6.912268226789062]]]},"properties":{"h3":"888c146aedfffff","incumbentScore":0.156,"method":"modeled_from_supply_density","realData":false}},{"type":"Feature","geometry":{"type":"Polygon","coordinates":[[[107.35223917286362,-7.054227586952367],[107.3527697837572,-7.049508516539427],[107.3488324230462,-7.0469444234664325],[107.34436435830013,-7.049099599024999],[107.34383384303554,-7.053818820088782],[107.347771296879,-7.056382714951838],[107.35223917286362,-7.054227586952367]]]},"properties":{"h3":"888c14673bfffff","incumbentScore":0,"method":"modeled_from_supply_density","realData":false}},{"type":"Feature","geometry":{"type":"Polygon","coordinates":[[[107.43998418904285,-6.837669090089428],[107.440516174738,-6.832940862134332],[107.43657924398437,-6.830369322351607],[107.43211023325208,-6.832526208678593],[107.43157834294817,-6.8372545888924545],[107.43551536797624,-6.839825930529145],[107.43998418904285,-6.837669090089428]]]},"properties":{"h3":"888c10d24bfffff","incumbentScore":0.001,"method":"modeled_from_supply_density","realData":false}},{"type":"Feature","geometry":{"type":"Polygon","coordinates":[[[107.3797583332654,-6.884615210169284],[107.38028954948769,-6.879888309608213],[107.37635103150647,-6.877317669470773],[107.37188120374205,-6.879474127933082],[107.37135008313699,-6.884201179983502],[107.37528869467002,-6.886771622090888],[107.3797583332654,-6.884615210169284]]]},"properties":{"h3":"888c146d53fffff","incumbentScore":0,"method":"modeled_from_supply_density","realData":false}},{"type":"Feature","geometry":{"type":"Polygon","coordinates":[[[107.50499771926526,-6.748138415758656],[107.50553060075477,-6.7434068992307346],[107.50159490118978,-6.740832783137747],[107.49712622504882,-6.742990381785342],[107.49659343872976,-6.747722051529994],[107.50052923337209,-6.750295969418822],[107.50499771926526,-6.748138415758656]]]},"properties":{"h3":"888c16a6b7fffff","incumbentScore":0,"method":"modeled_from_supply_density","realData":false}},{"type":"Feature","geometry":{"type":"Polygon","coordinates":[[[107.6413765980444,-6.811920205688631],[107.64191092154839,-6.80719393424416],[107.63798102239426,-6.804624817808411],[107.63351670312385,-6.806782171569494],[107.63298247417123,-6.81150859741148],[107.63691246992855,-6.814077515103298],[107.6413765980444,-6.811920205688631]]]},"properties":{"h3":"888c16b433fffff","incumbentScore":0.001,"method":"modeled_from_supply_density","realData":false}},{"type":"Feature","geometry":{"type":"Polygon","coordinates":[[[107.49520174559382,-6.797598748396169],[107.49573443053121,-6.792869457763267],[107.49179900033704,-6.790297215575143],[107.48733079026195,-6.792454462284365],[107.48679820050624,-6.797183905871756],[107.49073372563487,-6.799755949803957],[107.49520174559382,-6.797598748396169]]]},"properties":{"h3":"888c1469a1fffff","incumbentScore":0.001,"method":"modeled_from_supply_density","realData":false}},{"type":"Feature","geometry":{"type":"Polygon","coordinates":[[[107.56061189349357,-6.77942623672086],[107.56114535500812,-6.7746971091738475],[107.55721208267519,-6.772125245920998],[107.5527452531213,-6.774282708657391],[107.55221188652169,-6.779011989886603],[107.55614525455192,-6.781583654705695],[107.56061189349357,-6.77942623672086]]]},"properties":{"h3":"888c16a611fffff","incumbentScore":0,"method":"modeled_from_supply_density","realData":false}},{"type":"Feature","geometry":{"type":"Polygon","coordinates":[[[107.35634750615144,-6.9048498318121565],[107.35687841952038,-6.900123546997584],[107.35293931210232,-6.897553338507438],[107.3484691980367,-6.899709612828243],[107.34793838037143,-6.904436048826602],[107.35187758105904,-6.907006059329018],[107.35634750615144,-6.9048498318121565]]]},"properties":{"h3":"888c146c07fffff","incumbentScore":0,"method":"modeled_from_supply_density","realData":false}},{"type":"Feature","geometry":{"type":"Polygon","coordinates":[[[107.25610654518454,-7.006814872204792],[107.25663613347095,-7.002091995835721],[107.2526947118012,-6.999524268340881],[107.24822360978563,-7.001679615051308],[107.24769411756263,-7.006402641246052],[107.25163563128274,-7.008970170913443],[107.25610654518454,-7.006814872204792]]]},"properties":{"h3":"888c109a69fffff","incumbentScore":0,"method":"modeled_from_supply_density","realData":false}},{"type":"Feature","geometry":{"type":"Polygon","coordinates":[[[107.36723469539827,-7.033603855073988],[107.36776551335308,-7.028884009708619],[107.36382843241006,-7.026319321973305],[107.35936044018538,-7.028474677838187],[107.35882971780894,-7.033194674075272],[107.36276689206973,-7.035759163584417],[107.36723469539827,-7.033603855073988]]]},"properties":{"h3":"888c146549fffff","incumbentScore":0,"method":"modeled_from_supply_density","realData":false}},{"type":"Feature","geometry":{"type":"Polygon","coordinates":[[[107.40273379567195,-6.793026041112607],[107.4032654316363,-6.78829507263322],[107.39932658426974,-6.785721048147557],[107.39485600705765,-6.787878190102729],[107.39432446666972,-6.792609310605442],[107.39826340790839,-6.795183137138238],[107.40273379567195,-6.793026041112607]]]},"properties":{"h3":"888c10d059fffff","incumbentScore":0,"method":"modeled_from_supply_density","realData":false}},{"type":"Feature","geometry":{"type":"Polygon","coordinates":[[[107.5108181742019,-6.8839236234017065],[107.51135088917687,-6.879198751082781],[107.50741712172984,-6.876630352505459],[107.5029505442376,-6.878787024703157],[107.5024179243252,-6.883512049851458],[107.50635178683339,-6.886080249981239],[107.5108181742019,-6.8839236234017065]]]},"properties":{"h3":"888c146855fffff","incumbentScore":0.311,"method":"modeled_from_supply_density","realData":false}},{"type":"Feature","geometry":{"type":"Polygon","coordinates":[[[107.49159201900224,-6.754611014106758],[107.49212473643877,-6.749879596406636],[107.48818863028863,-6.747305516574658],[107.48371971177377,-6.74946305262369],[107.48318708956064,-6.754194623382221],[107.48712329062991,-6.75676850504184],[107.49159201900224,-6.754611014106758]]]},"properties":{"h3":"888c10d365fffff","incumbentScore":0,"method":"modeled_from_supply_density","realData":false}},{"type":"Feature","geometry":{"type":"Polygon","coordinates":[[[107.3883849823232,-6.9206789382198055],[107.38891623565114,-6.9159539221724184],[107.38497848701087,-6.91338492247296],[107.38050939140403,-6.915541136945412],[107.37997823363469,-6.920266304452137],[107.38391607590455,-6.922835106035707],[107.3883849823232,-6.9206789382198055]]]},"properties":{"h3":"888c146f13fffff","incumbentScore":0,"method":"modeled_from_supply_density","realData":false}},{"type":"Feature","geometry":{"type":"Polygon","coordinates":[[[107.41722266180673,-6.96483746374195],[107.41775416951877,-6.960115045875638],[107.41381802514961,-6.957548375588402],[107.40935027912408,-6.959704321454629],[107.40881886682149,-6.964426890929113],[107.41275510512588,-6.966993362937812],[107.41722266180673,-6.96483746374195]]]},"properties":{"h3":"888c146197fffff","incumbentScore":0,"method":"modeled_from_supply_density","realData":false}},{"type":"Feature","geometry":{"type":"Polygon","coordinates":[[[107.25292931251477,-7.035147457519909],[107.25345881593249,-7.030425916513068],[107.24951763998666,-7.02785930600312],[107.24504686861728,-7.030014434370075],[107.2445174612588,-7.0347361250775045],[107.24845872920143,-7.0373025377261405],[107.25292931251477,-7.035147457519909]]]},"properties":{"h3":"888c1464a3fffff","incumbentScore":0,"method":"modeled_from_supply_density","realData":false}},{"type":"Feature","geometry":{"type":"Polygon","coordinates":[[[107.41381802514961,-6.957548375588402],[107.41434950640694,-6.95282554969474],[107.41041314621947,-6.950258518061157],[107.40594521086517,-6.95241451058597],[107.40541382503618,-6.957137488077146],[107.40935027912408,-6.959704321454629],[107.41381802514961,-6.957548375588402]]]},"properties":{"h3":"888c146e6dfffff","incumbentScore":0,"method":"modeled_from_supply_density","realData":false}},{"type":"Feature","geometry":{"type":"Polygon","coordinates":[[[107.45721619953645,-6.909801680179213],[107.4577482585575,-6.905077216163164],[107.45381286789237,-6.902508959466768],[107.44934532376809,-6.904665365113472],[107.44881336002099,-6.9093899813270525],[107.45274884511514,-6.911958039704967],[107.45721619953645,-6.909801680179213]]]},"properties":{"h3":"888c146abbfffff","incumbentScore":0.156,"method":"modeled_from_supply_density","realData":false}},{"type":"Feature","geometry":{"type":"Polygon","coordinates":[[[107.47645177845449,-7.03890719686061],[107.47698383567376,-7.0341893204842485],[107.473050781111,-7.0316267601106315],[107.46858557474827,-7.033782274705344],[107.46805361264228,-7.038500303046555],[107.47198676177666,-7.0410626648368],[107.47645177845449,-7.03890719686061]]]},"properties":{"h3":"888c14604bfffff","incumbentScore":0,"method":"modeled_from_supply_density","realData":false}},{"type":"Feature","geometry":{"type":"Polygon","coordinates":[[[107.37585942444262,-7.069607347702704],[107.37639027955463,-7.0648893976007505],[107.37245396710523,-7.062326355353102],[107.36798670613925,-7.064481461525285],[107.36745594654704,-7.069199562467575],[107.37139235239196,-7.071762406406022],[107.37585942444262,-7.069607347702704]]]},"properties":{"h3":"888c146709fffff","incumbentScore":0,"method":"modeled_from_supply_density","realData":false}},{"type":"Feature","geometry":{"type":"Polygon","coordinates":[[[107.41135891357126,-6.829124358334892],[107.41189058650296,-6.824395267595378],[107.40795250913126,-6.821822880921174],[107.40348266486905,-6.823979783035487],[107.40295108745507,-6.828709025768955],[107.4068892587765,-6.831281214402751],[107.41135891357126,-6.829124358334892]]]},"properties":{"h3":"888c10d219fffff","incumbentScore":0,"method":"modeled_from_supply_density","realData":false}},{"type":"Feature","geometry":{"type":"Polygon","coordinates":[[[107.51942157964329,-6.919968452741996],[107.51995433081134,-6.915245463940994],[107.516021333839,-6.912678710181749],[107.51155549055159,-6.914835143765099],[107.51102283438752,-6.919558285363632],[107.51495592649779,-6.922124840589828],[107.51942157964329,-6.919968452741996]]]},"properties":{"h3":"888c146a15fffff","incumbentScore":0.001,"method":"modeled_from_supply_density","realData":false}},{"type":"Feature","geometry":{"type":"Polygon","coordinates":[[[107.60939878507314,-6.79609141904037],[107.60993277273661,-6.791363872706873],[107.60600149878148,-6.7887935445477705],[107.60153614090709,-6.790950961347008],[107.60100224794083,-6.79567866180505],[107.60493361814262,-6.798248791347761],[107.60939878507314,-6.79609141904037]]]},"properties":{"h3":"888c16b4a7fffff","incumbentScore":0.002,"method":"modeled_from_supply_density","realData":false}},{"type":"Feature","geometry":{"type":"Polygon","coordinates":[[[107.40135644025919,-6.842895432722989],[107.4018879751506,-6.838166850662976],[107.39794970994126,-6.8355948600649175],[107.39347981600534,-6.837751649566571],[107.39294837666549,-6.842480383473215],[107.3968867357009,-6.845052176040198],[107.40135644025919,-6.842895432722989]]]},"properties":{"h3":"888c146d21fffff","incumbentScore":0,"method":"modeled_from_supply_density","realData":false}},{"type":"Feature","geometry":{"type":"Polygon","coordinates":[[[107.4160594986377,-7.0502107273316845],[107.41659084684267,-7.04549245586565],[107.41265574312239,-7.042929309634067],[107.4081891973179,-7.045084633285189],[107.40765794447482,-7.049803056064784],[107.41159314206527,-7.052366003888326],[107.4160594986377,-7.0502107273316845]]]},"properties":{"h3":"888c1462b1fffff","incumbentScore":0,"method":"modeled_from_supply_density","realData":false}},{"type":"Feature","geometry":{"type":"Polygon","coordinates":[[[107.66495203437776,-6.827330108257982],[107.6654865987303,-6.822604958321602],[107.66155776191339,-6.82003689189994],[107.65709426387139,-6.822194174267006],[107.65655979396033,-6.826919478789268],[107.6604887276407,-6.8294873463669905],[107.66495203437776,-6.827330108257982]]]},"properties":{"h3":"888c16b401fffff","incumbentScore":0.002,"method":"modeled_from_supply_density","realData":false}},{"type":"Feature","geometry":{"type":"Polygon","coordinates":[[[107.52860797511616,-6.7635783391856705],[107.52914109932603,-6.758847939888553],[107.52520645669286,-6.7562748684870355],[107.52073859450134,-6.758432394696519],[107.52020556535216,-6.763162947401148],[107.52414030332471,-6.765735820497284],[107.52860797511616,-6.7635783391856705]]]},"properties":{"h3":"888c16a685fffff","incumbentScore":0,"method":"modeled_from_supply_density","realData":false}},{"type":"Feature","geometry":{"type":"Polygon","coordinates":[[[107.73207071184271,-6.83060895581391],[107.73260603042947,-6.8258850455825755],[107.72867971112731,-6.823318286124763],[107.72421797560077,-6.825475635967729],[107.72368275116706,-6.830199701455371],[107.72760916809771,-6.83276626185211],[107.73207071184271,-6.83060895581391]]]},"properties":{"h3":"888c16b70dfffff","incumbentScore":0,"method":"modeled_from_supply_density","realData":false}},{"type":"Feature","geometry":{"type":"Polygon","coordinates":[[[107.28293038984367,-6.99388256513881],[107.2834603085533,-6.989159471931564],[107.27951968588845,-6.986591674140396],[107.27504905213667,-6.988747167458756],[107.27451922938548,-6.993470410808127],[107.27845994441859,-6.996038010705737],[107.28293038984367,-6.99388256513881]]]},"properties":{"h3":"888c1465bdfffff","incumbentScore":0,"method":"modeled_from_supply_density","realData":false}},{"type":"Feature","geometry":{"type":"Polygon","coordinates":[[[107.37068714017639,-6.777162701473039],[107.37121843614862,-6.772430466040851],[107.36727822802675,-6.769855237402403],[107.36280663041175,-6.772012442028367],[107.3622754301613,-6.776744829206855],[107.36621573179497,-6.7793198600217],[107.37068714017639,-6.777162701473039]]]},"properties":{"h3":"888c10d0cdfffff","incumbentScore":0,"method":"modeled_from_supply_density","realData":false}},{"type":"Feature","geometry":{"type":"Polygon","coordinates":[[[107.47221449268176,-6.889158104658715],[107.47274675832945,-6.884432876058713],[107.46881165132163,-6.8818640243777764],[107.46434418404289,-6.884020599638396],[107.46381201361827,-6.888745980656966],[107.46774721524024,-6.891314634004909],[107.47221449268176,-6.889158104658715]]]},"properties":{"h3":"888c1468c9fffff","incumbentScore":0.002,"method":"modeled_from_supply_density","realData":false}},{"type":"Feature","geometry":{"type":"Polygon","coordinates":[[[107.21221267019509,-6.9832870291857425],[107.212741793337,-6.978562328960578],[107.20879850039435,-6.975992870605068],[107.20432599274464,-6.978148310132437],[107.20379696586538,-6.982873159810715],[107.20774035036413,-6.985442420517287],[107.21221267019509,-6.9832870291857425]]]},"properties":{"h3":"888c109a37fffff","incumbentScore":0,"method":"modeled_from_supply_density","realData":false}},{"type":"Feature","geometry":{"type":"Polygon","coordinates":[[[107.40911436312167,-6.736239926525844],[107.40964616925793,-6.731506324299205],[107.40570683354706,-6.728930070025198],[107.40123559771084,-6.731087615864122],[107.40070388715888,-6.735821370363967],[107.40464331684976,-6.738397426760264],[107.40911436312167,-6.736239926525844]]]},"properties":{"h3":"888c10d027fffff","incumbentScore":0,"method":"modeled_from_supply_density","realData":false}},{"type":"Feature","geometry":{"type":"Polygon","coordinates":[[[107.32338729064652,-7.0101063969298885],[107.3239176461558,-7.005384722211287],[107.31997868515211,-7.002818297621966],[107.31550927580415,-7.004973745808954],[107.31497901607277,-7.009695571029663],[107.31891806990244,-7.012261797569984],[107.32338729064652,-7.0101063969298885]]]},"properties":{"h3":"888c146517fffff","incumbentScore":0,"method":"modeled_from_supply_density","realData":false}},{"type":"Feature","geometry":{"type":"Polygon","coordinates":[[[107.51061346672518,-6.848275373203058],[107.51114624052398,-6.843548772843096],[107.50721201399287,-6.840978893727603],[107.50274491857321,-6.843135813369377],[107.50221223985965,-6.847862566674409],[107.50614656147141,-6.850432247401133],[107.51061346672518,-6.848275373203058]]]},"properties":{"h3":"888c146823fffff","incumbentScore":0.001,"method":"modeled_from_supply_density","realData":false}},{"type":"Feature","geometry":{"type":"Polygon","coordinates":[[[107.4411545378437,-6.752110106806554],[107.4416866834012,-6.747377772026162],[107.43774871110602,-6.744802721388172],[107.43327849890439,-6.746960203546232],[107.43274644878574,-6.751692690876781],[107.43668451542074,-6.754267543507662],[107.4411545378437,-6.752110106806554]]]},"properties":{"h3":"888c10d333fffff","incumbentScore":0,"method":"modeled_from_supply_density","realData":false}},{"type":"Feature","geometry":{"type":"Polygon","coordinates":[[[107.34656977556209,-6.954256387575237],[107.34710049239068,-6.949532351264241],[107.34316165866937,-6.946964016569228],[107.33869201498341,-6.949119916229361],[107.33816139386937,-6.953844103462464],[107.34210032071769,-6.9564122401220025],[107.34656977556209,-6.954256387575237]]]},"properties":{"h3":"888c146ee1fffff","incumbentScore":0,"method":"modeled_from_supply_density","realData":false}},{"type":"Feature","geometry":{"type":"Polygon","coordinates":[[[107.65637198974287,-6.791268391738651],[107.65690651889433,-6.786541366036329],[107.65297690991892,-6.78397165334247],[107.64851267499517,-6.786129165116419],[107.64797824034372,-6.790856345437531],[107.65190794610689,-6.793425859374333],[107.65637198974287,-6.791268391738651]]]},"properties":{"h3":"888c16b5c1fffff","incumbentScore":0.001,"method":"modeled_from_supply_density","realData":false}},{"type":"Feature","geometry":{"type":"Polygon","coordinates":[[[107.46957045160802,-6.724966783294016],[107.47010296839703,-6.72023359249456],[107.4661656851443,-6.717657911374153],[107.46169579040975,-6.719815619113567],[107.46116336895574,-6.7245489628426816],[107.46510074689219,-6.7271244459112545],[107.46957045160802,-6.724966783294016]]]},"properties":{"h3":"888c16a493fffff","incumbentScore":0,"method":"modeled_from_supply_density","realData":false}},{"type":"Feature","geometry":{"type":"Polygon","coordinates":[[[107.3793183800114,-6.813272239207871],[107.37984971317813,-6.808541880592221],[107.3759102748501,-6.805968288085113],[107.37143940975653,-6.808125252113799],[107.37090817225285,-6.812855762447004],[107.37484770417059,-6.815429157042579],[107.3793183800114,-6.813272239207871]]]},"properties":{"h3":"888c10d28dfffff","incumbentScore":0,"method":"modeled_from_supply_density","realData":false}},{"type":"Feature","geometry":{"type":"Polygon","coordinates":[[[107.36338497383127,-6.955080432034248],[107.36391588198168,-6.950356697821003],[107.35997766581151,-6.947788688650881],[107.35550844816129,-6.949944611793383],[107.3549776356539,-6.95466849709775],[107.35891594514464,-6.957236308177166],[107.36338497383127,-6.955080432034248]]]},"properties":{"h3":"888c146e3bfffff","incumbentScore":0,"method":"modeled_from_supply_density","realData":false}},{"type":"Feature","geometry":{"type":"Polygon","coordinates":[[[107.67315788715177,-6.7920919704985705],[107.67369260519513,-6.787365254285847],[107.66976362464551,-6.784795867505632],[107.66529982906408,-6.786953395758024],[107.66476520544866,-6.791680266757548],[107.66869428297758,-6.794249454726283],[107.67315788715177,-6.7920919704985705]]]},"properties":{"h3":"888c16b51bfffff","incumbentScore":0,"method":"modeled_from_supply_density","realData":false}},{"type":"Feature","geometry":{"type":"Polygon","coordinates":[[[107.48082461266796,-6.925206430717807],[107.4813569147763,-6.920483086293287],[107.47742257788711,-6.917915878329152],[107.47295584418931,-6.920072213216614],[107.47242363724546,-6.924795710028342],[107.47635806882583,-6.9273627195739715],[107.48082461266796,-6.925206430717807]]]},"properties":{"h3":"888c146a89fffff","incumbentScore":0,"method":"modeled_from_supply_density","realData":false}},{"type":"Feature","geometry":{"type":"Polygon","coordinates":[[[107.4004862688533,-6.700102958474383],[107.40101803798447,-6.695367485243659],[107.39707793183793,-6.692789596719367],[107.3926059626489,-6.69494737922277],[107.39207428916083,-6.699683004755066],[107.39601448920963,-6.702260695490963],[107.4004862688533,-6.700102958474383]]]},"properties":{"h3":"888c10d1e7fffff","incumbentScore":0,"method":"modeled_from_supply_density","realData":false}},{"type":"Feature","geometry":{"type":"Polygon","coordinates":[[[107.4478534897363,-7.030404603776549],[107.44838523514217,-7.0256858627179675],[107.44445103345392,-7.023122448580649],[107.43998499210275,-7.025277973989537],[107.43945334193644,-7.029996866750753],[107.4433876378727,-7.032560082409069],[107.4478534897363,-7.030404603776549]]]},"properties":{"h3":"888c146019fffff","incumbentScore":0,"method":"modeled_from_supply_density","realData":false}},{"type":"Feature","geometry":{"type":"Polygon","coordinates":[[[107.22721707324584,-6.962645613234235],[107.22774640437478,-6.957920137632846],[107.22380338647247,-6.95535008629887],[107.21933094569009,-6.957505708239778],[107.21880171077346,-6.962231333515],[107.22274482041789,-6.964801187184242],[107.22721707324584,-6.962645613234235]]]},"properties":{"h3":"888c109845fffff","incumbentScore":0,"method":"modeled_from_supply_density","realData":false}},{"type":"Feature","geometry":{"type":"Polygon","coordinates":[[[107.50200650785955,-6.812199514551902],[107.5025392453872,-6.8074710357772386],[107.49860424810065,-6.804899514786324],[107.4941364182736,-6.807056670880474],[107.49360377588985,-6.811785302631183],[107.49753886818016,-6.814356625320232],[107.50200650785955,-6.812199514551902]]]},"properties":{"h3":"888c1469e3fffff","incumbentScore":0.002,"method":"modeled_from_supply_density","realData":false}},{"type":"Feature","geometry":{"type":"Polygon","coordinates":[[[107.32224934170159,-7.095466429118643],[107.32277953828756,-7.090748913034781],[107.31884161970842,-7.088186009138848],[107.31437341177251,-7.09034081951221],[107.31384331091655,-7.095058485805213],[107.31778132225747,-7.0976211915244205],[107.32224934170159,-7.095466429118643]]]},"properties":{"h3":"888c146631fffff","incumbentScore":0,"method":"modeled_from_supply_density","realData":false}},{"type":"Feature","geometry":{"type":"Polygon","coordinates":[[[107.4561610960557,-6.73143970845723],[107.45669344854598,-6.726706616715748],[107.45275575964129,-6.724130972030554],[107.4482856237119,-6.726288617115424],[107.4477533666095,-6.731021861628102],[107.45169115003952,-6.733597308293259],[107.4561610960557,-6.73143970845723]]]},"properties":{"h3":"888c10d141fffff","incumbentScore":0,"method":"modeled_from_supply_density","realData":false}},{"type":"Feature","geometry":{"type":"Polygon","coordinates":[[[107.25928428710932,-6.978474279185734],[107.25981396028158,-6.973750069242928],[107.25587229288398,-6.971181225282624],[107.25140086020116,-6.973336789067041],[107.25087128309649,-6.978061148960483],[107.254813042598,-6.980629795127607],[107.25928428710932,-6.978474279185734]]]},"properties":{"h3":"888c109b51fffff","incumbentScore":0,"method":"modeled_from_supply_density","realData":false}},{"type":"Feature","geometry":{"type":"Polygon","coordinates":[[[107.56741078625666,-6.794025918461164],[107.56794430007416,-6.789297602346934],[107.56401146135335,-6.786726460965404],[107.55954501303954,-6.788883834186302],[107.55901159409918,-6.793612304003942],[107.56294452858631,-6.796183246905737],[107.56741078625666,-6.794025918461164]]]},"properties":{"h3":"888c16a653fffff","incumbentScore":0,"method":"modeled_from_supply_density","realData":false}},{"type":"Feature","geometry":{"type":"Polygon","coordinates":[[[107.54061201777414,-6.806969575112712],[107.5411452042862,-6.802241456450254],[107.53721154953405,-6.799670386906058],[107.53274461281013,-6.801827634448893],[107.53221152128123,-6.806555906498672],[107.536145271484,-6.809126777626783],[107.54061201777414,-6.806969575112712]]]},"properties":{"h3":"888c14693dfffff","incumbentScore":0.001,"method":"modeled_from_supply_density","realData":false}},{"type":"Feature","geometry":{"type":"Polygon","coordinates":[[[107.32020904457534,-6.774652896590339],[107.32073976567968,-6.7699197519550385],[107.31679770372322,-6.767343554785108],[107.31232482772337,-6.769500699916415],[107.31179420255567,-6.774233995787944],[107.3157363574421,-6.776809995300598],[107.32020904457534,-6.774652896590339]]]},"properties":{"h3":"888c10d09bfffff","incumbentScore":0,"method":"modeled_from_supply_density","realData":false}},{"type":"Feature","geometry":{"type":"Polygon","coordinates":[[[107.28475110049433,-7.015339407388072],[107.2852810034994,-7.010617389638779],[107.28134071860967,-7.0080505112139955],[107.27687043832928,-7.010205848480207],[107.27634063126173,-7.014928016320013],[107.280281008528,-7.017494696811816],[107.28475110049433,-7.015339407388072]]]},"properties":{"h3":"888c14658bfffff","incumbentScore":0,"method":"modeled_from_supply_density","realData":false}},{"type":"Feature","geometry":{"type":"Polygon","coordinates":[[[107.37838484531117,-6.934440479675123],[107.37891596058874,-6.929715975866935],[107.37497802475112,-6.927147372394266],[107.37050888012085,-6.929303470844331],[107.36997786043567,-6.93402812596456],[107.37391588977928,-6.9365965313313245],[107.37838484531117,-6.934440479675123]]]},"properties":{"h3":"888c146c49fffff","incumbentScore":0,"method":"modeled_from_supply_density","realData":false}},{"type":"Feature","geometry":{"type":"Polygon","coordinates":[[[107.43924043536612,-6.994395256857268],[107.4397721441066,-6.98967462385007],[107.43583717310527,-6.9871095632450375],[107.43137039918363,-6.989265334051276],[107.4308387857413,-6.993986118793106],[107.4347738509134,-6.9965509810027],[107.43924043536612,-6.994395256857268]]]},"properties":{"h3":"888c1461d9fffff","incumbentScore":0,"method":"modeled_from_supply_density","realData":false}},{"type":"Feature","geometry":{"type":"Polygon","coordinates":[[[107.4283872988093,-6.865620244712545],[107.42891910406287,-6.86089318631057],[107.42498210668387,-6.858322601507858],[107.42051320991833,-6.860479273270482],[107.41998150008797,-6.865206483721073],[107.42391859159086,-6.867776870369004],[107.4283872988093,-6.865620244712545]]]},"properties":{"h3":"888c146897fffff","incumbentScore":0,"method":"modeled_from_supply_density","realData":false}},{"type":"Feature","geometry":{"type":"Polygon","coordinates":[[[107.41700712516727,-6.929208100030432],[107.41753869141739,-6.924483946407485],[107.41360208746134,-6.921915795913765],[107.40913382329178,-6.924071997272753],[107.40860235247393,-6.928796302619146],[107.41253905038428,-6.931364254891717],[107.41700712516727,-6.929208100030432]]]},"properties":{"h3":"888c146f55fffff","incumbentScore":0,"method":"modeled_from_supply_density","realData":false}},{"type":"Feature","geometry":{"type":"Polygon","coordinates":[[[107.28157197954827,-7.043666840955405],[107.28210179767447,-7.038946158576487],[107.27816175812593,-7.036380397934884],[107.27369180811922,-7.038535517647642],[107.27316208592644,-7.043256349991721],[107.27710221779792,-7.045821912666621],[107.28157197954827,-7.043666840955405]]]},"properties":{"h3":"888c1464e5fffff","incumbentScore":0,"method":"modeled_from_supply_density","realData":false}},{"type":"Feature","geometry":{"type":"Polygon","coordinates":[[[107.23586853290757,-6.998699005880732],[107.23639790218581,-6.993975421466888],[107.23245565188876,-6.991407008296249],[107.22798394048338,-6.993562377297713],[107.22745466735874,-6.998286111356701],[107.2313970094768,-7.000854326777839],[107.23586853290757,-6.998699005880732]]]},"properties":{"h3":"888c109a05fffff","incumbentScore":0,"method":"modeled_from_supply_density","realData":false}},{"type":"Feature","geometry":{"type":"Polygon","coordinates":[[[107.47763109761792,-6.9535418559689],[107.47816331470005,-6.948819837878333],[107.4742292207594,-6.946253750067363],[107.46976281509032,-6.948409878809031],[107.4692306931688,-6.953132049160419],[107.47316488174665,-6.955697938517896],[107.47763109761792,-6.9535418559689]]]},"properties":{"h3":"888c146133fffff","incumbentScore":0,"method":"modeled_from_supply_density","realData":false}},{"type":"Feature","geometry":{"type":"Polygon","coordinates":[[[107.46477843898131,-6.76755564377495],[107.46531082808114,-6.762824424925168],[107.46137390993917,-6.760250417558919],[107.45690450808566,-6.762407827159592],[107.45637221431501,-6.767139198751084],[107.4603092270596,-6.769713008008741],[107.46477843898131,-6.76755564377495]]]},"properties":{"h3":"888c10d301fffff","incumbentScore":0,"method":"modeled_from_supply_density","realData":false}},{"type":"Feature","geometry":{"type":"Polygon","coordinates":[[[107.38266961314552,-7.084167017508653],[107.38320052128972,-7.07944988656603],[107.3792646397888,-7.076887568484441],[107.37479775666942,-7.0790425797073535],[107.37426694400729,-7.083759861511265],[107.3782029189734,-7.086321981239637],[107.38266961314552,-7.084167017508653]]]},"properties":{"h3":"888c14674bfffff","incumbentScore":0,"method":"modeled_from_supply_density","realData":false}},{"type":"Feature","geometry":{"type":"Polygon","coordinates":[[[107.41584388605102,-7.01461389240269],[107.41637529275872,-7.009893878774453],[107.41243972969521,-7.007329249858351],[107.40797266602573,-7.009484832931371],[107.40744135470275,-7.014204997989096],[107.41137701165547,-7.016769428552947],[107.41584388605102,-7.01461389240269]]]},"properties":{"h3":"888c14608dfffff","incumbentScore":0,"method":"modeled_from_supply_density","realData":false}},{"type":"Feature","geometry":{"type":"Polygon","coordinates":[[[107.4181709950534,-6.843725013605238],[107.41870272094046,-6.838996735492399],[107.4147650755447,-6.836425069294204],[107.41029561023335,-6.838581879303664],[107.40976397982618,-6.8433103094324075],[107.41370171924139,-6.845881777544365],[107.4181709950534,-6.843725013605238]]]},"properties":{"h3":"888c10d25bfffff","incumbentScore":0,"method":"modeled_from_supply_density","realData":false}},{"type":"Feature","geometry":{"type":"Polygon","coordinates":[[[107.38701035411746,-6.970483701316896],[107.3875415064983,-6.965761085610124],[107.38360433974282,-6.963194124367894],[107.37913592701373,-6.9653499770318845],[107.37860487016664,-6.9700727440201975],[107.38254213050583,-6.972639507071628],[107.38701035411746,-6.970483701316896]]]},"properties":{"h3":"888c146e09fffff","incumbentScore":0,"method":"modeled_from_supply_density","realData":false}},{"type":"Feature","geometry":{"type":"Polygon","coordinates":[[[107.52622134337703,-6.934545629495519],[107.52675414698537,-6.929823455946081],[107.52282158282198,-6.927257425910319],[107.51835611983408,-6.929413768010536],[107.51782341119196,-6.934136094378265],[107.52175607056243,-6.936701925836024],[107.52622134337703,-6.934545629495519]]]},"properties":{"h3":"888c146a57fffff","incumbentScore":0,"method":"modeled_from_supply_density","realData":false}},{"type":"Feature","geometry":{"type":"Polygon","coordinates":[[[107.30656222739331,-6.745410944608987],[107.30709284162633,-6.74067617921742],[107.30314991735342,-6.738098546950819],[107.29867628604887,-6.740255877648487],[107.29814576782817,-6.744990794230186],[107.30208878489066,-6.74756822893275],[107.30656222739331,-6.745410944608987]]]},"properties":{"h3":"888c10d567fffff","incumbentScore":0,"method":"modeled_from_supply_density","realData":false}},{"type":"Feature","geometry":{"type":"Polygon","coordinates":[[[107.63137987247866,-6.8256865589064875],[107.63191405884909,-6.82096079113025],[107.62798396655009,-6.818392072177929],[107.62351959139134,-6.820549319745351],[107.62298549960644,-6.8252752417716005],[107.62691568838562,-6.827843761988862],[107.63137987247866,-6.8256865589064875]]]},"properties":{"h3":"888c16b4e9fffff","incumbentScore":0.001,"method":"modeled_from_supply_density","realData":false}},{"type":"Feature","geometry":{"type":"Polygon","coordinates":[[[107.29021158318344,-7.079678574345545],[107.29074143906064,-7.074959788557926],[107.28680216720159,-7.072395670895345],[107.28233294705495,-7.074550537078891],[107.28180318705252,-7.079269472801391],[107.28574255131291,-7.081833392414191],[107.29021158318344,-7.079678574345545]]]},"properties":{"h3":"888c1466a5fffff","incumbentScore":0,"method":"modeled_from_supply_density","realData":false}},{"type":"Feature","geometry":{"type":"Polygon","coordinates":[[[107.40816917364616,-6.857494277793245],[107.40870076153307,-6.852766508727403],[107.40476292816024,-6.850195238697002],[107.40029341299558,-6.852351935817862],[107.39976192062247,-6.857079856752288],[107.4036998478911,-6.859650928705872],[107.40816917364616,-6.857494277793245]]]},"properties":{"h3":"888c146d63fffff","incumbentScore":0,"method":"modeled_from_supply_density","realData":false}},{"type":"Feature","geometry":{"type":"Polygon","coordinates":[[[107.5354102832785,-6.778182982591412],[107.53594345994026,-6.773453394250934],[107.53200925064404,-6.770881043951818],[107.52754176926832,-6.773038480353236],[107.5270086876294,-6.7777682221227336],[107.53094299233422,-6.780340374070307],[107.5354102832785,-6.778182982591412]]]},"properties":{"h3":"888c16a6c7fffff","incumbentScore":0,"method":"modeled_from_supply_density","realData":false}},{"type":"Feature","geometry":{"type":"Polygon","coordinates":[[[107.4733932503692,-6.803655417773175],[107.47392567601003,-6.798926074375574],[107.46998952852587,-6.796353705969872],[107.46552086071199,-6.798510879166756],[107.46498853034167,-6.803240375276086],[107.46892477250564,-6.805812545485348],[107.4733932503692,-6.803655417773175]]]},"properties":{"h3":"888c1469b1fffff","incumbentScore":0,"method":"modeled_from_supply_density","realData":false}},{"type":"Feature","geometry":{"type":"Polygon","coordinates":[[[107.54241269015147,-6.828449816375588],[107.54294586029893,-6.823722762703909],[107.5390125433628,-6.821152613676551],[107.53454596081198,-6.823309716786734],[107.5340128856269,-6.8280369237932135],[107.53794629802114,-6.830606874363216],[107.54241269015147,-6.828449816375588]]]},"properties":{"h3":"888c14690bfffff","incumbentScore":0.156,"method":"modeled_from_supply_density","realData":false}},{"type":"Feature","geometry":{"type":"Polygon","coordinates":[[[107.41390112901509,-6.693629621330527],[107.41443306282527,-6.688894048575452],[107.41049336084758,-6.686316123368778],[107.40602163098961,-6.688473968745994],[107.4054897927697,-6.69320969396135],[107.4094295888084,-6.695787421347787],[107.41390112901509,-6.693629621330527]]]},"properties":{"h3":"888c10dad9fffff","incumbentScore":0,"method":"modeled_from_supply_density","realData":false}},{"type":"Feature","geometry":{"type":"Polygon","coordinates":[[[107.58901142126338,-6.752292668872756],[107.58954525247924,-6.747562689160374],[107.58561267653255,-6.7449901944491115],[107.58114617332089,-6.747147877937001],[107.58061243691574,-6.751878011710837],[107.58454510890242,-6.754450307943774],[107.58901142126338,-6.752292668872756]]]},"properties":{"h3":"888c16a621fffff","incumbentScore":0.156,"method":"modeled_from_supply_density","realData":false}},{"type":"Feature","geometry":{"type":"Polygon","coordinates":[[[107.31520570555988,-6.781542885734768],[107.3157363574421,-6.776809995300598],[107.31179420255567,-6.774233995787944],[107.3073213029099,-6.776391084370866],[107.30679074698119,-6.781124125967646],[107.31073299473564,-6.783699927827547],[107.31520570555988,-6.781542885734768]]]},"properties":{"h3":"888c10d727fffff","incumbentScore":0,"method":"modeled_from_supply_density","realData":false}},{"type":"Feature","geometry":{"type":"Polygon","coordinates":[[[107.3345277288778,-6.910904627906757],[107.33505838167737,-6.90617829703197],[107.33111856366656,-6.903607961738911],[107.32664799983317,-6.905764155256773],[107.32611744282575,-6.910490637072404],[107.3300573538505,-6.913060774437992],[107.3345277288778,-6.910904627906757]]]},"properties":{"h3":"888c146c17fffff","incumbentScore":0,"method":"modeled_from_supply_density","realData":false}},{"type":"Feature","geometry":{"type":"Polygon","coordinates":[[[107.34542543127878,-7.039660489138383],[107.3459559889938,-7.034940600414575],[107.34201819755968,-7.032375784158715],[107.33754975533888,-7.0345310548009765],[107.33701929329058,-7.039251094154316],[107.3409571777873,-7.0418157122445475],[107.34542543127878,-7.039660489138383]]]},"properties":{"h3":"888c146559fffff","incumbentScore":0,"method":"modeled_from_supply_density","realData":false}},{"type":"Feature","geometry":{"type":"Polygon","coordinates":[[[107.43115038353267,-6.765888836925172],[107.43168239110034,-6.761157007616779],[107.42774423018729,-6.758582352988618],[107.42327396748132,-6.760739725675739],[107.42274205538642,-6.765471707386922],[107.42668031051564,-6.768046164016756],[107.43115038353267,-6.765888836925172]]]},"properties":{"h3":"888c10d069fffff","incumbentScore":0,"method":"modeled_from_supply_density","realData":false}},{"type":"Feature","geometry":{"type":"Polygon","coordinates":[[[107.53921396715529,-6.8568075218386015],[107.53974705219412,-6.8520817874371245],[107.53581397755894,-6.8495127578731445],[107.5313477224719,-6.8516696612128944],[107.53081473239169,-6.856395548822808],[107.53474790243084,-6.858964379893044],[107.53921396715529,-6.8568075218386015]]]},"properties":{"h3":"888c146865fffff","incumbentScore":0.311,"method":"modeled_from_supply_density","realData":false}},{"type":"Feature","geometry":{"type":"Polygon","coordinates":[[[107.44562187511427,-6.937733038690006],[107.44615375384205,-6.933009748417123],[107.44221829607419,-6.93044244798527],[107.43775086529082,-6.932598636161114],[107.43721908186893,-6.9373220784211265],[107.44115463391543,-6.939889180526757],[107.44562187511427,-6.937733038690006]]]},"properties":{"h3":"888c1461a7fffff","incumbentScore":0,"method":"modeled_from_supply_density","realData":false}},{"type":"Feature","geometry":{"type":"Polygon","coordinates":[[[107.41679153871665,-6.893565114200783],[107.41732316351771,-6.888839227493232],[107.41338609986754,-6.886269597855358],[107.4089173174339,-6.888426053096764],[107.40838578808794,-6.893152091642764],[107.41232294571145,-6.89572152311752],[107.41679153871665,-6.893565114200783]]]},"properties":{"h3":"888c146f23fffff","incumbentScore":0,"method":"modeled_from_supply_density","realData":false}},{"type":"Feature","geometry":{"type":"Polygon","coordinates":[[[107.23110484586878,-7.041201251023918],[107.23163408785965,-7.036479670122009],[107.22769220655735,-7.033912931710478],[107.2232209915145,-7.03606797200998],[107.22269184567092,-7.040789702369684],[107.2266338187139,-7.043356242980867],[107.23110484586878,-7.041201251023918]]]},"properties":{"h3":"888c1464b3fffff","incumbentScore":0,"method":"modeled_from_supply_density","realData":false}},{"type":"Feature","geometry":{"type":"Polygon","coordinates":[[[107.33499410501783,-6.718261211020047],[107.33552509214005,-6.713525583535431],[107.33158284848881,-6.710947321901683],[107.32710952457163,-6.713104885370468],[107.32657863335835,-6.717840664424938],[107.33052097014426,-6.7204187284493875],[107.33499410501783,-6.718261211020047]]]},"properties":{"h3":"888c10c247fffff","incumbentScore":0,"method":"modeled_from_supply_density","realData":false}},{"type":"Feature","geometry":{"type":"Polygon","coordinates":[[[107.50123172869755,-6.9689335852551295],[107.50176418853405,-6.964212688101607],[107.49783114895133,-6.961647650906212],[107.49336555462402,-6.963803709425961],[107.49283318983866,-6.968524759029273],[107.4967663243204,-6.971089597671608],[107.50123172869755,-6.9689335852551295]]]},"properties":{"h3":"888c146101fffff","incumbentScore":0,"method":"modeled_from_supply_density","realData":false}},{"type":"Feature","geometry":{"type":"Polygon","coordinates":[[[107.7017255176211,-6.800620435069521],[107.70226054457633,-6.795894589654037],[107.69833272515417,-6.7933260540986415],[107.69386978146697,-6.795483562882982],[107.69333484881258,-6.800209563347178],[107.69726276553543,-6.802777899986725],[107.7017255176211,-6.800620435069521]]]},"properties":{"h3":"888c16b55dfffff","incumbentScore":0,"method":"modeled_from_supply_density","realData":false}},{"type":"Feature","geometry":{"type":"Polygon","coordinates":[[[107.32202285153114,-7.059875109750298],[107.32255310634596,-7.0551558465038795],[107.31861472782118,-7.052591461332145],[107.31414600169214,-7.054746537537193],[107.31361584263028,-7.059465951107986],[107.31755431393552,-7.062030138158054],[107.32202285153114,-7.059875109750298]]]},"properties":{"h3":"888c14640dfffff","incumbentScore":0,"method":"modeled_from_supply_density","realData":false}},{"type":"Feature","geometry":{"type":"Polygon","coordinates":[[[107.48762795469962,-6.939785227717982],[107.48816030941943,-6.935062698644202],[107.48422640493816,-6.932496213911234],[107.47976005096749,-6.934652456724103],[107.47922779137438,-6.939375138206082],[107.48316179061617,-6.9419414244755675],[107.48762795469962,-6.939785227717982]]]},"properties":{"h3":"888c146acbfffff","incumbentScore":0,"method":"modeled_from_supply_density","realData":false}},{"type":"Feature","geometry":{"type":"Polygon","coordinates":[[[107.45465767553922,-7.044966600137069],[107.45518947366853,-7.04024867725824],[107.4512557037641,-7.037685987691943],[107.44679004140393,-7.039841419536318],[107.44625833847647,-7.044559494138438],[107.45019220269829,-7.047121985181525],[107.45465767553922,-7.044966600137069]]]},"properties":{"h3":"888c14605bfffff","incumbentScore":0,"method":"modeled_from_supply_density","realData":false}},{"type":"Feature","geometry":{"type":"Polygon","coordinates":[[[107.35405385321907,-7.075664626356214],[107.3545844482416,-7.0709466334835325],[107.35064742508017,-7.068383462205239],[107.34617971374665,-7.070538482056924],[107.34564921433223,-7.075256625527998],[107.34958633063417,-7.077819598557683],[107.35405385321907,-7.075664626356214]]]},"properties":{"h3":"888c146719fffff","incumbentScore":0,"method":"modeled_from_supply_density","realData":false}},{"type":"Feature","geometry":{"type":"Polygon","coordinates":[[[107.43977121227863,-6.801994217254027],[107.44030325662204,-6.797264263517013],[107.43636586608493,-6.794691246649441],[107.43189633690167,-6.796848381613766],[107.43136438797234,-6.801578487724089],[107.4353018728031,-6.804151306505351],[107.43977121227863,-6.801994217254027]]]},"properties":{"h3":"888c10d229fffff","incumbentScore":0,"method":"modeled_from_supply_density","realData":false}},{"type":"Feature","geometry":{"type":"Polygon","coordinates":[[[107.58760584587245,-6.802150690591318],[107.58813957543667,-6.797423088028423],[107.584207579109,-6.794852633021924],[107.57974175721496,-6.797009979144149],[107.57920812243698,-6.80173773558948],[107.58314021475769,-6.804307992038618],[107.58760584587245,-6.802150690591318]]]},"properties":{"h3":"888c16b4b7fffff","incumbentScore":0,"method":"modeled_from_supply_density","realData":false}},{"type":"Feature","geometry":{"type":"Polygon","coordinates":[[[107.37365439642367,-6.713049063251535],[107.37418583596676,-6.70831379026639],[107.3702449226661,-6.705735975051514],[107.36577247622861,-6.707893630554936],[107.36524113243422,-6.712629055524177],[107.36918213931953,-6.715206673014513],[107.37365439642367,-6.713049063251535]]]},"properties":{"h3":"888c10d183fffff","incumbentScore":0,"method":"modeled_from_supply_density","realData":false}},{"type":"Feature","geometry":{"type":"Polygon","coordinates":[[[107.37953838206349,-6.848950515131018],[107.38006965675157,-6.844221884197819],[107.37613067865067,-6.841649767337673],[107.37166033228179,-6.843806479390474],[107.37112915323381,-6.848535261927265],[107.3750682249055,-6.851107180816287],[107.37953838206349,-6.848950515131018]]]},"properties":{"h3":"888c146d31fffff","incumbentScore":0,"method":"modeled_from_supply_density","realData":false}},{"type":"Feature","geometry":{"type":"Polygon","coordinates":[[[107.64316896731422,-6.833391105183851],[107.64370327420464,-6.828665898094992],[107.6397737127014,-6.8260977041180535],[107.63530974768827,-6.8282549160234565],[107.63477553532849,-6.832980277456564],[107.63870519344209,-6.835548272648451],[107.64316896731422,-6.833391105183851]]]},"properties":{"h3":"888c16b411fffff","incumbentScore":0.155,"method":"modeled_from_supply_density","realData":false}},{"type":"Feature","geometry":{"type":"Polygon","coordinates":[[[107.50680165629771,-6.769635302167336],[107.50733452150479,-6.764904848295558],[107.50339915993678,-6.762331650919859],[107.49893083806765,-6.764489105670585],[107.49839806801016,-6.769219712707124],[107.5023335246631,-6.771792711836699],[107.50680165629771,-6.769635302167336]]]},"properties":{"h3":"888c16a695fffff","incumbentScore":0,"method":"modeled_from_supply_density","realData":false}},{"type":"Feature","geometry":{"type":"Polygon","coordinates":[[[107.71029720707855,-6.836671533861162],[107.71083226891707,-6.831947564546142],[107.70690522198136,-6.829380677117004],[107.70244301582196,-6.831537958013712],[107.70190804822582,-6.836262082343805],[107.70583519253756,-6.838828770770506],[107.71029720707855,-6.836671533861162]]]},"properties":{"h3":"888c16b71dfffff","incumbentScore":0,"method":"modeled_from_supply_density","realData":false}},{"type":"Feature","geometry":{"type":"Polygon","coordinates":[[[107.20220997008705,-6.997046374560178],[107.20273895453705,-6.992322192074344],[107.1987954785442,-6.989753129011402],[107.19432292666018,-6.991908446081355],[107.19379403850633,-6.996632777873179],[107.19773760593132,-6.999201643297841],[107.20220997008705,-6.997046374560178]]]},"properties":{"h3":"888c109aedfffff","incumbentScore":0,"method":"modeled_from_supply_density","realData":false}},{"type":"Feature","geometry":{"type":"Polygon","coordinates":[[[107.34886032668983,-6.78321620923799],[107.34939136202811,-6.778483924304704],[107.34545044208672,-6.775908570426892],[107.34097839354187,-6.778065699254686],[107.34044745401387,-6.782798135690717],[107.34438846721133,-6.785373291804833],[107.34886032668983,-6.78321620923799]]]},"properties":{"h3":"888c10d0ddfffff","incumbentScore":0,"method":"modeled_from_supply_density","realData":false}},{"type":"Feature","geometry":{"type":"Polygon","coordinates":[[[107.31338832178142,-7.023859712752735],[107.31391853906192,-7.0191385545511915],[107.30997939246811,-7.016572526054533],[107.3055099358825,-7.018727853806438],[107.30497981441363,-7.023449162362876],[107.3089190537097,-7.026014992821227],[107.31338832178142,-7.023859712752735]]]},"properties":{"h3":"888c1465cdfffff","incumbentScore":0,"method":"modeled_from_supply_density","realData":false}},{"type":"Feature","geometry":{"type":"Polygon","coordinates":[[[107.45040929377734,-6.895215470290591],[107.45094130004048,-6.890490191781304],[107.44700547718948,-6.887921212842953],[107.44253755370673,-6.890077710695688],[107.44200564275535,-6.894803141381152],[107.44594155996589,-6.897371922046297],[107.45040929377734,-6.895215470290591]]]},"properties":{"h3":"888c1468d9fffff","incumbentScore":0,"method":"modeled_from_supply_density","realData":false}},{"type":"Feature","geometry":{"type":"Polygon","coordinates":[[[107.24269356984342,-7.013280694369252],[107.24322299280412,-7.00855792701333],[107.2392811722253,-7.005990234635803],[107.23480983678543,-7.008145507417286],[107.2342805099406,-7.012868424440627],[107.23822242241073,-7.01543591902383],[107.24269356984342,-7.013280694369252]]]},"properties":{"h3":"888c109a47fffff","incumbentScore":0,"method":"modeled_from_supply_density","realData":false}},{"type":"Feature","geometry":{"type":"Polygon","coordinates":[[[107.38728986605996,-6.7422937791850455],[107.3878214118954,-6.737560125333036],[107.38388136245649,-6.734983746124082],[107.3794096734486,-6.737141218593782],[107.37887822328618,-6.741875024475412],[107.38281836644953,-6.744451205866318],[107.38728986605996,-6.7422937791850455]]]},"properties":{"h3":"888c10d037fffff","incumbentScore":0,"method":"modeled_from_supply_density","realData":false}},{"type":"Feature","geometry":{"type":"Polygon","coordinates":[[[107.35179305793558,-6.983007153381814],[107.35232378549506,-6.978284598481329],[107.3483855050104,-6.975717544576273],[107.34391640378715,-6.9778732436780455],[107.34338577190246,-6.982595949459575],[107.34732414555715,-6.9851628052669525],[107.35179305793558,-6.983007153381814]]]},"properties":{"h3":"888c146527fffff","incumbentScore":0,"method":"modeled_from_supply_density","realData":false}},{"type":"Feature","geometry":{"type":"Polygon","coordinates":[[[107.48881063264099,-6.854333094590028],[107.48934314738945,-6.849606442201875],[107.48540820311597,-6.847036436134149],[107.48094064925867,-6.8491932807923455],[107.48040822968426,-6.853920085883167],[107.48434326878402,-6.856489893621666],[107.48881063264099,-6.854333094590028]]]},"properties":{"h3":"888c146833fffff","incumbentScore":0.156,"method":"modeled_from_supply_density","realData":false}},{"type":"Feature","geometry":{"type":"Polygon","coordinates":[[[107.47158676893066,-6.782163799523408],[107.47211921076735,-6.77743339166333],[107.46818272531117,-6.774860104494624],[107.4637137033371,-6.77701742334937],[107.46318135679178,-6.781747983973084],[107.46711793692008,-6.784321072986949],[107.47158676893066,-6.782163799523408]]]},"properties":{"h3":"888c10d343fffff","incumbentScore":0,"method":"modeled_from_supply_density","realData":false}},{"type":"Feature","geometry":{"type":"Polygon","coordinates":[[[107.63458520361456,-6.797328662171796],[107.63511947515362,-6.792601578716738],[107.63118914170306,-6.790031738971267],[107.62672444016984,-6.7921891813875135],[107.62619026321994,-6.796916419219497],[107.630120693205,-6.799486060266742],[107.63458520361456,-6.797328662171796]]]},"properties":{"h3":"888c16b5d1fffff","incumbentScore":0.001,"method":"modeled_from_supply_density","realData":false}},{"type":"Feature","geometry":{"type":"Polygon","coordinates":[[[107.3574952657705,-6.819326418569011],[107.35802633845401,-6.814596011044291],[107.35408618808506,-6.812022292782627],[107.34961487168943,-6.814179179905886],[107.34908389475748,-6.818909738904837],[107.35302413846055,-6.82148325931492],[107.3574952657705,-6.819326418569011]]]},"properties":{"h3":"888c10d29dfffff","incumbentScore":0,"method":"modeled_from_supply_density","realData":false}},{"type":"Feature","geometry":{"type":"Polygon","coordinates":[[[107.39382165633644,-6.985060546690949],[107.39435286173345,-6.980338747461552],[107.39041612631475,-6.9777725088217295],[107.38594809183654,-6.979928267655499],[107.38541698193552,-6.984650218187799],[107.38935381100764,-6.987216258592067],[107.39382165633644,-6.985060546690949]]]},"properties":{"h3":"888c146e4bfffff","incumbentScore":0,"method":"modeled_from_supply_density","realData":false}},{"type":"Feature","geometry":{"type":"Polygon","coordinates":[[[107.45902311757739,-6.931264476433179],[107.45955516045156,-6.92654108269261],[107.45562010750167,-6.923973746962142],[107.45115291723177,-6.926130003339498],[107.45062096961075,-6.9308535492251355],[107.4545561169974,-6.933420686596942],[107.45902311757739,-6.931264476433179]]]},"properties":{"h3":"888c146a99fffff","incumbentScore":0,"method":"modeled_from_supply_density","realData":false}},{"type":"Feature","geometry":{"type":"Polygon","coordinates":[[[107.3474910489861,-6.833100094294995],[107.3480219834063,-6.828370196149697],[107.34408164643102,-6.825796873586534],[107.33961028181615,-6.827953647019545],[107.33907944318129,-6.832683696491797],[107.3430198733669,-6.835256821212725],[107.3474910489861,-6.833100094294995]]]},"properties":{"h3":"888c146da5fffff","incumbentScore":0,"method":"modeled_from_supply_density","realData":false}},{"type":"Feature","geometry":{"type":"Polygon","coordinates":[[[107.20538408893586,-6.968697943931828],[107.20591315824872,-6.963972427509105],[107.20196943581814,-6.961402249359088],[107.19749655258009,-6.963557785244417],[107.19696757956761,-6.968283451097624],[107.20091139348378,-6.970853431643793],[107.20538408893586,-6.968697943931828]]]},"properties":{"h3":"888c109855fffff","incumbentScore":0,"method":"modeled_from_supply_density","realData":false}},{"type":"Feature","geometry":{"type":"Polygon","coordinates":[[[107.61119387233846,-6.817568631537727],[107.61172784346579,-6.81284214912526],[107.60779690724563,-6.810272742534987],[107.60333190363511,-6.812430017023338],[107.60279802718425,-6.8171566535073875],[107.60672905965832,-6.819725861439959],[107.61119387233846,-6.817568631537727]]]},"properties":{"h3":"888c16b485fffff","incumbentScore":0.001,"method":"modeled_from_supply_density","realData":false}},{"type":"Feature","geometry":{"type":"Polygon","coordinates":[[[107.28770016766842,-6.951366732157201],[107.28823021374471,-6.946641641167833],[107.28428922297485,-6.944072168402819],[107.27981809367097,-6.946227984477604],[107.27928814355933,-6.950953225796725],[107.28322922677788,-6.9535225007200285],[107.28770016766842,-6.951366732157201]]]},"properties":{"h3":"888c109b61fffff","incumbentScore":0,"method":"modeled_from_supply_density","realData":false}},{"type":"Feature","geometry":{"type":"Polygon","coordinates":[[[107.43434264169608,-6.737494571216864],[107.43487473437006,-6.732761426319202],[107.43093632961201,-6.730185656488],[107.42646573790071,-6.732343229523589],[107.42593374070344,-6.737076526949119],[107.42987223973168,-6.739652098819752],[107.43434264169608,-6.737494571216864]]]},"properties":{"h3":"888c10d151fffff","incumbentScore":0,"method":"modeled_from_supply_density","realData":false}},{"type":"Feature","geometry":{"type":"Polygon","coordinates":[[[107.59580818149132,-6.766895319012094],[107.5963420648918,-6.7621661500141785],[107.59240992291558,-6.759594377124992],[107.58794380142086,-6.761751971766641],[107.58741001279324,-6.766481294847173],[107.59134225087838,-6.769052869211889],[107.59580818149132,-6.766895319012094]]]},"properties":{"h3":"888c16a663fffff","incumbentScore":0.001,"method":"modeled_from_supply_density","realData":false}},{"type":"Feature","geometry":{"type":"Polygon","coordinates":[[[107.57100760867093,-6.836982947784964],[107.5715410896215,-6.832256760985935],[107.56760892645869,-6.829687461570159],[107.56314318655505,-6.831844547524173],[107.56260980044007,-6.836570887921192],[107.56654205938402,-6.839139988774699],[107.57100760867093,-6.836982947784964]]]},"properties":{"h3":"888c14694dfffff","incumbentScore":0,"method":"modeled_from_supply_density","realData":false}},{"type":"Feature","geometry":{"type":"Polygon","coordinates":[[[107.33726211447524,-6.8111881349052075],[107.33779296896866,-6.806457018550333],[107.33385198507119,-6.8038826173219],[107.32938005356594,-6.806039530230135],[107.3288492949146,-6.810770797878169],[107.33279037191733,-6.813345001333479],[107.33726211447524,-6.8111881349052075]]]},"properties":{"h3":"888c10d769fffff","incumbentScore":0,"method":"modeled_from_supply_density","realData":false}},{"type":"Feature","geometry":{"type":"Polygon","coordinates":[[[107.26292948671171,-7.021393772201296],[107.26345912858733,-7.016671713137788],[107.25951813682087,-7.014104706888909],[107.25504741104912,-7.016259957584458],[107.2545178651992,-7.02098216649575],[107.25845894908629,-7.023548974872451],[107.26292948671171,-7.021393772201296]]]},"properties":{"h3":"888c14659bfffff","incumbentScore":0,"method":"modeled_from_supply_density","realData":false}},{"type":"Feature","geometry":{"type":"Polygon","coordinates":[[[107.34863670692016,-6.747509132676789],[107.34916780067763,-6.742775124513303],[107.34522642007329,-6.740198297878024],[107.34075385242748,-6.742355677117712],[107.34022285450327,-6.747089836897065],[107.34416432838252,-6.749666465829478],[107.34863670692016,-6.747509132676789]]]},"properties":{"h3":"888c10d0abfffff","incumbentScore":0,"method":"modeled_from_supply_density","realData":false}},{"type":"Feature","geometry":{"type":"Polygon","coordinates":[[[107.35657011565549,-6.940496176555666],[107.35710097064323,-6.935771626722066],[107.35316232336146,-6.933202895940861],[107.3486927278322,-6.935358913047551],[107.34816196852526,-6.940083613950522],[107.35210070905772,-6.942652146686094],[107.35657011565549,-6.940496176555666]]]},"properties":{"h3":"888c146c59fffff","incumbentScore":0,"method":"modeled_from_supply_density","realData":false}},{"type":"Feature","geometry":{"type":"Polygon","coordinates":[[[107.46763441241474,-6.9672972325080345],[107.4681664918315,-6.962575726059722],[107.46423220867808,-6.960010035150718],[107.459765751585,-6.9621660491420165],[107.45923376736278,-6.96688770770378],[107.46316814503005,-6.969453200169388],[107.46763441241474,-6.9672972325080345]]]},"properties":{"h3":"888c1461e9fffff","incumbentScore":0,"method":"modeled_from_supply_density","realData":false}},{"type":"Feature","geometry":{"type":"Polygon","coordinates":[[[107.44540962261223,-6.902096945546877],[107.44594155996589,-6.897371922046297],[107.44200564275535,-6.894803141381152],[107.43753769388424,-6.8969595824935634],[107.43700585185928,-6.901684758096653],[107.44094186336764,-6.904253340493418],[107.44540962261223,-6.902096945546877]]]},"properties":{"h3":"888c146f65fffff","incumbentScore":0.001,"method":"modeled_from_supply_density","realData":false}},{"type":"Feature","geometry":{"type":"Polygon","coordinates":[[[107.45679430445507,-6.8384975752982875],[107.45732648082513,-6.83376965211434],[107.45339017118582,-6.831198436999498],[107.44892159069983,-6.833355343278283],[107.4483895096493,-6.838083418890075],[107.45232591375616,-6.840654435803813],[107.45679430445507,-6.8384975752982875]]]},"properties":{"h3":"888c1468a7fffff","incumbentScore":0.002,"method":"modeled_from_supply_density","realData":false}},{"type":"Feature","geometry":{"type":"Polygon","coordinates":[[[107.21403923307167,-7.004751960854604],[107.21456834068447,-7.000028336204137],[107.21062538563308,-6.997459795700452],[107.20615323139525,-6.999615077544564],[107.2056242200241,-7.004338851597089],[107.20956726664011,-7.006907194412217],[107.21403923307167,-7.004751960854604]]]},"properties":{"h3":"888c109a15fffff","incumbentScore":0,"method":"modeled_from_supply_density","realData":false}},{"type":"Feature","geometry":{"type":"Polygon","coordinates":[[[107.4109262372708,-6.757747294667397],[107.4114580273618,-6.753014755364927],[107.40751902981263,-6.7504394177978035],[107.40304814817546,-6.752596817461633],[107.40251645364789,-6.7573295089860945],[107.40645554518497,-6.759904648633311],[107.4109262372708,-6.757747294667397]]]},"properties":{"h3":"888c10d005fffff","incumbentScore":0,"method":"modeled_from_supply_density","realData":false}},{"type":"Feature","geometry":{"type":"Polygon","coordinates":[[[107.50803216069538,-6.983503142738322],[107.50856467303711,-6.978783062152975],[107.50463206594492,-6.976218749262655],[107.50016685153368,-6.978374715563874],[107.49963443420532,-6.983094948619623],[107.50356713626576,-6.985659062912298],[107.50803216069538,-6.983503142738322]]]},"properties":{"h3":"888c146143fffff","incumbentScore":0,"method":"modeled_from_supply_density","realData":false}},{"type":"Feature","geometry":{"type":"Polygon","coordinates":[[[107.51241636166387,-6.869748345391639],[107.51294911917682,-6.865022812119612],[107.5090152304166,-6.862453853767478],[107.50454848904609,-6.8646106271255025],[107.50401582659757,-6.869336313290081],[107.50794981044602,-6.8719050732126155],[107.51241636166387,-6.869748345391639]]]},"properties":{"h3":"888c146801fffff","incumbentScore":0.001,"method":"modeled_from_supply_density","realData":false}},{"type":"Feature","geometry":{"type":"Polygon","coordinates":[[[107.44296369105763,-6.773611199765341],[107.4434958204918,-6.768879928354682],[107.43955818627806,-6.766305795329656],[107.43508832827342,-6.7684631317729265],[107.43455629425719,-6.773194555682214],[107.4384940228186,-6.77576849065815],[107.44296369105763,-6.773611199765341]]]},"properties":{"h3":"888c10d311fffff","incumbentScore":0,"method":"modeled_from_supply_density","realData":false}},{"type":"Feature","geometry":{"type":"Polygon","coordinates":[[[107.57960160517143,-6.873038379400028],[107.58013512190693,-6.868314072299057],[107.57620372996179,-6.865746417988415],[107.57173872541463,-6.8679032694357405],[107.57120530345618,-6.872627730102497],[107.57513679125873,-6.875195185764644],[107.57960160517143,-6.873038379400028]]]},"properties":{"h3":"888c146b0dfffff","incumbentScore":0.002,"method":"modeled_from_supply_density","realData":false}},{"type":"Feature","geometry":{"type":"Polygon","coordinates":[[[107.36086598373848,-7.090224639894075],[107.36139663188865,-7.085507466318981],[107.35746003943794,-7.0829450189824],[107.35299270561771,-7.0850999435221995],[107.35246215303793,-7.089817267716732],[107.35639883869895,-7.092379516760713],[107.36086598373848,-7.090224639894075]]]},"properties":{"h3":"888c14675bfffff","incumbentScore":0,"method":"modeled_from_supply_density","realData":false}},{"type":"Feature","geometry":{"type":"Polygon","coordinates":[[[107.39403985016135,-7.0206714988108345],[107.3945709971047,-7.015951439921556],[107.39063472129024,-7.013386682458315],[107.3861672048889,-7.015542182184943],[107.38563615341869,-7.020262392261685],[107.3895725228676,-7.022826951432989],[107.39403985016135,-7.0206714988108345]]]},"properties":{"h3":"888c14609dfffff","incumbentScore":0,"method":"modeled_from_supply_density","realData":false}},{"type":"Feature","geometry":{"type":"Polygon","coordinates":[[[107.44658117690203,-6.81659786004934],[107.4471132740827,-6.811868718224669],[107.44317631588372,-6.809296421785368],[107.43870716613176,-6.811453465311641],[107.43817516432732,-6.816182759531516],[107.44211221688951,-6.818754857838492],[107.44658117690203,-6.81659786004934]]]},"properties":{"h3":"888c10d26bfffff","incumbentScore":0.001,"method":"modeled_from_supply_density","realData":false}},{"type":"Feature","geometry":{"type":"Polygon","coordinates":[[[107.365199320516,-6.976540055148479],[107.36573021275747,-6.97181739400599],[107.36179233433714,-6.969250304943539],[107.35732347033766,-6.971406075162727],[107.35679267371833,-6.976128887344323],[107.36073064546726,-6.978695778276284],[107.365199320516,-6.976540055148479]]]},"properties":{"h3":"888c146e19fffff","incumbentScore":0,"method":"modeled_from_supply_density","realData":false}},{"type":"Feature","geometry":{"type":"Polygon","coordinates":[[[107.40229906136548,-6.721619449401753],[107.40283081446913,-6.716885037540518],[107.3988910465751,-6.714308064851462],[107.39441943165815,-6.716465701863218],[107.39388777417668,-6.721200265975066],[107.3978276359809,-6.72377704083312],[107.40229906136548,-6.721619449401753]]]},"properties":{"h3":"888c10d1c5fffff","incumbentScore":0,"method":"modeled_from_supply_density","realData":false}},{"type":"Feature","geometry":{"type":"Polygon","coordinates":[[[107.22269184567092,-7.040789702369684],[107.2232209915145,-7.03606797200998],[107.21927880374197,-7.033501070777254],[107.21480737847331,-7.035656097685593],[107.21427832881267,-7.040377977418446],[107.21822060822876,-7.042944680878594],[107.22269184567092,-7.040789702369684]]]},"properties":{"h3":"888c109165fffff","incumbentScore":0,"method":"modeled_from_supply_density","realData":false}},{"type":"Feature","geometry":{"type":"Polygon","coordinates":[[[107.51360592054424,-6.784240306795842],[107.514138838299,-6.77951066402246],[107.51020390983284,-6.776938187524039],[107.50573596844853,-6.77909555209979],[107.50520314580552,-6.783825348059549],[107.50913816942595,-6.786397626265705],[107.51360592054424,-6.784240306795842]]]},"properties":{"h3":"888c16a6d7fffff","incumbentScore":0,"method":"modeled_from_supply_density","realData":false}},{"type":"Feature","geometry":{"type":"Polygon","coordinates":[[[107.50381031854518,-6.833681646739639],[107.50434303980455,-6.828954233515391],[107.50040838038011,-6.826383632432146],[107.4959409046758,-6.828540642924798],[107.4954082785395,-6.833268209072819],[107.49934303297533,-6.835838611812949],[107.50381031854518,-6.833681646739639]]]},"properties":{"h3":"888c1469c1fffff","incumbentScore":0.001,"method":"modeled_from_supply_density","realData":false}},{"type":"Feature","geometry":{"type":"Polygon","coordinates":[[[107.32452585676607,-6.924668754856931],[107.32505637129266,-6.919942936922469],[107.32111636731581,-6.917372997479344],[107.31664575591313,-6.919529073896841],[107.31611533721237,-6.924255042624897],[107.32005543407944,-6.926824784150557],[107.32452585676607,-6.924668754856931]]]},"properties":{"h3":"888c146ccdfffff","incumbentScore":0,"method":"modeled_from_supply_density","realData":false}},{"type":"Feature","geometry":{"type":"Polygon","coordinates":[[[107.56721260026477,-6.758350842570545],[107.56774617309401,-6.753620806200679],[107.56381287547558,-6.751048185313717],[107.55934590923275,-6.753205799224414],[107.5588124313033,-6.757935989413288],[107.56274582470779,-6.760508411880917],[107.56721260026477,-6.758350842570545]]]},"properties":{"h3":"888c16a631fffff","incumbentScore":0.001,"method":"modeled_from_supply_density","realData":false}},{"type":"Feature","geometry":{"type":"Polygon","coordinates":[[[107.5206128145976,-6.834508005357689],[107.52114572599537,-6.829780898234063],[107.5172116898106,-6.827210622327191],[107.51274464701494,-6.829367651950466],[107.51221183066839,-6.834094912166581],[107.51614596205717,-6.836664989675463],[107.5206128145976,-6.834508005357689]]]},"properties":{"h3":"888c14691bfffff","incumbentScore":0.466,"method":"modeled_from_supply_density","realData":false}},{"type":"Feature","geometry":{"type":"Polygon","coordinates":[[[107.362941310244,-6.883786976484133],[107.36347233519604,-6.879059773029008],[107.35953319883927,-6.876488808241286],[107.35506294416317,-6.878645244892133],[107.35453201489997,-6.88337259966731],[107.358471244615,-6.88594336648024],[107.362941310244,-6.883786976484133]]]},"properties":{"h3":"888c146c27fffff","incumbentScore":0,"method":"modeled_from_supply_density","realData":false}},{"type":"Feature","geometry":{"type":"Polygon","coordinates":[[[107.37382599567424,-7.012567664624351],[107.37435692510073,-7.007846894690695],[107.37041981543885,-7.0052814489618305],[107.36595168293503,-7.007436971389899],[107.36542084907205,-7.012157892331894],[107.36935805214033,-7.014723139846152],[107.37382599567424,-7.012567664624351]]]},"properties":{"h3":"888c146569fffff","incumbentScore":0,"method":"modeled_from_supply_density","realData":false}},{"type":"Feature","geometry":{"type":"Polygon","coordinates":[[[107.39497912693871,-6.899621217743026],[107.39551049178266,-6.8948952828937635],[107.39157271478335,-6.8923255262552345],[107.38710347921271,-6.8944819025776845],[107.38657220991242,-6.899207989022724],[107.39051008063005,-6.901777547558156],[107.39497912693871,-6.899621217743026]]]},"properties":{"h3":"888c146f33fffff","incumbentScore":0,"method":"modeled_from_supply_density","realData":false}},{"type":"Feature","geometry":{"type":"Polygon","coordinates":[[[107.42381647360226,-6.943790401782998],[107.42434809274836,-6.939067063545108],[107.42041192054697,-6.9364996353841555],[107.41594403516649,-6.938655743735912],[107.41541251141491,-6.943379233718649],[107.4193487776402,-6.945946463613394],[107.42381647360226,-6.943790401782998]]]},"properties":{"h3":"888c1461b7fffff","incumbentScore":0,"method":"modeled_from_supply_density","realData":false}},{"type":"Feature","geometry":{"type":"Polygon","coordinates":[[[107.47943608684686,-6.974992694342098],[107.47996828773601,-6.970271748293797],[107.47603453138578,-6.967706582660527],[107.47156847949245,-6.969862561577312],[107.47103637374313,-6.9745836598335975],[107.47497022473823,-6.977148626973689],[107.47943608684686,-6.974992694342098]]]},"properties":{"h3":"888c146111fffff","incumbentScore":0,"method":"modeled_from_supply_density","realData":false}},{"type":"Feature","geometry":{"type":"Polygon","coordinates":[[[107.33316117420078,-6.960723874295742],[107.33369172620807,-6.955999944144598],[107.32975249088938,-6.953431644755228],[107.32528261058597,-6.9555874735283725],[107.32475215434583,-6.960311554443446],[107.32869148263289,-6.9628796558301325],[107.33316117420078,-6.960723874295742]]]},"properties":{"h3":"888c146e8dfffff","incumbentScore":0,"method":"modeled_from_supply_density","realData":false}},{"type":"Feature","geometry":{"type":"Polygon","coordinates":[[[107.30020935782647,-7.065930922728272],[107.3007393519745,-7.061211618094751],[107.29680026510363,-7.058647104315919],[107.29233109155065,-7.060802093240231],[107.29180119324378,-7.065521547955842],[107.29574037263966,-7.06808586367378],[107.30020935782647,-7.065930922728272]]]},"properties":{"h3":"888c14641dfffff","incumbentScore":0,"method":"modeled_from_supply_density","realData":false}},{"type":"Feature","geometry":{"type":"Polygon","coordinates":[[[107.46582841040905,-6.945843627723755],[107.4663605059903,-6.941121049474316],[107.46242588521254,-6.938554436750889],[107.45795907433828,-6.940710600689115],[107.45742707397238,-6.945433331104721],[107.46136178925633,-6.947999745424524],[107.46582841040905,-6.945843627723755]]]},"properties":{"h3":"888c146adbfffff","incumbentScore":0.001,"method":"modeled_from_supply_density","realData":false}},{"type":"Feature","geometry":{"type":"Polygon","coordinates":[[[107.35430912725906,-6.847704237474887],[107.35484011491936,-6.842975151985129],[107.35090020926155,-6.84040254898923],[107.34642922265411,-6.842559229379885],[107.34589833074136,-6.847288466218953],[107.34983832967947,-6.849860871326697],[107.35430912725906,-6.847704237474887]]]},"properties":{"h3":"888c146de7fffff","incumbentScore":0,"method":"modeled_from_supply_density","realData":false}},{"type":"Feature","geometry":{"type":"Polygon","coordinates":[[[107.38245014185148,-7.04857898507572],[107.38298110839433,-7.043860108860008],[107.37904476738784,-7.041296308072423],[107.37457736634535,-7.043451581807228],[107.37404649530743,-7.048170609000032],[107.37798292979802,-7.0507342114895994],[107.38245014185148,-7.04857898507572]]]},"properties":{"h3":"888c146729fffff","incumbentScore":0,"method":"modeled_from_supply_density","realData":false}},{"type":"Feature","geometry":{"type":"Polygon","coordinates":[[[107.41795548466828,-6.808049660914023],[107.41848726914169,-6.803319656182785],[107.41454916380789,-6.800746513358492],[107.41007917995306,-6.802903573300634],[107.40954749098238,-6.807633730162124],[107.41348569035473,-6.810206674959811],[107.41795548466828,-6.808049660914023]]]},"properties":{"h3":"888c10d239fffff","incumbentScore":0,"method":"modeled_from_supply_density","realData":false}},{"type":"Feature","geometry":{"type":"Polygon","coordinates":[[[107.61798707341589,-6.832158105856378],[107.61852109660636,-6.827432435986728],[107.61459059439446,-6.824863752708956],[107.61012597266024,-6.827020938012599],[107.60959204410841,-6.831746761974488],[107.61352264264305,-6.8343152465489565],[107.61798707341589,-6.832158105856378]]]},"properties":{"h3":"888c16b4c7fffff","incumbentScore":0.156,"method":"modeled_from_supply_density","realData":false}},{"type":"Feature","geometry":{"type":"Polygon","coordinates":[[[107.308382457282,-6.766924341468041],[107.30891305572631,-6.7621906402629905],[107.30497046973726,-6.7596139229710035],[107.30049719249702,-6.761771104498949],[107.29996669004406,-6.766504956843598],[107.3039093688309,-6.769081476529353],[107.308382457282,-6.766924341468041]]]},"properties":{"h3":"888c10d545fffff","incumbentScore":0,"method":"modeled_from_supply_density","realData":false}},{"type":"Feature","geometry":{"type":"Polygon","coordinates":[[[107.35182348214465,-6.719101792994912],[107.35235466097728,-6.714366468905549],[107.3484130354306,-6.71178852926116],[107.34394013771342,-6.713946111379536],[107.34340905471805,-6.718681587209099],[107.34735077359352,-6.721259329188697],[107.35182348214465,-6.719101792994912]]]},"properties":{"h3":"888c10d193fffff","incumbentScore":0,"method":"modeled_from_supply_density","realData":false}},{"type":"Feature","geometry":{"type":"Polygon","coordinates":[[[107.4099804186354,-6.878973313744772],[107.41051199049191,-6.874246613038951],[107.40657449501838,-6.871676262061966],[107.40210533377554,-6.873832809917048],[107.40157385741192,-6.878559662439616],[107.40551144678919,-6.8811298152989515],[107.4099804186354,-6.878973313744772]]]},"properties":{"h3":"888c146d41fffff","incumbentScore":0,"method":"modeled_from_supply_density","realData":false}},{"type":"Feature","geometry":{"type":"Polygon","coordinates":[[[107.67155381821588,-6.806270805035865],[107.67208849366261,-6.801544745923918],[107.6681596334421,-6.798975919833247],[107.66369600081357,-6.80113335169292],[107.66316141979298,-6.805859565528109],[107.66709037696566,-6.808428192788795],[107.67155381821588,-6.806270805035865]]]},"properties":{"h3":"888c16b421fffff","incumbentScore":0,"method":"modeled_from_supply_density","realData":false}},{"type":"Feature","geometry":{"type":"Polygon","coordinates":[[[107.29157113881656,-7.029914890720261],[107.29210109527983,-7.025193690545334],[107.28816124056277,-7.022627533953997],[107.2836913369267,-7.024782775523887],[107.2831614763632,-7.0295041258111555],[107.28710142352693,-7.03207008442492],[107.29157113881656,-7.029914890720261]]]},"properties":{"h3":"888c1465ddfffff","incumbentScore":0,"method":"modeled_from_supply_density","realData":false}},{"type":"Feature","geometry":{"type":"Polygon","coordinates":[[[107.37728395788045,-6.756075125820318],[107.37781536550257,-6.751341978139266],[107.37387512867662,-6.748765994562041],[107.36940339061881,-6.750923356483746],[107.36887207870355,-6.755656656047117],[107.37281240913013,-6.758232441815057],[107.37728395788045,-6.756075125820318]]]},"properties":{"h3":"888c10d0edfffff","incumbentScore":0,"method":"modeled_from_supply_density","realData":false}},{"type":"Feature","geometry":{"type":"Polygon","coordinates":[[[107.47881105603132,-6.868099179747224],[107.47934343307105,-6.86337303541077],[107.47540829920672,-6.860803425996812],[107.47094069359066,-6.862960159247698],[107.47040841175895,-6.867686456139449],[107.47434364032617,-6.870255867233579],[107.47881105603132,-6.868099179747224]]]},"properties":{"h3":"888c1468e9fffff","incumbentScore":0.31,"method":"modeled_from_supply_density","realData":false}},{"type":"Feature","geometry":{"type":"Polygon","coordinates":[[[107.22086620306541,-7.019333984619071],[107.2213953644561,-7.014611177163119],[107.21745283888197,-7.012043357224917],[107.21298106027307,-7.014198542484818],[107.21245199508628,-7.01892149936522],[107.21639461229549,-7.021489121570048],[107.22086620306541,-7.019333984619071]]]},"properties":{"h3":"888c109a57fffff","incumbentScore":0,"method":"modeled_from_supply_density","realData":false}},{"type":"Feature","geometry":{"type":"Polygon","coordinates":[[[107.41773992445877,-6.772360753735031],[107.41827176753141,-6.767629025082745],[107.41433320215224,-6.765054406711545],[107.40986269963372,-6.767211714967511],[107.40933095208666,-6.7719435958641245],[107.41326961152348,-6.774518016269026],[107.41773992445877,-6.772360753735031]]]},"properties":{"h3":"888c10d047fffff","incumbentScore":0,"method":"modeled_from_supply_density","realData":false}},{"type":"Feature","geometry":{"type":"Polygon","coordinates":[[[107.32997815943268,-6.989062796993319],[107.33050862650646,-6.984340198008011],[107.32656963599051,-6.981773016319335],[107.32210008547715,-6.983928631661857],[107.32156971416649,-6.988651381285659],[107.32550879759707,-6.991218364937122],[107.32997815943268,-6.989062796993319]]]},"properties":{"h3":"888c146537fffff","incumbentScore":0,"method":"modeled_from_supply_density","realData":false}},{"type":"Feature","geometry":{"type":"Polygon","coordinates":[[[107.51921789610596,-6.884335023833384],[107.51975070610759,-6.879610304428061],[107.51581725022629,-6.877042068811016],[107.51135088917687,-6.879198751082781],[107.5108181742019,-6.8839236234017065],[107.51475172524063,-6.886491660543796],[107.51921789610596,-6.884335023833384]]]},"properties":{"h3":"888c146843fffff","incumbentScore":0.378,"method":"modeled_from_supply_density","realData":false}},{"type":"Feature","geometry":{"type":"Polygon","coordinates":[[[107.4474295814223,-6.95919018012435],[107.44796144403493,-6.954467961463626],[107.44402632393829,-6.951901582320263],[107.43955924693356,-6.954057620212325],[107.43902747960604,-6.95877999080765],[107.44296269398907,-6.961346171584919],[107.4474295814223,-6.95919018012435]]]},"properties":{"h3":"888c146185fffff","incumbentScore":0,"method":"modeled_from_supply_density","realData":false}},{"type":"Feature","geometry":{"type":"Polygon","coordinates":[[[107.449773972693,-6.788219712081187],[107.45030615495978,-6.783489251801087],[107.44636895319532,-6.780915838747392],[107.44189947473778,-6.783073084077653],[107.44136738785113,-6.787803696878419],[107.44530468403282,-6.79037691183681],[107.449773972693,-6.788219712081187]]]},"properties":{"h3":"888c10d353fffff","incumbentScore":0,"method":"modeled_from_supply_density","realData":false}},{"type":"Feature","geometry":{"type":"Polygon","coordinates":[[[107.41860186641952,-6.915034975870822],[107.41913347517246,-6.910310159057005],[107.4151967493309,-6.9077414493285545],[107.41072832074609,-6.9098977546260665],[107.41019680742738,-6.914622723226261],[107.4141336272502,-6.917191234751182],[107.41860186641952,-6.915034975870822]]]},"properties":{"h3":"888c146f01fffff","incumbentScore":0,"method":"modeled_from_supply_density","realData":false}},{"type":"Feature","geometry":{"type":"Polygon","coordinates":[[[107.38591461373431,-6.792192408442164],[107.38644605850999,-6.787461136000923],[107.38250659164001,-6.7848867879889605],[107.37803558630674,-6.787043910324421],[107.37750423717918,-6.791775334619347],[107.3814437977277,-6.7943494847337185],[107.38591461373431,-6.792192408442164]]]},"properties":{"h3":"888c10d2adfffff","incumbentScore":0,"method":"modeled_from_supply_density","realData":false}},{"type":"Feature","geometry":{"type":"Polygon","coordinates":[[[107.3720125665567,-6.991117247164063],[107.37254351190992,-6.9863954026378225],[107.3686060645886,-6.983829035952491],[107.36413757850664,-6.985984711977297],[107.36360672873784,-6.990706707564138],[107.36754426945754,-6.993272876074232],[107.3720125665567,-6.991117247164063]]]},"properties":{"h3":"888c146e5bfffff","incumbentScore":0,"method":"modeled_from_supply_density","realData":false}},{"type":"Feature","geometry":{"type":"Polygon","coordinates":[[[107.48742058804307,-6.904155279929281],[107.48795300150245,-6.8994310182061565],[107.48401863791776,-6.896863051954533],[107.4795517660847,-6.899019545840325],[107.47901944777475,-6.90374396008752],[107.48295390613931,-6.906311727933413],[107.48742058804307,-6.904155279929281]]]},"properties":{"h3":"888c146aa9fffff","incumbentScore":0.31,"method":"modeled_from_supply_density","realData":false}},{"type":"Feature","geometry":{"type":"Polygon","coordinates":[[[107.45444654680604,-7.0093726648160635],[107.45497840354533,-7.0046530008394745],[107.4510441745872,-7.002088827620746],[107.44657799454411,-7.004244516854581],[107.44604623302942,-7.008964332670765],[107.44998055632414,-7.0115283074221235],[107.45444654680604,-7.0093726648160635]]]},"properties":{"h3":"888c146039fffff","incumbentScore":0,"method":"modeled_from_supply_density","realData":false}},{"type":"Feature","geometry":{"type":"Polygon","coordinates":[[[107.42636295358905,-6.8084654197661045],[107.42689483352933,-6.803735567249831],[107.4229570383778,-6.80116258642678],[107.41848726914169,-6.803319656182785],[107.41795548466828,-6.808049660914023],[107.42189337395502,-6.810622443682875],[107.42636295358905,-6.8084654197661045]]]},"properties":{"h3":"888c10d207fffff","incumbentScore":0,"method":"modeled_from_supply_density","realData":false}},{"type":"Feature","geometry":{"type":"Polygon","coordinates":[[[107.59901169484709,-6.738517022433875],[107.59954566343202,-6.73378654075328],[107.59561327975014,-6.731213649072656],[107.59114683131095,-6.733371437567855],[107.59061295750256,-6.738102073457386],[107.59454543734768,-6.74067476665123],[107.59901169484709,-6.738517022433875]]]},"properties":{"h3":"888c16a719fffff","incumbentScore":0.001,"method":"modeled_from_supply_density","realData":false}},{"type":"Feature","geometry":{"type":"Polygon","coordinates":[[[107.58940268781892,-6.823628253910374],[107.58993640090159,-6.818901715724613],[107.58600474232922,-6.81633218200457],[107.58153927466469,-6.818489385077402],[107.58100565634753,-6.823216077092774],[107.58493741092026,-6.825785412214172],[107.58940268781892,-6.823628253910374]]]},"properties":{"h3":"888c16b495fffff","incumbentScore":0,"method":"modeled_from_supply_density","realData":false}},{"type":"Feature","geometry":{"type":"Polygon","coordinates":[[[107.4627606758865,-6.710348275085862],[107.46329313991019,-6.705614274888619],[107.45935542383269,-6.703037874624771],[107.45488514910824,-6.705195672571842],[107.45435278045738,-6.709929825676515],[107.45829059114908,-6.712506027935215],[107.4627606758865,-6.710348275085862]]]},"properties":{"h3":"888c10d161fffff","incumbentScore":0,"method":"modeled_from_supply_density","realData":false}},{"type":"Feature","geometry":{"type":"Polygon","coordinates":[[[107.19586325963789,-7.053719195422474],[107.19639207441365,-7.048997686177277],[107.19244909128376,-7.046430854851301],[107.1879772020439,-7.0485857304852395],[107.1874484835558,-7.053307388787089],[107.1913915580109,-7.055874022407137],[107.19586325963789,-7.053719195422474]]]},"properties":{"h3":"888c109101fffff","incumbentScore":0,"method":"modeled_from_supply_density","realData":false}},{"type":"Feature","geometry":{"type":"Polygon","coordinates":[[[107.32680484253493,-6.753561741656174],[107.3273356753785,-6.748827683956532],[107.32339358380779,-6.746250732592704],[107.31892056636556,-6.748408036580106],[107.31838982944377,-6.753142245651753],[107.32233201403336,-6.755718999372637],[107.32680484253493,-6.753561741656174]]]},"properties":{"h3":"888c10d0bbfffff","incumbentScore":0,"method":"modeled_from_supply_density","realData":false}},{"type":"Feature","geometry":{"type":"Polygon","coordinates":[[[107.38497848701087,-6.91338492247296],[107.38550971381198,-6.90865949902037],[107.38157174943784,-6.9060901385831315],[107.37710246465883,-6.908246399700366],[107.3765713334352,-6.912971974601432],[107.38050939140403,-6.915541136945412],[107.38497848701087,-6.91338492247296]]]},"properties":{"h3":"888c146c69fffff","incumbentScore":0,"method":"modeled_from_supply_density","realData":false}},{"type":"Feature","geometry":{"type":"Polygon","coordinates":[[[107.29134103122064,-6.994294544088662],[107.29187104585307,-6.98957160110815],[107.28793073075653,-6.987003966064613],[107.2834603085533,-6.989159471931564],[107.28293038984367,-6.99388256513881],[107.28687079740543,-6.996450002261084],[107.29134103122064,-6.994294544088662]]]},"properties":{"h3":"888c1465abfffff","incumbentScore":0,"method":"modeled_from_supply_density","realData":false}},{"type":"Feature","geometry":{"type":"Polygon","coordinates":[[[107.43498345123693,-6.844553904356385],[107.43551536797624,-6.839825930529145],[107.43157834294817,-6.8372545888924545],[107.42710930695903,-6.83941141923296],[107.4265774856279,-6.844139545245281],[107.43051460486865,-6.846710688740593],[107.43498345123693,-6.844553904356385]]]},"properties":{"h3":"888c1468b7fffff","incumbentScore":0.001,"method":"modeled_from_supply_density","realData":false}},{"type":"Feature","geometry":{"type":"Polygon","coordinates":[[[107.24245776115428,-6.977647843591929],[107.2429872421557,-6.972923333832576],[107.23904496076803,-6.9703541649312175],[107.23457310646023,-6.972509703535579],[107.23404372159771,-6.977234363076047],[107.23798609489506,-6.979803334239772],[107.24245776115428,-6.977647843591929]]]},"properties":{"h3":"888c109a25fffff","incumbentScore":0,"method":"modeled_from_supply_density","realData":false}},{"type":"Feature","geometry":{"type":"Polygon","coordinates":[[[107.38910349505367,-6.763801477829205],[107.3896350248988,-6.7590688873550695],[107.38569531363923,-6.756493424565765],[107.381223978793,-6.758650750119387],[107.38069254459994,-6.763383492572061],[107.38463234959197,-6.765958757501175],[107.38910349505367,-6.763801477829205]]]},"properties":{"h3":"888c10d015fffff","incumbentScore":0,"method":"modeled_from_supply_density","realData":false}},{"type":"Feature","geometry":{"type":"Polygon","coordinates":[[[107.35360819129038,-7.004461100408215],[107.35413890297265,-6.999739619911124],[107.35020096019315,-6.997173486435224],[107.34573221254419,-6.999329031602253],[107.3452015965158,-7.004050662928313],[107.34913963247345,-7.0066165982670565],[107.35360819129038,-7.004461100408215]]]},"properties":{"h3":"888c146505fffff","incumbentScore":0,"method":"modeled_from_supply_density","realData":false}},{"type":"Feature","geometry":{"type":"Polygon","coordinates":[[[107.4862384704839,-6.989562606614788],[107.48677072397385,-6.984842477275158],[107.48283739987893,-6.982278035723688],[107.47837172757076,-6.984433922058169],[107.47783956918285,-6.9891542036265175],[107.48177298799196,-6.991718446640231],[107.4862384704839,-6.989562606614788]]]},"properties":{"h3":"888c146153fffff","incumbentScore":0,"method":"modeled_from_supply_density","realData":false}},{"type":"Feature","geometry":{"type":"Polygon","coordinates":[[[107.4713774309378,-6.746471934469944],[107.47190993152998,-6.741739805582934],[107.46797298637661,-6.739165042070908],[107.46350344593053,-6.741322605548543],[107.46297104065248,-6.746054887313649],[107.46690808049728,-6.748629452731557],[107.4713774309378,-6.746471934469944]]]},"properties":{"h3":"888c10d321fffff","incumbentScore":0,"method":"modeled_from_supply_density","realData":false}},{"type":"Feature","geometry":{"type":"Polygon","coordinates":[[[107.49061528143598,-6.875806400906792],[107.49114777995335,-6.8710808160605295],[107.48721317346971,-6.868511730472119],[107.48274597362571,-6.870668428108534],[107.4822135702616,-6.875394165605073],[107.48614827157915,-6.877963052823468],[107.49061528143598,-6.875806400906792]]]},"properties":{"h3":"888c146811fffff","incumbentScore":0.377,"method":"modeled_from_supply_density","realData":false}},{"type":"Feature","geometry":{"type":"Polygon","coordinates":[[[107.38926016465263,-7.063142025432354],[107.38979118420538,-7.058423967813771],[107.3858552742725,-7.055860890925701],[107.38138825122404,-7.058016070007068],[107.38085732713849,-7.062734278623743],[107.38479333062514,-7.065297157169626],[107.38926016465263,-7.063142025432354]]]},"properties":{"h3":"888c14676bfffff","incumbentScore":0,"method":"modeled_from_supply_density","realData":false}},{"type":"Feature","geometry":{"type":"Polygon","coordinates":[[[107.42243661149838,-6.993576805553353],[107.42296812960676,-6.988855869161063],[107.41903253869519,-6.986290481797202],[107.41456533568827,-6.988446229174707],[107.4140339129496,-6.99316731713328],[107.41796959783909,-6.995732506156689],[107.42243661149838,-6.993576805553353]]]},"properties":{"h3":"888c1460adfffff","incumbentScore":0,"method":"modeled_from_supply_density","realData":false}},{"type":"Feature","geometry":{"type":"Polygon","coordinates":[[[107.39360341209186,-6.949435939362462],[107.39413467595536,-6.944712402453802],[107.3901974808252,-6.942144683693289],[107.38572892815009,-6.9443007000286014],[107.38519775980542,-6.949024388355342],[107.38913504860798,-6.951591908937328],[107.39360341209186,-6.949435939362462]]]},"properties":{"h3":"888c146e29fffff","incumbentScore":0,"method":"modeled_from_supply_density","realData":false}},{"type":"Feature","geometry":{"type":"Polygon","coordinates":[[[107.46284633513595,-7.009780821548042],[107.46337828706399,-7.0050613094951055],[107.4594443684897,-7.002497299889125],[107.45497840354533,-7.0046530008394745],[107.45444654680604,-7.0093726648160635],[107.4583805598133,-7.0119364759272464],[107.46284633513595,-7.009780821548042]]]},"properties":{"h3":"888c146007fffff","incumbentScore":0,"method":"modeled_from_supply_density","realData":false}},{"type":"Feature","geometry":{"type":"Polygon","coordinates":[[[107.38047261631712,-6.727672948984128],[107.38100410902418,-6.722938485357363],[107.3770636276401,-6.720361387961197],[107.37259155988532,-6.722518951971752],[107.37206016288913,-6.727253567605439],[107.3760007379278,-6.729830467230241],[107.38047261631712,-6.727672948984128]]]},"properties":{"h3":"888c10d1d5fffff","incumbentScore":0,"method":"modeled_from_supply_density","realData":false}},{"type":"Feature","geometry":{"type":"Polygon","coordinates":[[[107.67834145811385,-6.820858271053417],[107.67887618535651,-6.816133024238547],[107.67494775977237,-6.81356492217326],[107.67048450991575,-6.81572226580678],[107.6699498770614,-6.8204476673651895],[107.67387839966622,-6.8230155705549285],[107.67834145811385,-6.820858271053417]]]},"properties":{"h3":"888c16b463fffff","incumbentScore":0,"method":"modeled_from_supply_density","realData":false}},{"type":"Feature","geometry":{"type":"Polygon","coordinates":[[[107.4820055309454,-6.839739010207547],[107.48253799305873,-6.8350115448139865],[107.47860261612738,-6.832440817003277],[107.47413468231672,-6.834597752878251],[107.47360231541526,-6.839325370953064],[107.47753778710353,-6.841895900480196],[107.4820055309454,-6.839739010207547]]]},"properties":{"h3":"888c1469d1fffff","incumbentScore":0.155,"method":"modeled_from_supply_density","realData":false}},{"type":"Feature","geometry":{"type":"Polygon","coordinates":[[[107.30270319613322,-6.930723024753024],[107.3032334497919,-6.925997162180802],[107.2992927367396,-6.923427095859975],[107.2948216773851,-6.925583089977083],[107.29429151964057,-6.930309103099874],[107.29823232532729,-6.932878971563684],[107.30270319613322,-6.930723024753024]]]},"properties":{"h3":"888c146cddfffff","incumbentScore":0,"method":"modeled_from_supply_density","realData":false}},{"type":"Feature","geometry":{"type":"Polygon","coordinates":[[[107.54901198492367,-6.807383072009117],[107.5495452663829,-6.802655106818319],[107.54561192384215,-6.8000841998129005],[107.5411452042862,-6.802241456450254],[107.54061201777414,-6.806969575112712],[107.54454545586177,-6.809540283674644],[107.54901198492367,-6.807383072009117]]]},"properties":{"h3":"888c14692bfffff","incumbentScore":0.001,"method":"modeled_from_supply_density","realData":false}},{"type":"Feature","geometry":{"type":"Polygon","coordinates":[[[107.59760455372445,-6.788380470463312],[107.59813842061932,-6.783652364195373],[107.5942066164625,-6.781081512060962],[107.58974084928546,-6.7832389647690885],[107.5892070771427,-6.787967225066943],[107.59313897741576,-6.790537878635205],[107.59760455372445,-6.788380470463312]]]},"properties":{"h3":"888c16a641fffff","incumbentScore":0.001,"method":"modeled_from_supply_density","realData":false}},{"type":"Feature","geometry":{"type":"Polygon","coordinates":[[[107.32384665007561,-6.817658666805013],[107.32437733953806,-6.812927653892741],[107.32043595393579,-6.810353288787806],[107.31596378591566,-6.812510134344543],[107.31543319234792,-6.817241298391387],[107.31937467089654,-6.8198154657555845],[107.32384665007561,-6.817658666805013]]]},"properties":{"h3":"888c10d747fffff","incumbentScore":0,"method":"modeled_from_supply_density","realData":false}},{"type":"Feature","geometry":{"type":"Polygon","coordinates":[[[107.34112094103857,-6.8898416676322265],[107.34165170545464,-6.885114417422755],[107.33771185811338,-6.882543326065947],[107.33324115324424,-6.884699682841874],[107.33271048460543,-6.889427084128365],[107.33665042504943,-6.891997977570587],[107.34112094103857,-6.8898416676322265]]]},"properties":{"h3":"888c146c37fffff","incumbentScore":0,"method":"modeled_from_supply_density","realData":false}},{"type":"Feature","geometry":{"type":"Polygon","coordinates":[[[107.35045347522951,-6.769018695039972],[107.35098455309355,-6.764285750809502],[107.34704351071099,-6.7617098399760405],[107.34257129717234,-6.763867071126667],[107.34204031512063,-6.768600166922172],[107.34598145078618,-6.771175880010638],[107.35045347522951,-6.769018695039972]]]},"properties":{"h3":"888c10d089fffff","incumbentScore":0,"method":"modeled_from_supply_density","realData":false}},{"type":"Feature","geometry":{"type":"Polygon","coordinates":[[[107.45423536929843,-6.973765066485234],[107.45476728466056,-6.969043664065273],[107.45083259654172,-6.966478008243039],[107.44636589869582,-6.968633953260244],[107.44583407858102,-6.973355507635841],[107.4497688610557,-6.975920965047199],[107.45423536929843,-6.973765066485234]]]},"properties":{"h3":"888c1461c7fffff","incumbentScore":0,"method":"modeled_from_supply_density","realData":false}},{"type":"Feature","geometry":{"type":"Polygon","coordinates":[[[107.45860167196372,-6.8599771755776535],[107.4591338321805,-6.855250319498853],[107.45519786041218,-6.852680023967519],[107.45072963394266,-6.854836782765646],[107.45019756902455,-6.859563791220195],[107.45413363526816,-6.862133888509432],[107.45860167196372,-6.8599771755776535]]]},"properties":{"h3":"888c146885fffff","incumbentScore":0.001,"method":"modeled_from_supply_density","realData":false}},{"type":"Feature","geometry":{"type":"Polygon","coordinates":[[[107.4254113735401,-6.929619723392309],[107.42594303518668,-6.924895721577196],[107.4220067411553,-6.922327733956138],[107.41753869141739,-6.924483946407485],[107.41700712516727,-6.929208100030432],[107.4209435132495,-6.931775889402805],[107.4254113735401,-6.929619723392309]]]},"properties":{"h3":"888c146f43fffff","incumbentScore":0,"method":"modeled_from_supply_density","realData":false}},{"type":"Feature","geometry":{"type":"Polygon","coordinates":[[[107.50782719506469,-6.947892496780308],[107.50835976618497,-6.9431706806239415],[107.50442670028099,-6.940604884333508],[107.49996096826,-6.94276110274873],[107.49942849217578,-6.94748307149193],[107.50336165306743,-6.950048669241634],[107.50782719506469,-6.947892496780308]]]},"properties":{"h3":"888c146121fffff","incumbentScore":0,"method":"modeled_from_supply_density","realData":false}},{"type":"Feature","geometry":{"type":"Polygon","coordinates":[[[107.31134220598814,-6.966778791533723],[107.3118724972781,-6.962054817333077],[107.30793255266127,-6.959486390552015],[107.30346222403267,-6.961642135922487],[107.30293202859816,-6.966366260644295],[107.30687206592773,-6.968934489483156],[107.31134220598814,-6.966778791533723]]]},"properties":{"h3":"888c146e9dfffff","incumbentScore":0,"method":"modeled_from_supply_density","realData":false}},{"type":"Feature","geometry":{"type":"Polygon","coordinates":[[[107.49422376061003,-6.918737429359726],[107.49475622665848,-6.91401398241849],[107.49082229560649,-6.911446739128276],[107.48635580364781,-6.913603141238699],[107.485823432711,-6.918326740725038],[107.48975745861216,-6.920893785564407],[107.49422376061003,-6.918737429359726]]]},"properties":{"h3":"888c146aebfffff","incumbentScore":0.156,"method":"modeled_from_supply_density","realData":false}},{"type":"Feature","geometry":{"type":"Polygon","coordinates":[[[107.3286126343447,-7.0388415230605474],[107.32914300069056,-7.034121333161991],[107.32520459263847,-7.031556190318668],[107.32073572536237,-7.033711435493],[107.32020545475466,-7.038431775852413],[107.32414395567585,-7.040996720585329],[107.3286126343447,-7.0388415230605474]]]},"properties":{"h3":"888c14642dfffff","incumbentScore":0,"method":"modeled_from_supply_density","realData":false}},{"type":"Feature","geometry":{"type":"Polygon","coordinates":[[[107.36064398121447,-7.054636177462981],[107.36117468770131,-7.049917257785115],[107.35723763559176,-7.04735332820024],[107.3527697837572,-7.049508516539427],[107.35223917286362,-7.054227586952367],[107.3561763182023,-7.056791318299735],[107.36064398121447,-7.054636177462981]]]},"properties":{"h3":"888c146739fffff","incumbentScore":0,"method":"modeled_from_supply_density","realData":false}},{"type":"Feature","geometry":{"type":"Polygon","coordinates":[[[107.4483895096493,-6.838083418890075],[107.44892159069983,-6.833355343278283],[107.44498497043422,-6.830783965809344],[107.440516174738,-6.832940862134332],[107.43998418904285,-6.837669090089428],[107.44392090367947,-6.840240269384804],[107.4483895096493,-6.838083418890075]]]},"properties":{"h3":"888c10d249fffff","incumbentScore":0.156,"method":"modeled_from_supply_density","realData":false}},{"type":"Feature","geometry":{"type":"Polygon","coordinates":[[[107.59619784989624,-6.838218094155724],[107.59673161513781,-6.833492368655473],[107.59280039034053,-6.830923558024891],[107.58833530422329,-6.83308067154725],[107.5878016337094,-6.837806550897871],[107.59173295457593,-6.8403751628842375],[107.59619784989624,-6.838218094155724]]]},"properties":{"h3":"888c16b4d7fffff","incumbentScore":0.001,"method":"modeled_from_supply_density","realData":false}},{"type":"Feature","geometry":{"type":"Polygon","coordinates":[[[107.6058077956609,-6.753121471142597],[107.6063418163902,-6.7483917998061065],[107.60240986681661,-6.74581962985515],[107.59794380027249,-6.747977329782132],[107.59740987428192,-6.752707155348708],[107.60134192008762,-6.755279126766654],[107.6058077956609,-6.753121471142597]]]},"properties":{"h3":"888c16a75bfffff","incumbentScore":0,"method":"modeled_from_supply_density","realData":false}},{"type":"Feature","geometry":{"type":"Polygon","coordinates":[[[107.38816606031583,-6.88502906704541],[107.38869737211958,-6.880302318058288],[107.38475916353433,-6.8777318403065495],[107.38028954948769,-6.879888309608213],[107.3797583332654,-6.884615210169284],[107.38369663549918,-6.887185489863367],[107.38816606031583,-6.88502906704541]]]},"properties":{"h3":"888c146d51fffff","incumbentScore":0,"method":"modeled_from_supply_density","realData":false}},{"type":"Feature","geometry":{"type":"Polygon","coordinates":[[[107.64977018885052,-6.812331642298918],[107.65030460686982,-6.807605525335986],[107.64637502157285,-6.805036571918806],[107.64191092154839,-6.80719393424416],[107.6413765980444,-6.811920205688631],[107.64530628004044,-6.814488960334645],[107.64977018885052,-6.812331642298918]]]},"properties":{"h3":"888c16b431fffff","incumbentScore":0.002,"method":"modeled_from_supply_density","realData":false}},{"type":"Feature","geometry":{"type":"Polygon","coordinates":[[[107.71689968777655,-6.815616955714181],[107.71743486062105,-6.810892077624621],[107.71350779109682,-6.808324429786047],[107.70904545125424,-6.81048185903395],[107.70851037263668,-6.815206892276151],[107.7124375396256,-6.817774341126175],[107.71689968777655,-6.815616955714181]]]},"properties":{"h3":"888c16b73dfffff","incumbentScore":0,"method":"modeled_from_supply_density","realData":false}},{"type":"Feature","geometry":{"type":"Polygon","coordinates":[[[107.27428711018943,-6.957833965906277],[107.27481699107646,-6.953108982184417],[107.27087560036226,-6.9505395448132505],[107.2664042364623,-6.95269528898149],[107.26587445159244,-6.957420422874776],[107.26981593459634,-6.959989662437119],[107.27428711018943,-6.957833965906277]]]},"properties":{"h3":"888c109b0dfffff","incumbentScore":0,"method":"modeled_from_supply_density","realData":false}},{"type":"Feature","geometry":{"type":"Polygon","coordinates":[[[107.31997868515211,-7.002818297621966],[107.32050901400444,-6.998096214315418],[107.31656983772108,-6.995529428695895],[107.31210023978532,-6.997684924418278],[107.31157000672978,-7.002407158216086],[107.31550927580415,-7.004973745808954],[107.31997868515211,-7.002818297621966]]]},"properties":{"h3":"888c1465edfffff","incumbentScore":0,"method":"modeled_from_supply_density","realData":false}},{"type":"Feature","geometry":{"type":"Polygon","coordinates":[[[107.36475610979817,-6.905263441097433],[107.36528711883506,-6.900537307551277],[107.36134832038387,-6.897967261489343],[107.35687841952038,-6.900123546997584],[107.35634750615144,-6.9048498318121565],[107.36028639796895,-6.907419679858726],[107.36475610979817,-6.905263441097433]]]},"properties":{"h3":"888c146c05fffff","incumbentScore":0,"method":"modeled_from_supply_density","realData":false}},{"type":"Feature","geometry":{"type":"Polygon","coordinates":[[[107.24928263666938,-6.9922328954892405],[107.24981217133107,-6.987509202221346],[107.24587031978756,-6.984940753842128],[107.24139884159328,-6.9870961965221525],[107.24086940303273,-6.991820039593519],[107.2448113465563,-6.99438829019013],[107.24928263666938,-6.9922328954892405]]]},"properties":{"h3":"888c109a67fffff","incumbentScore":0,"method":"modeled_from_supply_density","realData":false}},{"type":"Feature","geometry":{"type":"Polygon","coordinates":[[[107.36042192739713,-7.019034018368264],[107.36095269223344,-7.014313355234584],[107.35701518035782,-7.01174794444959],[107.35254681038893,-7.013903394988677],[107.35201614116879,-7.018624208972765],[107.35595374629233,-7.021189421576031],[107.36042192739713,-7.019034018368264]]]},"properties":{"h3":"888c146547fffff","incumbentScore":0,"method":"modeled_from_supply_density","realData":false}},{"type":"Feature","geometry":{"type":"Polygon","coordinates":[[[107.39591913036713,-6.778415289815308],[107.39645071328965,-6.773683510131484],[107.39251143396238,-6.771108766310806],[107.38804047790121,-6.7732660000891585],[107.38750899059296,-6.777997931773974],[107.39144836372253,-6.7805724776880405],[107.39591913036713,-6.778415289815308]]]},"properties":{"h3":"888c10d057fffff","incumbentScore":0,"method":"modeled_from_supply_density","realData":false}},{"type":"Feature","geometry":{"type":"Polygon","coordinates":[[[107.49741876952547,-6.890393437094283],[107.49795132062715,-6.885668666255803],[107.49401714678724,-6.883100303178275],[107.48955032693335,-6.88525690936313],[107.48901787094711,-6.88998183287305],[107.49295213969025,-6.892549997535226],[107.49741876952547,-6.890393437094283]]]},"properties":{"h3":"888c146853fffff","incumbentScore":0.002,"method":"modeled_from_supply_density","realData":false}},{"type":"Feature","geometry":{"type":"Polygon","coordinates":[[[107.47818559177128,-6.761083423862561],[107.47871814507786,-6.7563521053884985],[107.47478163273539,-6.753778061798783],[107.47031247231627,-6.755935534832179],[107.46978001428593,-6.76066700620631],[107.47371662138937,-6.763240851655518],[107.47818559177128,-6.761083423862561]]]},"properties":{"h3":"888c10d363fffff","incumbentScore":0,"method":"modeled_from_supply_density","realData":false}},{"type":"Feature","geometry":{"type":"Polygon","coordinates":[[[107.42562593258373,-6.965247861875185],[107.42615753566945,-6.960525595701337],[107.42222170115737,-6.957959088544226],[107.41775416951877,-6.960115045875638],[107.41722266180673,-6.96483746374195],[107.42115859035053,-6.967403772593005],[107.42562593258373,-6.965247861875185]]]},"properties":{"h3":"888c146195fffff","incumbentScore":0,"method":"modeled_from_supply_density","realData":false}},{"type":"Feature","geometry":{"type":"Polygon","coordinates":[[[107.39679120773249,-6.921091398049839],[107.39732255658318,-6.9163665335462685],[107.39338511741019,-6.9137976965315096],[107.38891623565114,-6.9159539221724184],[107.3883849823232,-6.9206789382198055],[107.39232251522249,-6.923247577091099],[107.39679120773249,-6.921091398049839]]]},"properties":{"h3":"888c146f11fffff","incumbentScore":0,"method":"modeled_from_supply_density","realData":false}},{"type":"Feature","geometry":{"type":"Polygon","coordinates":[[[107.2613406459544,-7.035558613807348],[107.26187024539574,-7.03083722258569],[107.25792937643621,-7.028270774989648],[107.25345881593249,-7.030425916513068],[107.25292931251477,-7.035147457519909],[107.25687027356814,-7.037713707226895],[107.2613406459544,-7.035558613807348]]]},"properties":{"h3":"888c1464a1fffff","incumbentScore":0,"method":"modeled_from_supply_density","realData":false}},{"type":"Feature","geometry":{"type":"Polygon","coordinates":[[[107.36409090944089,-6.798246467560872],[107.36462209376694,-6.793515145514615],[107.36068191446405,-6.79094067198161],[107.35621045740315,-6.793097718341184],[107.3556793688138,-6.79782919199772],[107.35961964153962,-6.800403467693016],[107.36409090944089,-6.798246467560872]]]},"properties":{"h3":"888c10d2bdfffff","incumbentScore":0,"method":"modeled_from_supply_density","realData":false}},{"type":"Feature","geometry":{"type":"Polygon","coordinates":[[[107.40041454794061,-6.964016143432141],[107.40094586479795,-6.959293422433786],[107.39700910112974,-6.956726426005994],[107.39254092685306,-6.958882348808672],[107.39200970547678,-6.963605221246555],[107.39594656288708,-6.9661720194508705],[107.40041454794061,-6.964016143432141]]]},"properties":{"h3":"888c146e6bfffff","incumbentScore":0,"method":"modeled_from_supply_density","realData":false}},{"type":"Feature","geometry":{"type":"Polygon","coordinates":[[[107.71011565109089,-6.801031135408257],[107.71065077231091,-6.796305445125349],[107.70672326775633,-6.79373707277255],[107.70226054457633,-6.795894589654037],[107.7017255176211,-6.800620435069521],[107.70565311957198,-6.803188608479324],[107.71011565109089,-6.801031135408257]]]},"properties":{"h3":"888c16b54bfffff","incumbentScore":0,"method":"modeled_from_supply_density","realData":false}},{"type":"Feature","geometry":{"type":"Polygon","coordinates":[[[107.46561851316467,-6.910213205381031],[107.46615066742385,-6.905488893646819],[107.46221558738752,-6.902920799860623],[107.4577482585575,-6.905077216163164],[107.45721619953645,-6.909801680179213],[107.46115137409822,-6.912369575619461],[107.46561851316467,-6.910213205381031]]]},"properties":{"h3":"888c146ab9fffff","incumbentScore":0.156,"method":"modeled_from_supply_density","realData":false}},{"type":"Feature","geometry":{"type":"Polygon","coordinates":[[[107.48484941810014,-7.039313914772728],[107.48538157039685,-7.034596190445114],[107.48144882652214,-7.0320337939912045],[107.47698383567376,-7.0341893204842485],[107.47645177845449,-7.03890719686061],[107.48038461699706,-7.041469394703771],[107.48484941810014,-7.039313914772728]]]},"properties":{"h3":"888c146049fffff","incumbentScore":0,"method":"modeled_from_supply_density","realData":false}},{"type":"Feature","geometry":{"type":"Polygon","coordinates":[[[107.35612484518838,-6.869189872899664],[107.3566558169513,-6.864461855782632],[107.35271624928953,-6.8618901706528534],[107.34824561656735,-6.864046700577907],[107.34771474053103,-6.86877486899287],[107.35165440148118,-6.871346356193489],[107.35612484518838,-6.869189872899664]]]},"properties":{"h3":"888c146dc5fffff","incumbentScore":0,"method":"modeled_from_supply_density","realData":false}},{"type":"Feature","geometry":{"type":"Polygon","coordinates":[[[107.36904826777489,-7.0550445916254745],[107.36957906981925,-7.050325822766878],[107.36564232644987,-7.047762056709825],[107.36117468770131,-7.049917257785115],[107.36064398121447,-7.054636177462981],[107.36458081790961,-7.057199745254982],[107.36904826777489,-7.0550445916254745]]]},"properties":{"h3":"888c146707fffff","incumbentScore":0,"method":"modeled_from_supply_density","realData":false}},{"type":"Feature","geometry":{"type":"Polygon","coordinates":[[[107.40454586222292,-6.814520637247094],[107.40507748216373,-6.809790734292783],[107.40113897284441,-6.80721762750683],[107.39666874969514,-6.809374621678207],[107.39613722530984,-6.814104676604389],[107.40007582850919,-6.816677585395909],[107.40454586222292,-6.814520637247094]]]},"properties":{"h3":"888c10d217fffff","incumbentScore":0,"method":"modeled_from_supply_density","realData":false}},{"type":"Feature","geometry":{"type":"Polygon","coordinates":[[[107.50602437739778,-6.926437549465902],[107.50655696478431,-6.921714662708104],[107.5026235612727,-6.919147944237736],[107.49815747538533,-6.9213043110345],[107.49762498305564,-6.92602735043202],[107.50155848154738,-6.928593870401622],[107.50602437739778,-6.926437549465902]]]},"properties":{"h3":"888c146a13fffff","incumbentScore":0,"method":"modeled_from_supply_density","realData":false}},{"type":"Feature","geometry":{"type":"Polygon","coordinates":[[[107.61779479026951,-6.796504004843773],[107.6183288725942,-6.791776612718977],[107.61439791200364,-6.789206447324463],[107.60993277273661,-6.791363872706873],[107.60939878507314,-6.79609141904037],[107.61332984200635,-6.798661385791197],[107.61779479026951,-6.796504004843773]]]},"properties":{"h3":"888c16b4a5fffff","incumbentScore":0.001,"method":"modeled_from_supply_density","realData":false}},{"type":"Feature","geometry":{"type":"Polygon","coordinates":[[[107.5152047163736,-6.770050720525704],[107.51573767669436,-6.765320419903231],[107.51180262685517,-6.7627473846471045],[107.50733452150479,-6.764904848295558],[107.50680165629771,-6.769635302167336],[107.51073680131822,-6.772208139149864],[107.5152047163736,-6.770050720525704]]]},"properties":{"h3":"888c16a683fffff","incumbentScore":0,"method":"modeled_from_supply_density","realData":false}},{"type":"Feature","geometry":{"type":"Polygon","coordinates":[[[107.57760730324888,-6.815919688523523],[107.57814089545444,-6.811192590329488],[107.57420870720229,-6.808622532433273],[107.56974283086569,-6.810779771288037],[107.56920933348056,-6.815507023217054],[107.5731416176025,-6.818076882564793],[107.57760730324888,-6.815919688523523]]]},"properties":{"h3":"888c14696dfffff","incumbentScore":0.001,"method":"modeled_from_supply_density","realData":false}},{"type":"Feature","geometry":{"type":"Polygon","coordinates":[[[107.35727267710436,-6.7836341112382055],[107.35780380821716,-6.778901977892647],[107.35386319736008,-6.776326785525877],[107.34939136202811,-6.778483924304704],[107.34886032668983,-6.78321620923799],[107.35280103089988,-6.78579120381335],[107.35727267710436,-6.7836341112382055]]]},"properties":{"h3":"888c10d0cbfffff","incumbentScore":0,"method":"modeled_from_supply_density","realData":false}},{"type":"Feature","geometry":{"type":"Polygon","coordinates":[[[107.26951881898954,-7.000348828711357],[107.27004857252561,-6.995625843725164],[107.26610755016057,-6.993058081092426],[107.26163668204109,-6.995213501315148],[107.26110702451597,-6.999936636285259],[107.26504813909034,-7.002504201057456],[107.26951881898954,-7.000348828711357]]]},"properties":{"h3":"888c1465bbfffff","incumbentScore":0,"method":"modeled_from_supply_density","realData":false}},{"type":"Feature","geometry":{"type":"Polygon","coordinates":[[[107.46540856741653,-6.8745691759755605],[107.4659407803665,-6.869843133431468],[107.46200524096453,-6.86727355964462],[107.45753739405876,-6.869430226698039],[107.45700527636964,-6.874156421639354],[107.46094091031635,-6.8767257971385956],[107.46540856741653,-6.8745691759755605]]]},"properties":{"h3":"888c1468c7fffff","incumbentScore":0.001,"method":"modeled_from_supply_density","realData":false}},{"type":"Feature","geometry":{"type":"Polygon","coordinates":[[[107.22062785806757,-6.98370072327246],[107.22115707743649,-6.978976172585242],[107.2172140909024,-6.976406876586538],[107.212741793337,-6.978562328960578],[107.21221267019509,-6.9832870291857425],[107.21615574838252,-6.985856127507685],[107.22062785806757,-6.98370072327246]]]},"properties":{"h3":"888c109a35fffff","incumbentScore":0,"method":"modeled_from_supply_density","realData":false}},{"type":"Feature","geometry":{"type":"Polygon","coordinates":[[[107.4175243144076,-6.7366583120531685],[107.41805621609232,-6.731924862184644],[107.4141171905604,-6.7293487693507],[107.40964616925793,-6.731506324299205],[107.40911436312167,-6.736239926525844],[107.41305348273033,-6.738815821454441],[107.4175243144076,-6.7366583120531685]]]},"properties":{"h3":"888c10d025fffff","incumbentScore":0,"method":"modeled_from_supply_density","realData":false}},{"type":"Feature","geometry":{"type":"Polygon","coordinates":[[[107.33179504467559,-7.010517047217488],[107.33232549592704,-7.005795523085428],[107.32838684313307,-7.003229261539669],[107.3239176461558,-7.005384722211287],[107.32338729064652,-7.0101063969298885],[107.32732603636329,-7.012672460399018],[107.33179504467559,-7.010517047217488]]]},"properties":{"h3":"888c146515fffff","incumbentScore":0,"method":"modeled_from_supply_density","realData":false}},{"type":"Feature","geometry":{"type":"Polygon","coordinates":[[[107.51462745698414,-6.962465411711299],[107.51516008058722,-6.957744411556548],[107.51122744729842,-6.955179339303171],[107.5067620953406,-6.95733546579856],[107.50622956673583,-6.962056618560803],[107.51016229508149,-6.964621492228715],[107.51462745698414,-6.962465411711299]]]},"properties":{"h3":"888c146163fffff","incumbentScore":0,"method":"modeled_from_supply_density","realData":false}},{"type":"Feature","geometry":{"type":"Polygon","coordinates":[[[107.51901416550444,-6.848688007242934],[107.5195470343526,-6.843961559912347],[107.5156131194554,-6.841391843500072],[107.51114624052398,-6.843548772843096],[107.51061346672518,-6.848275373203058],[107.51454747679932,-6.850844891199139],[107.51901416550444,-6.848688007242934]]]},"properties":{"h3":"888c146821fffff","incumbentScore":0.378,"method":"modeled_from_supply_density","realData":false}},{"type":"Feature","geometry":{"type":"Polygon","coordinates":[[[107.4495621010803,-6.752527351860258],[107.45009434204074,-6.747795169714782],[107.44615668042398,-6.745220280776133],[107.4416866834012,-6.747377772026162],[107.4411545378437,-6.752110106806554],[107.44509229389695,-6.754684797710546],[107.4495621010803,-6.752527351860258]]]},"properties":{"h3":"888c10d331fffff","incumbentScore":0,"method":"modeled_from_supply_density","realData":false}},{"type":"Feature","geometry":{"type":"Polygon","coordinates":[[[107.58620070729778,-6.8519828704759895],[107.58673433524712,-6.847257650412433],[107.58280291837289,-6.844689237065739],[107.57833777759406,-6.8468462424261505],[107.57780424440654,-6.851571616192621],[107.58173575722688,-6.854139830904237],[107.58620070729778,-6.8519828704759895]]]},"properties":{"h3":"888c146b2dfffff","incumbentScore":0,"method":"modeled_from_supply_density","realData":false}},{"type":"Feature","geometry":{"type":"Polygon","coordinates":[[[107.47797700728569,-6.725384433387826],[107.47850961937377,-6.720651395602814],[107.47457264732414,-6.718075876112222],[107.47010296839703,-6.72023359249456],[107.46957045160802,-6.724966783294016],[107.47350751843794,-6.727542104705211],[107.47797700728569,-6.725384433387826]]]},"properties":{"h3":"888c16a491fffff","incumbentScore":0,"method":"modeled_from_supply_density","realData":false}},{"type":"Feature","geometry":{"type":"Polygon","coordinates":[[[107.36590611431973,-6.819742926054347],[107.366437282719,-6.815012670088712],[107.36249744150616,-6.81243911363974],[107.35802633845401,-6.814596011044291],[107.3574952657705,-6.819326418569011],[107.36143520041432,-6.821899777138723],[107.36590611431973,-6.819742926054347]]]},"properties":{"h3":"888c10d28bfffff","incumbentScore":0,"method":"modeled_from_supply_density","realData":false}},{"type":"Feature","geometry":{"type":"Polygon","coordinates":[[[107.40063198986012,-6.999634312757711],[107.40116324823785,-6.994913330411556],[107.3972269441843,-6.99234781473331],[107.39275928802086,-6.994503479690071],[107.39222812510135,-6.999224613360393],[107.39616452287801,-7.001789930758424],[107.40063198986012,-6.999634312757711]]]},"properties":{"h3":"888c1460bdfffff","incumbentScore":0,"method":"modeled_from_supply_density","realData":false}},{"type":"Feature","geometry":{"type":"Polygon","coordinates":[[[107.37179178978074,-6.955492192389],[107.37232279353843,-6.950768609351337],[107.36838488635208,-6.948200763003862],[107.36391588198168,-6.950356697821003],[107.36338497383127,-6.955080432034248],[107.36732297443488,-6.957648080263427],[107.37179178978074,-6.955492192389]]]},"properties":{"h3":"888c146e39fffff","incumbentScore":0,"method":"modeled_from_supply_density","realData":false}},{"type":"Feature","geometry":{"type":"Polygon","coordinates":[[[107.68155003454306,-6.792503502966137],[107.68208484697828,-6.787776941624173],[107.67815618084643,-6.785207717860484],[107.67369260519513,-6.787365254285847],[107.67315788715177,-6.7920919704985705],[107.6770866503587,-6.794660995423583],[107.68155003454306,-6.792503502966137]]]},"properties":{"h3":"888c16b519fffff","incumbentScore":0,"method":"modeled_from_supply_density","realData":false}},{"type":"Feature","geometry":{"type":"Polygon","coordinates":[[[107.47402030059364,-6.9106245569368765],[107.47455255005507,-6.905900397568778],[107.47061778078563,-6.903332466732756],[107.46615066742385,-6.905488893646819],[107.46561851316467,-6.910213205381031],[107.46955337705595,-6.912780937843635],[107.47402030059364,-6.9106245569368765]]]},"properties":{"h3":"888c146a87fffff","incumbentScore":0.001,"method":"modeled_from_supply_density","realData":false}},{"type":"Feature","geometry":{"type":"Polygon","coordinates":[[[107.40889772407003,-6.700522742191913],[107.4094295888084,-6.695787421347787],[107.4054897927697,-6.69320969396135],[107.40101803798447,-6.695367485243659],[107.4004862688533,-6.700102958474383],[107.4044261588911,-6.702680488044769],[107.40889772407003,-6.700522742191913]]]},"properties":{"h3":"888c10d1e5fffff","incumbentScore":0,"method":"modeled_from_supply_density","realData":false}},{"type":"Feature","geometry":{"type":"Polygon","coordinates":[[[107.4410483349151,-7.015839522294173],[107.44158002756213,-7.0111199634591905],[107.43764539411795,-7.00855582510722],[107.43317897383915,-7.01071144403352],[107.43264737646943,-7.015431154550358],[107.43658210409217,-7.017995094467657],[107.4410483349151,-7.015839522294173]]]},"properties":{"h3":"888c146017fffff","incumbentScore":0,"method":"modeled_from_supply_density","realData":false}},{"type":"Feature","geometry":{"type":"Polygon","coordinates":[[[107.21380008205557,-6.969112261728463],[107.2143292476332,-6.964386894821114],[107.21038583152571,-6.961816878891213],[107.20591315824872,-6.963972427509105],[107.20538408893586,-6.968697943931828],[107.2093275966262,-6.971267762230053],[107.21380008205557,-6.969112261728463]]]},"properties":{"h3":"888c109843fffff","incumbentScore":0,"method":"modeled_from_supply_density","realData":false}},{"type":"Feature","geometry":{"type":"Polygon","coordinates":[[[107.51040871194095,-6.812613554610509],[107.51094154457655,-6.807885228896312],[107.50700685885431,-6.805313870310752],[107.5025392453872,-6.8074710357772386],[107.50200650785955,-6.812199514551902],[107.50594128868194,-6.81477067480814],[107.51040871194095,-6.812613554610509]]]},"properties":{"h3":"888c1469e1fffff","incumbentScore":0.001,"method":"modeled_from_supply_density","realData":false}},{"type":"Feature","geometry":{"type":"Polygon","coordinates":[[[107.33111856366656,-6.903607961738911],[107.33164918981707,-6.89888122362695],[107.32770915633226,-6.896310528094421],[107.3232384037089,-6.8984667685872605],[107.3227078733694,-6.903193657628988],[107.32664799983317,-6.905764155256773],[107.33111856366656,-6.903607961738911]]]},"properties":{"h3":"888c146cedfffff","incumbentScore":0,"method":"modeled_from_supply_density","realData":false}},{"type":"Feature","geometry":{"type":"Polygon","coordinates":[[[107.57580944803016,-6.794439361465798],[107.57634305668883,-6.7897111991392585],[107.57241053064661,-6.7871402203220494],[107.56794430007416,-6.789297602346934],[107.56741078625666,-6.794025918461164],[107.57134340816131,-6.796596698771282],[107.57580944803016,-6.794439361465798]]]},"properties":{"h3":"888c16a651fffff","incumbentScore":0.001,"method":"modeled_from_supply_density","realData":false}},{"type":"Feature","geometry":{"type":"Polygon","coordinates":[[[107.52721153519262,-6.813441119157171],[107.52774455793639,-6.808713099817119],[107.52381049575605,-6.8061420661629795],[107.51934331553014,-6.80829925024162],[107.51881038782247,-6.813027422810935],[107.52274454529554,-6.81559825808087],[107.52721153519262,-6.813441119157171]]]},"properties":{"h3":"888c14693bfffff","incumbentScore":0.001,"method":"modeled_from_supply_density","realData":false}},{"type":"Feature","geometry":{"type":"Polygon","coordinates":[[[107.32862336538005,-6.775071625962247],[107.32915418238524,-6.770338632648243],[107.3252124290531,-6.767762596797801],[107.32073976567968,-6.7699197519550385],[107.32020904457534,-6.774652896590339],[107.32415089093449,-6.777228734755752],[107.32862336538005,-6.775071625962247]]]},"properties":{"h3":"888c10d099fffff","incumbentScore":0,"method":"modeled_from_supply_density","realData":false}},{"type":"Feature","geometry":{"type":"Polygon","coordinates":[[[107.29316105064909,-7.015750622696931],[107.29369104955603,-7.011028755122674],[107.28975107222244,-7.008462039608905],[107.2852810034994,-7.010617389638779],[107.28475110049433,-7.015339407388072],[107.28869117030139,-7.017905924941176],[107.29316105064909,-7.015750622696931]]]},"properties":{"h3":"888c146589fffff","incumbentScore":0,"method":"modeled_from_supply_density","realData":false}},{"type":"Feature","geometry":{"type":"Polygon","coordinates":[[[107.37157096198007,-6.919853496742664],[107.37210202415504,-6.915128177861112],[107.36816365699633,-6.912558852912825],[107.3636941342174,-6.9147150449154235],[107.36316316767258,-6.919440515087263],[107.36710162826746,-6.922009641974859],[107.37157096198007,-6.919853496742664]]]},"properties":{"h3":"888c146c47fffff","incumbentScore":0,"method":"modeled_from_supply_density","realData":false}},{"type":"Feature","geometry":{"type":"Polygon","coordinates":[[[107.43243366855584,-6.979823099416695],[107.43296532448666,-6.97510164962338],[107.42902992171594,-6.972535865563076],[107.42456276890404,-6.9746917296554996],[107.42403120830915,-6.97941333116242],[107.42796670518115,-6.981978916871926],[107.43243366855584,-6.979823099416695]]]},"properties":{"h3":"888c1461d7fffff","incumbentScore":0,"method":"modeled_from_supply_density","realData":false}},{"type":"Feature","geometry":{"type":"Polygon","coordinates":[[[107.43679257257013,-6.866033832796618],[107.43732447321104,-6.8613069265277735],[107.43338778607217,-6.858736504189297],[107.42891910406287,-6.86089318631057],[107.4283872988093,-6.865620244712545],[107.43232408016863,-6.868190468868699],[107.43679257257013,-6.866033832796618]]]},"properties":{"h3":"888c146895fffff","incumbentScore":0,"method":"modeled_from_supply_density","realData":false}},{"type":"Feature","geometry":{"type":"Polygon","coordinates":[[[107.40360266153286,-6.935676495652186],[107.40413406337281,-6.930952446286878],[107.4001970557728,-6.928384331154153],[107.39572855252777,-6.930540463583989],[107.39519724617283,-6.935264664514678],[107.39913434756879,-6.937832581458786],[107.40360266153286,-6.935676495652186]]]},"properties":{"h3":"888c146f53fffff","incumbentScore":0,"method":"modeled_from_supply_density","realData":false}},{"type":"Feature","geometry":{"type":"Polygon","coordinates":[[[107.26816245984023,-7.050131981648292],[107.26869211283744,-7.04541140852176],[107.26475167375521,-7.042845682757329],[107.26028148950267,-7.045000728061713],[107.25975193249133,-7.049721450995336],[107.26369246373764,-7.052286978826227],[107.26816245984023,-7.050131981648292]]]},"properties":{"h3":"888c1464e3fffff","incumbentScore":0,"method":"modeled_from_supply_density","realData":false}},{"type":"Feature","geometry":{"type":"Polygon","coordinates":[[[107.22245372966464,-7.005164894444189],[107.22298293348346,-7.0004414192805475],[107.2190402848288,-6.997873041297955],[107.21456834068447,-7.000028336204137],[107.21403923307167,-7.004751960854604],[107.21798197338818,-7.007320141120829],[107.22245372966464,-7.005164894444189]]]},"properties":{"h3":"888c109a03fffff","incumbentScore":0,"method":"modeled_from_supply_density","realData":false}},{"type":"Feature","geometry":{"type":"Polygon","coordinates":[[[107.48603097556692,-6.953951488382687],[107.48656328777383,-6.949229622637072],[107.48262950471171,-6.9466636981401475],[107.47816331470005,-6.948819837878333],[107.47763109761792,-6.9535418559689],[107.48156497541353,-6.956107581984903],[107.48603097556692,-6.953951488382687]]]},"properties":{"h3":"888c146131fffff","incumbentScore":0,"method":"modeled_from_supply_density","realData":false}},{"type":"Feature","geometry":{"type":"Polygon","coordinates":[[[107.33975329968688,-6.939670877008709],[107.34028396327724,-6.934946025120922],[107.33634469861293,-6.932376969086086],[107.33187467729208,-6.934532962938078],[107.33134410945401,-6.939257965726109],[107.33528346717542,-6.941826823770575],[107.33975329968688,-6.939670877008709]]]},"properties":{"h3":"888c146eadfffff","incumbentScore":0,"method":"modeled_from_supply_density","realData":false}},{"type":"Feature","geometry":{"type":"Polygon","coordinates":[[[107.64958158689262,-6.776674147535348],[107.6501160641396,-6.77194631037618],[107.64618602066173,-6.769375874510024],[107.64172140320868,-6.771533474522656],[107.64118702049956,-6.776261466279997],[107.64511716069651,-6.77883170343495],[107.64958158689262,-6.776674147535348]]]},"properties":{"h3":"888c16b58dfffff","incumbentScore":0,"method":"modeled_from_supply_density","realData":false}},{"type":"Feature","geometry":{"type":"Polygon","coordinates":[[[107.30679854597429,-7.0448972562673875],[107.30732865168667,-7.040177024290676],[107.30338953489704,-7.037611753074502],[107.29892021977238,-7.039766911893477],[107.2983902098864,-7.044487294088684],[107.30232941928963,-7.047052367255144],[107.30679854597429,-7.0448972562673875]]]},"properties":{"h3":"888c14643dfffff","incumbentScore":0,"method":"modeled_from_supply_density","realData":false}},{"type":"Feature","geometry":{"type":"Polygon","coordinates":[[[107.39107175976906,-7.08457399666814],[107.39160276335961,-7.07985701667086],[107.38766719090533,-7.07729486242511],[107.38320052128972,-7.07944988656603],[107.38266961314552,-7.084167017508653],[107.38660527916154,-7.086728973373682],[107.39107175976906,-7.08457399666814]]]},"properties":{"h3":"888c146749fffff","incumbentScore":0,"method":"modeled_from_supply_density","realData":false}},{"type":"Feature","geometry":{"type":"Polygon","coordinates":[[[107.40244302375037,-7.021080429660247],[107.40297426613108,-7.016360522042631],[107.3990382996783,-7.013795928009236],[107.3945709971047,-7.015951439921556],[107.39403985016135,-7.0206714988108345],[107.39797591034515,-7.023235894524775],[107.40244302375037,-7.021080429660247]]]},"properties":{"h3":"888c14608bfffff","incumbentScore":0,"method":"modeled_from_supply_density","realData":false}},{"type":"Feature","geometry":{"type":"Polygon","coordinates":[[[107.4265774856279,-6.844139545245281],[107.42710930695903,-6.83941141923296],[107.42317197167789,-6.836839915295318],[107.41870272094046,-6.838996735492399],[107.4181709950534,-6.843725013605238],[107.42210842445061,-6.846296319429061],[107.4265774856279,-6.844139545245281]]]},"properties":{"h3":"888c10d259fffff","incumbentScore":0.156,"method":"modeled_from_supply_density","realData":false}},{"type":"Feature","geometry":{"type":"Polygon","coordinates":[[[107.38019808318907,-6.955903778166315],[107.38072918251825,-6.951180346388674],[107.37679158445447,-6.948612662903916],[107.37232279353843,-6.950768609351337],[107.37179178978074,-6.955492192389],[107.37572948135853,-6.958059677727868],[107.38019808318907,-6.955903778166315]]]},"properties":{"h3":"888c146e07fffff","incumbentScore":0,"method":"modeled_from_supply_density","realData":false}},{"type":"Feature","geometry":{"type":"Polygon","coordinates":[[[107.3149781661581,-6.745830924062217],[107.31550887636762,-6.741096309945964],[107.3115662605496,-6.738518838723325],[107.30709284162633,-6.74067617921742],[107.30656222739331,-6.745410944608987],[107.31050493609803,-6.747988218239804],[107.3149781661581,-6.745830924062217]]]},"properties":{"h3":"888c10d565fffff","incumbentScore":0,"method":"modeled_from_supply_density","realData":false}},{"type":"Feature","geometry":{"type":"Polygon","coordinates":[[[107.62458781754052,-6.811096817463065],[107.62512195190577,-6.806370237307596],[107.62119142544773,-6.8038007949541885],[107.61672666820392,-6.805958131454125],[107.61619262846204,-6.810684865839017],[107.6201232513315,-6.8132541095030055],[107.62458781754052,-6.811096817463065]]]},"properties":{"h3":"888c16b4e7fffff","incumbentScore":0.377,"method":"modeled_from_supply_density","realData":false}},{"type":"Feature","geometry":{"type":"Polygon","coordinates":[[[107.41657590243759,-6.857908526043813],[107.41710758580244,-6.85318090893115],[107.41317006235096,-6.8506098012164465],[107.40870076153307,-6.852766508727403],[107.40816917364616,-6.857494277793245],[107.41210679109014,-6.86006518740355],[107.41657590243759,-6.857908526043813]]]},"properties":{"h3":"888c146d61fffff","incumbentScore":0,"method":"modeled_from_supply_density","realData":false}},{"type":"Feature","geometry":{"type":"Polygon","coordinates":[[[107.54381134967964,-6.778597571844752],[107.54434462132834,-6.773868137017711],[107.5404107242156,-6.771295949027072],[107.53594345994026,-6.773453394250934],[107.5354102832785,-6.778182982591412],[107.53934427589607,-6.780754972203091],[107.54381134967964,-6.778597571844752]]]},"properties":{"h3":"888c16a6c5fffff","incumbentScore":0,"method":"modeled_from_supply_density","realData":false}},{"type":"Feature","geometry":{"type":"Polygon","coordinates":[[[107.44935018048035,-6.716821471198806],[107.4498824801474,-6.7120875698961795],[107.445944358571,-6.709511206157622],[107.44147384286275,-6.711668941703594],[107.4409416386215,-6.716402995755133],[107.4448798546536,-6.718979161520317],[107.44935018048035,-6.716821471198806]]]},"properties":{"h3":"888c10d10dfffff","incumbentScore":0,"method":"modeled_from_supply_density","realData":false}},{"type":"Feature","geometry":{"type":"Polygon","coordinates":[[[107.25246005685685,-6.9638874030030555],[107.25298967640879,-6.959162376932131],[107.2490475790264,-6.956592812539769],[107.24457577004941,-6.958748471975175],[107.24404624660279,-6.963473647974396],[107.2479884360188,-6.966043014618643],[107.25246005685685,-6.9638874030030555]]]},"properties":{"h3":"888c109b1dfffff","incumbentScore":0,"method":"modeled_from_supply_density","realData":false}},{"type":"Feature","geometry":{"type":"Polygon","coordinates":[[[107.5508119653389,-6.828862536863077],[107.55134523041278,-6.824135636610465],[107.5474122256745,-6.821565650284265],[107.54294586029893,-6.823722762703909],[107.54241269015147,-6.828449816375588],[107.54634579044406,-6.8310196042170555],[107.5508119653389,-6.828862536863077]]]},"properties":{"h3":"888c146909fffff","incumbentScore":0.002,"method":"modeled_from_supply_density","realData":false}},{"type":"Feature","geometry":{"type":"Polygon","coordinates":[[[107.63317298340351,-6.8471550444319345],[107.63370715318659,-6.842430341710993],[107.62977739852411,-6.839862545299647],[107.62531337758209,-6.842019650393705],[107.62477930236386,-6.846744507311383],[107.62870915351368,-6.849312104946715],[107.63317298340351,-6.8471550444319345]]]},"properties":{"h3":"888c16b6a7fffff","incumbentScore":0.001,"method":"modeled_from_supply_density","realData":false}},{"type":"Feature","geometry":{"type":"Polygon","coordinates":[[[107.32362014313455,-6.7819614739422525],[107.32415089093449,-6.777228734755752],[107.32020904457534,-6.774652896590339],[107.3157363574421,-6.776809995300598],[107.31520570555988,-6.781542885734768],[107.3191476448841,-6.784118526219669],[107.32362014313455,-6.7819614739422525]]]},"properties":{"h3":"888c10d725fffff","incumbentScore":0,"method":"modeled_from_supply_density","realData":false}},{"type":"Feature","geometry":{"type":"Polygon","coordinates":[[[107.3429374936347,-6.911318444904029],[107.3434682421906,-6.906592265054747],[107.3395287327719,-6.90402209213682],[107.33505838167737,-6.90617829703197],[107.3345277288778,-6.910904627906757],[107.33846733140736,-6.913474602869548],[107.3429374936347,-6.911318444904029]]]},"properties":{"h3":"888c146c15fffff","incumbentScore":0,"method":"modeled_from_supply_density","realData":false}},{"type":"Feature","geometry":{"type":"Polygon","coordinates":[[[107.4243378342192,-6.751275104067594],[107.42486978886315,-6.746542464271705],[107.4209311956266,-6.743967090357314],[107.41646055359048,-6.7461245541992945],[107.41592869445715,-6.750857346375688],[107.4198673818402,-6.753432522338183],[107.4243378342192,-6.751275104067594]]]},"properties":{"h3":"888c10d067fffff","incumbentScore":0,"method":"modeled_from_supply_density","realData":false}},{"type":"Feature","geometry":{"type":"Polygon","coordinates":[[[107.3386107218872,-7.025090308718094],[107.3391412263882,-7.02036960208769],[107.33520300425974,-7.017804063007352],[107.33073418462851,-7.019959428687297],[107.33020377583199,-7.024680285925789],[107.33414209095316,-7.027245626884936],[107.3386107218872,-7.025090308718094]]]},"properties":{"h3":"888c146557fffff","incumbentScore":0,"method":"modeled_from_supply_density","realData":false}},{"type":"Feature","geometry":{"type":"Polygon","coordinates":[[[107.52581552939678,-6.863278031186072],[107.52634845071114,-6.8585523971507705],[107.52241496881757,-6.8559834032024405],[107.51794847035443,-6.858140241759648],[107.51741564405161,-6.862866028845459],[107.52134922119131,-6.865434824332081],[107.52581552939678,-6.863278031186072]]]},"properties":{"h3":"888c146863fffff","incumbentScore":0.531,"method":"modeled_from_supply_density","realData":false}},{"type":"Feature","geometry":{"type":"Polygon","coordinates":[[[107.4540241429995,-6.938143824798436],[107.4545561169974,-6.933420686596942],[107.45062096961075,-6.9308535492251355],[107.44615375384205,-6.933009748417123],[107.44562187511427,-6.937733038690006],[107.44955711687598,-6.940299977708109],[107.4540241429995,-6.938143824798436]]]},"properties":{"h3":"888c1461a5fffff","incumbentScore":0,"method":"modeled_from_supply_density","realData":false}},{"type":"Feature","geometry":{"type":"Polygon","coordinates":[[[107.42519676491254,-6.893977963340428],[107.42572848513286,-6.889252228555806],[107.42179173147498,-6.886682761532566],[107.41732316351771,-6.888839227493232],[107.41679153871665,-6.893565114200783],[107.42072838644451,-6.896134383033361],[107.42519676491254,-6.893977963340428]]]},"properties":{"h3":"888c146f21fffff","incumbentScore":0,"method":"modeled_from_supply_density","realData":false}},{"type":"Feature","geometry":{"type":"Polygon","coordinates":[[[107.23951732909109,-7.041612623385445],[107.24004666719364,-7.036891192025952],[107.23610509250135,-7.034324616475796],[107.23163408785965,-7.036479670122009],[107.23110484586878,-7.041201251023918],[107.2350465123989,-7.043767628745976],[107.23951732909109,-7.041612623385445]]]},"properties":{"h3":"888c1464b1fffff","incumbentScore":0,"method":"modeled_from_supply_density","realData":false}},{"type":"Feature","geometry":{"type":"Polygon","coordinates":[[[107.34340905471805,-6.718681587209099],[107.34394013771342,-6.713946111379536],[107.3399982030448,-6.711368010719866],[107.33552509214005,-6.713525583535431],[107.33499410501783,-6.718261211020047],[107.33893613291816,-6.720839114042663],[107.34340905471805,-6.718681587209099]]]},"properties":{"h3":"888c10c245fffff","incumbentScore":0,"method":"modeled_from_supply_density","realData":false}},{"type":"Feature","geometry":{"type":"Polygon","coordinates":[[[107.484784998766,-6.739999253814181],[107.48531766354604,-6.735267025864341],[107.48138112443233,-6.732692226020225],[107.47691182567974,-6.734849852260401],[107.47637925616093,-6.739582233246729],[107.48031589012436,-6.742156834964913],[107.484784998766,-6.739999253814181]]]},"properties":{"h3":"888c16a4d3fffff","incumbentScore":0,"method":"modeled_from_supply_density","realData":false}},{"type":"Feature","geometry":{"type":"Polygon","coordinates":[[[107.39454273720463,-6.828293520916655],[107.39507421906505,-6.823564126273931],[107.39113552204755,-6.820991415472225],[107.38666524940422,-6.823148297307054],[107.38613386313317,-6.827877843774337],[107.390072653907,-6.830450356590849],[107.39454273720463,-6.828293520916655]]]},"properties":{"h3":"888c10d2cdfffff","incumbentScore":0,"method":"modeled_from_supply_density","realData":false}},{"type":"Feature","geometry":{"type":"Polygon","coordinates":[[[107.6883370121416,-6.8070927694800325],[107.68887187633248,-6.8023670200663116],[107.684943644974,-6.799798520236706],[107.68048045227192,-6.8019559687135525],[107.6799456824351,-6.806681873018339],[107.68387401093713,-6.809250173963601],[107.6883370121416,-6.8070927694800325]]]},"properties":{"h3":"888c16b55bfffff","incumbentScore":0,"method":"modeled_from_supply_density","realData":false}},{"type":"Feature","geometry":{"type":"Polygon","coordinates":[[[107.3086170029206,-7.066340120866205],[107.3091470928741,-7.061620966399121],[107.30520831371649,-7.059056615964763],[107.3007393519745,-7.061211618094751],[107.30020935782647,-7.065930922728272],[107.30414822960593,-7.0684950750741],[107.3086170029206,-7.066340120866205]]]},"properties":{"h3":"888c14640bfffff","incumbentScore":0,"method":"modeled_from_supply_density","realData":false}},{"type":"Feature","geometry":{"type":"Polygon","coordinates":[[[107.49602759110564,-6.940195143092239],[107.4965600409163,-6.935472766510788],[107.49262644750613,-6.932906445037033],[107.48816030941943,-6.935062698644202],[107.48762795469962,-6.939785227717982],[107.49156164296659,-6.942351350700835],[107.49602759110564,-6.940195143092239]]]},"properties":{"h3":"888c146ac9fffff","incumbentScore":0,"method":"modeled_from_supply_density","realData":false}},{"type":"Feature","geometry":{"type":"Polygon","coordinates":[[[107.46305648726798,-7.045373530094943],[107.46358838056331,-7.040655759023348],[107.45965492097496,-7.03809323332538],[107.45518947366853,-7.04024867725824],[107.45465767553922,-7.044966600137069],[107.4585912295413,-7.04752892728442],[107.46305648726798,-7.045373530094943]]]},"properties":{"h3":"888c146059fffff","incumbentScore":0,"method":"modeled_from_supply_density","realData":false}},{"type":"Feature","geometry":{"type":"Polygon","coordinates":[[[107.34724075501956,-7.061101526719404],[107.347771296879,-7.056382714951838],[107.34383384303554,-7.053818820088782],[107.33936575425292,-7.055973935206437],[107.33883530803931,-7.060692897551216],[107.34277285495345,-7.063256594209809],[107.34724075501956,-7.061101526719404]]]},"properties":{"h3":"888c146717fffff","incumbentScore":0,"method":"modeled_from_supply_density","realData":false}},{"type":"Feature","geometry":{"type":"Polygon","coordinates":[[[107.43296027730068,-6.787387510165891],[107.43349226877133,-6.782656744929146],[107.42955444592411,-6.780083007997851],[107.42508453737315,-6.782240234352032],[107.4245526413544,-6.786971151940046],[107.42849055842564,-6.789544690831174],[107.43296027730068,-6.787387510165891]]]},"properties":{"h3":"888c10d227fffff","incumbentScore":0,"method":"modeled_from_supply_density","realData":false}},{"type":"Feature","geometry":{"type":"Polygon","coordinates":[[[107.59600303820149,-6.802563474024502],[107.596536862516,-6.797836025428238],[107.59260517918268,-6.795265733133632],[107.58813957543667,-6.797423088028423],[107.58760584587245,-6.802150690591318],[107.59153762529482,-6.804720784301249],[107.59600303820149,-6.802563474024502]]]},"properties":{"h3":"888c16b4b5fffff","incumbentScore":0.001,"method":"modeled_from_supply_density","realData":false}},{"type":"Feature","geometry":{"type":"Polygon","coordinates":[[[107.3820671369862,-6.713468900713275],[107.38259867224211,-6.708733779797303],[107.37865806857772,-6.70615612569345],[107.37418583596676,-6.70831379026639],[107.37365439642367,-6.713049063251535],[107.37759509376961,-6.715626519603162],[107.3820671369862,-6.713468900713275]]]},"properties":{"h3":"888c10d181fffff","incumbentScore":0,"method":"modeled_from_supply_density","realData":false}},{"type":"Feature","geometry":{"type":"Polygon","coordinates":[[[107.20245044875793,-7.032676820390193],[107.20297937528555,-7.027954382449349],[107.19903636035541,-7.025386795299805],[107.1945643274747,-7.027541843794535],[107.19403549722013,-7.032264430927954],[107.1979786035642,-7.034831820382845],[107.20245044875793,-7.032676820390193]]]},"properties":{"h3":"888c109121fffff","incumbentScore":0,"method":"modeled_from_supply_density","realData":false}},{"type":"Feature","geometry":{"type":"Polygon","coordinates":[[[107.49339701878212,-6.776107468018425],[107.4939297199702,-6.771377113377587],[107.48999395182277,-6.768803952141421],[107.48552538755133,-6.770961343768863],[107.48499278156582,-6.775691851416205],[107.48892864464007,-6.778264814438117],[107.49339701878212,-6.776107468018425]]]},"properties":{"h3":"888c16a693fffff","incumbentScore":0,"method":"modeled_from_supply_density","realData":false}},{"type":"Feature","geometry":{"type":"Polygon","coordinates":[[[107.30429399958199,-6.916544772674034],[107.30482429571431,-6.911818245839415],[107.30088346003895,-6.909247621507876],[107.29641223556094,-6.911403721859033],[107.29588203534483,-6.91613039930669],[107.29982296368146,-6.918700825798843],[107.30429399958199,-6.916544772674034]]]},"properties":{"h3":"888c146c89fffff","incumbentScore":0,"method":"modeled_from_supply_density","realData":false}},{"type":"Feature","geometry":{"type":"Polygon","coordinates":[[[107.33544451108669,-6.789687390495035],[107.33597538143634,-6.784955208205163],[107.33203405939068,-6.7823798905931865],[107.32756177388916,-6.784536953011167],[107.3270309994025,-6.789269286645141],[107.3309724145453,-6.791844406525673],[107.33544451108669,-6.789687390495035]]]},"properties":{"h3":"888c10d0dbfffff","incumbentScore":0,"method":"modeled_from_supply_density","realData":false}},{"type":"Feature","geometry":{"type":"Polygon","coordinates":[[[107.29998028198482,-7.030325479621055],[107.30051033431222,-7.025604429642958],[107.29657078723604,-7.023038436098114],[107.29210109527983,-7.025193690545334],[107.29157113881656,-7.029914890720261],[107.2955107784363,-7.032480686259859],[107.29998028198482,-7.030325479621055]]]},"properties":{"h3":"888c1465cbfffff","incumbentScore":0,"method":"modeled_from_supply_density","realData":false}},{"type":"Feature","geometry":{"type":"Polygon","coordinates":[[[107.4436014181269,-6.880626187316313],[107.44413337159666,-6.875900094722534],[107.44019711658774,-6.873330393903266],[107.43572881380997,-6.8754869839141985],[107.43519695568976,-6.880213228662687],[107.4391333049887,-6.882782731254119],[107.4436014181269,-6.880626187316313]]]},"properties":{"h3":"888c1468d7fffff","incumbentScore":0.001,"method":"modeled_from_supply_density","realData":false}},{"type":"Feature","geometry":{"type":"Polygon","coordinates":[[[107.25110611224184,-7.013692788517264],[107.25163563128274,-7.008970170913443],[107.24769411756263,-7.006402641246052],[107.24322299280412,-7.00855792701333],[107.24269356984342,-7.013280694369252],[107.24663517555199,-7.015848026214557],[107.25110611224184,-7.013692788517264]]]},"properties":{"h3":"888c109a45fffff","incumbentScore":0,"method":"modeled_from_supply_density","realData":false}},{"type":"Feature","geometry":{"type":"Polygon","coordinates":[[[107.3957009849944,-6.742712363124911],[107.39623262646697,-6.7379788613875],[107.39229288683266,-6.735402643564413],[107.3878214118954,-6.737560125333036],[107.38728986605996,-6.7422937791850455],[107.39122969951559,-6.744869799162422],[107.3957009849944,-6.742712363124911]]]},"properties":{"h3":"888c10d035fffff","incumbentScore":0,"method":"modeled_from_supply_density","realData":false}},{"type":"Feature","geometry":{"type":"Polygon","coordinates":[[[107.36019982226875,-6.983418182211305],[107.36073064546726,-6.978695778276284],[107.35679267371833,-6.976128887344323],[107.35232378549506,-6.978284598481329],[107.35179305793558,-6.983007153381814],[107.35573112295128,-6.985573846188494],[107.36019982226875,-6.983418182211305]]]},"properties":{"h3":"888c146525fffff","incumbentScore":0,"method":"modeled_from_supply_density","realData":false}},{"type":"Feature","geometry":{"type":"Polygon","coordinates":[[[107.41127800173496,-7.092665156625402],[107.4118092225572,-7.087948888532445],[107.40787448422194,-7.085387424494044],[107.4034084312659,-7.08754242701489],[107.40287730579963,-7.092258846231578],[107.40681213792438,-7.094820111812338],[107.41127800173496,-7.092665156625402]]]},"properties":{"h3":"888c1475adfffff","incumbentScore":0,"method":"modeled_from_supply_density","realData":false}},{"type":"Feature","geometry":{"type":"Polygon","coordinates":[[[107.4972125083443,-6.854745930671219],[107.49774511823095,-6.850019431070095],[107.49381048521937,-6.847449587652816],[107.48934314738945,-6.849606442201875],[107.48881063264099,-6.854333094590028],[107.4927453605752,-6.856902739650624],[107.4972125083443,-6.854745930671219]]]},"properties":{"h3":"888c146831fffff","incumbentScore":0.377,"method":"modeled_from_supply_density","realData":false}},{"type":"Feature","geometry":{"type":"Polygon","coordinates":[[[107.47999165421359,-6.7825794437035345],[107.48052419130575,-6.7778491886917],[107.47658801697146,-6.775276063576154],[107.47211921076735,-6.77743339166333],[107.47158676893066,-6.782163799523408],[107.47552303803354,-6.784736726456601],[107.47999165421359,-6.7825794437035345]]]},"properties":{"h3":"888c10d341fffff","incumbentScore":0,"method":"modeled_from_supply_density","realData":false}},{"type":"Feature","geometry":{"type":"Polygon","coordinates":[[[107.34408164643102,-6.825796873586534],[107.34461255421783,-6.821066569268131],[107.34067200159461,-6.818492887058376],[107.3362004480002,-6.820649706994907],[107.33566963601763,-6.825380162629031],[107.33961028181615,-6.827953647019545],[107.34408164643102,-6.825796873586534]]]},"properties":{"h3":"888c10d29bfffff","incumbentScore":0,"method":"modeled_from_supply_density","realData":false}},{"type":"Feature","geometry":{"type":"Polygon","coordinates":[[[107.43105266931886,-7.029588953925998],[107.43158422420979,-7.024869909546187],[107.42764940247014,-7.022306168058299],[107.42318293177532,-7.02446166938296],[107.42265147219553,-7.029180865297308],[107.4265863879904,-7.031744408361094],[107.43105266931886,-7.029588953925998]]]},"properties":{"h3":"888c1460cdfffff","incumbentScore":0,"method":"modeled_from_supply_density","realData":false}},{"type":"Feature","geometry":{"type":"Polygon","coordinates":[[[107.40222580747182,-6.985470700123827],[107.40275710832903,-6.980749052281646],[107.39882068233938,-6.978182976814641],[107.39435286173345,-6.980338747461552],[107.39382165633644,-6.985060546690949],[107.3977581760761,-6.987626423894849],[107.40222580747182,-6.985470700123827]]]},"properties":{"h3":"888c146e49fffff","incumbentScore":0,"method":"modeled_from_supply_density","realData":false}},{"type":"Feature","geometry":{"type":"Polygon","coordinates":[[[107.45221685498349,-6.916682248529476],[107.45274884511514,-6.911958039704967],[107.44881336002099,-6.9093899813270525],[107.44434579041878,-6.911546330095804],[107.44381389557807,-6.916270691044157],[107.44774947503954,-6.918838551108502],[107.45221685498349,-6.916682248529476]]]},"properties":{"h3":"888c146a97fffff","incumbentScore":0,"method":"modeled_from_supply_density","realData":false}},{"type":"Feature","geometry":{"type":"Polygon","coordinates":[[[107.33407728508398,-6.83957020728476],[107.33460805456,-6.834840412824248],[107.33066731564806,-6.832267126248269],[107.32619571419959,-6.8344238319512804],[107.32566504056159,-6.839153777580233],[107.32960587252501,-6.841726866346395],[107.33407728508398,-6.83957020728476]]]},"properties":{"h3":"888c146da3fffff","incumbentScore":0,"method":"modeled_from_supply_density","realData":false}},{"type":"Feature","geometry":{"type":"Polygon","coordinates":[[[107.46944014149479,-6.988745625615389],[107.46997220474476,-6.984025191902358],[107.46603825916642,-6.981460423250334],[107.46157215580747,-6.983616286802863],[107.46104018773121,-6.988336872576517],[107.46497422783112,-6.990901442745603],[107.46944014149479,-6.988745625615389]]]},"properties":{"h3":"888c146027fffff","incumbentScore":0,"method":"modeled_from_supply_density","realData":false}},{"type":"Feature","geometry":{"type":"Polygon","coordinates":[[[107.59779918819068,-6.824040258782723],[107.5983329960029,-6.819313874510701],[107.5944016504111,-6.816744503664441],[107.58993640090159,-6.818901715724613],[107.58940268781892,-6.823628253910374],[107.59333412950708,-6.826197426130687],[107.59779918819068,-6.824040258782723]]]},"properties":{"h3":"888c16b483fffff","incumbentScore":0.156,"method":"modeled_from_supply_density","realData":false}},{"type":"Feature","geometry":{"type":"Polygon","coordinates":[[[107.60420581865786,-6.767309172242101],[107.60473979679522,-6.762580157411075],[107.60080796801923,-6.760008547016991],[107.5963420648918,-6.7621661500141785],[107.59580818149132,-6.766895319012094],[107.59974010647227,-6.769466730854368],[107.60420581865786,-6.767309172242101]]]},"properties":{"h3":"888c16a661fffff","incumbentScore":0.001,"method":"modeled_from_supply_density","realData":false}},{"type":"Feature","geometry":{"type":"Polygon","coordinates":[[[107.33044161338081,-6.796576334503481],[107.3309724145453,-6.791844406525673],[107.3270309994025,-6.789269286645141],[107.32255869005097,-6.791426292477941],[107.3220279847664,-6.796158371726227],[107.32596949294438,-6.79873329387989],[107.33044161338081,-6.796576334503481]]]},"properties":{"h3":"888c10d767fffff","incumbentScore":0,"method":"modeled_from_supply_density","realData":false}},{"type":"Feature","geometry":{"type":"Polygon","coordinates":[[[107.27134058998621,-7.021805202009975],[107.27187032785181,-7.017083292878799],[107.26792964326573,-7.01451644948839],[107.26345912858733,-7.016671713137788],[107.26292948671171,-7.021393772201296],[107.26687026351546,-7.023960417691822],[107.27134058998621,-7.021805202009975]]]},"properties":{"h3":"888c146599fffff","incumbentScore":0,"method":"modeled_from_supply_density","realData":false}},{"type":"Feature","geometry":{"type":"Polygon","coordinates":[[[107.3570500369641,-6.7479282575455155],[107.357581226519,-6.7431944010829525],[107.35364015506624,-6.740617735697247],[107.34916780067763,-6.742775124513303],[107.34863670692016,-6.747509132676789],[107.35257787174477,-6.750085600331913],[107.3570500369641,-6.7479282575455155]]]},"properties":{"h3":"888c10d0a9fffff","incumbentScore":0,"method":"modeled_from_supply_density","realData":false}},{"type":"Feature","geometry":{"type":"Polygon","coordinates":[[[107.34975428892781,-6.925908846998893],[107.3502850907174,-6.921183481953057],[107.34634601235277,-6.9186140299223595],[107.34187603900872,-6.920770140946605],[107.3413453329377,-6.925495657039938],[107.34528450448312,-6.92806491107019],[107.34975428892781,-6.925908846998893]]]},"properties":{"h3":"888c146c57fffff","incumbentScore":0,"method":"modeled_from_supply_density","realData":false}},{"type":"Feature","geometry":{"type":"Polygon","coordinates":[[[107.46082976253128,-6.952722067952578],[107.46136178925633,-6.947999745424524],[107.45742707397238,-6.945433331104721],[107.45296023750983,-6.947589437720184],[107.45242830601713,-6.952311912340724],[107.45636311574555,-6.954878128261909],[107.46082976253128,-6.952722067952578]]]},"properties":{"h3":"888c1461e7fffff","incumbentScore":0,"method":"modeled_from_supply_density","realData":false}},{"type":"Feature","geometry":{"type":"Polygon","coordinates":[[[107.4651985731478,-6.838911559317964],[107.46573084480148,-6.834183788646351],[107.4617948459267,-6.831612735925949],[107.45732648082513,-6.83376965211434],[107.45679430445507,-6.8384975752982875],[107.46073039789388,-6.841068429790081],[107.4651985731478,-6.838911559317964]]]},"properties":{"h3":"888c1468a5fffff","incumbentScore":0.001,"method":"modeled_from_supply_density","realData":false}},{"type":"Feature","geometry":{"type":"Polygon","coordinates":[[[107.43200610457689,-6.908566062654328],[107.43253787766851,-6.903841142298732],[107.42860155594589,-6.90127239711186],[107.42413336698301,-6.903428770525151],[107.42360168927289,-6.908153842825202],[107.42753810513506,-6.910722389776101],[107.43200610457689,-6.908566062654328]]]},"properties":{"h3":"888c146f63fffff","incumbentScore":0,"method":"modeled_from_supply_density","realData":false}},{"type":"Feature","geometry":{"type":"Polygon","coordinates":[[[107.20062310158804,-7.011217586837116],[107.20115204361305,-7.0064940719912725],[107.19720869083746,-7.003925566667615],[107.19273630462247,-7.006080773853961],[107.19220745889152,-7.010804437943496],[107.19615090307246,-7.0133727456117825],[107.20062310158804,-7.011217586837116]]]},"properties":{"h3":"888c109a13fffff","incumbentScore":0,"method":"modeled_from_supply_density","realData":false}},{"type":"Feature","geometry":{"type":"Polygon","coordinates":[[[107.39751392167258,-6.764219291935985],[107.39804554713396,-6.759486853525299],[107.39410614566623,-6.756911552286625],[107.3896350248988,-6.7590688873550695],[107.38910349505367,-6.763801477829205],[107.39304299035066,-6.766376581180031],[107.39751392167258,-6.764219291935985]]]},"properties":{"h3":"888c10d003fffff","incumbentScore":0,"method":"modeled_from_supply_density","realData":false}},{"type":"Feature","geometry":{"type":"Polygon","coordinates":[[[107.31793373750797,-6.945725699944758],[107.31846414041436,-6.941000803314545],[107.3145241660602,-6.938431620122172],[107.31005369598907,-6.940587531498637],[107.30952338892334,-6.945312578786237],[107.313463456079,-6.947881564048665],[107.31793373750797,-6.945725699944758]]]},"properties":{"h3":"888c146ebdfffff","incumbentScore":0,"method":"modeled_from_supply_density","realData":false}},{"type":"Feature","geometry":{"type":"Polygon","coordinates":[[[107.62779283665749,-6.782734048399472],[107.62832705619626,-6.778006153344158],[107.62439628847567,-6.7754355906492165],[107.6199312047414,-6.7775931216704],[107.61939707982967,-6.782321171081912],[107.62332794401604,-6.784891535124471],[107.62779283665749,-6.782734048399472]]]},"properties":{"h3":"888c16b59dfffff","incumbentScore":0.001,"method":"modeled_from_supply_density","realData":false}},{"type":"Feature","geometry":{"type":"Polygon","coordinates":[[[107.33724405428548,-7.07484844796543],[107.33777445805607,-7.070130153980156],[107.33383681813302,-7.067566655520532],[107.3293686814832,-7.069721649248335],[107.32883837339213,-7.074440093663593],[107.33277610626232,-7.077003393929759],[107.33724405428548,-7.07484844796543]]]},"properties":{"h3":"888c14644dfffff","incumbentScore":0,"method":"modeled_from_supply_density","realData":false}},{"type":"Feature","geometry":{"type":"Polygon","coordinates":[[[107.36926929276001,-7.090631835094633],[107.36980003644486,-7.085914812223108],[107.36586375266715,-7.083352528670876],[107.36139663188865,-7.085507466318981],[107.36086598373848,-7.090224639894075],[107.36480236082308,-7.092786725126156],[107.36926929276001,-7.090631835094633]]]},"properties":{"h3":"888c146759fffff","incumbentScore":0,"method":"modeled_from_supply_density","realData":false}},{"type":"Feature","geometry":{"type":"Polygon","coordinates":[[[107.38063762992337,-7.027137784922112],[107.38116861241068,-7.022417832596978],[107.37723193383516,-7.019853110008029],[107.37276417928717,-7.022008538011961],[107.37223329232565,-7.026728641366695],[107.37617006437729,-7.0292931656965685],[107.38063762992337,-7.027137784922112]]]},"properties":{"h3":"888c14609bfffff","incumbentScore":0,"method":"modeled_from_supply_density","realData":false}},{"type":"Feature","geometry":{"type":"Polygon","coordinates":[[[107.35838510605035,-6.961959785529351],[107.35891594514464,-6.957236308177166],[107.3549776356539,-6.95466849709775],[107.35050839380108,-6.956824361464774],[107.34997765036668,-6.961547989834447],[107.3539160531162,-6.964115602828271],[107.35838510605035,-6.961959785529351]]]},"properties":{"h3":"888c146e17fffff","incumbentScore":0,"method":"modeled_from_supply_density","realData":false}},{"type":"Feature","geometry":{"type":"Polygon","coordinates":[[[107.45498666367082,-6.817012788553292],[107.45551885619186,-6.812283799208417],[107.45158220863223,-6.809711664959893],[107.4471132740827,-6.811868718224669],[107.44658117690203,-6.81659786004934],[107.45051791892142,-6.819169796138009],[107.45498666367082,-6.817012788553292]]]},"properties":{"h3":"888c10d269fffff","incumbentScore":0.155,"method":"modeled_from_supply_density","realData":false}},{"type":"Feature","geometry":{"type":"Polygon","coordinates":[[[107.38888454611191,-6.728092159844966],[107.38941613449393,-6.72335784831015],[107.38547596283034,-6.720780912162539],[107.38100410902418,-6.722938485357363],[107.38047261631712,-6.727672948984128],[107.38441288173217,-6.7302496873327],[107.38888454611191,-6.728092159844966]]]},"properties":{"h3":"888c10d1c3fffff","incumbentScore":0,"method":"modeled_from_supply_density","realData":false}},{"type":"Feature","geometry":{"type":"Polygon","coordinates":[[[107.20927790091108,-7.047254562435122],[107.20980688125867,-7.042532942434837],[107.20586429560936,-7.039966076165922],[107.20139263811897,-7.042121027645354],[107.20086375400668,-7.046842796860544],[107.20480643114043,-7.0494094653901795],[107.20927790091108,-7.047254562435122]]]},"properties":{"h3":"888c109163fffff","incumbentScore":0,"method":"modeled_from_supply_density","realData":false}},{"type":"Feature","geometry":{"type":"Polygon","coordinates":[[[107.52200816686748,-6.7846550941805575],[107.5225411796981,-6.779925604678035],[107.51860656304369,-6.777353290434875],[107.514138838299,-6.77951066402246],[107.51360592054424,-6.784240306795842],[107.51754063244923,-6.786812422719282],[107.52200816686748,-6.7846550941805575]]]},"properties":{"h3":"888c16a6d5fffff","incumbentScore":0,"method":"modeled_from_supply_density","realData":false}},{"type":"Feature","geometry":{"type":"Polygon","coordinates":[[[107.28087803635535,-6.936776836646831],[107.28140802892905,-6.93205093023498],[107.27746660780838,-6.9294807370822475],[107.27299510172647,-6.931636648146559],[107.27246520515519,-6.936362704865874],[107.27640671865434,-6.938932700222115],[107.28087803635535,-6.936776836646831]]]},"properties":{"h3":"888c109b2dfffff","incumbentScore":0,"method":"modeled_from_supply_density","realData":false}},{"type":"Feature","geometry":{"type":"Polygon","coordinates":[[[107.31111435259099,-6.931136772174272],[107.31164470212812,-6.926411060237319],[107.30770429709881,-6.923841156293876],[107.3032334497919,-6.925997162180802],[107.30270319613322,-6.930723024753024],[107.30664369389393,-6.9332927308117425],[107.31111435259099,-6.931136772174272]]]},"properties":{"h3":"888c146ccbfffff","incumbentScore":0,"method":"modeled_from_supply_density","realData":false}},{"type":"Feature","geometry":{"type":"Polygon","coordinates":[[[107.42752977485196,-6.722875977397134],[107.42806181460686,-6.718142022797493],[107.42412297741407,-6.715565534139993],[107.41965200625683,-6.7177231980046175],[107.41912006201646,-6.722457305109724],[107.42305899340974,-6.725033595853304],[107.42752977485196,-6.722875977397134]]]},"properties":{"h3":"888c10d11dfffff","incumbentScore":0,"method":"modeled_from_supply_density","realData":false}},{"type":"Feature","geometry":{"type":"Polygon","coordinates":[[[107.52901327002145,-6.834920926317111],[107.52954627643453,-6.8301939723702665],[107.5256125520762,-6.827623859111787],[107.52114572599537,-6.829780898234063],[107.5206128145976,-6.834508005357689],[107.52454663425623,-6.8370779201907785],[107.52901327002145,-6.834920926317111]]]},"properties":{"h3":"888c146919fffff","incumbentScore":0,"method":"modeled_from_supply_density","realData":false}},{"type":"Feature","geometry":{"type":"Polygon","coordinates":[[[107.61138690942792,-6.85321559864493],[107.61192082144693,-6.848490840194422],[107.60799034359638,-6.845922916155303],[107.60352585748369,-6.848079949292086],[107.60299204011858,-6.852804861697649],[107.60692261420319,-6.85537258701982],[107.61138690942792,-6.85321559864493]]]},"properties":{"h3":"888c16b6b7fffff","incumbentScore":0.001,"method":"modeled_from_supply_density","realData":false}},{"type":"Feature","geometry":{"type":"Polygon","coordinates":[[[107.30178733707551,-6.788013944987789],[107.30231782375839,-6.7832811578317065],[107.29837526771318,-6.780705194637815],[107.29390213226709,-6.782862216229085],[107.29337174159035,-6.787595154389045],[107.29731439034451,-6.79017091996252],[107.30178733707551,-6.788013944987789]]]},"properties":{"h3":"888c10d735fffff","incumbentScore":0,"method":"modeled_from_supply_density","realData":false}},{"type":"Feature","geometry":{"type":"Polygon","coordinates":[[[107.37135008313699,-6.884201179983502],[107.37188120374205,-6.879474127933082],[107.36794237650365,-6.876903325450308],[107.36347233519604,-6.879059773029008],[107.362941310244,-6.883786976484133],[107.36688023093747,-6.886357580964485],[107.37135008313699,-6.884201179983502]]]},"properties":{"h3":"888c146c25fffff","incumbentScore":0,"method":"modeled_from_supply_density","realData":false}},{"type":"Feature","geometry":{"type":"Polygon","coordinates":[[[107.3670133931273,-6.9979944632114055],[107.36754426945754,-6.993272876074232],[107.36360672873784,-6.990706707564138],[107.35913821834222,-6.992862324369897],[107.35860743761326,-6.997584062494033],[107.36254507166956,-7.000150032834116],[107.3670133931273,-6.9979944632114055]]]},"properties":{"h3":"888c146567fffff","incumbentScore":0,"method":"modeled_from_supply_density","realData":false}},{"type":"Feature","geometry":{"type":"Polygon","coordinates":[[[107.40338552036813,-6.900034272907987],[107.4039169807199,-6.8953084897390235],[107.3999795133392,-6.892738895662264],[107.39551049178266,-6.8948952828937635],[107.39497912693871,-6.899621217743026],[107.39891668813439,-6.902190613689103],[107.40338552036813,-6.900034272907987]]]},"properties":{"h3":"888c146f31fffff","incumbentScore":0,"method":"modeled_from_supply_density","realData":false}},{"type":"Feature","geometry":{"type":"Polygon","coordinates":[[[107.43221991126401,-6.944201395549312],[107.4327516257688,-6.939478209140576],[107.42881576357571,-6.936910943987319],[107.42434809274836,-6.939067063545108],[107.42381647360226,-6.943790401782998],[107.42775242991576,-6.946357468642547],[107.43221991126401,-6.944201395549312]]]},"properties":{"h3":"888c1461b5fffff","incumbentScore":0,"method":"modeled_from_supply_density","realData":false}},{"type":"Feature","geometry":{"type":"Polygon","coordinates":[[[107.37272273289025,-6.8343482530976765],[107.37325395445168,-6.829618809442165],[107.36931454478052,-6.827045972605137],[107.36484382003792,-6.829202777357496],[107.3643126941544,-6.833932372594395],[107.3682521973265,-6.83650501150617],[107.37272273289025,-6.8343482530976765]]]},"properties":{"h3":"888c10d2ddfffff","incumbentScore":0,"method":"modeled_from_supply_density","realData":false}},{"type":"Feature","geometry":{"type":"Polygon","coordinates":[[[107.31975186313981,-6.967191147562464],[107.3202822502495,-6.962467323967573],[107.31634261372801,-6.959899059863594],[107.3118724972781,-6.962054817333077],[107.31134220598814,-6.966778791533723],[107.31528193531929,-6.969346857667832],[107.31975186313981,-6.967191147562464]]]},"properties":{"h3":"888c146e8bfffff","incumbentScore":0,"method":"modeled_from_supply_density","realData":false}},{"type":"Feature","geometry":{"type":"Polygon","coordinates":[[[107.28680216720159,-7.072395670895345],[107.28733199635965,-7.067676475594428],[107.28339250948652,-7.06511199654421],[107.27892310107998,-7.067266910831345],[107.27839336781554,-7.071986256056368],[107.28233294705495,-7.074550537078891],[107.28680216720159,-7.072395670895345]]]},"properties":{"h3":"888c14641bfffff","incumbentScore":0,"method":"modeled_from_supply_density","realData":false}},{"type":"Feature","geometry":{"type":"Polygon","coordinates":[[[107.4742292207594,-6.946253750067363],[107.4747614115202,-6.941531324068276],[107.47082710144144,-6.938964874551918],[107.4663605059903,-6.941121049474316],[107.46582841040905,-6.945843627723755],[107.46976281509032,-6.948409878809031],[107.4742292207594,-6.946253750067363]]]},"properties":{"h3":"888c146ad9fffff","incumbentScore":0,"method":"modeled_from_supply_density","realData":false}},{"type":"Feature","geometry":{"type":"Polygon","coordinates":[[[107.36271940152778,-6.848119836043106],[107.36325048489982,-6.843390901987465],[107.35931088828872,-6.840818460996233],[107.35484011491936,-6.842975151985129],[107.35430912725906,-6.847704237474887],[107.35824881724731,-6.850276480550271],[107.36271940152778,-6.848119836043106]]]},"properties":{"h3":"888c146de5fffff","incumbentScore":0,"method":"modeled_from_supply_density","realData":false}},{"type":"Feature","geometry":{"type":"Polygon","coordinates":[[[107.3756391508798,-7.034012860105974],[107.37617006437729,-7.0292931656965685],[107.37223329232565,-7.026728641366695],[107.36776551335308,-7.028884009708619],[107.36723469539827,-7.033603855073988],[107.37117156086428,-7.03616818115013],[107.3756391508798,-7.034012860105974]]]},"properties":{"h3":"888c146727fffff","incumbentScore":0,"method":"modeled_from_supply_density","realData":false}},{"type":"Feature","geometry":{"type":"Polygon","coordinates":[[[107.41114260042771,-6.793442599967092],[107.41167433193262,-6.788711783595816],[107.40773579452588,-6.786137920934346],[107.4032654316363,-6.78829507263322],[107.40273379567195,-6.793026041112607],[107.40667242704752,-6.795599705793584],[107.41114260042771,-6.793442599967092]]]},"properties":{"h3":"888c10d237fffff","incumbentScore":0,"method":"modeled_from_supply_density","realData":false}},{"type":"Feature","geometry":{"type":"Polygon","coordinates":[[[107.51262084540706,-6.905388198420961],[107.51315354409941,-6.900664394775283],[107.50922011434542,-6.898096917651144],[107.50475389082128,-6.9002534426692],[107.5042212871707,-6.9049773990915435],[107.5081548119934,-6.907544677727699],[107.51262084540706,-6.905388198420961]]]},"properties":{"h3":"888c146a33fffff","incumbentScore":0,"method":"modeled_from_supply_density","realData":false}},{"type":"Feature","geometry":{"type":"Polygon","coordinates":[[[107.29496295612995,-6.773395679879523],[107.29549338931704,-6.768662081790886],[107.29155040232426,-6.766085400908859],[107.28707688949666,-6.768242515698058],[107.28654655235356,-6.7729762647675145],[107.29048963198501,-6.775552748075618],[107.29496295612995,-6.773395679879523]]]},"properties":{"h3":"888c10d543fffff","incumbentScore":0,"method":"modeled_from_supply_density","realData":false}},{"type":"Feature","geometry":{"type":"Polygon","coordinates":[[[107.62638157059251,-6.832569277682241],[107.62691568838562,-6.827843761988862],[107.62298549960644,-6.8252752417716005],[107.61852109660636,-6.827432435986728],[107.61798707341589,-6.832158105856378],[107.62191735861373,-6.834726427343081],[107.62638157059251,-6.832569277682241]]]},"properties":{"h3":"888c16b4c5fffff","incumbentScore":0.001,"method":"modeled_from_supply_density","realData":false}},{"type":"Feature","geometry":{"type":"Polygon","coordinates":[[[107.36023738698329,-6.71952182838029],[107.36076866161741,-6.7147866561162735],[107.35682734533184,-6.712208877528331],[107.35235466097728,-6.714366468905549],[107.35182348214465,-6.719101792994912],[107.35576489185597,-6.721679373890315],[107.36023738698329,-6.71952182838029]]]},"properties":{"h3":"888c10d191fffff","incumbentScore":0,"method":"modeled_from_supply_density","realData":false}},{"type":"Feature","geometry":{"type":"Polygon","coordinates":[[[107.49700619949567,-6.819084850998227],[107.49753886818016,-6.814356625320232],[107.49360377588985,-6.811785302631183],[107.4891359199639,-6.813942403926018],[107.48860334644029,-6.818670782506354],[107.49253853367266,-6.821241906898055],[107.49700619949567,-6.819084850998227]]]},"properties":{"h3":"888c14698dfffff","incumbentScore":0.311,"method":"modeled_from_supply_density","realData":false}},{"type":"Feature","geometry":{"type":"Polygon","coordinates":[[[107.7252884670689,-6.816026847526487],[107.72582373410431,-6.8113021246733405],[107.72189697966508,-6.808734640210393],[107.71743486062105,-6.810892077624621],[107.71689968777655,-6.815616955714181],[107.72082653977601,-6.818184241161467],[107.7252884670689,-6.816026847526487]]]},"properties":{"h3":"888c16b72bfffff","incumbentScore":0,"method":"modeled_from_supply_density","realData":false}},{"type":"Feature","geometry":{"type":"Polygon","coordinates":[[[107.27816175812593,-7.036380397934884],[107.27869154950747,-7.031659306537209],[107.27475129493908,-7.029093184889295],[107.27028115669225,-7.031248352592271],[107.26975146126297,-7.035969593944203],[107.27369180811922,-7.038535517647642],[107.27816175812593,-7.036380397934884]]]},"properties":{"h3":"888c1465dbfffff","incumbentScore":0,"method":"modeled_from_supply_density","realData":false}},{"type":"Feature","geometry":{"type":"Polygon","coordinates":[[[107.36386907344261,-6.762547008593883],[107.36440031622399,-6.757813962438921],[107.36045967642231,-6.75523801524302],[107.35598770038837,-6.757395311987848],[107.35545655336661,-6.762128509866483],[107.35939728661015,-6.764704259285237],[107.36386907344261,-6.762547008593883]]]},"properties":{"h3":"888c10d0ebfffff","incumbentScore":0,"method":"modeled_from_supply_density","realData":false}},{"type":"Feature","geometry":{"type":"Polygon","coordinates":[[[107.47200529978588,-6.8535069045465145],[107.47253762415033,-6.848779946837402],[107.46860205776689,-6.846209615589224],[107.46413407237645,-6.848366440332998],[107.46360184325783,-6.853093550575986],[107.46753750427474,-6.855663683549886],[107.47200529978588,-6.8535069045465145]]]},"properties":{"h3":"888c1468e7fffff","incumbentScore":0.156,"method":"modeled_from_supply_density","realData":false}},{"type":"Feature","geometry":{"type":"Polygon","coordinates":[[[107.22927989438143,-7.019746293954876],[107.2298091519404,-7.015023636008076],[107.22586693284838,-7.0124559787272345],[107.2213953644561,-7.014611177163119],[107.22086620306541,-7.019333984619071],[107.22480851388971,-7.021901444138763],[107.22927989438143,-7.019746293954876]]]},"properties":{"h3":"888c109a55fffff","incumbentScore":0,"method":"modeled_from_supply_density","realData":false}},{"type":"Feature","geometry":{"type":"Polygon","coordinates":[[[107.4261483719533,-6.772777740339929],[107.42668031051564,-6.768046164016756],[107.42274205538642,-6.765471707386922],[107.41827176753141,-6.767629025082745],[107.41773992445877,-6.772360753735031],[107.42167827374234,-6.774935012370952],[107.4261483719533,-6.772777740339929]]]},"properties":{"h3":"888c10d045fffff","incumbentScore":0,"method":"modeled_from_supply_density","realData":false}},{"type":"Feature","geometry":{"type":"Polygon","coordinates":[[[107.33838608383655,-6.9894740374705995],[107.33891664663768,-6.984751589208259],[107.33497796448289,-6.982184570440201],[107.33050862650646,-6.984340198008011],[107.32997815943268,-6.989062796993319],[107.33391693459896,-6.991629617696531],[107.33838608383655,-6.9894740374705995]]]},"properties":{"h3":"888c146535fffff","incumbentScore":0,"method":"modeled_from_supply_density","realData":false}},{"type":"Feature","geometry":{"type":"Polygon","coordinates":[[[107.38947883389753,-7.0987235995266875],[107.3900097950385,-7.094007288145397],[107.3860743445145,-7.091445694585844],[107.38160783930564,-7.0936006108133585],[107.38107697360903,-7.098317073076737],[107.38501251766785,-7.100878468239189],[107.38947883389753,-7.0987235995266875]]]},"properties":{"h3":"888c1475bdfffff","incumbentScore":0,"method":"modeled_from_supply_density","realData":false}},{"type":"Feature","geometry":{"type":"Polygon","coordinates":[[[107.45818003151368,-6.788635555777773],[107.45871230912469,-6.783905248102984],[107.45477541810918,-6.781331997048934],[107.45030615495978,-6.783489251801087],[107.449773972693,-6.788219712081187],[107.45371095822232,-6.790792765012381],[107.45818003151368,-6.788635555777773]]]},"properties":{"h3":"888c10d351fffff","incumbentScore":0,"method":"modeled_from_supply_density","realData":false}},{"type":"Feature","geometry":{"type":"Polygon","coordinates":[[[107.43402867884008,-6.965658085333384],[107.43456037726364,-6.960935970936235],[107.43062485274697,-6.9583696269491355],[107.42615753566945,-6.960525595701337],[107.42562593258373,-6.965247861875185],[107.42956155122863,-6.967814007528747],[107.43402867884008,-6.965658085333384]]]},"properties":{"h3":"888c146183fffff","incumbentScore":0,"method":"modeled_from_supply_density","realData":false}},{"type":"Feature","geometry":{"type":"Polygon","coordinates":[[[107.40925174547063,-7.035647120662917],[107.4097830407812,-7.030928030919285],[107.40584750568054,-7.028364160608258],[107.40138058145965,-7.030519578413321],[107.40084938154868,-7.035238819449632],[107.40478501044996,-7.037802491396854],[107.40925174547063,-7.035647120662917]]]},"properties":{"h3":"888c1460ddfffff","incumbentScore":0,"method":"modeled_from_supply_density","realData":false}},{"type":"Feature","geometry":{"type":"Polygon","coordinates":[[[107.37250192728615,-6.79866357132877],[107.37303320731303,-6.793932400977679],[107.36909333731786,-6.791358089133609],[107.36462209376694,-6.793515145514615],[107.36409090944089,-6.798246467560872],[107.36803087295588,-6.800820581539551],[107.37250192728615,-6.79866357132877]]]},"properties":{"h3":"888c10d2abfffff","incumbentScore":0,"method":"modeled_from_supply_density","realData":false}},{"type":"Feature","geometry":{"type":"Polygon","coordinates":[[[107.3804178819461,-6.991527611555862],[107.38094892284795,-6.986805918174567],[107.37701178458191,-6.984239714609823],[107.37254351190992,-6.9863954026378225],[107.3720125665567,-6.991117247164063],[107.37594979831779,-6.993683252526003],[107.3804178819461,-6.991527611555862]]]},"properties":{"h3":"888c146e59fffff","incumbentScore":0,"method":"modeled_from_supply_density","realData":false}},{"type":"Feature","geometry":{"type":"Polygon","coordinates":[[[107.48061644522865,-6.889570055395973],[107.48114880606354,-6.884844979298872],[107.47721400997376,-6.882276290445732],[107.47274675832945,-6.884432876058713],[107.47221449268176,-6.889158104658715],[107.47614938348208,-6.891726595151392],[107.48061644522865,-6.889570055395973]]]},"properties":{"h3":"888c146aa7fffff","incumbentScore":0.001,"method":"modeled_from_supply_density","realData":false}},{"type":"Feature","geometry":{"type":"Polygon","coordinates":[[[107.44764156006067,-6.994804219750628],[107.44817336406348,-6.990083738562189],[107.44423870322458,-6.9875188413961515],[107.4397721441066,-6.98967462385007],[107.43924043536612,-6.994395256857268],[107.44317519047223,-6.996959955600411],[107.44764156006067,-6.994804219750628]]]},"properties":{"h3":"888c146037fffff","incumbentScore":0,"method":"modeled_from_supply_density","realData":false}},{"type":"Feature","geometry":{"type":"Polygon","coordinates":[[[107.43476989743178,-6.808881006722002],[107.4353018728031,-6.804151306505351],[107.43136438797234,-6.801578487724089],[107.42689483352933,-6.803735567249831],[107.42636295358905,-6.8084654197661045],[107.43030053265164,-6.811038040465598],[107.43476989743178,-6.808881006722002]]]},"properties":{"h3":"888c10d205fffff","incumbentScore":0,"method":"modeled_from_supply_density","realData":false}},{"type":"Feature","geometry":{"type":"Polygon","coordinates":[[[107.57600661176956,-6.830099665798234],[107.57654016140692,-6.825373226308172],[107.57260809408682,-6.822803728325594],[107.56814238127753,-6.824960868408382],[107.56760892645869,-6.829687461570159],[107.5715410896215,-6.832256760985935],[107.57600661176956,-6.830099665798234]]]},"properties":{"h3":"888c16b493fffff","incumbentScore":0,"method":"modeled_from_supply_density","realData":false}},{"type":"Feature","geometry":{"type":"Polygon","coordinates":[[[107.40316832901466,-6.8643784430000405],[107.4036998478911,-6.859650928705872],[107.39976192062247,-6.857079856752288],[107.39529238063425,-6.8592364971735496],[107.39476095728847,-6.863964163262646],[107.39869897839115,-6.866535037144153],[107.40316832901466,-6.8643784430000405]]]},"properties":{"h3":"888c146d0dfffff","incumbentScore":0,"method":"modeled_from_supply_density","realData":false}},{"type":"Feature","geometry":{"type":"Polygon","coordinates":[[[107.4178689730306,-7.071643625118814],[107.41840030520547,-7.066926430479843],[107.41446553895405,-7.064364207136239],[107.40999934664066,-7.06651937688694],[107.40946810980684,-7.071236722786587],[107.4134029699363,-7.073798747683498],[107.4178689730306,-7.071643625118814]]]},"properties":{"h3":"888c14629dfffff","incumbentScore":0,"method":"modeled_from_supply_density","realData":false}},{"type":"Feature","geometry":{"type":"Polygon","coordinates":[[[107.53581397755894,-6.8495127578731445],[107.53634703639806,-6.844786616854138],[107.53241374518169,-6.842217225968464],[107.5279472997477,-6.844374174581291],[107.52741433588612,-6.849100468798214],[107.5313477224719,-6.8516696612128944],[107.53581397755894,-6.8495127578731445]]]},"properties":{"h3":"888c14695bfffff","incumbentScore":0.31,"method":"modeled_from_supply_density","realData":false}},{"type":"Feature","geometry":{"type":"Polygon","coordinates":[[[107.33521933409277,-6.7539810666145295],[107.33575026282232,-6.749247160372012],[107.33180848002768,-6.746670370203347],[107.3273356753785,-6.748827683956532],[107.32680484253493,-6.753561741656174],[107.3307467184455,-6.756138334154137],[107.33521933409277,-6.7539810666145295]]]},"properties":{"h3":"888c10d0b9fffff","incumbentScore":0,"method":"modeled_from_supply_density","realData":false}},{"type":"Feature","geometry":{"type":"Polygon","coordinates":[[[107.37816476960232,-6.898794586743015],[107.37869594332317,-6.894068348786754],[107.37475754750264,-6.891498267145466],[107.37028788442728,-6.893654621516968],[107.3697568063217,-6.898381010899889],[107.37369529566716,-6.900950894493273],[107.37816476960232,-6.898794586743015]]]},"properties":{"h3":"888c146c67fffff","incumbentScore":0,"method":"modeled_from_supply_density","realData":false}},{"type":"Feature","geometry":{"type":"Polygon","coordinates":[[[107.29975115320202,-6.994706347661944],[107.3002812637215,-6.989983554992734],[107.29634125633262,-6.987416082737005],[107.29187104585307,-6.98957160110815],[107.29134103122064,-6.994294544088662],[107.29528113117169,-6.996861818395439],[107.29975115320202,-6.994706347661944]]]},"properties":{"h3":"888c1465a9fffff","incumbentScore":0,"method":"modeled_from_supply_density","realData":false}},{"type":"Feature","geometry":{"type":"Polygon","coordinates":[[[107.4433888915678,-6.844968090942414],[107.44392090367947,-6.840240269384804],[107.43998418904285,-6.837669090089428],[107.43551536797624,-6.839825930529145],[107.43498345123693,-6.844553904356385],[107.43892026018277,-6.847124885482845],[107.4433888915678,-6.844968090942414]]]},"properties":{"h3":"888c1468b5fffff","incumbentScore":0.001,"method":"modeled_from_supply_density","realData":false}},{"type":"Feature","geometry":{"type":"Polygon","coordinates":[[[107.22904252916737,-6.9841142420747895],[107.22957184472763,-6.97938984101033],[107.22562916474199,-6.976820707408896],[107.22115707743649,-6.978976172585242],[107.22062785806757,-6.98370072327246],[107.22457062980376,-6.9862696591693245],[107.22904252916737,-6.9841142420747895]]]},"properties":{"h3":"888c109a23fffff","incumbentScore":0,"method":"modeled_from_supply_density","realData":false}},{"type":"Feature","geometry":{"type":"Polygon","coordinates":[[[107.3756898200871,-6.770273251653351],[107.37622118517318,-6.765540762627896],[107.37228107062502,-6.76296533616136],[107.36780949740798,-6.765122596556977],[107.36727822802675,-6.769855237402403],[107.37121843614862,-6.772430466040851],[107.3756898200871,-6.770273251653351]]]},"properties":{"h3":"888c10d013fffff","incumbentScore":0,"method":"modeled_from_supply_density","realData":false}},{"type":"Feature","geometry":{"type":"Polygon","coordinates":[[[107.34020227784616,-7.010927521896957],[107.34073282480412,-7.006206148435858],[107.33679448035886,-7.003640049973632],[107.33232549592704,-7.005795523085428],[107.33179504467559,-7.010517047217488],[107.3357334821404,-7.013082947575463],[107.34020227784616,-7.010927521896957]]]},"properties":{"h3":"888c146503fffff","incumbentScore":0,"method":"modeled_from_supply_density","realData":false}},{"type":"Feature","geometry":{"type":"Polygon","coordinates":[[[107.3483855050104,-6.975717544576273],[107.34891620597183,-6.970994581439993],[107.34497771002543,-6.9684271665266015],[107.34050841997343,-6.970582912833424],[107.33997781470565,-6.975306026839923],[107.34391640378715,-6.9778732436780455],[107.3483855050104,-6.975717544576273]]]},"properties":{"h3":"888c146ecdfffff","incumbentScore":0,"method":"modeled_from_supply_density","realData":false}},{"type":"Feature","geometry":{"type":"Polygon","coordinates":[[[107.31543365591499,-7.080904817643496],[107.31596379920244,-7.076186482166525],[107.31202545031955,-7.073622854822562],[107.30755686544832,-7.075777761096978],[107.3070268179286,-7.080496246761792],[107.31096525950333,-7.0830596759730655],[107.31543365591499,-7.080904817643496]]]},"properties":{"h3":"888c14645dfffff","incumbentScore":0,"method":"modeled_from_supply_density","realData":false}},{"type":"Feature","geometry":{"type":"Polygon","coordinates":[[[107.39766247933495,-7.063549595783935],[107.39819359431917,-7.058831689247558],[107.39425799358405,-7.056268776073288],[107.38979118420538,-7.058423967813771],[107.38926016465263,-7.063142025432354],[107.39319585903806,-7.065704740236922],[107.39766247933495,-7.063549595783935]]]},"properties":{"h3":"888c146769fffff","incumbentScore":0,"method":"modeled_from_supply_density","realData":false}},{"type":"Feature","geometry":{"type":"Polygon","coordinates":[[[107.40903533114795,-7.00004383683661],[107.40956668494812,-6.995323005898875],[107.40563069040742,-6.992757653528157],[107.40116324823785,-6.994913330411556],[107.40063198986012,-6.999634312757711],[107.40456807822045,-7.002199466820678],[107.40903533114795,-7.00004383683661]]]},"properties":{"h3":"888c1460abfffff","incumbentScore":0,"method":"modeled_from_supply_density","realData":false}},{"type":"Feature","geometry":{"type":"Polygon","coordinates":[[[107.38679130732795,-6.934852659190414],[107.3873225181621,-6.930128306778746],[107.38338489159837,-6.927559866045946],[107.37891596058874,-6.929715975866935],[107.37838484531117,-6.934440479675123],[107.3823225654776,-6.937008722274438],[107.38679130732795,-6.934852659190414]]]},"properties":{"h3":"888c146e27fffff","incumbentScore":0,"method":"modeled_from_supply_density","realData":false}},{"type":"Feature","geometry":{"type":"Polygon","coordinates":[[[107.47124559770744,-7.01018880287166],[107.47177764478842,-7.005469442826392],[107.4678440367359,-7.0029055968727105],[107.46337828706399,-7.0050613094951055],[107.46284633513595,-7.009780821548042],[107.46678003771778,-7.012344468979506],[107.47124559770744,-7.01018880287166]]]},"properties":{"h3":"888c146005fffff","incumbentScore":0,"method":"modeled_from_supply_density","realData":false}},{"type":"Feature","geometry":{"type":"Polygon","coordinates":[[[107.367056742809,-6.734145439308883],[107.36758807066502,-6.729411076565935],[107.36364718614176,-6.726834015705936],[107.35917488025773,-6.7289915153368085],[107.35864364816537,-6.733726029927989],[107.36258462618432,-6.736302893048662],[107.367056742809,-6.734145439308883]]]},"properties":{"h3":"888c10d1d3fffff","incumbentScore":0,"method":"modeled_from_supply_density","realData":false}},{"type":"Feature","geometry":{"type":"Polygon","coordinates":[[[107.68673250476175,-6.821268702969217],[107.68726732635672,-6.816543610981759],[107.68333921521683,-6.813975672160857],[107.67887618535651,-6.816133024238547],[107.67834145811385,-6.820858271053417],[107.68226966637006,-6.823426010971582],[107.68673250476175,-6.821268702969217]]]},"properties":{"h3":"888c16b461fffff","incumbentScore":0,"method":"modeled_from_supply_density","realData":false}},{"type":"Feature","geometry":{"type":"Polygon","coordinates":[[[107.28929034836045,-6.937190794059025],[107.28982043690085,-6.9324650380393935],[107.28587932342744,-6.929895007210908],[107.28140802892905,-6.93205093023498],[107.28087803635535,-6.936776836646831],[107.28481924230428,-6.939346669651099],[107.28929034836045,-6.937190794059025]]]},"properties":{"h3":"888c146cdbfffff","incumbentScore":0,"method":"modeled_from_supply_density","realData":false}},{"type":"Feature","geometry":{"type":"Polygon","coordinates":[[[107.25905038333794,-6.942830187574312],[107.25958011460968,-6.938104238121051],[107.25563798642872,-6.935533918182227],[107.25116603484463,-6.937689745441265],[107.2506363996635,-6.942415844958802],[107.25457861996682,-6.944985967161761],[107.25905038333794,-6.942830187574312]]]},"properties":{"h3":"888c109b3dfffff","incumbentScore":0,"method":"modeled_from_supply_density","realData":false}},{"type":"Feature","geometry":{"type":"Polygon","coordinates":[[[107.55741142241878,-6.807796397191952],[107.55794479878926,-6.80306858555711],[107.55401176859739,-6.800497841130614],[107.5495452663829,-6.802655106818319],[107.54901198492367,-6.807383072009117],[107.5529451107586,-6.80995361796474],[107.55741142241878,-6.807796397191952]]]},"properties":{"h3":"888c146929fffff","incumbentScore":0.001,"method":"modeled_from_supply_density","realData":false}},{"type":"Feature","geometry":{"type":"Polygon","coordinates":[[[107.33225958659592,-6.818075863026224],[107.33279037191733,-6.813345001333479],[107.3288492949146,-6.810770797878169],[107.32437733953806,-6.812927653892741],[107.32384665007561,-6.817658666805013],[107.32778782012167,-6.820232672491856],[107.33225958659592,-6.818075863026224]]]},"properties":{"h3":"888c10d745fffff","incumbentScore":0,"method":"modeled_from_supply_density","realData":false}},{"type":"Feature","geometry":{"type":"Polygon","coordinates":[[[107.34953087585856,-6.890256077682025],[107.35006173601614,-6.8855289786342775],[107.34612219741852,-6.882958049529192],[107.34165170545464,-6.885114417422755],[107.34112094103857,-6.8898416676322265],[107.34506057283578,-6.892412398795063],[107.34953087585856,-6.890256077682025]]]},"properties":{"h3":"888c146c35fffff","incumbentScore":0,"method":"modeled_from_supply_density","realData":false}},{"type":"Feature","geometry":{"type":"Polygon","coordinates":[[[107.3436333038028,-6.754400220529779],[107.34416432838252,-6.749666465829478],[107.34022285450327,-6.747089836897065],[107.33575026282232,-6.749247160372012],[107.33521933409277,-6.7539810666145295],[107.33916090118493,-6.756557497848505],[107.3436333038028,-6.754400220529779]]]},"properties":{"h3":"888c10d087fffff","incumbentScore":0,"method":"modeled_from_supply_density","realData":false}},{"type":"Feature","geometry":{"type":"Polygon","coordinates":[[[107.4626361344564,-6.974174450549573],[107.46316814503005,-6.969453200169388],[107.45923376736278,-6.96688770770378],[107.45476728466056,-6.969043664065273],[107.45423536929843,-6.973765066485234],[107.4581698414179,-6.976330360512524],[107.4626361344564,-6.974174450549573]]]},"properties":{"h3":"888c1461c5fffff","incumbentScore":0,"method":"modeled_from_supply_density","realData":false}},{"type":"Feature","geometry":{"type":"Polygon","coordinates":[[[107.44519732105788,-6.866447247977286],[107.44572931705028,-6.8617204939260485],[107.4417929402899,-6.85915023409208],[107.43732447321104,-6.8613069265277735],[107.43679257257013,-6.866033832796618],[107.44072904364751,-6.86860389442074],[107.44519732105788,-6.866447247977286]]]},"properties":{"h3":"888c146883fffff","incumbentScore":0.156,"method":"modeled_from_supply_density","realData":false}},{"type":"Feature","geometry":{"type":"Polygon","coordinates":[[[107.43381509727989,-6.930031172709133],[107.43434685428711,-6.925307322786196],[107.43041087031874,-6.9227394980778305],[107.42594303518668,-6.924895721577196],[107.4254113735401,-6.929619723392309],[107.42934745165584,-6.932187349824484],[107.43381509727989,-6.930031172709133]]]},"properties":{"h3":"888c146f41fffff","incumbentScore":0,"method":"modeled_from_supply_density","realData":false}},{"type":"Feature","geometry":{"type":"Polygon","coordinates":[[[107.35000653454317,-6.697580686031833],[107.3505377292778,-6.692844300268181],[107.34659576540261,-6.690265445780879],[107.34212251346304,-6.692423174687935],[107.34159141458667,-6.697159712242375],[107.34553347178255,-6.699738369107563],[107.35000653454317,-6.697580686031833]]]},"properties":{"h3":"888c10c265fffff","incumbentScore":0,"method":"modeled_from_supply_density","realData":false}},{"type":"Feature","geometry":{"type":"Polygon","coordinates":[[[107.29793155020931,-6.973245813483278],[107.29846167647284,-6.96852194639343],[107.29452133128409,-6.9659535548900235],[107.29005076726881,-6.9681092283944865],[107.28952073691329,-6.972833245847265],[107.29346117465599,-6.97540143944136],[107.29793155020931,-6.973245813483278]]]},"properties":{"h3":"888c146e9bfffff","incumbentScore":0,"method":"modeled_from_supply_density","realData":false}},{"type":"Feature","geometry":{"type":"Polygon","coordinates":[[[107.40113897284441,-6.80721762750683],[107.40167056627648,-6.802487318599802],[107.39773184099393,-6.799913851894767],[107.3932614284251,-6.802070892076755],[107.39272993056746,-6.806801352944571],[107.39666874969514,-6.809374621678207],[107.40113897284441,-6.80721762750683]]]},"properties":{"h3":"888c10d2edfffff","incumbentScore":0,"method":"modeled_from_supply_density","realData":false}},{"type":"Feature","geometry":{"type":"Polygon","coordinates":[[[107.5026235612727,-6.919147944237736],[107.50315612239686,-6.914424649925777],[107.49922250256702,-6.911857569772754],[107.49475622665848,-6.91401398241849],[107.49422376061003,-6.918737429359726],[107.49815747538533,-6.9213043110345],[107.5026235612727,-6.919147944237736]]]},"properties":{"h3":"888c146ae9fffff","incumbentScore":0.158,"method":"modeled_from_supply_density","realData":false}},{"type":"Feature","geometry":{"type":"Polygon","coordinates":[[[107.31520636225608,-7.0453070421935795],[107.3157365637591,-7.04058696051976],[107.31179775483419,-7.0380218525252705],[107.30732865168667,-7.040177024290676],[107.30679854597429,-7.0448972562673875],[107.31073744760972,-7.047462166184517],[107.31520636225608,-7.0453070421935795]]]},"properties":{"h3":"888c14642bfffff","incumbentScore":0,"method":"modeled_from_supply_density","realData":false}},{"type":"Feature","geometry":{"type":"Polygon","coordinates":[[[107.58221368872093,-6.737686954047949],[107.58274746771674,-6.73295616403384],[107.57881445782634,-6.730382947863344],[107.57434757296001,-6.73254072014748],[107.57381388881275,-6.737271664201789],[107.57774699467414,-6.739844681940216],[107.58221368872093,-6.737686954047949]]]},"properties":{"h3":"888c16a44dfffff","incumbentScore":0.156,"method":"modeled_from_supply_density","realData":false}}]}